scheduled_time,airline,flight_number,destination_or_origin,status,counter,actual_time,register,aircraft,airport,flight_type
2025-06-01 00:05:00,آتا,TBZ5620A,مشهد,نشست | پایان دریافت بار,1,,EPTAZ,md88,فرودگاه مهرآباد,Domestic Arrival
2025-05-28 07:00:00,ماهان,IRM1070,زاهدان,نشست | پایان دریافت بار,3,,EPMEI,RJ85,فرودگاه مهرآباد,Domestic Arrival
2025-06-01 00:15:00,ساها,IRZ173,بوشهر,باطل شد,,,,B737,فرودگاه مهرآباد,Domestic Arrival
2025-06-01 00:15:00,کارون,KRU2609A,یزد,نشست | پایان دریافت بار,6,,EPNFC,B737,فرودگاه مهرآباد,Domestic Arrival
2025-05-28 08:10:00,ساها,IRZ159,شیراز,نشست | پایان دریافت بار,2,,EPSII,737-700,فرودگاه مهرآباد,Domestic Arrival
2025-05-28 08:20:00,آتا,TBZ5614,مشهد,نشست | پایان دریافت بار,5,,EPTAM,MD83,فرودگاه مهرآباد,Domestic Arrival
2025-05-28 08:25:00,فلای پرشیا,FPI7439,مشهد,نشست | پایان دریافت بار,4,,EPFPA,B737,فرودگاه مهرآباد,Domestic Arrival
2025-06-01 00:25:00,آتا,TBZ5669A,یزد,نشست | پایان دریافت بار,2,,EPTAJ,MD83,فرودگاه مهرآباد,Domestic Arrival
2025-05-28 08:30:00,پويا,PYA2315,یزد,نشست | پایان دریافت بار,3,,EPPUO,EMB145,فرودگاه مهرآباد,Domestic Arrival
2025-05-28 08:35:00,چابهار,IRU7653,اهواز,نشست | پایان دریافت بار,3,,EPSEB,MD83,فرودگاه مهرآباد,Domestic Arrival
2025-05-28 08:40:00,آسمان,IRC3915,بوشهر,نشست | پایان دریافت بار,6,,EPASR,F100,فرودگاه مهرآباد,Domestic Arrival
2025-06-01 00:30:00,پارس ایر,PRS5417A,چابهار,نشست | پایان دریافت بار,7,,EPPRA,CRJ200,فرودگاه مهرآباد,Domestic Arrival
2025-05-28 09:00:00,کارون,KRU2591,ماهشهر,نشست | پایان دریافت بار,1,,EPJIB,737,فرودگاه مهرآباد,Domestic Arrival
2025-05-28 09:05:00,کیش ایر,KIS7084,یزد,نشست | پایان دریافت بار,2,,EPLCK,MD82,فرودگاه مهرآباد,Domestic Arrival
2025-05-28 09:20:00,قشم ایر,QSM1292,سنندج,نشست | پایان دریافت بار,6,,EPFQI,F100,فرودگاه مهرآباد,Domestic Arrival
2025-05-28 09:20:00,چابهار,IRU7627,شیراز,نشست | پایان دریافت بار,4,,EPCBD,MD83,فرودگاه مهرآباد,Domestic Arrival
2025-05-28 09:25:00,آتا,TBZ5609,تبریز,نشست | پایان دریافت بار,2,,EPTAZ,MD83,فرودگاه مهرآباد,Domestic Arrival
2025-05-28 09:25:00,آسمان,IRC841,ایلام,نشست | پایان دریافت بار,3,,EPATE,F100,فرودگاه مهرآباد,Domestic Arrival
2025-05-28 09:30:00,ایران ایرتور,IRB985,شیراز,نشست | پایان دریافت بار,3,,EPMDC,MD83,فرودگاه مهرآباد,Domestic Arrival
2025-05-28 09:45:00,کارون,KRU2677,کرمان,نشست | پایان دریافت بار,6,,EPJIA,737,فرودگاه مهرآباد,Domestic Arrival
2025-05-28 10:05:00,کیش ایر,KIS7192,عسلویه,نشست | پایان دریافت بار,2,,EPLCM,MD83,فرودگاه مهرآباد,Domestic Arrival
2025-05-28 10:05:00,آتا,TBZ5720,مشهد,نشست | پایان دریافت بار,5,,EPTAO,MD83,فرودگاه مهرآباد,Domestic Arrival
2025-05-28 10:20:00,اطلس ایر,ATS8294,بندرعباس,نشست | پایان دریافت بار,3,,EPLEE,737-700,فرودگاه مهرآباد,Domestic Arrival
2025-05-28 10:40:00,کاسپین,CPN015,عسلویه,نشست | پایان دریافت بار,3,,EPCAS,MD83,فرودگاه مهرآباد,Domestic Arrival
2025-05-28 11:10:00,آتا,TBZ5701,سیرجان,نشست | پایان دریافت بار,4,,EPTAH,737-700,فرودگاه مهرآباد,Domestic Arrival
2025-06-01 00:35:00,قشم ایر,QSM1217,آبادان,نشست | پایان دریافت بار,4,,EPFQU,rj100,فرودگاه مهرآباد,Domestic Arrival
2025-05-28 11:30:00,اطلس ایر,ATS8272,كيش,نشست | پایان دریافت بار,1,,EPSAP,MD83,فرودگاه مهرآباد,Domestic Arrival
2025-05-28 11:35:00,یزد ایر,DZD9402,رشت,نشست | پایان دریافت بار,3,,EPDZH,146-200,فرودگاه مهرآباد,Domestic Arrival
2025-05-28 11:45:00,رایمون,RAI7513,اصفهان,نشست | پایان دریافت بار,6,,EPNEA,EMB145,فرودگاه مهرآباد,Domestic Arrival
2025-05-28 12:05:00,آساجت,SJT8605,عسلویه,نشست | پایان دریافت بار,6,,EPRHO,EMB145,فرودگاه مهرآباد,Domestic Arrival
2025-05-28 12:05:00,ماهان,IRM1082,جاسک,نشست | پایان دریافت بار,4,,EPMOH,146-200,فرودگاه مهرآباد,Domestic Arrival
2025-05-28 12:10:00,آتا,TBZ5630,مشهد,نشست | پایان دریافت بار,3,,EPTAQ,MD83,فرودگاه مهرآباد,Domestic Arrival
2025-05-28 12:20:00,آسمان,IRC631,گرگان,نشست | پایان دریافت بار,1,,EPASR,F100,فرودگاه مهرآباد,Domestic Arrival
2025-05-28 12:25:00,آتا,TBZ5656,سبزوار,نشست | پایان دریافت بار,5,,EPTAR,MD83,فرودگاه مهرآباد,Domestic Arrival
2025-05-28 12:30:00,ماهان,IRM1054,کرمان,نشست | پایان دریافت بار,6,,EPMOI,AB6,فرودگاه مهرآباد,Domestic Arrival
2025-05-28 12:45:00,قشم ایر,QSM1239,خارگ,نشست | پایان دریافت بار,1,,EPFQV,F100,فرودگاه مهرآباد,Domestic Arrival
2025-05-28 12:50:00,قشم ایر,QSM1281,اصفهان,نشست | پایان دریافت بار,5,,EPFQF,F100,فرودگاه مهرآباد,Domestic Arrival
2025-05-28 12:55:00,فلای پرشیا,FPI7441,مشهد,نشست | پایان دریافت بار,2,,EPFPA,B737,فرودگاه مهرآباد,Domestic Arrival
2025-05-28 13:00:00,ساها,IRZ171,مشهد,نشست | پایان دریافت بار,3,,EPSII,737-700,فرودگاه مهرآباد,Domestic Arrival
2025-05-28 13:05:00,آتا,TBZ5632,اهواز,نشست | پایان دریافت بار,6,,EPTAJ,MD83,فرودگاه مهرآباد,Domestic Arrival
2025-05-28 13:05:00,زاگرس,IZG4031,كيش,نشست | پایان دریافت بار,4,,EPZAQ,MD83,فرودگاه مهرآباد,Domestic Arrival
2025-05-28 13:10:00,آتا,TBZ5624,شیراز,نشست | پایان دریافت بار,4,,EPTAM,MD83,فرودگاه مهرآباد,Domestic Arrival
2025-05-28 13:10:00,پويا,PYA2313,مشهد,نشست | پایان دریافت بار,1,,EPPUO,EMB145,فرودگاه مهرآباد,Domestic Arrival
2025-05-28 13:15:00,چابهار,IRU7641,مشهد,نشست | پایان دریافت بار,1,,EPSEB,MD83,فرودگاه مهرآباد,Domestic Arrival
2025-05-28 13:20:00,آساجت,SJT8664,اراک,نشست | پایان دریافت بار,2,,EPJEK,EMB145,فرودگاه مهرآباد,Domestic Arrival
2025-05-28 13:35:00,اطلس ایر,ATS8292,بوشهر,باطل شد,,,,RJ85,فرودگاه مهرآباد,Domestic Arrival
2025-05-28 13:45:00,چابهار,IRU7661,مشهد,نشست | پایان دریافت بار,2,,EPCBI,MD83,فرودگاه مهرآباد,Domestic Arrival
2025-05-28 13:45:00,ایران ایر,IRA237,بندرلنگه/شیراز,نشست | پایان دریافت بار,6,,EPCFM,F100,فرودگاه مهرآباد,Domestic Arrival
2025-05-28 13:50:00,کارون,KRU2587,سیری,نشست | پایان دریافت بار,1,,EPAWZ,F100,فرودگاه مهرآباد,Domestic Arrival
2025-05-28 13:50:00,کارون,KRU2521,ماهشهر,نشست | پایان دریافت بار,3,,EPJIB,737,فرودگاه مهرآباد,Domestic Arrival
2025-05-28 14:05:00,قشم ایر,QSM1253,مشهد,نشست | پایان دریافت بار,2,,EPFQI,F100,فرودگاه مهرآباد,Domestic Arrival
2025-05-28 14:10:00,آتا,TBZ5730,مشهد,نشست | پایان دریافت بار,4,,EPTAZ,MD83,فرودگاه مهرآباد,Domestic Arrival
2025-05-28 14:10:00,کاسپین,CPN045,كيش,نشست | پایان دریافت بار,4,,EPCAQ,737,فرودگاه مهرآباد,Domestic Arrival
2025-05-28 14:15:00,کارون,KRU2517,لاوان,نشست | پایان دریافت بار,5,,EPMIS,F100,فرودگاه مهرآباد,Domestic Arrival
2025-05-28 06:55:00,ماهان,IRM1050,کرمان,طبق برنامه,,,,AB6,فرودگاه مهرآباد,Domestic Arrival
2025-05-28 14:20:00,ایران ایر,IRA3311,اصفهان,نشست | پایان دریافت بار,1,,,F100,فرودگاه مهرآباد,Domestic Arrival
2025-05-28 14:25:00,چابهار,IRU7611,مشهد,نشست | پایان دریافت بار,3,,EPCBD,MD83,فرودگاه مهرآباد,Domestic Arrival
2025-05-28 14:35:00,آسمان,IRC603,مشهد,نشست | پایان دریافت بار,1,,EPATE,F100,فرودگاه مهرآباد,Domestic Arrival
2025-05-28 14:55:00,پارس ایر,PRS5401,مشهد,نشست | پایان دریافت بار,1,,EPPAM,B737,فرودگاه مهرآباد,Domestic Arrival
2025-05-28 15:00:00,یزد ایر,DZD9442,یزد,نشست | پایان دریافت بار,6,,,BAE146,فرودگاه مهرآباد,Domestic Arrival
2025-05-28 15:05:00,آوا,AXV7703,مشهد,نشست | پایان دریافت بار,2,,EPRBC,B737,فرودگاه مهرآباد,Domestic Arrival
2025-05-28 15:05:00,آتا,TBZ5634,اردبیل,نشست | پایان دریافت بار,3,,EPTAH,737,فرودگاه مهرآباد,Domestic Arrival
2025-05-28 15:15:00,پارس ایر,PRS4481,مشهد,نشست | پایان دریافت بار,2,,EPPAO,B737,فرودگاه مهرآباد,Domestic Arrival
2025-05-28 15:15:00,کیش ایر,KIS7092,عسلویه,نشست | پایان دریافت بار,4,,EPLCL,MD83,فرودگاه مهرآباد,Domestic Arrival
2025-06-01 00:40:00,کیش ایر,KIS7080,كيش,نشست | پایان دریافت بار,4,,EPLCJ,MD83,فرودگاه مهرآباد,Domestic Arrival
2025-05-28 15:20:00,کاسپین,CPN025,مشهد,نشست | پایان دریافت بار,5,,EPCPU,MD83,فرودگاه مهرآباد,Domestic Arrival
2025-05-28 15:25:00,ماهان,IRM1094,بندرعباس,نشست | پایان دریافت بار,3,,EPMEE,146-200,فرودگاه مهرآباد,Domestic Arrival
2025-05-28 15:30:00,ایران ایرتور,IRB997,كيش,نشست | پایان دریافت بار,3,,EPMDC,MD83,فرودگاه مهرآباد,Domestic Arrival
2025-05-28 15:45:00,اروان,INA6751,مشهد,نشست | پایان دریافت بار,1,,EPNSR,737-700,فرودگاه مهرآباد,Domestic Arrival
2025-05-28 15:55:00,وارش,VRH5919,عسلویه,نشست | پایان دریافت بار,2,,EPVAA,737-700,فرودگاه مهرآباد,Domestic Arrival
2025-05-28 15:55:00,ایران ایرتور,IRB963,مشهد,نشست | پایان دریافت بار,1,,EPMDF,MD83,فرودگاه مهرآباد,Domestic Arrival
2025-05-28 16:00:00,آتا,TBZ5603,تبریز,نشست | پایان دریافت بار,2,,EPTAR,MD83,فرودگاه مهرآباد,Domestic Arrival
2025-05-28 16:00:00,ماهان,IRM1084,زابل,نشست | پایان دریافت بار,6,,EPMEA,146-200,فرودگاه مهرآباد,Domestic Arrival
2025-05-28 16:20:00,یزد ایر,DZD9450,بوشهر,نشست | پایان دریافت بار,1,,EPDZH,146-200,فرودگاه مهرآباد,Domestic Arrival
2025-05-28 16:20:00,وارش,VRH5857,مشهد,نشست | پایان دریافت بار,4,,EPVBM,B737,فرودگاه مهرآباد,Domestic Arrival
2025-05-28 16:25:00,ماهان,IRM1009,کرمانشاه,نشست | پایان دریافت بار,3,,EPMEI,146-200,فرودگاه مهرآباد,Domestic Arrival
2025-05-28 16:50:00,ایران ایر,IRA310,اهواز,نشست | پایان دریافت بار,4,,EPIEQ,A319,فرودگاه مهرآباد,Domestic Arrival
2025-05-28 17:00:00,تابان,TBN6255,مشهد,نشست | پایان دریافت بار,3,,EPSMA,MD.88,فرودگاه مهرآباد,Domestic Arrival
2025-05-28 17:00:00,آتا,TBZ5645,تبریز,نشست | پایان دریافت بار,2,,EPTAL,MD83,فرودگاه مهرآباد,Domestic Arrival
2025-05-28 17:10:00,رایمون,RAI7515,عسلویه,نشست | پایان دریافت بار,5,,EPNEA,EMB145,فرودگاه مهرآباد,Domestic Arrival
2025-05-28 17:25:00,ماهان,IRM4523,یاسوج,نشست | پایان دریافت بار,2,,EPMEI,146-200,فرودگاه مهرآباد,Domestic Arrival
2025-05-28 17:25:00,ماهان,IRM1005,خرم‌آباد,نشست | پایان دریافت بار,6,,EPMOI,146-200,فرودگاه مهرآباد,Domestic Arrival
2025-05-28 17:45:00,پويا,PYA2351,اصفهان,نشست | پایان دریافت بار,4,,EPPUN,EMB145,فرودگاه مهرآباد,Domestic Arrival
2025-05-28 17:50:00,کیش ایر,KIS7054,كيش,نشست | پایان دریافت بار,3,,EPLCK,MD83,فرودگاه مهرآباد,Domestic Arrival
2025-05-28 17:50:00,ماهان,IRM4524,چابهار,نشست | پایان دریافت بار,7,,EPMEU,rj100,فرودگاه مهرآباد,Domestic Arrival
2025-05-28 18:10:00,آساجت,SJT8635,رشت,نشست | پایان دریافت بار,1,,EPJEK,EMB145,فرودگاه مهرآباد,Domestic Arrival
2025-05-28 18:10:00,کاسپین,CPN017,چابهار,نشست | پایان دریافت بار,6,,EPCPD,MD83,فرودگاه مهرآباد,Domestic Arrival
2025-05-28 18:40:00,کاسپین,CPN037,ارومیه,نشست | پایان دریافت بار,2,,EPKPC,737,فرودگاه مهرآباد,Domestic Arrival
2025-05-28 18:45:00,کاسپین,CPN027,مشهد,نشست | پایان دریافت بار,5,,EPCAQ,737,فرودگاه مهرآباد,Domestic Arrival
2025-05-28 18:55:00,آسمان,IRC3776,شیراز,نشست | پایان دریافت بار,1,,EPATE,F100,فرودگاه مهرآباد,Domestic Arrival
2025-05-28 18:55:00,وارش,VRH5877,مشهد,نشست | پایان دریافت بار,3,,EPVAF,B737,فرودگاه مهرآباد,Domestic Arrival
2025-05-28 19:00:00,ایران ایرتور,IRB967,مشهد,تاخیر - 22:30,,,EPMDF,MD83,فرودگاه مهرآباد,Domestic Arrival
2025-05-28 19:05:00,آتا,TBZ5628,اهواز,نشست | پایان دریافت بار,2,,EPTAL,B737,فرودگاه مهرآباد,Domestic Arrival
2025-05-28 19:10:00,کاسپین,CPN6915,عسلویه,نشست | پایان دریافت بار,4,,EPCAS,MD83,فرودگاه مهرآباد,Domestic Arrival
2025-05-28 19:15:00,ایران ایر,IRA276,ارومیه,نشست | پایان دریافت بار,6,,EPCFR,F100,فرودگاه مهرآباد,Domestic Arrival
2025-05-28 19:20:00,ایران ایر,IRA3494,عسلویه,نشست | پایان دریافت بار,4,,EPIEP,A319,فرودگاه مهرآباد,Domestic Arrival
2025-05-28 19:20:00,ایران ایر,IRA247,گرگان,نشست | پایان دریافت بار,3,,EPCFM,F100,فرودگاه مهرآباد,Domestic Arrival
2025-05-28 19:30:00,آتا,TBZ5665,کرمان,نشست | پایان دریافت بار,6,,EPTAR,MD83,فرودگاه مهرآباد,Domestic Arrival
2025-05-28 19:50:00,ایران ایر,IRA3430,پارس‌آباد,نشست | پایان دریافت بار,1,,EPITM,F100,فرودگاه مهرآباد,Domestic Arrival
2025-05-28 19:50:00,ماهان,IRM1078,کرمان,نشست | پایان دریافت بار,6,,EPMEB,146-200,فرودگاه مهرآباد,Domestic Arrival
2025-06-01 00:45:00,وارش,VRH5819A,مشهد,نشست | پایان دریافت بار,1,,EPVAA,B737,فرودگاه مهرآباد,Domestic Arrival
2025-06-01 00:55:00,کاسپین,CPN6901,بوشهر,نشست | پایان دریافت بار,3,,EPCPD,MD83,فرودگاه مهرآباد,Domestic Arrival
2025-05-28 20:35:00,کارون,KRU2629,شیراز,نشست | پایان دریافت بار,4,,EPJIB,737,فرودگاه مهرآباد,Domestic Arrival
2025-05-28 20:40:00,پويا,PYA2349,بندرعباس,نشست | پایان دریافت بار,1,,EPPUO,EMB145,فرودگاه مهرآباد,Domestic Arrival
2025-05-28 20:50:00,آتا,TBZ5620,مشهد,نشست | پایان دریافت بار,3,,EPTAH,737,فرودگاه مهرآباد,Domestic Arrival
2025-05-28 21:00:00,آتا,TBZ5605,تبریز,نشست | پایان دریافت بار,2,,EPTAL,MD83,فرودگاه مهرآباد,Domestic Arrival
2025-05-28 21:05:00,چابهار,IRU7637,کرمانشاه,نشست | پایان دریافت بار,3,,EPSEB,MD83,فرودگاه مهرآباد,Domestic Arrival
2025-05-28 21:05:00,اطلس ایر,ATS8275,مشهد,نشست | دریافت بار از نقاله,1,,EPTHI,RJ85,فرودگاه مهرآباد,Domestic Arrival
2025-05-28 21:20:00,ماهان,IRM4543,شهرکرد,نشست | پایان دریافت بار,3,,EPMEA,146-200,فرودگاه مهرآباد,Domestic Arrival
2025-05-28 21:20:00,ماهان,IRM1066,کرمان,نشست | پایان دریافت بار,4,,EPMOH,AB6,فرودگاه مهرآباد,Domestic Arrival
2025-05-28 21:25:00,معراج,MRJ2817,عسلویه,نشست | پایان دریافت بار,5,,EPSSN,A321,فرودگاه مهرآباد,Domestic Arrival
2025-05-28 21:30:00,رایمون,RAI7527,یزد,نشست | پایان دریافت بار,2,,EPNEA,EMB145,فرودگاه مهرآباد,Domestic Arrival
2025-06-01 00:55:00,کارون,KRU2611,دزفول,نشست | پایان دریافت بار,5,,EPMIS,F100,فرودگاه مهرآباد,Domestic Arrival
2025-05-28 21:40:00,فلای پرشیا,FPI7443,مشهد,نشست | پایان دریافت بار,3,,EPFPA,B737,فرودگاه مهرآباد,Domestic Arrival
2025-05-28 22:00:00,آساجت,SJT8625,یزد,نشست | پایان دریافت بار,4,,EPJEK,EMB145,فرودگاه مهرآباد,Domestic Arrival
2025-05-28 22:05:00,قشم ایر,QSM1221,بندرعباس,نشست | پایان دریافت بار,5,,EPFQU,F100,فرودگاه مهرآباد,Domestic Arrival
2025-05-28 22:15:00,آتا,TBZ5680,ارومیه,تاخیر,,,,MD83,فرودگاه مهرآباد,Domestic Arrival
2025-05-28 22:30:00,اطلس ایر,ATS8279,مشهد,نشست | دریافت بار از نقاله,5,,EPSAP,MD83,فرودگاه مهرآباد,Domestic Arrival
2025-05-28 22:30:00,آتا,TBZ5636,اهواز,اعلام ورود,,,EPTAL,MD83,فرودگاه مهرآباد,Domestic Arrival
2025-06-01 01:05:00,آتا,TBZ5628A,اهواز,نشست | پایان دریافت بار,3,,EPTAH,737,فرودگاه مهرآباد,Domestic Arrival
2025-05-28 22:45:00,تابان,TBN6325,مشهد,اعلام ورود,,,EPTBB,MD.88,فرودگاه مهرآباد,Domestic Arrival
2025-05-28 22:55:00,ایران ایرتور,IRB913,بندرعباس,تاخیر,,,EPMDD,MD83,فرودگاه مهرآباد,Domestic Arrival
2025-05-28 23:15:00,وارش,VRH5841,مشهد,طبق برنامه,,,EPVAR,737-700,فرودگاه مهرآباد,Domestic Arrival
2025-05-28 23:15:00,کارون,KRU2509,ماهشهر,اعلام ورود,,,,F100,فرودگاه مهرآباد,Domestic Arrival
2025-05-28 23:20:00,آتا,TBZ5669,یزد,اعلام ورود,,,EPTAJ,MD83,فرودگاه مهرآباد,Domestic Arrival
2025-05-28 23:20:00,کیش ایر,KIS7080,كيش,نشست | دریافت بار از نقاله,1,,EPLCK,MD83,فرودگاه مهرآباد,Domestic Arrival
2025-05-28 23:25:00,کاسپین,CPN6937,قشم,طبق برنامه,,,EPCPD,MD83,فرودگاه مهرآباد,Domestic Arrival
2025-06-01 01:05:00,کاسپین,CPN027A,مشهد,نشست | پایان دریافت بار,3,,EPCAS,MD83,فرودگاه مهرآباد,Domestic Arrival
2025-05-28 23:35:00,ایران ایر,IRA3330,رشت,تاخیر,,,,ATR-72-500,فرودگاه مهرآباد,Domestic Arrival
2025-05-28 23:35:00,قشم ایر,QSM1241,قشم,طبق برنامه,,,,F100,فرودگاه مهرآباد,Domestic Arrival
2025-05-28 23:40:00,قشم ایر,QSM1295,گرگان,طبق برنامه,,,EP;FQF,F100,فرودگاه مهرآباد,Domestic Arrival
2025-05-28 23:40:00,ایران ایرتور,IRB975,زاهدان,تاخیر,,,,MD83,فرودگاه مهرآباد,Domestic Arrival
2025-05-28 23:45:00,آتا,TBZ5644,سیرجان,تاخیر,,,EPTAE,737,فرودگاه مهرآباد,Domestic Arrival
2025-05-28 23:45:00,ساها,IRZ157,شیراز,طبق برنامه,,,EPSIJ,737-700,فرودگاه مهرآباد,Domestic Arrival
2025-05-28 23:50:00,ایران ایر,IRA264,آبادان,طبق برنامه,,,EPCFR,F100,فرودگاه مهرآباد,Domestic Arrival
2025-05-28 23:55:00,کیش ایر,KIS7028,كيش,طبق برنامه,,,EPLCM,MD83,فرودگاه مهرآباد,Domestic Arrival
2025-05-28 23:55:00,کارون,KRU2507,ماهشهر,طبق برنامه,,,EPAWZ,F100,فرودگاه مهرآباد,Domestic Arrival
2025-05-28 00:05:00,یزد ایر,DZD9438,اصفهان,طبق برنامه,,,EPDZH,146-200,فرودگاه مهرآباد,Domestic Arrival
2025-05-28 00:10:00,پارس ایر,PRS4405,شیراز,طبق برنامه,,,EPPAO,737-700,فرودگاه مهرآباد,Domestic Arrival
2025-05-28 00:10:00,آتا,TBZ5689,آبادان,طبق برنامه,,,,MD83,فرودگاه مهرآباد,Domestic Arrival
2025-05-28 00:15:00,ساها,IRZ173,بوشهر,طبق برنامه,,,EPSII,737-700,فرودگاه مهرآباد,Domestic Arrival
2025-05-28 00:15:00,کیش ایر,KIS7104,آبادان,طبق برنامه,,,,MD83,فرودگاه مهرآباد,Domestic Arrival
2025-05-28 00:30:00,وارش,VRH5873,بوشهر,طبق برنامه,,,EPVAF,737-700,فرودگاه مهرآباد,Domestic Arrival
2025-05-28 00:30:00,کارون,KRU2611,دزفول,طبق برنامه,,,EPJIB,737,فرودگاه مهرآباد,Domestic Arrival
2025-05-28 00:35:00,قشم ایر,QSM1272,تبریز,طبق برنامه,,,EPFQI,F100,فرودگاه مهرآباد,Domestic Arrival
2025-05-28 00:45:00,ماهان,IRM4526,ایرانشهر,طبق برنامه,,,EPMEI,146-200,فرودگاه مهرآباد,Domestic Arrival
2025-05-28 00:45:00,اطلس ایر,ATS8289,مشهد,طبق برنامه,,,,737-700,فرودگاه مهرآباد,Domestic Arrival
2025-05-28 00:50:00,آسمان,IRC3751,آبادان,تاخیر,,,EPASR,F100,فرودگاه مهرآباد,Domestic Arrival
2025-05-28 01:00:00,ماهان,IRM4540,زاهدان,طبق برنامه,,,EPMEU,146-200,فرودگاه مهرآباد,Domestic Arrival
2025-05-28 01:05:00,کاسپین,CPN6901,بوشهر,طبق برنامه,,,,MD83,فرودگاه مهرآباد,Domestic Arrival
2025-05-28 01:10:00,ایران ایر,IRA418,اهواز,طبق برنامه,,,,A319,فرودگاه مهرآباد,Domestic Arrival
2025-05-28 01:15:00,چابهار,IRU7615,چابهار,طبق برنامه,,,EPCBD,MD83,فرودگاه مهرآباد,Domestic Arrival
2025-05-28 01:20:00,چابهار,IRU7643,اهواز,طبق برنامه,,,,MD83,فرودگاه مهرآباد,Domestic Arrival
2025-05-28 01:35:00,اطلس ایر,ATS8283,مشهد,طبق برنامه,,,,RJ85,فرودگاه مهرآباد,Domestic Arrival
2025-05-28 01:45:00,زاگرس,IZG4051,بندرعباس,طبق برنامه,,,EPZAQ,MD83,فرودگاه مهرآباد,Domestic Arrival
2025-05-28 02:05:00,فلای پرشیا,FPI7400,شیراز,طبق برنامه,,,,B737,فرودگاه مهرآباد,Domestic Arrival
2025-05-28 02:25:00,معراج,MRJ2805,مشهد,طبق برنامه,,,,A320,فرودگاه مهرآباد,Domestic Arrival
2025-05-28 04:25:00,کیش ایر,KIS7150,شیراز,طبق برنامه,,,,MD83,فرودگاه مهرآباد,Domestic Arrival
2025-05-28 06:25:00,آسمان,IRC3770,شیراز,طبق برنامه,,,,F100,فرودگاه مهرآباد,Domestic Arrival
2025-05-28 07:00:00,آتا,TBZ5601,تبریز,طبق برنامه,,,,MD83,فرودگاه مهرآباد,Domestic Arrival
2025-05-28 07:15:00,یزد ایر,DZD9440,یزد,طبق برنامه,,,,146-200,فرودگاه مهرآباد,Domestic Arrival
2025-05-28 07:30:00,زاگرس,IZG4023,اهواز,طبق برنامه,,,,MD83,فرودگاه مهرآباد,Domestic Arrival
2025-05-28 07:40:00,ماهان,IRM1036,مشهد,طبق برنامه,,,EPMEE,AB6,فرودگاه مهرآباد,Domestic Arrival
2025-05-28 07:50:00,تابان,TBN6257,مشهد,طبق برنامه,,,,MD.88,فرودگاه مهرآباد,Domestic Arrival
2025-05-28 07:55:00,ایران ایر,IRA284,کرمانشاه,طبق برنامه,,,,F100,فرودگاه مهرآباد,Domestic Arrival
2025-05-28 08:00:00,آوا,AXV7703,مشهد,طبق برنامه,,,,B737,فرودگاه مهرآباد,Domestic Arrival
2025-05-28 08:20:00,کیش ایر,KIS7084,یزد,طبق برنامه,,,,MD82,فرودگاه مهرآباد,Domestic Arrival
2025-05-28 08:30:00,چابهار,IRU7647,شیراز,طبق برنامه,,,,MD83,فرودگاه مهرآباد,Domestic Arrival
2025-05-28 08:30:00,وارش,VRH5853,اهواز,طبق برنامه,,,,B737,فرودگاه مهرآباد,Domestic Arrival
2025-05-28 08:40:00,فلای پرشیا,FPI7427,اهواز,طبق برنامه,,,,737-700,فرودگاه مهرآباد,Domestic Arrival
2025-05-28 08:50:00,رایمون,RAI7511,رشت,طبق برنامه,,,,EMB145,فرودگاه مهرآباد,Domestic Arrival
2025-05-28 09:00:00,آتا,TBZ5678,ارومیه,طبق برنامه,,,EPTAZ,MD83,فرودگاه مهرآباد,Domestic Arrival
2025-05-28 09:00:00,ایران ایرتور,IRB931,بیرجند,طبق برنامه,,,,MD83,فرودگاه مهرآباد,Domestic Arrival
2025-05-28 09:35:00,ایران ایر,IRA3404,سقز,طبق برنامه,,,,F100,فرودگاه مهرآباد,Domestic Arrival
2025-05-28 09:40:00,چابهار,IRU7625,آبادان,طبق برنامه,,,,MD83,فرودگاه مهرآباد,Domestic Arrival
2025-05-28 09:45:00,آتا,TBZ5620,مشهد,طبق برنامه,,,,MD83,فرودگاه مهرآباد,Domestic Arrival
2025-05-28 10:10:00,آتا,TBZ5636,اهواز,طبق برنامه,,,,MD83,فرودگاه مهرآباد,Domestic Arrival
2025-05-28 10:15:00,اطلس ایر,ATS8279,مشهد,طبق برنامه,,,,MD83,فرودگاه مهرآباد,Domestic Arrival
2025-05-28 10:20:00,ماهان,IRM1009,کرمانشاه,طبق برنامه,,,,146-200,فرودگاه مهرآباد,Domestic Arrival
2025-05-28 11:05:00,ماهان,IRM4574,جیرفت,طبق برنامه,,,,146-200,فرودگاه مهرآباد,Domestic Arrival
2025-05-28 11:10:00,ماهان,IRM4537,اردبیل,طبق برنامه,,,,146-200,فرودگاه مهرآباد,Domestic Arrival
2025-05-28 11:15:00,معراج,MRJ2824,تبریز,طبق برنامه,,,,A320,فرودگاه مهرآباد,Domestic Arrival
2025-05-28 11:35:00,کارون,KRU2519,بهرگان/اصفهان,طبق برنامه,,,,F100,فرودگاه مهرآباد,Domestic Arrival
2025-05-28 11:55:00,آتا,TBZ5699,مشهد,طبق برنامه,,,,md83,فرودگاه مهرآباد,Domestic Arrival
2025-05-28 12:15:00,ماهان,IRM4588,زاهدان,طبق برنامه,,,,146-200,فرودگاه مهرآباد,Domestic Arrival
2025-05-28 12:25:00,اطلس ایر,ATS8290,چابهار,طبق برنامه,,,,737-700,فرودگاه مهرآباد,Domestic Arrival
2025-05-28 12:30:00,کیش ایر,KIS7014,كيش,طبق برنامه,,,,MD82,فرودگاه مهرآباد,Domestic Arrival
2025-05-28 12:35:00,ماهان,IRM1054,کرمان,طبق برنامه,,,,AB6,فرودگاه مهرآباد,Domestic Arrival
2025-05-28 12:40:00,ایران ایرتور,IRB919,چابهار,طبق برنامه,,,,MD83,فرودگاه مهرآباد,Domestic Arrival
2025-05-28 12:45:00,ایران ایر,IRA406,بوشهر,طبق برنامه,,,,F100,فرودگاه مهرآباد,Domestic Arrival
2025-05-28 12:45:00,کاسپین,CPN049,شیراز,طبق برنامه,,,,MD83,فرودگاه مهرآباد,Domestic Arrival
2025-05-28 13:00:00,زاگرس,IZG4031,كيش,طبق برنامه,,,,MD83,فرودگاه مهرآباد,Domestic Arrival
2025-05-28 13:05:00,یزد ایر,DZD6898,مشهد,طبق برنامه,,,,RJ85,فرودگاه مهرآباد,Domestic Arrival
2025-05-28 13:10:00,چابهار,IRU7641,مشهد,طبق برنامه,,,,MD83,فرودگاه مهرآباد,Domestic Arrival
2025-05-28 13:20:00,فلای پرشیا,FPI7439,مشهد,طبق برنامه,,,,B737,فرودگاه مهرآباد,Domestic Arrival
2025-05-28 13:50:00,کیش ایر,KIS7054,كيش,طبق برنامه,,,,MD83,فرودگاه مهرآباد,Domestic Arrival
2025-05-28 13:50:00,رایمون,RAI7523,مشهد,طبق برنامه,,,,EMB145,فرودگاه مهرآباد,Domestic Arrival
2025-05-28 13:55:00,قشم ایر,QSM1239,خارگ,طبق برنامه,,,,F100,فرودگاه مهرآباد,Domestic Arrival
2025-05-28 14:00:00,آتا,TBZ5630,مشهد,طبق برنامه,,,,MD83,فرودگاه مهرآباد,Domestic Arrival
2025-05-28 14:05:00,وارش,VRH5819,مشهد,طبق برنامه,,,,B737,فرودگاه مهرآباد,Domestic Arrival
2025-05-28 14:20:00,کارون,KRU2507,ماهشهر,طبق برنامه,,,,F100,فرودگاه مهرآباد,Domestic Arrival
2025-05-28 14:20:00,چابهار,IRU7611,مشهد,طبق برنامه,,,,MD83,فرودگاه مهرآباد,Domestic Arrival
2025-05-28 14:25:00,آسمان,IRC601,مشهد,طبق برنامه,,,EPATE,F100,فرودگاه مهرآباد,Domestic Arrival
2025-05-28 14:35:00,ماهان,IRM1042,كيش,طبق برنامه,,,,AB6,فرودگاه مهرآباد,Domestic Arrival
2025-05-28 14:40:00,آتا,TBZ5682,بندرعباس,طبق برنامه,,,,MD83,فرودگاه مهرآباد,Domestic Arrival
2025-05-28 14:40:00,پويا,PYA2324,رشت,طبق برنامه,,,,EMB145,فرودگاه مهرآباد,Domestic Arrival
2025-05-28 14:55:00,ساها,IRZ161,لاوان,طبق برنامه,,,,737-700,فرودگاه مهرآباد,Domestic Arrival
2025-05-28 15:00:00,وارش,VRH5919,عسلویه,طبق برنامه,,,,737-700,فرودگاه مهرآباد,Domestic Arrival
2025-05-28 15:10:00,کاسپین,CPN027,مشهد,طبق برنامه,,,,MD83,فرودگاه مهرآباد,Domestic Arrival
2025-05-28 15:20:00,آتا,TBZ5660,كيش,طبق برنامه,,,,MD83,فرودگاه مهرآباد,Domestic Arrival
2025-05-28 15:50:00,اروان,INA6751,مشهد,طبق برنامه,,,,B737,فرودگاه مهرآباد,Domestic Arrival
2025-05-28 15:55:00,آتا,TBZ5645,تبریز,طبق برنامه,,,,MD83,فرودگاه مهرآباد,Domestic Arrival
2025-05-28 15:55:00,چابهار,IRU7661,مشهد,طبق برنامه,,,,MD83,فرودگاه مهرآباد,Domestic Arrival
2025-05-28 16:00:00,قشم ایر,QSM1290,کرمانشاه,طبق برنامه,,,,F100,فرودگاه مهرآباد,Domestic Arrival
2025-05-28 16:05:00,کارون,KRU2585,عسلویه,طبق برنامه,,,,F100,فرودگاه مهرآباد,Domestic Arrival
2025-05-28 16:25:00,آتا,TBZ5720,مشهد,طبق برنامه,,,,MD83,فرودگاه مهرآباد,Domestic Arrival
2025-05-28 16:25:00,کاسپین,CPN015,عسلویه,طبق برنامه,,,,MD83,فرودگاه مهرآباد,Domestic Arrival
2025-05-28 16:30:00,قشم ایر,QSM1271,زاهدان,طبق برنامه,,,,F100,فرودگاه مهرآباد,Domestic Arrival
2025-05-28 16:45:00,ماهان,IRM4573,ایلام,طبق برنامه,,,,146-200,فرودگاه مهرآباد,Domestic Arrival
2025-05-28 16:55:00,تابان,TBN6255,مشهد,طبق برنامه,,,,MD.88,فرودگاه مهرآباد,Domestic Arrival
2025-05-28 17:05:00,ایران ایرتور,IRB981,ارومیه,طبق برنامه,,,,MD83,فرودگاه مهرآباد,Domestic Arrival
2025-05-28 17:10:00,یزد ایر,DZD9406,اهواز,طبق برنامه,,,,BAE146,فرودگاه مهرآباد,Domestic Arrival
2025-05-28 17:15:00,آساجت,SJT8635,رشت,طبق برنامه,,,,EMB145,فرودگاه مهرآباد,Domestic Arrival
2025-05-28 17:35:00,رایمون,RAI7513,اصفهان,طبق برنامه,,,,EMB145,فرودگاه مهرآباد,Domestic Arrival
2025-05-28 18:10:00,ایران ایرتور,IRB917,كيش,طبق برنامه,,,,MD83,فرودگاه مهرآباد,Domestic Arrival
2025-05-28 18:15:00,تابان,TBN6251,مشهد,طبق برنامه,,,,MD.88,فرودگاه مهرآباد,Domestic Arrival
2025-05-28 18:30:00,آتا,TBZ5639,تبریز,طبق برنامه,,,,MD83,فرودگاه مهرآباد,Domestic Arrival
2025-05-28 18:50:00,قشم ایر,QSM1253,مشهد,طبق برنامه,,,,F100,فرودگاه مهرآباد,Domestic Arrival
2025-05-28 18:50:00,کاسپین,CPN045,كيش,طبق برنامه,,,,MD83,فرودگاه مهرآباد,Domestic Arrival
2025-05-28 19:00:00,ایران ایرتور,IRB963,مشهد,طبق برنامه,,,,MD83,فرودگاه مهرآباد,Domestic Arrival
2025-05-28 19:05:00,ماهان,IRM4582,مشهد,طبق برنامه,,,,BAE146,فرودگاه مهرآباد,Domestic Arrival
2025-05-28 19:20:00,کیش ایر,KIS7050,شیراز,طبق برنامه,,,,MD82,فرودگاه مهرآباد,Domestic Arrival
2025-05-28 19:25:00,آتا,TBZ5614,مشهد,طبق برنامه,,,EPTAM,MD83,فرودگاه مهرآباد,Domestic Arrival
2025-05-28 19:25:00,آتا,TBZ5665,کرمان,طبق برنامه,,,,MD83,فرودگاه مهرآباد,Domestic Arrival
2025-05-28 19:50:00,ایران ایر,IRA351,كيش,طبق برنامه,,,,F100,فرودگاه مهرآباد,Domestic Arrival
2025-05-28 20:00:00,زاگرس,IZG4021,اهواز,طبق برنامه,,,,MD83,فرودگاه مهرآباد,Domestic Arrival
2025-05-28 20:05:00,آتا,TBZ5667,تبریز,طبق برنامه,,,,MD83,فرودگاه مهرآباد,Domestic Arrival
2025-05-28 20:15:00,کیش ایر,KIS7024,كيش,طبق برنامه,,,,MD83,فرودگاه مهرآباد,Domestic Arrival
2025-05-28 20:25:00,اطلس ایر,ATS8275,مشهد,طبق برنامه,,,,RJ85,فرودگاه مهرآباد,Domestic Arrival
2025-05-28 20:30:00,پارس ایر,PRS4407,شیراز,طبق برنامه,,,,B737,فرودگاه مهرآباد,Domestic Arrival
2025-05-28 20:35:00,آتا,TBZ5624,شیراز,طبق برنامه,,,,MD83,فرودگاه مهرآباد,Domestic Arrival
2025-05-28 20:50:00,پويا,PYA2341,شیراز,طبق برنامه,,,,EMB145,فرودگاه مهرآباد,Domestic Arrival
2025-05-28 21:00:00,آساجت,SJT8625,یزد,طبق برنامه,,,,EMB145,فرودگاه مهرآباد,Domestic Arrival
2025-05-28 21:00:00,کارون,KRU2603,اصفهان,طبق برنامه,,,,F100,فرودگاه مهرآباد,Domestic Arrival
2025-05-28 21:05:00,وارش,VRH5905,مشهد,طبق برنامه,,,,737,فرودگاه مهرآباد,Domestic Arrival
2025-05-28 21:10:00,کارون,KRU2661,ارومیه,طبق برنامه,,,,F100,فرودگاه مهرآباد,Domestic Arrival
2025-05-28 21:15:00,کیش ایر,KIS7052,كيش,طبق برنامه,,,,MD83,فرودگاه مهرآباد,Domestic Arrival
2025-05-28 21:20:00,آسمان,IRC641,تبریز,طبق برنامه,,,,F100,فرودگاه مهرآباد,Domestic Arrival
2025-05-28 21:25:00,چابهار,IRU7651,مشهد,طبق برنامه,,,,MD83,فرودگاه مهرآباد,Domestic Arrival
2025-05-28 21:30:00,ماهان,IRM1027,اردبیل,طبق برنامه,,,,146-200,فرودگاه مهرآباد,Domestic Arrival
2025-05-28 21:40:00,ماهان,IRM1028,طبس,طبق برنامه,,,,146-200,فرودگاه مهرآباد,Domestic Arrival
2025-05-28 21:50:00,ماهان,IRM1066,کرمان,طبق برنامه,,,,AB6,فرودگاه مهرآباد,Domestic Arrival
2025-05-28 22:00:00,کاسپین,CPN6937,قشم,طبق برنامه,,,,MD83,فرودگاه مهرآباد,Domestic Arrival
2025-05-28 22:10:00,ماهان,IRM1001,تبریز,طبق برنامه,,,,146-200,فرودگاه مهرآباد,Domestic Arrival
2025-05-28 22:25:00,اطلس ایر,ATS8292,مشهد,طبق برنامه,,,,MD83,فرودگاه مهرآباد,Domestic Arrival
2025-05-28 22:30:00,ایران ایرتور,IRB989,اهواز,طبق برنامه,,,,MD83,فرودگاه مهرآباد,Domestic Arrival
2025-05-28 22:35:00,قشم ایر,QSM1211,اهواز,طبق برنامه,,,,F100,فرودگاه مهرآباد,Domestic Arrival
2025-05-28 22:35:00,ماهان,IRM1052,کرمان,طبق برنامه,,,,AB6,فرودگاه مهرآباد,Domestic Arrival
2025-05-28 22:40:00,آساجت,SJT8617,اصفهان,طبق برنامه,,,,EMB145,فرودگاه مهرآباد,Domestic Arrival
2025-05-28 22:45:00,ماهان,IRM1032,مشهد,طبق برنامه,,,,AB6,فرودگاه مهرآباد,Domestic Arrival
2025-05-28 22:50:00,فلای پرشیا,FPI7404,شیراز,طبق برنامه,,,,737-700,فرودگاه مهرآباد,Domestic Arrival
2025-05-28 23:00:00,تابان,TBN6325,مشهد,طبق برنامه,,,,MD.88,فرودگاه مهرآباد,Domestic Arrival
2025-05-28 23:05:00,آتا,TBZ5713,آبادان,طبق برنامه,,,,MD83,فرودگاه مهرآباد,Domestic Arrival
2025-05-28 23:20:00,کیش ایر,KIS7162,کرمان,طبق برنامه,,,,MD82,فرودگاه مهرآباد,Domestic Arrival
2025-05-28 23:25:00,ساها,IRZ157,شیراز,طبق برنامه,,,,737-700,فرودگاه مهرآباد,Domestic Arrival
2025-05-28 23:30:00,کاسپین,CPN6901,بوشهر,طبق برنامه,,,,MD83,فرودگاه مهرآباد,Domestic Arrival
2025-05-28 23:30:00,وارش,VRH5815,بندرعباس,طبق برنامه,,,,737-700,فرودگاه مهرآباد,Domestic Arrival
2025-05-28 23:35:00,وارش,VRH5841,مشهد,طبق برنامه,,,,737-700,فرودگاه مهرآباد,Domestic Arrival
2025-05-28 23:35:00,ایران ایرتور,IRB913,بندرعباس,طبق برنامه,,,,MD83,فرودگاه مهرآباد,Domestic Arrival
2025-06-01 01:10:00,اطلس ایر,ATS8281,اهواز,نشست | پایان دریافت بار,5,,EPLEE,737,فرودگاه مهرآباد,Domestic Arrival
2025-05-28 19:15:00,هواپیمایی پارس,PRS4454,تهران,نشست | پایان دریافت بار,3,2025-05-28 19:20:00,,B737,فرودگاه مشهد,Domestic Arrival
2025-05-28 19:20:00,فلای پرشیا,FPI7442,تهران,نشست | پایان دریافت بار,4,2025-05-28 19:25:00,,B737,فرودگاه مشهد,Domestic Arrival
2025-05-28 19:30:00,قشم ایر,QSM1274,تبریز,نشست | پایان دریافت بار,5,2025-05-28 19:25:00,,F100,فرودگاه مشهد,Domestic Arrival
2025-05-28 20:00:00,آتا,TBZ5749,اصفهان,نشست | پایان دریافت بار,1,2025-05-28 19:55:00,,MD80,فرودگاه مشهد,Domestic Arrival
2025-05-24 00:05:00,ایران ایر,IRA215,قشم,نشست | پایان دریافت بار,5,,EPCFR,F100,فرودگاه مهرآباد,Domestic Arrival
2025-05-24 00:10:00,آتا,TBZ5669,یزد,نشست | پایان دریافت بار,6,,EPTAH,737,فرودگاه مهرآباد,Domestic Arrival
2025-05-24 00:20:00,فلای پرشیا,FPI7404A,شیراز,نشست | پایان دریافت بار,3,,EPFPA,737-700,فرودگاه مهرآباد,Domestic Arrival
2025-05-24 00:20:00,آسمان,IRC3751,آبادان,نشست | پایان دریافت بار,7,,EPASR,F100,فرودگاه مهرآباد,Domestic Arrival
2025-05-24 00:30:00,آتا,TBZ5703,مشهد,نشست | پایان دریافت بار,4,,EPTAQ,MD83,فرودگاه مهرآباد,Domestic Arrival
2025-05-24 00:35:00,کیش ایر,KIS7020,كيش,نشست | پایان دریافت بار,2,,EPLCM,MD83,فرودگاه مهرآباد,Domestic Arrival
2025-05-24 00:40:00,ماهان,IRM4524,چابهار,نشست | پایان دریافت بار,5,,EPMOH,rj100,فرودگاه مهرآباد,Domestic Arrival
2025-05-24 00:45:00,چابهار,IRU7643,اهواز,باطل شد,,,,MD83,فرودگاه مهرآباد,Domestic Arrival
2025-05-24 00:45:00,کاسپین,CPN6901,بوشهر,نشست | پایان دریافت بار,5,,EPCPU,MD83,فرودگاه مهرآباد,Domestic Arrival
2025-05-24 00:50:00,کاسپین,CPN049A,شیراز,نشست | پایان دریافت بار,2,,EPCAS,MD83,فرودگاه مهرآباد,Domestic Arrival
2025-05-24 00:55:00,ایران ایر,IRA263,مشهد,نشست | پایان دریافت بار,3,,EPIEP,A319,فرودگاه مهرآباد,Domestic Arrival
2025-05-24 01:00:00,پارس ایر,PRS4445,اهواز,نشست | پایان دریافت بار,2,,EPPRA,CRJ200,فرودگاه مهرآباد,Domestic Arrival
2025-05-24 01:00:00,ماهان,IRM4540,زاهدان,نشست | پایان دریافت بار,2,,EPMEB,RJ85,فرودگاه مهرآباد,Domestic Arrival
2025-05-24 01:05:00,کاسپین,CPN6987A,زاهدان,نشست | پایان دریافت بار,3,,EPCPD,MD83,فرودگاه مهرآباد,Domestic Arrival
2025-05-24 01:10:00,آتا,TBZ5630A,مشهد,نشست | پایان دریافت بار,3,,EPTAJ,MD83,فرودگاه مهرآباد,Domestic Arrival
2025-05-24 01:15:00,پارس ایر,PRS5401,مشهد,نشست | پایان دریافت بار,4,,EPPAO,737,فرودگاه مهرآباد,Domestic Arrival
2025-05-24 01:15:00,وارش,VRH5815A,بندرعباس,نشست | پایان دریافت بار,4,,EPVAA,737-700,فرودگاه مهرآباد,Domestic Arrival
2025-05-24 01:25:00,کارون,KRU2679,کرمان,نشست | پایان دریافت بار,5,,EPJIA,737,فرودگاه مهرآباد,Domestic Arrival
2025-05-24 01:35:00,کیش ایر,KIS7132,اهواز,نشست | پایان دریافت بار,2,,EPLCL,MD83,فرودگاه مهرآباد,Domestic Arrival
2025-05-24 01:45:00,چابهار,IRU7665,شیراز,نشست | پایان دریافت بار,3,,EPCBI,MD82,فرودگاه مهرآباد,Domestic Arrival
2025-05-24 01:45:00,زاگرس,IZG4051,بندرعباس,نشست | پایان دریافت بار,1,,EPZAM,MD83,فرودگاه مهرآباد,Domestic Arrival
2025-05-24 02:00:00,پارس ایر,PRS4495,آبادان,نشست | پایان دریافت بار,3,,EPPAM,737,فرودگاه مهرآباد,Domestic Arrival
2025-05-24 02:15:00,کیش ایر,KIS7124A,كيش,نشست | پایان دریافت بار,1,,EPLCK,MD83,فرودگاه مهرآباد,Domestic Arrival
2025-05-24 02:30:00,آساجت,SJT8662,رشت,نشست | پایان دریافت بار,2,,EPJEK,EMB145,فرودگاه مهرآباد,Domestic Arrival
2025-05-28 20:05:00,تابان,TBN6314,رشت,باطل شد,,,,MD.88,فرودگاه مشهد,Domestic Arrival
2025-05-28 20:15:00,هواپیمایی اطلس,ATS8278,تهران,نشست | پایان دریافت بار,2,2025-05-28 20:45:00,,MD83,فرودگاه مشهد,Domestic Arrival
2025-05-28 20:20:00,ایران ایر,IRA468,تهران,نشست | پایان دریافت بار,5,2025-05-28 20:20:00,,A319,فرودگاه مشهد,Domestic Arrival
2025-06-01 01:15:00,وارش,VRH5877,مشهد,نشست | پایان دریافت بار,4,,EPVAR,B737,فرودگاه مهرآباد,Domestic Arrival
2025-05-28 20:50:00,آتا,TBZ5728,کرمان,نشست | پایان دریافت بار,2,2025-05-28 21:35:00,,MD80,فرودگاه مشهد,Domestic Arrival
2025-05-28 21:15:00,زاگرس,IZG4121,اهواز,نشست | پایان دریافت بار,8,2025-05-28 21:30:00,,MD82,فرودگاه مشهد,Domestic Arrival
2025-05-28 21:15:00,وارش,VRH5805,ساری,اعلام ورود,,2025-05-28 23:20:00,,B737,فرودگاه مشهد,Domestic Arrival
2025-05-28 21:30:00,ایران ایرتور,IRB966,تهران,اعلام ورود,,2025-05-28 23:45:00,,MD82,فرودگاه مشهد,Domestic Arrival
2025-05-28 21:50:00,سپهران,SHI4339,اهواز,نشست | پایان دریافت بار,3,2025-05-28 21:40:00,,B737,فرودگاه مشهد,Domestic Arrival
2025-05-28 22:10:00,ماهان,IRM1037,تهران,نشست | پایان دریافت بار,4,2025-05-28 21:55:00,,747,فرودگاه مشهد,Domestic Arrival
2025-05-28 22:15:00,هواپیمایی اطلس,ATS8276,اصفهان,اعلام ورود,,2025-05-28 23:20:00,,B737,فرودگاه مشهد,Domestic Arrival
2025-05-28 22:30:00,وارش,VRH5803,ساری,تاخیر,,,,B737,فرودگاه مشهد,Domestic Arrival
2025-05-28 23:00:00,هواپیمایی اطلس,ATS8284,تهران,تاخیر,,,,RJ85,فرودگاه مشهد,Domestic Arrival
2025-05-28 23:00:00,سپهران,SHI 4367,آبادان,تاخیر,,,,B737,فرودگاه مشهد,Domestic Arrival
2025-05-28 23:20:00,آتا,TBZ5706,شیراز,اعلام ورود,,2025-05-28 23:40:00,,MD80,فرودگاه مشهد,Domestic Arrival
2025-05-28 23:30:00,ایران ایرتور,IRB925,شیراز,اعلام ورود,,2025-05-28 23:30:00,,MD82,فرودگاه مشهد,Domestic Arrival
2025-05-28 23:40:00,آوا,AXV7711,آبادان,طبق برنامه,,,,B737,فرودگاه مشهد,Domestic Arrival
2025-05-28 23:55:00,معراج,MRJ2804,تهران,طبق برنامه,,,,A321,فرودگاه مشهد,Domestic Arrival
2025-05-28 01:00:00,تابان,TBN6252,تهران,طبق برنامه,,,,MD.88,فرودگاه مشهد,Domestic Arrival
2025-05-28 01:00:00,زاگرس,IZG4111,شیراز,طبق برنامه,,,,MD82,فرودگاه مشهد,Domestic Arrival
2025-05-28 01:15:00,هواپیمایی پارس,PRS4414,آبادان,طبق برنامه,,,,B737,فرودگاه مشهد,Domestic Arrival
2025-05-28 01:40:00,آتا,TBZ5649,اصفهان,طبق برنامه,,,,MD80,فرودگاه مشهد,Domestic Arrival
2025-05-28 01:40:00,تابان,TBN6216,اهواز,طبق برنامه,,,,MD.88,فرودگاه مشهد,Domestic Arrival
2025-05-28 01:50:00,آتا,TBZ5648,آبادان,طبق برنامه,,,,MD80,فرودگاه مشهد,Domestic Arrival
2025-05-28 05:00:00,سپهران,SHI4347,آبادان,طبق برنامه,,,,B737,فرودگاه مشهد,Domestic Arrival
2025-05-28 06:55:00,آسمان,IRC600,تهران,طبق برنامه,,,,F100,فرودگاه مشهد,Domestic Arrival
2025-05-28 07:00:00,وارش,VRH5805,ساری,طبق برنامه,,,,B737,فرودگاه مشهد,Domestic Arrival
2025-05-28 07:15:00,هواپیمایی اطلس,ATS8278,تهران,طبق برنامه,,,,MD83,فرودگاه مشهد,Domestic Arrival
2025-05-28 07:20:00,آتا,TBZ5619,تهران,طبق برنامه,,,,MD80,فرودگاه مشهد,Domestic Arrival
2025-05-28 07:45:00,چابهار,IRU7660,تهران,طبق برنامه,,,,MD83,فرودگاه مشهد,Domestic Arrival
2025-05-28 07:45:00,اروان,INA6750,تهران,طبق برنامه,,,,B737,فرودگاه مشهد,Domestic Arrival
2025-05-28 08:00:00,ماهان,IRM1033,تهران,طبق برنامه,,,,BAE100,فرودگاه مشهد,Domestic Arrival
2025-05-28 08:20:00,کاسپین,CPN026,تهران,طبق برنامه,,,,B737,فرودگاه مشهد,Domestic Arrival
2025-05-28 09:00:00,کیش ایر,KIS7072,كيش,طبق برنامه,,,,MD82,فرودگاه مشهد,Domestic Arrival
2025-05-28 09:35:00,کارون,KRU2554,ماهشهر,طبق برنامه,,,,B737,فرودگاه مشهد,Domestic Arrival
2025-05-28 09:40:00,آتا,TBZ5708,یزد,طبق برنامه,,,,MD80,فرودگاه مشهد,Domestic Arrival
2025-05-28 09:55:00,تابان,TBN6210,اصفهان,طبق برنامه,,,,MD.88,فرودگاه مشهد,Domestic Arrival
2025-05-28 10:15:00,تابان,TBN6258,تهران,طبق برنامه,,,,MD.88,فرودگاه مشهد,Domestic Arrival
2025-05-28 10:40:00,آوا,AXV7702,تهران,طبق برنامه,,,,B737,فرودگاه مشهد,Domestic Arrival
2025-05-28 10:50:00,سپهران,SHI4359,کرمانشاه,طبق برنامه,,,,B737,فرودگاه مشهد,Domestic Arrival
2025-05-28 10:50:00,چابهار,IRU7640,تهران,طبق برنامه,,,,MD83,فرودگاه مشهد,Domestic Arrival
2025-05-28 10:55:00,کاسپین,CPN6927,عسلویه,طبق برنامه,,,,MD83,فرودگاه مشهد,Domestic Arrival
2025-05-28 11:00:00,فلای پرشیا,FPI7438,تهران,طبق برنامه,,,,B737,فرودگاه مشهد,Domestic Arrival
2025-05-28 11:00:00,ایران ایرتور,IRB983,بوشهر,طبق برنامه,,,,MD82,فرودگاه مشهد,Domestic Arrival
2025-05-28 11:20:00,هواپیمایی رایمون,RAI7522,تهران,طبق برنامه,,,,EMB145,فرودگاه مشهد,Domestic Arrival
2025-05-28 11:30:00,وارش,VRH5855,اصفهان,طبق برنامه,,,,B737,فرودگاه مشهد,Domestic Arrival
2025-05-28 11:30:00,قشم ایر,QSM1209,زاهدان,طبق برنامه,,,,F100,فرودگاه مشهد,Domestic Arrival
2025-05-28 11:30:00,وارش,VRH5840,تهران,طبق برنامه,,,,B737,فرودگاه مشهد,Domestic Arrival
2025-05-28 11:30:00,ایران ایرتور,IRB962,تهران,طبق برنامه,,,,MD82,فرودگاه مشهد,Domestic Arrival
2025-05-28 11:40:00,آتا,TBZ5629,تهران,طبق برنامه,,,,MD80,فرودگاه مشهد,Domestic Arrival
2025-05-28 11:55:00,آسمان,IRC3797,رشت,طبق برنامه,,,,F100,فرودگاه مشهد,Domestic Arrival
2025-05-28 12:00:00,آتا,TBZ5728,کرمان,طبق برنامه,,,,MD80,فرودگاه مشهد,Domestic Arrival
2025-05-28 12:00:00,چابهار,IRU7610,تهران,طبق برنامه,,,,MD82,فرودگاه مشهد,Domestic Arrival
2025-05-28 12:30:00,زاگرس,IZG4103,تبریز,طبق برنامه,,,,MD82,فرودگاه مشهد,Domestic Arrival
2025-05-28 12:45:00,کاسپین,CPN4929,نوشهر,طبق برنامه,,,,B737,فرودگاه مشهد,Domestic Arrival
2025-05-28 13:25:00,اروان,INA6753,آبادان,طبق برنامه,,,,B737,فرودگاه مشهد,Domestic Arrival
2025-05-28 13:40:00,چابهار,IRU7655,آبادان,طبق برنامه,,,,MD83,فرودگاه مشهد,Domestic Arrival
2025-05-28 13:55:00,ماهان,IRM1091,زنجان,طبق برنامه,,,,BAE100,فرودگاه مشهد,Domestic Arrival
2025-05-28 14:20:00,آتا,TBZ5698,تهران,طبق برنامه,,,,MD80,فرودگاه مشهد,Domestic Arrival
2025-05-28 15:00:00,زاگرس,IZG4149,رشت,طبق برنامه,,,,MD82,فرودگاه مشهد,Domestic Arrival
2025-05-28 15:40:00,آتا,TBZ5649.,اصفهان,طبق برنامه,,,,MD80,فرودگاه مشهد,Domestic Arrival
2025-05-28 16:00:00,وارش,VRH5803,ساری,طبق برنامه,,,,B737,فرودگاه مشهد,Domestic Arrival
2025-05-28 16:30:00,ایران ایرتور,IRB901,تبریز,طبق برنامه,,,,MD82,فرودگاه مشهد,Domestic Arrival
2025-05-28 16:30:00,قشم ایر,QSM1252,تهران,طبق برنامه,,,,F100,فرودگاه مشهد,Domestic Arrival
2025-05-28 16:30:00,ایران ایرتور,IRB905,رشت,طبق برنامه,,,,MD82,فرودگاه مشهد,Domestic Arrival
2025-05-28 17:00:00,ایران ایرتور,IRB953,ارومیه,طبق برنامه,,,,MD82,فرودگاه مشهد,Domestic Arrival
2025-05-28 17:05:00,کاسپین,CPN024,تهران,طبق برنامه,,,,MD82,فرودگاه مشهد,Domestic Arrival
2025-05-28 17:10:00,آتا,TBZ5613,تهران,طبق برنامه,,,,MD80,فرودگاه مشهد,Domestic Arrival
2025-05-28 17:25:00,سپهران,SHI4327,رشت,طبق برنامه,,,,B737,فرودگاه مشهد,Domestic Arrival
2025-05-28 17:45:00,هواپیمایی اطلس,ATS8288,تهران,طبق برنامه,,,,B737,فرودگاه مشهد,Domestic Arrival
2025-05-28 18:15:00,هواپیمایی اطلس,ATS8270,تهران,طبق برنامه,,,,RJ85,فرودگاه مشهد,Domestic Arrival
2025-05-28 18:30:00,وارش,VRH5904,تهران,طبق برنامه,,,,B737,فرودگاه مشهد,Domestic Arrival
2025-05-28 18:40:00,آتا,TBZ5719,تهران,طبق برنامه,,,,MD80,فرودگاه مشهد,Domestic Arrival
2025-05-28 18:45:00,آسمان,IRC3850,شیراز,طبق برنامه,,,,F100,فرودگاه مشهد,Domestic Arrival
2025-05-28 19:05:00,چابهار,IRU7650,تهران,طبق برنامه,,,,MD83,فرودگاه مشهد,Domestic Arrival
2025-05-28 19:15:00,تابان,TBN6256,تهران,طبق برنامه,,,,MD.88,فرودگاه مشهد,Domestic Arrival
2025-05-28 19:45:00,ماهان,IRM1077,کرمان,طبق برنامه,,,,BAE100,فرودگاه مشهد,Domestic Arrival
2025-05-28 19:55:00,ایران ایر,IRA258,شیراز,طبق برنامه,,,,A319,فرودگاه مشهد,Domestic Arrival
2025-05-28 20:15:00,هواپیمایی اطلس,ATS8291,تهران,طبق برنامه,,,,MD83,فرودگاه مشهد,Domestic Arrival
2025-05-28 20:15:00,ماهان,IRM1099,اردبیل,طبق برنامه,,,,BAE100,فرودگاه مشهد,Domestic Arrival
2025-05-28 20:30:00,تابان,TBN6326,تهران,طبق برنامه,,,,MD.88,فرودگاه مشهد,Domestic Arrival
2025-05-28 20:30:00,آتا,TBZ5749,اصفهان,طبق برنامه,,,,MD80,فرودگاه مشهد,Domestic Arrival
2025-05-28 21:15:00,وارش,VRH5902,تهران,طبق برنامه,,,,B737,فرودگاه مشهد,Domestic Arrival
2025-05-28 21:30:00,زاگرس,IZG4121,اهواز,طبق برنامه,,,,MD82,فرودگاه مشهد,Domestic Arrival
2025-05-28 22:00:00,وارش,VRH5811,اهواز,طبق برنامه,,,,B737,فرودگاه مشهد,Domestic Arrival
2025-05-28 22:05:00,سپهران,SHI4357,تبریز,طبق برنامه,,,,B737,فرودگاه مشهد,Domestic Arrival
2025-05-28 22:30:00,آتا,TBZ5652,اصفهان,طبق برنامه,,,,MD80,فرودگاه مشهد,Domestic Arrival
2025-05-28 22:30:00,ایران ایرتور,IRB909,کرمانشاه,طبق برنامه,,,,MD82,فرودگاه مشهد,Domestic Arrival
2025-05-28 22:40:00,کاسپین,CPN6941,خرم‌آباد,طبق برنامه,,,,MD82,فرودگاه مشهد,Domestic Arrival
2025-05-28 22:45:00,هواپیمایی اطلس,ATS8280,شیراز,طبق برنامه,,,,B737,فرودگاه مشهد,Domestic Arrival
2025-05-28 22:45:00,هواپیمایی اطلس,ATS8284,تهران,طبق برنامه,,,,RJ85,فرودگاه مشهد,Domestic Arrival
2025-05-28 22:50:00,سپهران,SHI4339,اهواز,طبق برنامه,,,,B737,فرودگاه مشهد,Domestic Arrival
2025-05-28 23:00:00,هواپیمایی پارس,PRS4457,آبادان,طبق برنامه,,,,B737,فرودگاه مشهد,Domestic Arrival
2025-05-28 23:30:00,کیش ایر,KIS7069,تهران,طبق برنامه,,,,MD82,فرودگاه مشهد,Domestic Arrival
2025-05-28 23:30:00,آوا,AXV7711,آبادان,طبق برنامه,,,,B737,فرودگاه مشهد,Domestic Arrival
2025-05-28 21:10:00,آوا,AXV9221,بغداد,نشست,2,2025-05-28 20:45:00,,A310,فرودگاه مشهد,International Arrival
2025-05-28 22:25:00,العربیه,ABY207,شارجه,نشست,2,2025-05-28 23:00:00,,A321,فرودگاه مشهد,International Arrival
2025-05-28 22:45:00,سپهران,SHI7347,بغداد,نشست,2,2025-05-28 22:20:00,,B737,فرودگاه مشهد,International Arrival
2025-05-28 23:00:00,معراج,MRJ4822,بغداد,نشست,3,2025-05-28 22:30:00,,A320,فرودگاه مشهد,International Arrival
2025-05-28 23:35:00,سپهران,SHI7331,نجف,اعلام ورود,,2025-05-28 23:15:00,,B737,فرودگاه مشهد,International Arrival
2025-05-28 00:45:00,سپهران,SHI7355,بغداد,طبق برنامه,,,,B737,فرودگاه مشهد,International Arrival
2025-05-28 00:50:00,ترکیش,THY888,استانبول,طبق برنامه,,,,A320,فرودگاه مشهد,International Arrival
2025-05-28 01:20:00,سپهران,SHI7351,نجف,طبق برنامه,,,,B737,فرودگاه مشهد,International Arrival
2025-05-28 02:05:00,تابان,TBN7264,نجف,طبق برنامه,,,,A320,فرودگاه مشهد,International Arrival
2025-05-28 07:50:00,کام ایر,KMF7701,کابل,طبق برنامه,,,,B737,فرودگاه مشهد,International Arrival
2025-05-28 09:30:00,عراقی,IAW161,بغداد,طبق برنامه,,,,B737,فرودگاه مشهد,International Arrival
2025-05-28 09:45:00,ایران ایرتور,IRB9794,کابل,طبق برنامه,,,,MD82,فرودگاه مشهد,International Arrival
2025-05-28 10:00:00,آریانا افغان,AFG717,هرات,طبق برنامه,,,,A310,فرودگاه مشهد,International Arrival
2025-05-28 10:50:00,سپهران,SHI7347,بغداد,طبق برنامه,,,,B737,فرودگاه مشهد,International Arrival
2025-05-28 11:05:00,سپهران,SHI7305,بغداد,طبق برنامه,,,,B737,فرودگاه مشهد,International Arrival
2025-05-28 11:35:00,سپهران,SHI7311,نجف,طبق برنامه,,,,B737,فرودگاه مشهد,International Arrival
2025-05-28 11:50:00,کاسپین,CPN7907,نجف,طبق برنامه,,,,B737,فرودگاه مشهد,International Arrival
2025-05-28 11:55:00,زاگرس,IZG3041,نجف,طبق برنامه,,,,A319,فرودگاه مشهد,International Arrival
2025-05-28 12:15:00,سپهران,SHI7301,نجف,طبق برنامه,,,,B737,فرودگاه مشهد,International Arrival
2025-05-28 12:45:00,معراج,MRJ4800,نجف,طبق برنامه,,,,A320,فرودگاه مشهد,International Arrival
2025-05-28 13:10:00,آوا,AXV9205,نجف,طبق برنامه,,,,B737,فرودگاه مشهد,International Arrival
2025-05-28 13:45:00,ایران ایر,IRA602,کویت,طبق برنامه,,,,A319,فرودگاه مشهد,International Arrival
2025-05-28 13:45:00,العربیه,ABY205,شارجه,طبق برنامه,,,,A321,فرودگاه مشهد,International Arrival
2025-05-28 13:55:00,جزیره,JZR151,کویت,طبق برنامه,,,,A320,فرودگاه مشهد,International Arrival
2025-05-28 16:00:00,هواپیمایی پارس,PRS5491,نجف,طبق برنامه,,,,B737,فرودگاه مشهد,International Arrival
2025-05-28 17:30:00,آوا,AXV9221,بغداد,طبق برنامه,,,,B737,فرودگاه مشهد,International Arrival
2025-05-28 18:20:00,سپهران,SHI7357,دبی,طبق برنامه,,,,B737,فرودگاه مشهد,International Arrival
2025-05-28 18:35:00,فلای دبی,FDB251,دبی,طبق برنامه,,,,737-800,فرودگاه مشهد,International Arrival
2025-05-28 21:00:00,آوا,AXV9213,نجف,طبق برنامه,,,,A310,فرودگاه مشهد,International Arrival
2025-05-28 22:55:00,ایران ایر,IRA688,دمام,طبق برنامه,,,,A319,فرودگاه مشهد,International Arrival
2025-05-28 09:30:00,کارون,KRU2592,سیری,نشست11:17 | پایان دریافت بار,,2025-05-28 11:15:00,,100,فرودگاه شيراز,Domestic Arrival
2025-05-28 11:30:00,ایران ایر,IRA237b,بندرلنگه,نشست11:47 | پایان دریافت بار,,2025-05-28 11:47:00,,100,فرودگاه شيراز,Domestic Arrival
2025-05-28 15:00:00,کاسپین,CPN6949,عسلویه,نشست14:51 | پایان دریافت بار,,2025-05-28 14:55:00,,MD82,فرودگاه شيراز,Domestic Arrival
2025-05-28 16:35:00,آسمان,IRC3771,تهران,نشست16:54 | پایان دریافت بار,,2025-05-28 17:10:00,,100,فرودگاه شيراز,Domestic Arrival
2025-05-28 18:15:00,کارون,KRU2628,تهران,نشست18:07 | پایان دریافت بار,,2025-05-28 18:07:00,,737,فرودگاه شيراز,Domestic Arrival
2025-05-28 20:40:00,آتا,TBZ5705,مشهد,نشست21:00 | پایان دریافت بار,,2025-05-28 21:10:00,,MD83,فرودگاه شيراز,Domestic Arrival
2025-05-28 21:00:00,ایران ایرتور,IRB910,تبریز,نشست20:52 | پایان دریافت بار,,2025-05-28 21:10:00,,MD82,فرودگاه شيراز,Domestic Arrival
2025-05-28 21:15:00,پارس,PRS4404,تهران,نشست21:38 | پایان دریافت بار,,2025-05-28 21:40:00,,737,فرودگاه شيراز,Domestic Arrival
2025-05-28 21:20:00,آسمان,IRC3777,تهران,نشست21:59 | پایان دریافت بار,,2025-05-28 22:05:00,,100,فرودگاه شيراز,Domestic Arrival
2025-05-28 21:30:00,ساها,IRZ156,تهران,نشست21:30 | پایان دریافت بار,,2025-05-28 21:30:00,,737,فرودگاه شيراز,Domestic Arrival
2025-05-28 21:45:00,کیش ایر,KIS7060,كيش,نشست22:02 | پایان دریافت بار,,2025-05-28 22:15:00,,MD83,فرودگاه شيراز,Domestic Arrival
2025-05-28 22:15:00,زاگرس,IZG4110,مشهد,نشست22:24 | دریافت بار,,2025-05-28 22:35:00,,MD82,فرودگاه شيراز,Domestic Arrival
2025-05-28 22:30:00,کیش ایر,KIS7151,تهران,باطل شد,,,,MD83,فرودگاه شيراز,Domestic Arrival
2025-05-28 23:59:00,فلای پرشیا,FPI7405,تهران,طبق برنامه,,,,737,فرودگاه شيراز,Domestic Arrival
2025-05-29 00:30:00,پارس,PRS4406,تهران,باطل شد,,,,CRJ200,فرودگاه شيراز,Domestic Arrival
2025-05-29 01:00:00,آسمان,IRC3793,بندرعباس,طبق برنامه,,,,,فرودگاه شيراز,Domestic Arrival
2025-05-29 02:00:00,پارس,PRS4460,تهران,طبق برنامه,,,,737,فرودگاه شيراز,Domestic Arrival
2025-05-29 02:00:00,کیش ایر,KIS7151,تهران,طبق برنامه,,,,MD83,فرودگاه شيراز,Domestic Arrival
2025-05-29 06:15:00,چابهار,IRU7646,تهران,طبق برنامه,,,,MD83,فرودگاه شيراز,Domestic Arrival
2025-05-29 06:30:00,ماهان,IRM4562,کرمان,طبق برنامه,,,,146-300,فرودگاه شيراز,Domestic Arrival
2025-06-01 01:15:00,چابهار,IRU7615,چابهار,نشست | پایان دریافت بار,3,,EPCBD,MD82,فرودگاه مهرآباد,Domestic Arrival
2025-06-01 01:30:00,کاسپین,CPN6961,بندرعباس,نشست | پایان دریافت بار,5,,EPCAS,MD83,فرودگاه مهرآباد,Domestic Arrival
2025-05-28 20:00:00,سلام ایر,OMS555,مسقط,نشست19:44 | پایان دریافت بار,,2025-05-28 19:45:00,,737,فرودگاه شيراز,International Arrival
2025-05-29 00:55:00,ترکیش,THY884,استانبول,طبق برنامه,,,,A321,فرودگاه شيراز,International Arrival
2025-06-01 01:40:00,چابهار,IRU7643,اهواز,نشست | پایان دریافت بار,3,,EPSEB,MD83,فرودگاه مهرآباد,Domestic Arrival
2025-06-01 01:40:00,ایران ایر,IRA459,بندرعباس,نشست | پایان دریافت بار,3,,EPCFR,F100,فرودگاه مهرآباد,Domestic Arrival
2025-05-28 10:30:00,ایران ایرتور,IRB911,شیراز,نشست12:05 | پایان دریافت بار,,2025-05-28 12:00:00,,MD83,فرودگاه تبريز,Domestic Arrival
2025-05-28 11:35:00,آسمان,IRC3812,شیراز,باطل شد,,,,100,فرودگاه تبريز,Domestic Arrival
2025-05-28 11:45:00,ایران ایرتور,IRB907,بندرعباس,نشست12:10,,2025-05-28 12:00:00,,MDC-DC-9-82,فرودگاه تبريز,Domestic Arrival
2025-05-28 12:15:00,معراج,MRJ2883,عسلویه,نشست12:15,,2025-05-28 12:15:00,,A320,فرودگاه تبريز,Domestic Arrival
2025-05-28 14:00:00,آتا,TBZ5604,تهران,نشست14:30 | پایان دریافت بار,,2025-05-28 14:25:00,,MD83,فرودگاه تبريز,Domestic Arrival
2025-05-28 15:00:00,آتا,TBZ5616,مشهد,نشست15:55 | پایان دریافت بار,,2025-05-28 15:55:00,,MD83,فرودگاه تبريز,Domestic Arrival
2025-05-28 16:45:00,قشم,QSM1273,تهران,نشست16:50 | پایان دریافت بار,,2025-05-28 16:40:00,,100,فرودگاه تبريز,Domestic Arrival
2025-05-28 17:00:00,ایران ایرتور,IRB946,تهران,نشست17:25 | پایان دریافت بار,,2025-05-28 17:10:00,,MD80,فرودگاه تبريز,Domestic Arrival
2025-05-28 18:00:00,ایران ایرتور,IRB950,مشهد,نشست18:10 | پایان دریافت بار,,2025-05-28 18:10:00,,MDC-DC-9-82,فرودگاه تبريز,Domestic Arrival
2025-05-28 18:00:00,آتا,TBZ5668,تهران,نشست18:35 | پایان دریافت بار,,2025-05-28 18:30:00,,MD83,فرودگاه تبريز,Domestic Arrival
2025-05-28 19:00:00,آتا,TBZ5646,تهران,نشست20:05 | پایان دریافت بار,,2025-05-28 20:15:00,,MD83,فرودگاه تبريز,Domestic Arrival
2025-05-28 22:35:00,قشم,QSM1275,مشهد,نشست22:25 | دریافت بار,,2025-05-28 22:30:00,,f100,فرودگاه تبريز,Domestic Arrival
2025-05-28 23:00:00,آتا,TBZ5606,تهران,تاخیردارد00:15,,2025-05-29 00:15:00,,MD80,فرودگاه تبريز,Domestic Arrival
2025-05-29 00:30:00,آتا,TBZ5640,تهران,تاخیردارد01:00,,2025-05-29 01:00:00,,MD83,فرودگاه تبريز,Domestic Arrival
2025-05-29 07:00:00,آتا,TBZ5610,تهران,باطل شد,,,,MD83,فرودگاه تبريز,Domestic Arrival
2025-05-29 08:30:00,کارون,KRU2657,اهواز,طبق برنامه,,,,737,فرودگاه تبريز,Domestic Arrival
2025-05-29 09:00:00,آتا,TBZ5602,تهران,طبق برنامه,,,,MD83,فرودگاه تبريز,Domestic Arrival
2025-05-29 09:15:00,معراج,MRJ2825,تهران,طبق برنامه,,,,A319,فرودگاه تبريز,Domestic Arrival
2025-05-29 09:30:00,زاگرس,IZG4102,مشهد,طبق برنامه,,,,MD82,فرودگاه تبريز,Domestic Arrival
2025-06-01 01:45:00,زاگرس,IZG4051,بندرعباس,نشست | پایان دریافت بار,2,,EPZAG,MD82,فرودگاه مهرآباد,Domestic Arrival
2025-05-29 13:30:00,ایران ایرتور,IRB900,مشهد,طبق برنامه,,,,MDC-DC-9-82,فرودگاه تبريز,Domestic Arrival
2025-06-01 01:50:00,ایران ایر,IRA261,مشهد,نشست | پایان دریافت بار,6,,EPIEQ,A319,فرودگاه مهرآباد,Domestic Arrival
2025-05-28 13:00:00,آتا,TBZ6602,استانبول,نشست12:40 | پایان دریافت بار,,2025-05-28 12:45:00,,MD83,فرودگاه تبريز,International Arrival
2025-05-29 02:50:00,پگاسوس,PGT508,استانبول,باطل شد,,,,A320,فرودگاه تبريز,International Arrival
2025-05-29 06:20:00,ترکیش,TK882,استانبول,طبق برنامه,,,,A320,فرودگاه تبريز,International Arrival
2025-06-01 02:00:00,کیش ایر,KIS7150,شیراز,نشست | پایان دریافت بار,1,,EPLCK,MD82,فرودگاه مهرآباد,Domestic Arrival
2025-06-01 02:00:00,پارس ایر,PRS4495,آبادان,نشست | پایان دریافت بار,3,,EPPAM,737,فرودگاه مهرآباد,Domestic Arrival
2025-05-28 08:00:00,زاگرس,IZG4140,مشهد,نشست12:35 | پایان دریافت بار,,2025-05-28 12:40:00,,MD83,فرودگاه اصفهان,Domestic Arrival
2025-05-28 11:05:00,قشم,QSM1235,خارگ,نشست11:35 | پایان دریافت بار,,2025-05-28 11:45:00,,CRJ200,فرودگاه اصفهان,Domestic Arrival
2025-05-28 12:25:00,ایران ایر,IRA3383,بندرعباس,نشست12:45 | پایان دریافت بار,,2025-05-28 12:25:00,,ATR,فرودگاه اصفهان,Domestic Arrival
2025-05-28 12:30:00,ماهان,IRM04561,تبریز,نشست12:30 | پایان دریافت بار,,2025-05-28 12:30:00,,BAE146,فرودگاه اصفهان,Domestic Arrival
2025-05-28 12:45:00,وارش,VRH5854,مشهد,نشست13:10 | پایان دریافت بار,,2025-05-28 13:10:00,,B737-400,فرودگاه اصفهان,Domestic Arrival
2025-05-28 15:15:00,کیش ایر,KIS7139,بندرعباس,نشست14:50 | پایان دریافت بار,,2025-05-28 14:50:00,,MD83,فرودگاه اصفهان,Domestic Arrival
2025-05-28 15:45:00,وارش,VRH5828,مشهد,نشست15:45 | پایان دریافت بار,,2025-05-28 15:45:00,,B727,فرودگاه اصفهان,Domestic Arrival
2025-05-28 16:45:00,کارون,KRU2563,عسلویه,نشست17:05 | پایان دریافت بار,,2025-05-28 17:05:00,,737,فرودگاه اصفهان,Domestic Arrival
2025-05-28 17:30:00,آتا,TBZ5750,مشهد,نشست17:20 | پایان دریافت بار,,2025-05-28 17:30:00,,MD83,فرودگاه اصفهان,Domestic Arrival
2025-05-28 18:15:00,قشم,QSM1309,قشم,نشست18:35 | پایان دریافت بار,,2025-05-28 18:30:00,,CRJ200,فرودگاه اصفهان,Domestic Arrival
2025-05-28 20:00:00,اطلس ایر,ATS8277,مشهد,نشست21:00 | پایان دریافت بار,,2025-05-28 20:55:00,,,فرودگاه اصفهان,Domestic Arrival
2025-05-28 20:00:00,کارون,KRU2544,ماهشهر,نشست20:05 | پایان دریافت بار,,2025-05-28 20:10:00,,,فرودگاه اصفهان,Domestic Arrival
2025-05-28 21:00:00,آسمان,IRC3758,آبادان,تاخیردارد00:45,,2025-05-29 00:45:00,,100,فرودگاه اصفهان,Domestic Arrival
2025-05-28 22:00:00,یزد ایر,DZD9439,تهران,نشست22:05 | پایان دریافت بار,,2025-05-28 22:10:00,,RJ100,فرودگاه اصفهان,Domestic Arrival
2025-06-01 02:10:00,آسمان,IRC825,شیراز,نشست | پایان دریافت بار,5,,EPATE,F100,فرودگاه مهرآباد,Domestic Arrival
2025-06-01 03:00:00,کیش ایر,KIS7068,مشهد,نشست | پایان دریافت بار,1,,EPLCO,MD83,فرودگاه مهرآباد,Domestic Arrival
2025-06-01 05:00:00,طوس ایر,IRT8164,سراوان,نشست,,,EPTOF,ARGOSY,فرودگاه مهرآباد,Domestic Arrival
2025-06-01 06:55:00,ماهان,IRM1050,کرمان,نشست | پایان دریافت بار,5,,EPMEI,RJ85,فرودگاه مهرآباد,Domestic Arrival
2025-05-28 16:45:00,عراقی,IAW171,نجف,نشست16:45 | پایان دریافت بار,,2025-05-28 16:50:00,,B737-400,فرودگاه اصفهان,International Arrival
2025-06-01 07:00:00,آتا,TBZ5601,تبریز,نشست | پایان دریافت بار,4,,EPTAL,MD83,فرودگاه مهرآباد,Domestic Arrival
2025-05-28 11:55:00,کارون,KRU2604,تهران,نشست12:55 | پایان دریافت بار,,2025-05-28 12:55:00,,,فرودگاه اهواز,Domestic Arrival
2025-05-28 16:30:00,آتا,TBZ5627,تهران,نشست17:13 | پایان دریافت بار,,2025-05-28 17:00:00,,,فرودگاه اهواز,Domestic Arrival
2025-05-28 18:00:00,زاگرس,IZG4020,تهران,نشست18:14 | پایان دریافت بار,,2025-05-28 18:14:00,,,فرودگاه اهواز,Domestic Arrival
2025-05-28 18:30:00,زاگرس,IZG4120,مشهد,نشست19:05 | پایان دریافت بار,,2025-05-28 19:05:00,,,فرودگاه اهواز,Domestic Arrival
2025-05-28 19:00:00,سپهران,CPN4338,مشهد,نشست19:01 | پایان دریافت بار,,2025-05-28 19:01:00,,,فرودگاه اهواز,Domestic Arrival
2025-05-28 20:30:00,آتا,TBZ5635,تهران,نشست21:21 | پایان دریافت بار,,2025-05-28 21:25:00,,,فرودگاه اهواز,Domestic Arrival
2025-05-28 20:50:00,کارون,KRU2574,عسلویه,نشست21:05 | پایان دریافت بار,,2025-05-28 21:05:00,,,فرودگاه اهواز,Domestic Arrival
2025-05-28 22:55:00,تابان,TBN6215,مشهد,نشست22:58 | پایان دریافت بار,,2025-05-28 22:58:00,,,فرودگاه اهواز,Domestic Arrival
2025-05-28 23:05:00,ایران ایر,IRA335,مشهد,طبق برنامه,,,,,فرودگاه اهواز,Domestic Arrival
2025-05-28 23:30:00,چابهار ایر,IRU7642,تهران,تاخیردارد00:35,,2025-05-29 00:35:00,,,فرودگاه اهواز,Domestic Arrival
2025-05-29 05:30:00,زاگرس,IZG4022,تهران,طبق برنامه,,,,,فرودگاه اهواز,Domestic Arrival
2025-05-29 06:30:00,وارش,VRH5852,تهران,طبق برنامه,,,,,فرودگاه اهواز,Domestic Arrival
2025-05-29 06:40:00,فلای پرشیا,FPI7426,تهران,طبق برنامه,,,,,فرودگاه اهواز,Domestic Arrival
2025-05-29 08:00:00,آتا,TBZ5625,تهران,طبق برنامه,,,,,فرودگاه اهواز,Domestic Arrival
2025-05-29 08:35:00,ماهان,IRM4562,شیراز,طبق برنامه,,,,146-100,فرودگاه اهواز,Domestic Arrival
2025-06-01 07:05:00,ماهان,IRM1070,زاهدان,نشست | پایان دریافت بار,3,,EPMOC,146-200,فرودگاه مهرآباد,Domestic Arrival
2025-05-28 14:30:00,ایران ایر,IRA649,دبی,نشست14:30,,2025-05-28 14:30:00,,,فرودگاه اهواز,International Arrival
2025-05-28 13:50:00,یزد ایر,DZD9449,تهران,نشست14:25 | پایان دریافت بار,,2025-05-28 14:30:00,,,فرودگاه بوشهر,Domestic Arrival
2025-05-28 22:00:00,ساها,IRZ172,تهران,نشست22:00 | پایان دریافت بار,,2025-05-28 22:05:00,,,فرودگاه بوشهر,Domestic Arrival
2025-05-28 22:15:00,وارش,VRH5872,تهران,زمان تقریبی نشستن,,2025-05-29 00:05:00,,,فرودگاه بوشهر,Domestic Arrival
2025-05-28 22:40:00,کاسپین,CPN6900,تهران,زمان تقریبی نشستن,,2025-05-28 23:50:00,,,فرودگاه بوشهر,Domestic Arrival
2025-06-01 07:15:00,یزد ایر,DZD9440,یزد,نشست | پایان دریافت بار,7,,EPMOH,rj100,فرودگاه مهرآباد,Domestic Arrival
2025-05-29 10:30:00,ایران ایر,IRA407,تهران,طبق برنامه,,,,,فرودگاه بوشهر,Domestic Arrival
2025-05-29 08:00:00,فلای دبی,FDB281,دبی,طبق برنامه,,,,,فرودگاه بوشهر,International Arrival
2025-05-28 11:35:00,ماهان,IRM1095,تهران,نشست11:08 | پایان دریافت بار,,2025-05-28 11:15:00,,747-400,فرودگاه بندرعباس,Domestic Arrival
2025-05-28 12:45:00,کیش ایر,KIS7138,اصفهان,نشست12:21 | پایان دریافت بار,,2025-05-28 12:20:00,,MD.88,فرودگاه بندرعباس,Domestic Arrival
2025-05-28 14:00:00,کیش ایر,KIS7107,مشهد,نشست14:28 | پایان دریافت بار,,2025-05-28 14:25:00,,A321,فرودگاه بندرعباس,Domestic Arrival
2025-05-28 17:50:00,پويا,PYA2348,تهران,نشست17:44 | پایان دریافت بار,,2025-05-28 17:50:00,,EMB145,فرودگاه بندرعباس,Domestic Arrival
2025-05-28 18:45:00,قشم,QSM1220,تهران,نشست18:58 | پایان دریافت بار,,2025-05-28 18:55:00,,CRJ200,فرودگاه بندرعباس,Domestic Arrival
2025-05-28 20:00:00,ایران ایرتور,IRB906,تبریز,نشست20:24 | پایان دریافت بار,,2025-05-28 20:20:00,,MD83,فرودگاه بندرعباس,Domestic Arrival
2025-05-28 20:45:00,وارش,VRH5814,تهران,نشست21:16 | پایان دریافت بار,,2025-05-28 21:15:00,,737-500,فرودگاه بندرعباس,Domestic Arrival
2025-05-28 22:45:00,زاگرس,IZG4050,تهران,نشست23:13 | دریافت بار,,2025-05-28 23:15:00,,,فرودگاه بندرعباس,Domestic Arrival
2025-05-28 23:15:00,آسمان,IRC3792,شیراز,تاخیردارد23:45,,2025-05-28 23:45:00,,100,فرودگاه بندرعباس,Domestic Arrival
2025-05-29 05:45:00,پارس,PRS4486,شیراز,باطل شد,,,,CRJ200,فرودگاه بندرعباس,Domestic Arrival
2025-05-29 09:45:00,کیش ایر,KIS7062,كيش,طبق برنامه,,,,MD80,فرودگاه بندرعباس,Domestic Arrival
2025-05-29 10:50:00,قشم,QSM1284,کرمانشاه,طبق برنامه,,,,,فرودگاه بندرعباس,Domestic Arrival
2025-05-29 11:50:00,آتا,TBZ5681,تهران,طبق برنامه,,,,,فرودگاه بندرعباس,Domestic Arrival
2025-06-01 07:20:00,آتا,TBZ5720,مشهد,نشست | پایان دریافت بار,2,,EPTAQ,MD83,فرودگاه مهرآباد,Domestic Arrival
2025-06-01 07:30:00,زاگرس,IZG4023,اهواز,نشست | پایان دریافت بار,1,,EPZAQ,MD83,فرودگاه مهرآباد,Domestic Arrival
2025-06-01 07:50:00,آتا,TBZ5620,مشهد,نشست | پایان دریافت بار,5,,EPTAM,MD83,فرودگاه مهرآباد,Domestic Arrival
2025-05-28 17:30:00,فلای دبی,FDB243,دبی,نشست17:15 | پایان دریافت بار,,2025-05-28 17:15:00,,737,فرودگاه بندرعباس,International Arrival
2025-05-28 18:55:00,قشم,QSM2221,دبی,باطل شد,,,,,فرودگاه بندرعباس,International Arrival
2025-05-29 11:55:00,ایران ایر,IRA1551,جده,طبق برنامه,,,,A300-600,فرودگاه بندرعباس,International Arrival
2025-05-28 14:30:00,ماهان,IRM4561,تبریز,نشست14:39 | پایان دریافت بار,,2025-05-28 14:39:00,,BAE146,فرودگاه کرمان,Domestic Arrival
2025-05-28 17:00:00,آتا,TBZ5664,تهران,نشست19:17 | پایان دریافت بار,,2025-05-28 19:20:00,,MD83,فرودگاه کرمان,Domestic Arrival
2025-05-28 18:10:00,ماهان,IRM1067,تهران,نشست18:01 | پایان دریافت بار,,2025-05-28 18:01:00,,BAE146,فرودگاه کرمان,Domestic Arrival
2025-06-01 08:00:00,آتا,TBZ5626,اهواز,نشست | پایان دریافت بار,1,,EPTAH,737,فرودگاه مهرآباد,Domestic Arrival
2025-05-28 13:15:00,یزد ایر,DZD9441,تهران,نشست13:10 | پایان دریافت بار,,2025-05-28 13:10:00,,146-100,فرودگاه يزد,Domestic Arrival
2025-05-28 19:20:00,رایمون,RAI7526,تهران,نشست19:25 | پایان دریافت بار,,2025-05-28 19:25:00,,EMB145,فرودگاه يزد,Domestic Arrival
2025-05-28 20:15:00,آسا جت,SJT8624,تهران,نشست20:10,,2025-05-28 20:10:00,,EMB145,فرودگاه يزد,Domestic Arrival
2025-05-28 21:30:00,آتا,TBZ5670,تهران,نشست21:25 | پایان دریافت بار,,2025-05-28 21:25:00,,MD83,فرودگاه يزد,Domestic Arrival
2025-05-28 23:40:00,یزد ایر,DZD9443,تهران,اعلام ورود,,2025-05-28 23:45:00,,146-100,فرودگاه يزد,Domestic Arrival
2025-05-29 06:10:00,کیش ایر,KIS7085,تهران,طبق برنامه,,,,MD83,فرودگاه يزد,Domestic Arrival
2025-05-29 07:20:00,آتا,TBZ5709,مشهد,طبق برنامه,,,,MD83,فرودگاه يزد,Domestic Arrival
2025-05-29 07:30:00,آتا,TBZ5672,تهران,باطل شد,,,,MD83,فرودگاه يزد,Domestic Arrival
2025-05-28 16:45:00,کاسپین,CPN036,تهران,نشست16:50 | پایان دریافت بار,,2025-05-28 16:50:00,,,فرودگاه اروميه,Domestic Arrival
2025-05-28 17:20:00,ایران ایر,IRA277,تهران,نشست17:35 | پایان دریافت بار,,2025-05-28 17:35:00,,,فرودگاه اروميه,Domestic Arrival
2025-05-28 18:00:00,ایران ایرتور,IRB980,تهران,نشست18:15 | پایان دریافت بار,,2025-05-28 18:15:00,,,فرودگاه اروميه,Domestic Arrival
2025-05-28 22:40:00,آتا,TBZ5679,تهران,نشست22:45 | پایان دریافت بار,,2025-05-28 22:40:00,,,فرودگاه اروميه,Domestic Arrival
2025-05-29 07:10:00,آتا,TBZ5677,تهران,طبق برنامه,,,,,فرودگاه اروميه,Domestic Arrival
2025-06-01 08:00:00,تابان,TBN6257,مشهد,نشست | پایان دریافت بار,6,,EPSMA,MD.88,فرودگاه مهرآباد,Domestic Arrival
2025-06-01 08:10:00,ساها,IRZ159,شیراز,نشست | پایان دریافت بار,1,,EPSII,737-700,فرودگاه مهرآباد,Domestic Arrival
2025-05-28 12:45:00,ایران ایر,IRA1655,جده,نشست12:25,,2025-05-28 12:25:00,,,فرودگاه اروميه,International Arrival
2025-05-28 16:30:00,کاسپین,CPN7979,استانبول,نشست17:05 | پایان دریافت بار,,2025-05-28 17:05:00,,,فرودگاه اروميه,International Arrival
2025-05-29 01:45:00,ایران ایر,IRA1657,جده,طبق برنامه,,,,,فرودگاه اروميه,International Arrival
2025-06-01 08:25:00,رایمون,RAI7511,رشت,نشست | پایان دریافت بار,2,,EPNEA,EMB145,فرودگاه مهرآباد,Domestic Arrival
2025-05-28 14:20:00,ماهان,IRM1010,تهران,نشست14:07 | پایان دریافت بار,,2025-05-28 14:07:00,,,فرودگاه کرمانشاه,Domestic Arrival
2025-05-28 19:05:00,چابهار ایر,IRU7636,تهران,نشست19:40 | پایان دریافت بار,,2025-05-28 19:40:00,,,فرودگاه کرمانشاه,Domestic Arrival
2025-05-29 06:10:00,ایران ایر,IRA285,تهران,طبق برنامه,,,,,فرودگاه کرمانشاه,Domestic Arrival
2025-05-29 07:50:00,قشم,QSM1291,تهران,طبق برنامه,,,,,فرودگاه کرمانشاه,Domestic Arrival
2025-05-29 08:00:00,سپهران,SHI4358,مشهد,طبق برنامه,,,,,فرودگاه کرمانشاه,Domestic Arrival
2025-05-29 08:15:00,ماهان,IRM1010,تهران,طبق برنامه,,,,,فرودگاه کرمانشاه,Domestic Arrival
2025-06-01 08:25:00,قشم ایر,QSM1292,سنندج,نشست | پایان دریافت بار,3,,EPFQI,FOKER100,فرودگاه مهرآباد,Domestic Arrival
2025-05-28 10:45:00,وارش,VRH5906,عسلویه,نشست11:21 | پایان دریافت بار,,2025-05-28 11:25:00,,,فرودگاه رشت,Domestic Arrival
2025-05-28 13:45:00,سپهران,SHI4326,مشهد,نشست14:02 | پایان دریافت بار,,2025-05-28 14:10:00,,,فرودگاه رشت,Domestic Arrival
2025-05-28 14:00:00,ایران ایرتور,IRB904,مشهد,نشست16:34 | پایان دریافت بار,,2025-05-28 16:30:00,,,فرودگاه رشت,Domestic Arrival
2025-05-28 16:45:00,آساجت,SJT8634,تهران,نشست17:00 | پایان دریافت بار,,2025-05-28 17:00:00,,,فرودگاه رشت,Domestic Arrival
2025-05-28 17:30:00,تابان,TBN6313,مشهد,باطل شد,,,,,فرودگاه رشت,Domestic Arrival
2025-05-28 21:50:00,ایران ایر,IRA3331,تهران,نشست22:53 | دریافت بار,,2025-05-28 22:50:00,,,فرودگاه رشت,Domestic Arrival
2025-05-28 23:20:00,رایمون,RAI7510,تهران,نشست22:58,,2025-05-28 23:10:00,,,فرودگاه رشت,Domestic Arrival
2025-05-29 08:15:00,پويا,PYA2323,تهران,طبق برنامه,,,,,فرودگاه رشت,Domestic Arrival
2025-05-29 09:40:00,آسمان,IRC3796,مشهد,طبق برنامه,,,,,فرودگاه رشت,Domestic Arrival
2025-06-01 08:30:00,وارش,VRH5853,اهواز,نشست | پایان دریافت بار,3,,EPVBM,B737,فرودگاه مهرآباد,Domestic Arrival
2025-06-01 08:30:00,پويا,PYA2315,یزد,نشست | پایان دریافت بار,4,,EPPUR,EMB145,فرودگاه مهرآباد,Domestic Arrival
2025-06-01 08:40:00,چابهار,IRU7647,شیراز,نشست | پایان دریافت بار,2,,EPSEB,MD83,فرودگاه مهرآباد,Domestic Arrival
2025-06-01 09:00:00,آتا,TBZ5678,ارومیه,نشست | پایان دریافت بار,5,,EPTAJ,MD82,فرودگاه مهرآباد,Domestic Arrival
2025-06-01 09:05:00,آتا,TBZ5609,تبریز,نشست | پایان دریافت بار,4,,EPTAZ,MDC-DC-7,فرودگاه مهرآباد,Domestic Arrival
2025-06-01 09:35:00,وارش,VRH5925,گناباد,نشست | پایان دریافت بار,3,,EPVAR,737-700,فرودگاه مهرآباد,Domestic Arrival
2025-05-28 12:00:00,ماهان,IRM4558,چابهار,نشست11:45 | پایان دریافت بار,,2025-05-28 11:45:00,,RJ85,فرودگاه زاهدان,Domestic Arrival
2025-05-28 19:00:00,قشم,QSM1297,گرگان,نشست18:45,,2025-05-28 18:50:00,,f100,فرودگاه زاهدان,Domestic Arrival
2025-05-28 20:30:00,ایران ایرتور,IRB974,تهران,تاخیردارد23:30,,2025-05-28 23:30:00,,MD82,فرودگاه زاهدان,Domestic Arrival
2025-05-28 21:45:00,ماهان,IRM4541,تهران,نشست21:30 | پایان دریافت بار,,2025-05-28 21:40:00,,RJ85,فرودگاه زاهدان,Domestic Arrival
2025-05-29 09:10:00,ماهان,IRM4589,تهران,طبق برنامه,,,,RJ100,فرودگاه زاهدان,Domestic Arrival
2025-05-29 09:20:00,قشم,QSM1270,تهران,طبق برنامه,,,,100,فرودگاه زاهدان,Domestic Arrival
2025-06-01 09:40:00,آتا,TBZ5644,سیرجان,نشست | پایان دریافت بار,3,,EPTAE,737,فرودگاه مهرآباد,Domestic Arrival
2025-05-29 09:15:00,ماهان,IRM4536,تهران,طبق برنامه,,,,RJ100,فرودگاه اردبيل,Domestic Arrival
2025-05-29 10:40:00,آسمان,IRC3710,تهران,باطل شد,,,,100,فرودگاه اردبيل,Domestic Arrival
2025-05-29 06:30:00,ایران ایرتور,IRB930,تهران,طبق برنامه,,,,MD82,فرودگاه بيرجند,Domestic Arrival
2025-05-28 19:10:00,ماهان,IRM4542,تهران,نشست18:40 | پایان دریافت بار,,2025-05-28 18:40:00,,,فرودگاه شهرکرد,Domestic Arrival
2025-05-28 17:40:00,کاسپین,CPN6982,تهران,نشست18:30,,2025-05-28 18:30:00,,MD83,فرودگاه لارستان,Domestic Arrival
2025-05-28 13:35:00,العربیه,ABY217,شارجه,نشست13:35 | پایان دریافت بار,,2025-05-28 13:35:00,,A321,فرودگاه لارستان,International Arrival
2025-05-29 09:35:00,العربیه,ABY217,شارجه,طبق برنامه,,,,A321,فرودگاه لارستان,International Arrival
2025-05-29 10:55:00,فلای دبی,FDB267,دبی,طبق برنامه,,,,737,فرودگاه لارستان,International Arrival
2025-05-28 15:15:00,ماهان,IRM1006,تهران,نشست15:30 | پایان دریافت بار,,2025-05-28 15:30:00,,,فرودگاه خرم آباد,Domestic Arrival
2025-05-29 11:05:00,ماهان,IRM1090,مشهد,طبق برنامه,,,,146-100,فرودگاه زنجان,Domestic Arrival
2025-05-28 13:05:00,ماهان,IRM1041,مشهد,نشست13:08 | پایان دریافت بار,,2025-05-28 13:08:00,,,فرودگاه زابل,Domestic Arrival
2025-05-29 21:30:00,زاگرس,IZG4121,اهواز,نشست | پایان دریافت بار,7,2025-05-29 21:15:00,,MD82,فرودگاه مشهد,Domestic Arrival
2025-05-29 22:05:00,سپهران,SHI4357,تبریز,نشست | پایان دریافت بار,4,2025-05-29 21:55:00,,B737,فرودگاه مشهد,Domestic Arrival
2025-05-29 22:30:00,آتا,TBZ5652,اصفهان,نشست | پایان دریافت بار,2,2025-05-29 22:45:00,,MD80,فرودگاه مشهد,Domestic Arrival
2025-05-29 22:30:00,ایران ایرتور,IRB909,کرمانشاه,اعلام ورود,,2025-05-30 00:10:00,,MD82,فرودگاه مشهد,Domestic Arrival
2025-05-29 22:40:00,کاسپین,CPN6941,خرم‌آباد,نشست | پایان دریافت بار,3,2025-05-29 22:30:00,,MD82,فرودگاه مشهد,Domestic Arrival
2025-05-29 22:45:00,هواپیمایی اطلس,ATS8280,شیراز,نشست | دریافت بار از نقاله,5,2025-05-29 23:25:00,,B737,فرودگاه مشهد,Domestic Arrival
2025-05-29 22:50:00,سپهران,SHI4339,اهواز,نشست | پایان دریافت بار,3,2025-05-29 23:05:00,,B737,فرودگاه مشهد,Domestic Arrival
2025-05-29 23:00:00,هواپیمایی پارس,PRS4457,آبادان,اعلام ورود,,2025-05-30 00:35:00,,B737,فرودگاه مشهد,Domestic Arrival
2025-05-29 23:30:00,کیش ایر,KIS7069,تهران,اعلام ورود,,2025-05-30 00:50:00,,MD82,فرودگاه مشهد,Domestic Arrival
2025-05-29 23:30:00,آوا,AXV7711,آبادان,نشست,3,2025-05-29 23:45:00,,B737,فرودگاه مشهد,Domestic Arrival
2025-05-30 01:30:00,ایران ایرتور,IRB977,آبادان,طبق برنامه,,,,MD82,فرودگاه مشهد,Domestic Arrival
2025-05-30 02:10:00,آتا,TBZ5648,آبادان,طبق برنامه,,,,MD80,فرودگاه مشهد,Domestic Arrival
2025-05-30 04:00:00,تابان,TBN6218,آبادان,طبق برنامه,,,,MD.88,فرودگاه مشهد,Domestic Arrival
2025-05-30 05:00:00,سپهران,SHI4347,آبادان,طبق برنامه,,,,B737,فرودگاه مشهد,Domestic Arrival
2025-05-30 06:25:00,ساها,IRZ170,تهران,طبق برنامه,,,,B737,فرودگاه مشهد,Domestic Arrival
2025-05-30 06:30:00,ایران ایرتور,IRB960,تهران,طبق برنامه,,,,MD82,فرودگاه مشهد,Domestic Arrival
2025-05-30 06:35:00,چابهار,IRU7610,تهران,طبق برنامه,,,,MD82,فرودگاه مشهد,Domestic Arrival
2025-05-30 07:00:00,وارش,VRH5805,ساری,طبق برنامه,,,,B737,فرودگاه مشهد,Domestic Arrival
2025-05-30 07:00:00,کیش ایر,KIS7197,تهران,طبق برنامه,,,,MDC-DC-3,فرودگاه مشهد,Domestic Arrival
2025-05-30 07:00:00,آتا,TBZ5617,تهران,طبق برنامه,,,,MD80,فرودگاه مشهد,Domestic Arrival
2025-05-30 07:30:00,وارش,VRH5818,تهران,طبق برنامه,,,,B737,فرودگاه مشهد,Domestic Arrival
2025-05-30 07:45:00,اروان,INA6750,تهران,طبق برنامه,,,,B737,فرودگاه مشهد,Domestic Arrival
2025-05-30 08:00:00,ماهان,IRM1033,تهران,طبق برنامه,,,,BAE100,فرودگاه مشهد,Domestic Arrival
2025-05-30 08:05:00,آسمان,IRC600,تهران,طبق برنامه,,,,F100,فرودگاه مشهد,Domestic Arrival
2025-05-30 08:15:00,هواپیمایی پارس,PRS4472,شیراز,طبق برنامه,,,,B737,فرودگاه مشهد,Domestic Arrival
2025-05-30 09:00:00,زاگرس,IZG4105,ایلام,طبق برنامه,,,,MD82,فرودگاه مشهد,Domestic Arrival
2025-05-30 09:05:00,تابان,TBN6220,یزد,طبق برنامه,,,,MD.88,فرودگاه مشهد,Domestic Arrival
2025-05-30 10:00:00,فلای پرشیا,FPI7438,تهران,طبق برنامه,,,,B737,فرودگاه مشهد,Domestic Arrival
2025-05-30 10:05:00,کاسپین,CPN6923,زاهدان,طبق برنامه,,,,MD82,فرودگاه مشهد,Domestic Arrival
2025-05-30 10:10:00,هواپیمایی رایمون,RAI7520,رشت,طبق برنامه,,,,EMB145,فرودگاه مشهد,Domestic Arrival
2025-05-30 10:30:00,ایران ایرتور,IRB8005,رشت,طبق برنامه,,,,MDC-DC-3,فرودگاه مشهد,Domestic Arrival
2025-05-30 10:30:00,هواپیمایی پارس,PRS5446,كيش,طبق برنامه,,,,B737,فرودگاه مشهد,Domestic Arrival
2025-05-30 10:35:00,کارون,KRU2589,عسلویه,طبق برنامه,,,,B737,فرودگاه مشهد,Domestic Arrival
2025-05-30 10:40:00,آتا,TBZ5652,اصفهان,طبق برنامه,,,,MD80,فرودگاه مشهد,Domestic Arrival
2025-05-30 10:45:00,سپهران,SHI4359,کرمانشاه,طبق برنامه,,,,B737,فرودگاه مشهد,Domestic Arrival
2025-05-30 11:00:00,چابهار,IRU7640,تهران,طبق برنامه,,,,MD83,فرودگاه مشهد,Domestic Arrival
2025-05-30 11:00:00,ساها,IRZ180,شیراز,طبق برنامه,,,,B737,فرودگاه مشهد,Domestic Arrival
2025-05-30 11:00:00,ایران ایرتور,IRB905,رشت,طبق برنامه,,,,MD82,فرودگاه مشهد,Domestic Arrival
2025-05-30 11:30:00,وارش,VRH5840,تهران,طبق برنامه,,,,B737,فرودگاه مشهد,Domestic Arrival
2025-05-30 11:45:00,کاسپین,CPN6929,قشم,طبق برنامه,,,,MD83,فرودگاه مشهد,Domestic Arrival
2025-05-30 11:50:00,آتا,TBZ5729,تهران,طبق برنامه,,,,MD80,فرودگاه مشهد,Domestic Arrival
2025-05-30 11:50:00,ماهان,IRM4552,سراوان,طبق برنامه,,,,BAE100,فرودگاه مشهد,Domestic Arrival
2025-05-30 12:00:00,وارش,VRH5855,اصفهان,طبق برنامه,,,,B737,فرودگاه مشهد,Domestic Arrival
2025-05-30 12:00:00,آتا,TBZ5615,تبریز,طبق برنامه,,,,MD80,فرودگاه مشهد,Domestic Arrival
2025-05-30 12:00:00,آتا,TBZ5716,رامسر,طبق برنامه,,,,MD80,فرودگاه مشهد,Domestic Arrival
2025-05-30 12:25:00,آسمان,IRC852,زاهدان,طبق برنامه,,,,F100,فرودگاه مشهد,Domestic Arrival
2025-05-30 12:30:00,آتا,TBZ5734,آبادان,طبق برنامه,,,,MD80,فرودگاه مشهد,Domestic Arrival
2025-05-30 13:00:00,زاگرس,IZG4040,تهران,طبق برنامه,,,,MD82,فرودگاه مشهد,Domestic Arrival
2025-05-30 13:00:00,آتا,TBZ5696,اهواز,طبق برنامه,,,,MD80,فرودگاه مشهد,Domestic Arrival
2025-05-30 13:10:00,آوا,AXV7751,كيش,طبق برنامه,,,,B737,فرودگاه مشهد,Domestic Arrival
2025-05-30 13:20:00,آتا,TBZ5619,تهران,طبق برنامه,,,,MD80,فرودگاه مشهد,Domestic Arrival
2025-05-30 13:25:00,اروان,INA6753,آبادان,طبق برنامه,,,,B737,فرودگاه مشهد,Domestic Arrival
2025-05-30 13:55:00,ماهان,IRM1091,زنجان,طبق برنامه,,,,BAE100,فرودگاه مشهد,Domestic Arrival
2025-05-30 14:05:00,ایران ایر,IRA262,تهران,طبق برنامه,,,,A319,فرودگاه مشهد,Domestic Arrival
2025-05-30 14:30:00,تابان,TBN6232,شیراز,طبق برنامه,,,,MD.88,فرودگاه مشهد,Domestic Arrival
2025-05-30 14:30:00,زاگرس,IZG4109,بوشهر,طبق برنامه,,,,MD82,فرودگاه مشهد,Domestic Arrival
2025-05-30 15:20:00,آتا,TBZ5698,تهران,طبق برنامه,,,,MD80,فرودگاه مشهد,Domestic Arrival
2025-05-30 16:00:00,ایران ایرتور,IRB951,تبریز,طبق برنامه,,,,MD82,فرودگاه مشهد,Domestic Arrival
2025-05-30 16:05:00,سپهران,SHI4344,كيش,طبق برنامه,,,,B737,فرودگاه مشهد,Domestic Arrival
2025-05-30 16:15:00,سپهران,SHI4322,بندرعباس,طبق برنامه,,,,B737,فرودگاه مشهد,Domestic Arrival
2025-05-30 16:25:00,کاسپین,CPN6945,كيش,طبق برنامه,,,,MD82,فرودگاه مشهد,Domestic Arrival
2025-05-30 17:00:00,آسمان,IRC828,رامسر,طبق برنامه,,,,F100,فرودگاه مشهد,Domestic Arrival
2025-05-30 17:00:00,ایران ایرتور,IRB901,تبریز,طبق برنامه,,,,MD82,فرودگاه مشهد,Domestic Arrival
2025-05-30 17:25:00,سپهران,SHI4327,رشت,طبق برنامه,,,,B737,فرودگاه مشهد,Domestic Arrival
2025-05-30 17:30:00,آتا,TBZ5613,تهران,طبق برنامه,,,,MD80,فرودگاه مشهد,Domestic Arrival
2025-05-30 17:45:00,هواپیمایی اطلس,ATS8288,تهران,طبق برنامه,,,,B737,فرودگاه مشهد,Domestic Arrival
2025-05-30 18:00:00,آوا,AXV7702,تهران,طبق برنامه,,,,B737,فرودگاه مشهد,Domestic Arrival
2025-05-30 18:15:00,هواپیمایی اطلس,ATS8270,تهران,طبق برنامه,,,,RJ85,فرودگاه مشهد,Domestic Arrival
2025-05-30 18:30:00,پويا,PYA2338,گرگان,طبق برنامه,,,,EMB145,فرودگاه مشهد,Domestic Arrival
2025-05-30 18:45:00,چابهار,IRU7660,تهران,طبق برنامه,,,,MD83,فرودگاه مشهد,Domestic Arrival
2025-05-30 19:20:00,آتا,TBZ5629,تهران,طبق برنامه,,,,MD80,فرودگاه مشهد,Domestic Arrival
2025-05-30 19:30:00,قشم ایر,QSM1252,تهران,طبق برنامه,,,,F100,فرودگاه مشهد,Domestic Arrival
2025-05-30 19:40:00,کیش ایر,KIS7169,تهران,طبق برنامه,,,,MD82,فرودگاه مشهد,Domestic Arrival
2025-05-30 19:45:00,ماهان,IRM1077,کرمان,طبق برنامه,,,,BAE100,فرودگاه مشهد,Domestic Arrival
2025-05-30 20:15:00,هواپیمایی اطلس,ATS8278,تهران,طبق برنامه,,,,MD83,فرودگاه مشهد,Domestic Arrival
2025-05-30 20:30:00,تابان,TBN6326,تهران,طبق برنامه,,,,MD.88,فرودگاه مشهد,Domestic Arrival
2025-05-30 20:30:00,آتا,TBZ5676,اصفهان,طبق برنامه,,,,MD80,فرودگاه مشهد,Domestic Arrival
2025-05-30 20:50:00,هواپیمایی رایمون,RAI7522,تهران,طبق برنامه,,,,EMB145,فرودگاه مشهد,Domestic Arrival
2025-05-30 21:15:00,هواپیمایی پارس,PRS4414,آبادان,طبق برنامه,,,,B737,فرودگاه مشهد,Domestic Arrival
2025-05-30 21:55:00,تابان,TBN6210,اصفهان,طبق برنامه,,,,MD.88,فرودگاه مشهد,Domestic Arrival
2025-05-30 22:00:00,ایران ایرتور,IRB955,اهواز,طبق برنامه,,,,MD82,فرودگاه مشهد,Domestic Arrival
2025-05-30 22:00:00,آتا,TBZ5702,تهران,طبق برنامه,,,,MD80,فرودگاه مشهد,Domestic Arrival
2025-05-30 22:00:00,ایران ایرتور,IRB966,تهران,طبق برنامه,,,,MD82,فرودگاه مشهد,Domestic Arrival
2025-05-30 22:10:00,سپهران,SHI4367,آبادان,طبق برنامه,,,,B737,فرودگاه مشهد,Domestic Arrival
2025-05-30 22:10:00,ماهان,IRM1037,تهران,طبق برنامه,,,,747,فرودگاه مشهد,Domestic Arrival
2025-05-30 22:15:00,هواپیمایی اطلس,ATS8276,اصفهان,طبق برنامه,,,,B737,فرودگاه مشهد,Domestic Arrival
2025-05-30 22:45:00,هواپیمایی اطلس,ATS8284,تهران,طبق برنامه,,,,RJ85,فرودگاه مشهد,Domestic Arrival
2025-05-30 22:50:00,کاسپین,CPN026,تهران,طبق برنامه,,,,B737,فرودگاه مشهد,Domestic Arrival
2025-05-30 23:00:00,وارش,VRH5803,ساری,طبق برنامه,,,,B737,فرودگاه مشهد,Domestic Arrival
2025-05-30 23:00:00,هواپیمایی پارس,PRS5400,تهران,طبق برنامه,,,,B737,فرودگاه مشهد,Domestic Arrival
2025-05-30 23:59:00,آتا,TBZ5719,آبادان,طبق برنامه,,,,MD80,فرودگاه مشهد,Domestic Arrival
2025-05-30 23:59:00,سپهران,SHI4339,اهواز,طبق برنامه,,,,B737,فرودگاه مشهد,Domestic Arrival
2025-05-30 23:59:00,آتا,TBZ5649,اصفهان,طبق برنامه,,,,MD80,فرودگاه مشهد,Domestic Arrival
2025-05-29 21:00:00,آوا,AXV9213,نجف,نشست,1,2025-05-29 20:30:00,,A310,فرودگاه مشهد,International Arrival
2025-05-29 22:55:00,ایران ایر,IRA688,دمام,نشست,1,2025-05-29 22:15:00,,A319,فرودگاه مشهد,International Arrival
2025-05-30 00:45:00,قطر,QTR492,دوحه,نشست,1,2025-05-29 23:30:00,,A320,فرودگاه مشهد,International Arrival
2025-05-30 00:50:00,سپهران,SHI7331,نجف,طبق برنامه,,,,B737,فرودگاه مشهد,International Arrival
2025-05-30 01:05:00,سپهران,SHI7355,بغداد,طبق برنامه,,,,B737,فرودگاه مشهد,International Arrival
2025-05-30 01:10:00,سپهران,SHI7351,نجف,اعلام ورود,,2025-05-30 01:05:00,,B737,فرودگاه مشهد,International Arrival
2025-05-30 02:05:00,تابان,TBN7264,نجف,طبق برنامه,,,,A320,فرودگاه مشهد,International Arrival
2025-05-30 02:15:00,پگاسوس,PGT520,استانبول,طبق برنامه,,,,A320,فرودگاه مشهد,International Arrival
2025-05-30 09:30:00,عراقی,IAW161,بغداد,طبق برنامه,,,,B737,فرودگاه مشهد,International Arrival
2025-05-30 11:00:00,سپهران,SHI7311,نجف,طبق برنامه,,,,B737,فرودگاه مشهد,International Arrival
2025-05-30 11:00:00,عراقی,IAW117,نجف,طبق برنامه,,,,B737,فرودگاه مشهد,International Arrival
2025-05-30 11:05:00,سپهران,SHI7305,بغداد,طبق برنامه,,,,B737,فرودگاه مشهد,International Arrival
2025-05-30 11:50:00,سپهران,SHI7347,بغداد,طبق برنامه,,,,B737,فرودگاه مشهد,International Arrival
2025-05-30 11:55:00,زاگرس,IZG3041,نجف,طبق برنامه,,,,A319,فرودگاه مشهد,International Arrival
2025-05-30 12:15:00,سپهران,SHI7301,نجف,طبق برنامه,,,,B737,فرودگاه مشهد,International Arrival
2025-05-30 12:30:00,معراج,MRJ4800,نجف,طبق برنامه,,,,A320,فرودگاه مشهد,International Arrival
2025-05-30 13:20:00,آوا,AXV9205,نجف,طبق برنامه,,,,B737,فرودگاه مشهد,International Arrival
2025-05-30 13:45:00,العربیه,ABY205,شارجه,طبق برنامه,,,,A321,فرودگاه مشهد,International Arrival
2025-05-30 13:55:00,جزیره,JZR151,کویت,طبق برنامه,,,,A320,فرودگاه مشهد,International Arrival
2025-05-30 14:15:00,ایران ایرتور,IRB9723,دبی,طبق برنامه,,,,A310,فرودگاه مشهد,International Arrival
2025-05-30 14:45:00,هواپیمایی پارس,PRS5491,نجف,طبق برنامه,,,,B737,فرودگاه مشهد,International Arrival
2025-05-29 13:45:00,آسمان,IRC3905,ساری,نشست13:19 | پایان دریافت بار,,2025-05-29 13:30:00,,100,فرودگاه شيراز,Domestic Arrival
2025-05-29 17:00:00,کیش ایر,KIS7060,كيش,نشست17:08 | پایان دریافت بار,,2025-05-29 17:10:00,,MD83,فرودگاه شيراز,Domestic Arrival
2025-05-29 18:20:00,آتا,TBZ5623,تهران,نشست18:30 | پایان دریافت بار,,2025-05-29 18:30:00,,MD83,فرودگاه شيراز,Domestic Arrival
2025-05-29 18:30:00,پويا,PYA2340,تهران,نشست18:25 | پایان دریافت بار,,2025-05-29 18:20:00,,EMB145,فرودگاه شيراز,Domestic Arrival
2025-05-29 20:15:00,اطلس,ATS8281,مشهد,نشست20:34 | پایان دریافت بار,,2025-05-29 20:34:00,,880,فرودگاه شيراز,Domestic Arrival
2025-05-29 20:20:00,فلای پرشیا,FPI7405,تهران,نشست20:38 | پایان دریافت بار,,2025-05-29 20:38:00,,737,فرودگاه شيراز,Domestic Arrival
2025-05-29 21:05:00,ساها,IRZ156,تهران,نشست21:15 | پایان دریافت بار,,2025-05-29 21:15:00,,737,فرودگاه شيراز,Domestic Arrival
2025-05-29 21:25:00,آسمان,IRC3851,مشهد,نشست21:43 | پایان دریافت بار,,2025-05-29 21:43:00,,100,فرودگاه شيراز,Domestic Arrival
2025-05-29 21:30:00,کیش ایر,KIS7051,تهران,نشست21:53 | پایان دریافت بار,,2025-05-29 21:53:00,,MD82,فرودگاه شيراز,Domestic Arrival
2025-05-29 22:15:00,زاگرس,IZG4110,مشهد,نشست22:11 | پایان دریافت بار,,2025-05-29 22:11:00,,MD82,فرودگاه شيراز,Domestic Arrival
2025-05-29 22:20:00,ایران ایر,IRA259,مشهد,نشست22:24 | پایان دریافت بار,,2025-05-29 22:24:00,,A319,فرودگاه شيراز,Domestic Arrival
2025-05-29 23:00:00,پارس,PRS4426,تهران,نشست23:20 | پایان دریافت بار,,2025-05-29 23:20:00,,737,فرودگاه شيراز,Domestic Arrival
2025-05-30 01:15:00,آسمان,IRC3821,آبادان,طبق برنامه,,,,100,فرودگاه شيراز,Domestic Arrival
2025-05-30 02:45:00,پارس,PRS4475,تبریز,طبق برنامه,,,,737-300,فرودگاه شيراز,Domestic Arrival
2025-05-30 06:15:00,چابهار,IRU7646,تهران,طبق برنامه,,,,MD83,فرودگاه شيراز,Domestic Arrival
2025-05-30 07:05:00,تابان,TBN6231,مشهد,طبق برنامه,,,,md88,فرودگاه شيراز,Domestic Arrival
2025-05-30 07:30:00,یزد ایر,DZD9431,تهران,طبق برنامه,,,,146-100,فرودگاه شيراز,Domestic Arrival
2025-05-30 07:55:00,ساها,IRZ158,تهران,طبق برنامه,,,,737,فرودگاه شيراز,Domestic Arrival
2025-05-30 08:40:00,ماهان,IRM1089,تهران,طبق برنامه,,,,146-100,فرودگاه شيراز,Domestic Arrival
2025-05-30 08:50:00,ساها,IRZ181,مشهد,طبق برنامه,,,,737,فرودگاه شيراز,Domestic Arrival
2025-05-30 08:50:00,آسمان,IRC819,زاهدان,طبق برنامه,,,,100,فرودگاه شيراز,Domestic Arrival
2025-05-30 09:20:00,ایران ایر,IRA232,تهران,طبق برنامه,,,,A319,فرودگاه شيراز,Domestic Arrival
2025-05-30 09:45:00,کیش ایر,KIS7160,كيش,طبق برنامه,,,,MD83,فرودگاه شيراز,Domestic Arrival
2025-05-30 10:25:00,کارون,KRU2628,تهران,طبق برنامه,,,,737,فرودگاه شيراز,Domestic Arrival
2025-05-30 11:20:00,یزد ایر,DZD9408,كيش,طبق برنامه,,,,146-100,فرودگاه شيراز,Domestic Arrival
2025-05-30 12:35:00,ساها,178a,چابهار,طبق برنامه,,,,MD83,فرودگاه شيراز,Domestic Arrival
2025-05-30 13:15:00,پارس,PRS5449,رشت,طبق برنامه,,,,CRJ200,فرودگاه شيراز,Domestic Arrival
2025-05-30 13:50:00,آسمان,IRC3941,رشت,طبق برنامه,,,,100,فرودگاه شيراز,Domestic Arrival
2025-05-30 17:30:00,پارس,PRS4473,مشهد,طبق برنامه,,,,737,فرودگاه شيراز,Domestic Arrival
2025-05-29 11:55:00,فلای دبی,FDB241,دبی,نشست12:10 | پایان دریافت بار,,2025-05-29 12:10:00,,737,فرودگاه شيراز,International Arrival
2025-05-29 12:05:00,العربیه,ABY213,شارجه,نشست12:06 | پایان دریافت بار,,2025-05-29 12:00:00,,,فرودگاه شيراز,International Arrival
2025-05-29 16:30:00,پارس,PRS5473,نجف,نشست16:30 | پایان دریافت بار,,2025-05-29 16:30:00,,737,فرودگاه شيراز,International Arrival
2025-05-29 17:50:00,ایران ایرتور,IRB9730,استانبول,نشست17:27 | پایان دریافت بار,,2025-05-29 17:27:00,,A310,فرودگاه شيراز,International Arrival
2025-05-29 19:45:00,پارس,PRS5471,مسقط,باطل شد,,2025-05-30 02:10:00,,CRJ200,فرودگاه شيراز,International Arrival
2025-05-29 20:25:00,سلام ایر,OMS555,مسقط,نشست20:12 | پایان دریافت بار,,2025-05-29 20:12:00,,737,فرودگاه شيراز,International Arrival
2025-05-30 04:20:00,پگاسوس,PGT524,استانبول(صابیحا),طبق برنامه,,,,A320,فرودگاه شيراز,International Arrival
2025-05-30 11:55:00,فلای دبی,FDB241,دبی,طبق برنامه,,,,737,فرودگاه شيراز,International Arrival
2025-05-30 12:00:00,تابان,TBN7218,مسقط,طبق برنامه,,,,880,فرودگاه شيراز,International Arrival
2025-05-30 13:15:00,العربیه,ABY213,شارجه,طبق برنامه,,,,,فرودگاه شيراز,International Arrival
2025-05-30 14:05:00,ایران ایر,IRA645,دبی,طبق برنامه,,,,A320,فرودگاه شيراز,International Arrival
2025-05-29 12:30:00,ایران ایرتور,IRB973,كيش,نشست12:35 | پایان دریافت بار,,2025-05-29 12:35:00,,MDC-DC-9-82,فرودگاه تبريز,Domestic Arrival
2025-05-29 15:15:00,معراج,MRJ2873,مشهد,باطل شد,,,,A320,فرودگاه تبريز,Domestic Arrival
2025-05-29 18:00:00,آتا,TBZ5668,تهران,نشست18:40 | پایان دریافت بار,,2025-05-29 18:40:00,,MD83,فرودگاه تبريز,Domestic Arrival
2025-05-29 19:10:00,سپهران,SHI4356,مشهد,نشست19:20 | پایان دریافت بار,,2025-05-29 19:15:00,,737,فرودگاه تبريز,Domestic Arrival
2025-05-29 19:25:00,آسمان,IRC640,تهران,نشست19:50 | پایان دریافت بار,,2025-05-29 19:45:00,,100,فرودگاه تبريز,Domestic Arrival
2025-05-29 20:00:00,ماهان,IRM1002,تهران,نشست20:40 | پایان دریافت بار,,2025-05-29 20:40:00,,RJ100,فرودگاه تبريز,Domestic Arrival
2025-05-29 22:00:00,آتا,TBZ5646,تهران,نشست23:05 | پایان دریافت بار,,2025-05-29 23:00:00,,MD83,فرودگاه تبريز,Domestic Arrival
2025-05-29 23:15:00,پارس,PRS4474,شیراز,تاخیردارد01:45,,2025-05-30 01:45:00,,737,فرودگاه تبريز,Domestic Arrival
2025-05-30 00:50:00,آتا,TBZ5640,تهران,طبق برنامه,,,,MD83,فرودگاه تبريز,Domestic Arrival
2025-05-30 07:00:00,آتا,TBZ5610,تهران,باطل شد,,,,MD83,فرودگاه تبريز,Domestic Arrival
2025-05-30 09:00:00,آتا,TBZ5604,تهران,طبق برنامه,,,,MD83,فرودگاه تبريز,Domestic Arrival
2025-05-30 09:00:00,آتا,TBZ5602,تهران,باطل شد,,,,MD83,فرودگاه تبريز,Domestic Arrival
2025-05-29 10:30:00,پارس,PRS6485,نجف,نشست12:05,,2025-05-29 12:05:00,,737,فرودگاه تبريز,International Arrival
2025-05-29 13:00:00,آتا,TBZ6602,استانبول,نشست12:40 | پایان دریافت بار,,2025-05-29 12:40:00,,MD83,فرودگاه تبريز,International Arrival
2025-05-29 13:30:00,کارون,KRU5549,نجف,نشست13:25,,2025-05-29 13:25:00,,100,فرودگاه تبريز,International Arrival
2025-05-29 16:00:00,فلای دبی,FDB227,دبی,نشست15:40 | پایان دریافت بار,,2025-05-29 15:40:00,,B737-400,فرودگاه تبريز,International Arrival
2025-05-29 12:40:00,ایران ایر,IRA3310,تهران,نشست12:30 | پایان دریافت بار,,2025-05-29 12:35:00,,ATR,فرودگاه اصفهان,Domestic Arrival
2025-05-29 13:10:00,آتا,TBZ5653,كيش,نشست13:05 | پایان دریافت بار,,2025-05-29 13:05:00,,MD83,فرودگاه اصفهان,Domestic Arrival
2025-05-29 15:15:00,کیش ایر,KIS7139,بندرعباس,نشست15:00 | پایان دریافت بار,,2025-05-29 15:00:00,,MD83,فرودگاه اصفهان,Domestic Arrival
2025-05-29 15:50:00,رایمون,RAI7512,تهران,نشست15:35 | پایان دریافت بار,,2025-05-29 15:35:00,,EMB145,فرودگاه اصفهان,Domestic Arrival
2025-05-29 20:00:00,آتا,TBZ5651,مشهد,نشست20:10 | پایان دریافت بار,,2025-05-29 20:10:00,,MD83,فرودگاه اصفهان,Domestic Arrival
2025-05-29 21:00:00,کارون,KRU2623,اهواز,تا اطلاع ثانوی | طبق برنامه,,,,100,فرودگاه اصفهان,Domestic Arrival
2025-05-29 21:15:00,آساجت,SJT8657,رشت,نشست21:20 | پایان دریافت بار,,2025-05-29 21:10:00,,EMB-14,فرودگاه اصفهان,Domestic Arrival
2025-05-30 08:10:00,آتا,TBZ5651,مشهد,طبق برنامه,,,,MD83,فرودگاه اصفهان,Domestic Arrival
2025-05-30 09:15:00,کیش ایر,KIS7022,كيش,طبق برنامه,,,,MD83,فرودگاه اصفهان,Domestic Arrival
2025-05-30 09:20:00,قشم,QSM1280,تهران,طبق برنامه,,,,f100,فرودگاه اصفهان,Domestic Arrival
2025-05-30 09:30:00,وارش,VRH5854,مشهد,طبق برنامه,,,,B737-400,فرودگاه اصفهان,Domestic Arrival
2025-05-30 10:30:00,آساجت,SJT8648,آبادان,طبق برنامه,,,,EMB145,فرودگاه اصفهان,Domestic Arrival
2025-05-30 17:00:00,آتا,TBZ5650,مشهد,طبق برنامه,,,,MD83,فرودگاه اصفهان,Domestic Arrival
2025-05-29 12:45:00,فلای دبی,FDB273,دبی,نشست13:30 | پایان دریافت بار,,2025-05-29 13:25:00,,B737-400,فرودگاه اصفهان,International Arrival
2025-05-30 01:10:00,ترکیش,THY892,استانبول,طبق برنامه,,,,B737-400,فرودگاه اصفهان,International Arrival
2025-05-30 01:30:00,پگاسوس,PGT530,استانبول (صبیحا),طبق برنامه,,,,A321,فرودگاه اصفهان,International Arrival
2025-05-29 16:10:00,کارون,KRU2656,تبریز,نشست15:51 | پایان دریافت بار,,2025-05-29 15:51:00,,,فرودگاه اهواز,Domestic Arrival
2025-05-29 18:00:00,زاگرس,IZG4020,تهران,نشست18:07 | پایان دریافت بار,,2025-05-29 18:07:00,,,فرودگاه اهواز,Domestic Arrival
2025-05-25 10:50:00,قشم,QSM1233,خارگ,طبق برنامه,,,,100,فرودگاه شيراز,Domestic Arrival
2025-05-29 19:00:00,وارش,VRH5810,مشهد,نشست20:12 | پایان دریافت بار,,2025-05-29 20:12:00,,,فرودگاه اهواز,Domestic Arrival
2025-05-29 19:10:00,کارون,KRU2673,تهران,تاخیردارد23:55,,2025-05-29 23:55:00,,,فرودگاه اهواز,Domestic Arrival
2025-05-29 20:00:00,سپهران,SHI4338,مشهد,نشست20:34 | پایان دریافت بار,,2025-05-29 20:34:00,,,فرودگاه اهواز,Domestic Arrival
2025-05-29 20:20:00,قشم,QSM1210,تهران,نشست20:56 | پایان دریافت بار,,2025-05-29 20:56:00,,,فرودگاه اهواز,Domestic Arrival
2025-05-29 20:30:00,ایران ایرتور,IRB988,تهران,نشست21:16 | پایان دریافت بار,,2025-05-29 21:16:00,,,فرودگاه اهواز,Domestic Arrival
2025-05-29 21:40:00,آتا,TBZ5641,مشهد,نشست22:57 | پایان دریافت بار,,2025-05-29 22:57:00,,,فرودگاه اهواز,Domestic Arrival
2025-05-29 22:35:00,کارون,KRU2622,اصفهان,تا اطلاع ثانوی,,,,,فرودگاه اهواز,Domestic Arrival
2025-05-29 23:35:00,چابهار ایر,IRU7642,تهران,تاخیردارد00:30,,2025-05-30 00:30:00,,,فرودگاه اهواز,Domestic Arrival
2025-05-30 05:30:00,زاگرس,IZG4022,تهران,طبق برنامه,,,,,فرودگاه اهواز,Domestic Arrival
2025-05-30 06:10:00,کارون,KRU2668,تهران,طبق برنامه,,,,,فرودگاه اهواز,Domestic Arrival
2025-05-30 07:20:00,اطلس,ATS8285,تهران,طبق برنامه,,,,,فرودگاه اهواز,Domestic Arrival
2025-05-30 07:30:00,آتا,TBZ5631,تهران,طبق برنامه,,,,,فرودگاه اهواز,Domestic Arrival
2025-05-30 09:10:00,کارون,KRU2622,اصفهان,طبق برنامه,,,,,فرودگاه اهواز,Domestic Arrival
2025-05-30 10:00:00,آتا,TBZ5695,مشهد,طبق برنامه,,,,,فرودگاه اهواز,Domestic Arrival
2025-05-30 11:00:00,کارون,KRU2630,بندرعباس,طبق برنامه,,,,,فرودگاه اهواز,Domestic Arrival
2025-05-30 14:00:00,کارون,KRU2632,رشت,طبق برنامه,,,,,فرودگاه اهواز,Domestic Arrival
2025-05-30 17:30:00,زاگرس,IZG4120,مشهد,طبق برنامه,,,,,فرودگاه اهواز,Domestic Arrival
2025-05-30 17:30:00,پارس,PRS4444,تهران,طبق برنامه,,,,,فرودگاه اهواز,Domestic Arrival
2025-05-29 08:00:00,ایران ایرتور,IRB982,مشهد,نشست15:30 | پایان دریافت بار,,2025-05-29 15:30:00,,,فرودگاه بوشهر,Domestic Arrival
2025-05-29 21:10:00,کاسپین,CPN6900,تهران,نشست21:38 | پایان دریافت بار,,2025-05-29 21:40:00,,,فرودگاه بوشهر,Domestic Arrival
2025-05-30 08:00:00,زاگرس,IZG4060,تهران,طبق برنامه,,,,,فرودگاه بوشهر,Domestic Arrival
2025-05-30 11:30:00,ایران ایرتور,IRB970,تهران,طبق برنامه,,,,,فرودگاه بوشهر,Domestic Arrival
2025-05-30 11:40:00,زاگرس,IZG4108,مشهد,طبق برنامه,,,,,فرودگاه بوشهر,Domestic Arrival
2025-05-30 12:55:00,قشم,QSM1218,تهران,طبق برنامه,,,,,فرودگاه بوشهر,Domestic Arrival
2025-05-29 12:45:00,کیش ایر,KIS7138,اصفهان,نشست12:27 | پایان دریافت بار,,2025-05-29 12:30:00,,MD.88,فرودگاه بندرعباس,Domestic Arrival
2025-05-29 15:30:00,ایران ایر,IRA3382,اصفهان,نشست15:07 | پایان دریافت بار,,2025-05-29 15:30:00,,ATR,فرودگاه بندرعباس,Domestic Arrival
2025-05-29 15:45:00,کیش ایر,KIS7109,رشت,نشست15:29 | پایان دریافت بار,,2025-05-29 15:35:00,,100,فرودگاه بندرعباس,Domestic Arrival
2025-05-30 17:30:00,فلای دبی,FDB243,دبی,طبق برنامه,,,,737,فرودگاه بندرعباس,International Arrival
2025-05-29 12:35:00,ماهان,IRM4563,اهواز,نشست12:28 | پایان دریافت بار,,2025-05-29 12:25:00,,BAE146,فرودگاه کرمان,Domestic Arrival
2025-05-29 17:00:00,ماهان,IRM4595,كيش,نشست16:38 | پایان دریافت بار,,2025-05-29 16:45:00,,BAE146,فرودگاه کرمان,Domestic Arrival
2025-05-29 17:30:00,آتا,TBZ5664,تهران,نشست17:25 | پایان دریافت بار,,2025-05-29 17:25:00,,MD83,فرودگاه کرمان,Domestic Arrival
2025-05-29 18:10:00,ماهان,IRM1067,تهران,نشست17:57 | پایان دریافت بار,,2025-05-29 18:00:00,,B737-400,فرودگاه کرمان,Domestic Arrival
2025-05-29 19:55:00,ماهان,IRM1055,تهران,نشست20:38 | پایان دریافت بار,,2025-05-29 20:50:00,,BAE146,فرودگاه کرمان,Domestic Arrival
2025-05-29 21:15:00,کیش ایر,KIS7163,تهران,نشست21:50 | پایان دریافت بار,,2025-05-29 22:00:00,,MD83,فرودگاه کرمان,Domestic Arrival
2025-05-29 22:00:00,کاسپین,CPN6910,تهران,باطل شد,,,,,فرودگاه کرمان,Domestic Arrival
2025-05-29 22:15:00,ماهان,IRM1076,مشهد,نشست22:07 | پایان دریافت بار,,2025-05-29 22:10:00,,BAE146,فرودگاه کرمان,Domestic Arrival
2025-05-30 01:25:00,ماهان,IRM1053,تهران,طبق برنامه,,,,BAE146,فرودگاه کرمان,Domestic Arrival
2025-05-30 14:10:00,ماهان,IRM1051,تهران,طبق برنامه,,,,BAE146,فرودگاه کرمان,Domestic Arrival
2025-05-30 17:00:00,ماهان,IRM4595,كيش,طبق برنامه,,,,BAE146,فرودگاه کرمان,Domestic Arrival
2025-05-30 17:30:00,آتا,TBZ5664,تهران,طبق برنامه,,,,MD83,فرودگاه کرمان,Domestic Arrival
2025-05-30 14:10:00,فلای دبی,FDB269,دبی,طبق برنامه,,,,737,فرودگاه کرمان,International Arrival
2025-05-29 13:30:00,وارش,VRH5802A,مشهد,نشست15:03 | پایان دریافت بار,,2025-05-29 15:00:00,,,فرودگاه ساري,Domestic Arrival
2025-05-29 23:50:00,وارش,VRH5804,مشهد,تاخیردارد01:00,,2025-05-30 01:00:00,,,فرودگاه ساري,Domestic Arrival
2025-05-30 11:45:00,وارش,VRH5807,كيش,طبق برنامه,,,,,فرودگاه ساري,Domestic Arrival
2025-05-30 14:30:00,وارش,VRH5802,مشهد,طبق برنامه,,,,,فرودگاه ساري,Domestic Arrival
2025-05-29 19:15:00,آسا جت,SJT8624,تهران,نشست19:45 | پایان دریافت بار,,2025-05-29 19:45:00,,EMB145,فرودگاه يزد,Domestic Arrival
2025-05-29 19:45:00,تابان,TBN6219,مشهد,باطل شد,,,,737,فرودگاه يزد,Domestic Arrival
2025-05-29 22:00:00,آتا,TBZ5670,تهران,نشست22:15 | پایان دریافت بار,,2025-05-29 22:15:00,,MD83,فرودگاه يزد,Domestic Arrival
2025-05-29 23:10:00,کارون,KRU2608,تهران,منتظر اعلام بعدی,,,,100,فرودگاه يزد,Domestic Arrival
2025-05-30 06:45:00,تابان,TBN6219,مشهد,طبق برنامه,,,,MD83,فرودگاه يزد,Domestic Arrival
2025-05-30 12:00:00,یزد ایر,DZD9307,نجف,طبق برنامه,,,,A310,فرودگاه يزد,International Arrival
2025-05-29 14:10:00,ایران ایرتور,IRB952,مشهد,نشست15:20 | پایان دریافت بار,,2025-05-29 15:20:00,,,فرودگاه اروميه,Domestic Arrival
2025-05-29 15:10:00,ایران ایرتور,IRB980,تهران,نشست15:10 | پایان دریافت بار,,2025-05-29 15:10:00,,,فرودگاه اروميه,Domestic Arrival
2025-05-29 18:30:00,آسمان,IRC3854,تهران,باطل شد,,,,,فرودگاه اروميه,Domestic Arrival
2025-05-29 19:05:00,کارون,KRU2660,تهران,نشست19:00 | پایان دریافت بار,,2025-05-29 19:00:00,,,فرودگاه اروميه,Domestic Arrival
2025-05-30 07:00:00,آتا,TBZ5677,تهران,طبق برنامه,,,,,فرودگاه اروميه,Domestic Arrival
2025-05-30 17:05:00,یزدایر,DZD9401,تهران,طبق برنامه,,,,,فرودگاه اروميه,Domestic Arrival
2025-05-29 13:15:00,ایران ایر,IRA1559,جده,نشست12:45 | پایان دریافت بار,,2025-05-29 12:45:00,,,فرودگاه اروميه,International Arrival
2025-05-30 01:45:00,ایران ایر,IRA1557,جده,طبق برنامه,,,,,فرودگاه اروميه,International Arrival
2025-05-30 12:45:00,ایران ایر,IRA1681,جده,طبق برنامه,,,,,فرودگاه اروميه,International Arrival
2025-05-29 13:50:00,قشم,QSM1285,بندرعباس,نشست13:28 | پایان دریافت بار,,2025-05-29 13:28:00,,,فرودگاه کرمانشاه,Domestic Arrival
2025-05-29 19:30:00,ایران ایرتور,IRB908,مشهد,نشست21:39 | پایان دریافت بار,,2025-05-29 21:00:00,,,فرودگاه کرمانشاه,Domestic Arrival
2025-05-30 08:00:00,سپهران,SHI4358,مشهد,طبق برنامه,,,,,فرودگاه کرمانشاه,Domestic Arrival
2025-05-29 12:30:00,زاگرس,IZG4148,مشهد,نشست12:51 | پایان دریافت بار,,2025-05-29 12:55:00,,,فرودگاه رشت,Domestic Arrival
2025-05-29 12:45:00,کیش ایر,KIS7108,بندرعباس,نشست12:39 | پایان دریافت بار,,2025-05-29 12:45:00,,,فرودگاه رشت,Domestic Arrival
2025-05-29 14:00:00,ایران ایرتور,IRB904,مشهد,نشست20:26 | پایان دریافت بار,,2025-05-29 20:30:00,,,فرودگاه رشت,Domestic Arrival
2025-05-29 14:55:00,سپهران,SHI4326,مشهد,نشست15:00 | پایان دریافت بار,,2025-05-29 15:05:00,,,فرودگاه رشت,Domestic Arrival
2025-05-29 15:45:00,آساجت,SJT8634,تهران,نشست15:41 | پایان دریافت بار,,2025-05-29 15:45:00,,,فرودگاه رشت,Domestic Arrival
2025-05-30 11:30:00,آسمان,IRC3940,شیراز,طبق برنامه,,,,,فرودگاه رشت,Domestic Arrival
2025-05-30 11:40:00,کارون,KRU2633,اهواز,طبق برنامه,,,,,فرودگاه رشت,Domestic Arrival
2025-05-30 14:00:00,کیش ایر,KIS7136,كيش,طبق برنامه,,,,,فرودگاه رشت,Domestic Arrival
2025-05-30 14:55:00,سپهران,SHI4326,مشهد,طبق برنامه,,,,,فرودگاه رشت,Domestic Arrival
2025-05-30 16:45:00,آساجت,SJT8634,تهران,طبق برنامه,,,,,فرودگاه رشت,Domestic Arrival
2025-05-29 13:10:00,پويا,PYA2387,نجف,نشست12:45 | پایان دریافت بار,,2025-05-29 12:50:00,,,فرودگاه رشت,International Arrival
2025-05-29 21:45:00,عراقی,IAW1197,بغداد,نشست21:51 | پایان دریافت بار,,2025-05-29 21:55:00,,,فرودگاه رشت,International Arrival
2025-05-30 07:45:00,عراقی,IAW1999,بغداد,طبق برنامه,,,,,فرودگاه رشت,International Arrival
2025-05-30 08:15:00,عراقی,IAW199,بغداد,طبق برنامه,,,,,فرودگاه رشت,International Arrival
2025-05-30 12:45:00,عراقی,IAW197,بغداد,طبق برنامه,,,,,فرودگاه رشت,International Arrival
2025-05-29 13:40:00,قشم,QSM1208,مشهد,نشست14:35 | پایان دریافت بار,,2025-05-29 13:50:00,,100,فرودگاه زاهدان,Domestic Arrival
2025-05-29 22:00:00,چابهار ایر,IRU7612,تهران,نشست21:52 | پایان دریافت بار,,2025-05-29 22:00:00,,MD82,فرودگاه زاهدان,Domestic Arrival
2025-05-29 22:40:00,کاسپین,CPN6986,تهران,تاخیردارد01:20,,2025-05-30 01:20:00,,,فرودگاه زاهدان,Domestic Arrival
2025-05-30 06:30:00,آسمان,IRC818,شیراز,طبق برنامه,,,,,فرودگاه زاهدان,Domestic Arrival
2025-05-30 06:40:00,کیش ایر,KIS7071,تهران,طبق برنامه,,,,,فرودگاه زاهدان,Domestic Arrival
2025-05-30 07:30:00,ایران ایر,IRA382,تهران,طبق برنامه,,,,,فرودگاه زاهدان,Domestic Arrival
2025-05-30 07:40:00,کاسپین,CPN6986,تهران,طبق برنامه,,,,,فرودگاه زاهدان,Domestic Arrival
2025-05-30 11:10:00,ایران ایر,IRA383,چابهار,طبق برنامه,,,,,فرودگاه زاهدان,Domestic Arrival
2025-05-30 12:30:00,کاسپین,CPN6922,مشهد,طبق برنامه,,,,,فرودگاه زاهدان,Domestic Arrival
2025-05-29 20:00:00,پارس,PRS4456,مشهد,تخمین نشست 21:30 | نشست21:38 | پایان دریافت بار,,2025-05-29 21:30:00,,737,فرودگاه آبادان,Domestic Arrival
2025-05-29 20:30:00,آوا ایر,AVA7710,مشهد,تخمین نشست 21:00 | نشست21:07 | پایان دریافت بار,,2025-05-29 21:00:00,,737,فرودگاه آبادان,Domestic Arrival
2025-05-29 20:50:00,آتا,TBZ5712,تهران,تخمین نشست 21:20 | نشست21:18 | پایان دریافت بار,,2025-05-29 21:20:00,,MD83,فرودگاه آبادان,Domestic Arrival
2025-05-29 22:15:00,سپهران,SHI4366,مشهد,تخمین نشست 22:20 | نشست22:28 | پایان دریافت بار,,2025-05-29 22:20:00,,737,فرودگاه آبادان,Domestic Arrival
2025-05-29 22:20:00,ایران ایر,IRA265,تهران,تخمین نشست 22:50 | نشست22:46 | پایان دریافت بار,,2025-05-29 22:50:00,,,فرودگاه آبادان,Domestic Arrival
2025-05-29 22:30:00,ایران ایرتور,IRB976,مشهد,تخمین نشست 22:31 | نشست22:35 | پایان دریافت بار,,2025-05-29 22:31:00,,,فرودگاه آبادان,Domestic Arrival
2025-05-29 23:00:00,آسمان,IRC860,تهران,باطل شد,,,,,فرودگاه آبادان,Domestic Arrival
2025-05-29 23:30:00,آتا,TBZ5647,مشهد,تخمین نشست 23:30 | نشست23:43 | پایان دریافت بار,,2025-05-29 23:30:00,,MD82,فرودگاه آبادان,Domestic Arrival
2025-05-29 23:30:00,آسمان,IRC3820,شیراز,تخمین نشست 23:10 | نشست23:22 | پایان دریافت بار,,2025-05-29 23:10:00,,100,فرودگاه آبادان,Domestic Arrival
2025-05-30 01:00:00,تابان,TBN6217,مشهد,تخمین نشست 01:00 | طبق برنامه,,2025-05-30 01:00:00,,MD83,فرودگاه آبادان,Domestic Arrival
2025-05-30 02:00:00,سپهران,SHI4346,مشهد,طبق برنامه,,,,737,فرودگاه آبادان,Domestic Arrival
2025-05-30 08:45:00,پارس,PRS4453,رشت,طبق برنامه,,,,,فرودگاه آبادان,Domestic Arrival
2025-05-30 08:45:00,آساجت,SJT8618,تهران,طبق برنامه,,,,,فرودگاه آبادان,Domestic Arrival
2025-05-30 09:30:00,آتا,TBZ7433,مشهد,طبق برنامه,,,,MD82,فرودگاه آبادان,Domestic Arrival
2025-05-30 10:35:00,ایر وان,INA6752,مشهد,طبق برنامه,,,,,فرودگاه آبادان,Domestic Arrival
2025-05-30 12:15:00,آساجت,SJT8649,اصفهان,طبق برنامه,,,,,فرودگاه آبادان,Domestic Arrival
2025-05-29 13:00:00,کاسپین,CPN6996,كيش,نشست13:04 | پایان دریافت بار,,2025-05-29 13:04:00,,MD83,فرودگاه گرگان,Domestic Arrival
2025-05-29 23:10:00,آسمان,IRC630,تهران,نشست23:34 | دریافت بار,,2025-05-29 23:34:00,,100,فرودگاه گرگان,Domestic Arrival
2025-05-30 11:30:00,یزد ایر,DZD9413,تهران,باطل شد,,,,CRJ200,فرودگاه گرگان,Domestic Arrival
2025-05-30 16:40:00,پويا,PYA2310,تهران,طبق برنامه,,,,EMB145,فرودگاه گرگان,Domestic Arrival
2025-05-29 12:15:00,ایران ایر,IRA1555,جده,نشست11:30,,2025-05-29 11:30:00,$register,,فرودگاه همدان,International Arrival
2025-05-30 02:00:00,ایران ایر,IRA1561,جده,طبق برنامه,,,$register,,فرودگاه همدان,International Arrival
2025-05-29 17:15:00,ماهان,IRM1098,مشهد,نشست17:10 | پایان دریافت بار,,2025-05-29 17:10:00,,146-100,فرودگاه اردبيل,Domestic Arrival
2025-05-29 19:20:00,ماهان,IRM1026,تهران,نشست19:54 | پایان دریافت بار,,2025-05-29 19:54:00,,RJ100,فرودگاه اردبيل,Domestic Arrival
2025-05-30 09:15:00,ماهان,IRM4536,تهران,طبق برنامه,,,,RJ100,فرودگاه اردبيل,Domestic Arrival
2025-05-30 16:10:00,ایران ایر,IRA497,تهران,طبق برنامه,,,,100,فرودگاه اردبيل,Domestic Arrival
2025-05-29 14:40:00,ماهان,IRM4572,تهران,نشست14:30 | پایان دریافت بار,,2025-05-29 14:25:00,,,فرودگاه ايلام,Domestic Arrival
2025-05-30 06:00:00,زاگرس,IZG4104,مشهد,طبق برنامه,,,,,فرودگاه ايلام,Domestic Arrival
2025-05-30 08:30:00,قشم,QSM1286,تهران,طبق برنامه,,,,,فرودگاه ايلام,Domestic Arrival
2025-05-30 09:35:00,العربیه,ABY217,شارجه,طبق برنامه,,,,A321,فرودگاه لارستان,International Arrival
2025-05-30 10:55:00,فلای دبی,FDB267,دبی,طبق برنامه,,,,737,فرودگاه لارستان,International Arrival
2025-05-29 20:00:00,کاسپین,CPN6940,مشهد,طبق برنامه,,,,,فرودگاه خرم آباد,Domestic Arrival
2025-05-30 11:05:00,ماهان,IRM1090,مشهد,طبق برنامه,,,,146-100,فرودگاه زنجان,Domestic Arrival
2025-06-01 09:40:00,پارس ایر,PRS4439,گچساران,نشست | پایان دریافت بار,5,,EPPRA,CRJ200,فرودگاه مهرآباد,Domestic Arrival
2025-06-01 09:50:00,ایران ایر,IRA473,کرمان,نشست | پایان دریافت بار,1,,EPCFR,F100,فرودگاه مهرآباد,Domestic Arrival
2025-05-28 00:20:00,آتا,TBZ5669,یزد,نشست | پایان دریافت بار,2,,EPTAH,737,فرودگاه مهرآباد,Domestic Arrival
2025-05-28 00:30:00,کیش ایر,KIS7054A,كيش,نشست | پایان دریافت بار,1,,EPLCJ,MD82,فرودگاه مهرآباد,Domestic Arrival
2025-05-28 00:30:00,کارون,KRU2609,یزد,نشست | پایان دریافت بار,5,,EPJIB,737,فرودگاه مهرآباد,Domestic Arrival
2025-05-28 00:35:00,کیش ایر,KIS7080A,كيش,نشست | پایان دریافت بار,3,,EPLCL,MD83,فرودگاه مهرآباد,Domestic Arrival
2025-05-28 00:40:00,قشم ایر,QSM1219,بوشهر,نشست | پایان دریافت بار,3,,EPFQU,rj100,فرودگاه مهرآباد,Domestic Arrival
2025-05-28 00:40:00,ماهان,IRM4524A,چابهار,نشست | پایان دریافت بار,5,,EPMOH,rj100,فرودگاه مهرآباد,Domestic Arrival
2025-05-28 00:45:00,چابهار,IRU7613,زاهدان,نشست | پایان دریافت بار,2,,EPCBD,MD83,فرودگاه مهرآباد,Domestic Arrival
2025-05-28 00:50:00,آتا,TBZ5628,اهواز,نشست | پایان دریافت بار,2,,EPTAE,737,فرودگاه مهرآباد,Domestic Arrival
2025-05-28 00:55:00,کارون,KRU2611,دزفول,نشست | پایان دریافت بار,1,,EPAWZ,F100,فرودگاه مهرآباد,Domestic Arrival
2025-05-28 01:00:00,قشم ایر,QSM1299,گرگان,نشست | پایان دریافت بار,4,,EPFQV,rj100,فرودگاه مهرآباد,Domestic Arrival
2025-05-28 01:05:00,ایران ایر,IRA299,یزد,نشست | پایان دریافت بار,3,,EPCFM,F100,فرودگاه مهرآباد,Domestic Arrival
2025-05-28 01:15:00,کاسپین,CPN027A,مشهد,نشست | پایان دریافت بار,3,,EPCAS,MD83,فرودگاه مهرآباد,Domestic Arrival
2025-05-28 01:20:00,آسمان,IRC3785,شیراز,نشست | پایان دریافت بار,5,,EPASR,F100,فرودگاه مهرآباد,Domestic Arrival
2025-05-28 01:25:00,کاسپین,CPN6961,بندرعباس,نشست | پایان دریافت بار,5,,EPCPD,MD83,فرودگاه مهرآباد,Domestic Arrival
2025-05-28 01:30:00,آتا,TBZ5630A,مشهد,نشست | پایان دریافت بار,1,,EPTAJ,MD83,فرودگاه مهرآباد,Domestic Arrival
2025-05-28 01:35:00,کاسپین,CPN045A,كيش,نشست | پایان دریافت بار,3,,EPCPU,MD83,فرودگاه مهرآباد,Domestic Arrival
2025-05-28 01:40:00,چابهار,IRU7643,اهواز,نشست | پایان دریافت بار,2,,EPSEB,MD83,فرودگاه مهرآباد,Domestic Arrival
2025-05-28 01:40:00,چابهار,IRU7665,شیراز,نشست | پایان دریافت بار,4,,EPCBI,MD82,فرودگاه مهرآباد,Domestic Arrival
2025-05-28 01:45:00,کیش ایر,KIS7068,مشهد,نشست | پایان دریافت بار,1,,EPLCK,MD82,فرودگاه مهرآباد,Domestic Arrival
2025-05-28 01:50:00,پارس ایر,PRS4455,مشهد,نشست | پایان دریافت بار,7,,EPPAM,737,فرودگاه مهرآباد,Domestic Arrival
2025-05-28 02:45:00,وارش,VRH5873,بوشهر,نشست | پایان دریافت بار,1,,EPVAK,737-700,فرودگاه مهرآباد,Domestic Arrival
2025-05-28 03:30:00,پارس ایر,PRS4495,آبادان,نشست | پایان دریافت بار,3,,EPPAO,737,فرودگاه مهرآباد,Domestic Arrival
2025-05-28 04:00:00,کیش ایر,KIS7150,شیراز,نشست | پایان دریافت بار,3,,EPLCM,MD83,فرودگاه مهرآباد,Domestic Arrival
2025-05-28 05:25:00,آسمان,IRC3770,شیراز,نشست | پایان دریافت بار,2,,EPATE,F100,فرودگاه مهرآباد,Domestic Arrival
2025-05-28 06:30:00,کارون,KRU2601,اهواز,نشست | پایان دریافت بار,2,,EPMIS,F100,فرودگاه مهرآباد,Domestic Arrival
2025-06-01 09:50:00,چابهار,IRU7629,بوشهر,نشست | پایان دریافت بار,4,,EPCBD,MD82,فرودگاه مهرآباد,Domestic Arrival
2025-06-01 09:55:00,ایران ایر,IRA3413,بجنورد,نشست | پایان دریافت بار,6,,EPITM,ATR-72-500,فرودگاه مهرآباد,Domestic Arrival
2025-06-01 10:05:00,وارش,VRH5903,مشهد,نشست | پایان دریافت بار,1,,EPVBM,B737,فرودگاه مهرآباد,Domestic Arrival
2025-06-01 10:20:00,زاگرس,IZG4061,بوشهر,نشست | پایان دریافت بار,2,,EPZAG,MD83,فرودگاه مهرآباد,Domestic Arrival
2025-05-25 01:00:00,سپهران,SHI4366,مشهد,تخمین نشست 01:05 | طبق برنامه,,2025-05-25 01:05:00,,,فرودگاه آبادان,Domestic Arrival
2025-05-25 10:00:00,پارس,PRS4456,مشهد,طبق برنامه,,,,737,فرودگاه آبادان,Domestic Arrival
2025-05-25 10:30:00,چابهار ایر,IRU7654,مشهد,طبق برنامه,,,,MD83,فرودگاه آبادان,Domestic Arrival
2025-05-25 06:00:00,زاگرس,IZG4104,مشهد,طبق برنامه,,,,,فرودگاه ايلام,Domestic Arrival
2025-06-01 10:25:00,آوا,AXV7703,مشهد,نشست | پایان دریافت بار,2,,EPSAP,MD83,فرودگاه مهرآباد,Domestic Arrival
2025-06-01 10:25:00,قشم ایر,QSM1231,ماهشهر,نشست | پایان دریافت بار,6,,EPFQU,rj100,فرودگاه مهرآباد,Domestic Arrival
2025-06-01 10:45:00,کیش ایر,KIS7028,كيش,نشست | پایان دریافت بار,4,,EPLCO,MD83,فرودگاه مهرآباد,Domestic Arrival
2025-06-01 11:05:00,آتا,TBZ5663,کرمان,نشست | پایان دریافت بار,4,,EPTAR,MD83,فرودگاه مهرآباد,Domestic Arrival
2025-06-01 11:10:00,ماهان,IRM4537,اردبیل,نشست | پایان دریافت بار,1,,EPMOH,146-200,فرودگاه مهرآباد,Domestic Arrival
2025-06-01 11:25:00,کاسپین,CPN049,شیراز,نشست | پایان دریافت بار,3,,EPCAQ,737,فرودگاه مهرآباد,Domestic Arrival
2025-06-01 11:30:00,کاسپین,CPN6957,جاسک,نشست | پایان دریافت بار,7,,EPKPC,737,فرودگاه مهرآباد,Domestic Arrival
2025-06-01 11:50:00,آتا,TBZ5699,مشهد,نشست | پایان دریافت بار,3,,EPTAO,MD83,فرودگاه مهرآباد,Domestic Arrival
2025-06-01 12:00:00,فلای پرشیا,FPI7447,عسلویه,نشست | پایان دریافت بار,4,,EPFPA,737-700,فرودگاه مهرآباد,Domestic Arrival
2025-06-01 12:05:00,آتا,TBZ5632,اهواز,نشست | پایان دریافت بار,1,,EPTAZ,MD83,فرودگاه مهرآباد,Domestic Arrival
2025-06-01 12:30:00,آتا,TBZ5612,شیراز,نشست | پایان دریافت بار,6,,EPTAM,MD83,فرودگاه مهرآباد,Domestic Arrival
2025-06-01 12:45:00,آتا,TBZ5660,كيش,نشست | پایان دریافت بار,1,,EPTAQ,MD83,فرودگاه مهرآباد,Domestic Arrival
2025-06-01 12:45:00,قشم ایر,QSM1211,اهواز,نشست | پایان دریافت بار,2,,EPFQV,F100,فرودگاه مهرآباد,Domestic Arrival
2025-06-01 12:50:00,کیش ایر,KIS7192,عسلویه,نشست | پایان دریافت بار,2,,EPLCK,MD82,فرودگاه مهرآباد,Domestic Arrival
2025-06-01 13:00:00,ساها,IRZ171,مشهد,نشست | پایان دریافت بار,3,,EPSII,737-700,فرودگاه مهرآباد,Domestic Arrival
2025-06-01 13:00:00,زاگرس,IZG4031,كيش,نشست | پایان دریافت بار,1,,EPZAQ,MD83,فرودگاه مهرآباد,Domestic Arrival
2025-06-01 13:05:00,ماهان,IRM4574,جیرفت,نشست | پایان دریافت بار,5,,EPMEI,146-200,فرودگاه مهرآباد,Domestic Arrival
2025-06-01 13:10:00,اطلس ایر,ATS8290,چابهار,نشست | پایان دریافت بار,3,,EPLEE,737-700,فرودگاه مهرآباد,Domestic Arrival
2025-06-01 13:10:00,پويا,PYA2313,مشهد,نشست | پایان دریافت بار,2,,EPPUR,EMB145,فرودگاه مهرآباد,Domestic Arrival
2025-06-01 13:20:00,ماهان,IRM1054,کرمان,نشست | پایان دریافت بار,6,,EPMOI,AB6,فرودگاه مهرآباد,Domestic Arrival
2025-06-01 13:25:00,پارس ایر,PRS4489,طبس,نشست | پایان دریافت بار,1,,EPPRA,CRJ200,فرودگاه مهرآباد,Domestic Arrival
2025-05-28 07:05:00,آتا,TBZ5601,تبریز,نشست | پایان دریافت بار,4,,,MD83,فرودگاه مهرآباد,Domestic Arrival
2025-06-01 13:25:00,چابهار,IRU7641,مشهد,نشست | پایان دریافت بار,3,,EPSEB,MD83,فرودگاه مهرآباد,Domestic Arrival
2025-05-28 07:20:00,وارش,VRH5801,ساری,نشست | پایان دریافت بار,2,,EPVAF,737-700,فرودگاه مهرآباد,Domestic Arrival
2025-06-01 13:30:00,پارس ایر,PRS5423,اصفهان,نشست | پایان دریافت بار,3,,EPPAO,737,فرودگاه مهرآباد,Domestic Arrival
2025-06-01 13:50:00,آتا,TBZ5614,مشهد,نشست | پایان دریافت بار,6,,EPTAJ,MD83,فرودگاه مهرآباد,Domestic Arrival
2025-06-01 13:55:00,وارش,VRH5819,مشهد,نشست | پایان دریافت بار,4,,EPVAK,B737,فرودگاه مهرآباد,Domestic Arrival
2025-05-28 07:55:00,رایمون,RAI7511,رشت,نشست | پایان دریافت بار,1,,EPNEA,EMB145,فرودگاه مهرآباد,Domestic Arrival
2025-06-01 13:55:00,ماهان,IRM1088,شیراز,نشست | پایان دریافت بار,4,,EPMEI,RJ100,فرودگاه مهرآباد,Domestic Arrival
2025-06-01 14:05:00,کارون,KRU2529,لاوان,نشست | پایان دریافت بار,5,,EPMIS,F100,فرودگاه مهرآباد,Domestic Arrival
2025-06-01 14:15:00,آساجت,SJT8605,عسلویه,نشست | پایان دریافت بار,4,,EPRHO,EMB145,فرودگاه مهرآباد,Domestic Arrival
2025-05-28 08:00:00,آتا,TBZ5694,اهواز,نشست | پایان دریافت بار,3,,EPTAR,MD82,فرودگاه مهرآباد,Domestic Arrival
2025-06-01 14:15:00,پارس ایر,PRS4455,مشهد,نشست | پایان دریافت بار,2,,EPPAM,737,فرودگاه مهرآباد,Domestic Arrival
2025-06-01 14:20:00,چابهار,IRU7611,مشهد,نشست | پایان دریافت بار,2,,EPCBD,MD83,فرودگاه مهرآباد,Domestic Arrival
2025-06-01 14:25:00,قشم ایر,QSM1290,کرمانشاه,نشست | پایان دریافت بار,2,,EPFQU,RJ100,فرودگاه مهرآباد,Domestic Arrival
2025-06-01 14:30:00,آساجت,SJT8635,رشت,نشست | پایان دریافت بار,3,,EPJEK,EMB145,فرودگاه مهرآباد,Domestic Arrival
2025-06-01 14:30:00,کاسپین,CPN027,مشهد,نشست | پایان دریافت بار,7,,EPCPU,MD83,فرودگاه مهرآباد,Domestic Arrival
2025-06-01 14:35:00,ماهان,IRM1042,كيش,نشست | پایان دریافت بار,3,,EPMEE,747,فرودگاه مهرآباد,Domestic Arrival
2025-06-01 14:45:00,آتا,TBZ5630,مشهد,نشست | پایان دریافت بار,4,,EPTAH,737,فرودگاه مهرآباد,Domestic Arrival
2025-06-01 14:55:00,آتا,TBZ5628,اهواز,نشست | پایان دریافت بار,5,,EPTAR,MD83,فرودگاه مهرآباد,Domestic Arrival
2025-06-01 15:10:00,اطلس ایر,ATS8283,مشهد,نشست | پایان دریافت بار,3,,EPTHI,RJ85,فرودگاه مهرآباد,Domestic Arrival
2025-06-01 15:20:00,ایران ایر,IRA3384,سهند,نشست | پایان دریافت بار,1,,EPITM,F100,فرودگاه مهرآباد,Domestic Arrival
2025-06-01 15:30:00,زاگرس,IZG4041,مشهد,نشست | پایان دریافت بار,3,,EPZAG,MD83,فرودگاه مهرآباد,Domestic Arrival
2025-06-01 15:30:00,ایران ایر,IRA351,كيش,نشست | پایان دریافت بار,2,,EPCFR,F100,فرودگاه مهرآباد,Domestic Arrival
2025-06-01 15:35:00,کارون,KRU2585,عسلویه,نشست | پایان دریافت بار,6,,EPNFC,737,فرودگاه مهرآباد,Domestic Arrival
2025-05-28 08:00:00,تابان,TBN6257,مشهد,نشست | پایان دریافت بار,5,,EPTBB,MD.88,فرودگاه مهرآباد,Domestic Arrival
2025-06-01 15:50:00,چابهار,IRU7661,مشهد,نشست | پایان دریافت بار,2,,EPCBI,MD82,فرودگاه مهرآباد,Domestic Arrival
2025-06-01 15:55:00,اروان,INA6751,مشهد,نشست | پایان دریافت بار,3,,EPNSR,B737,فرودگاه مهرآباد,Domestic Arrival
2025-06-01 16:20:00,ایران ایرتور,IRB947,تبریز,نشست | پایان دریافت بار,6,,EPMDF,MD83,فرودگاه مهرآباد,Domestic Arrival
2025-06-01 16:20:00,کاسپین,CPN015,عسلویه,نشست | پایان دریافت بار,7,,EPCAS,MD83,فرودگاه مهرآباد,Domestic Arrival
2025-06-01 16:30:00,قشم ایر,QSM1203,عسلویه,نشست | پایان دریافت بار,5,,EPFQF,F100,فرودگاه مهرآباد,Domestic Arrival
2025-06-01 16:30:00,آسمان,IRC645,بندرعباس,نشست | پایان دریافت بار,4,,EPATE,F100,فرودگاه مهرآباد,Domestic Arrival
2025-06-01 16:35:00,وارش,VRH5919,عسلویه,نشست | پایان دریافت بار,4,,EPVAA,737-700,فرودگاه مهرآباد,Domestic Arrival
2025-06-01 16:35:00,یزد ایر,DZD9418,یزد,نشست | پایان دریافت بار,6,,,146-200,فرودگاه مهرآباد,Domestic Arrival
2025-06-01 16:40:00,ایران ایر,IRA310,اهواز,نشست | پایان دریافت بار,2,,EPIEP,A319,فرودگاه مهرآباد,Domestic Arrival
2025-06-01 16:40:00,ماهان,IRM1032,مشهد,نشست | پایان دریافت بار,2,,EPMOS,RJ85,فرودگاه مهرآباد,Domestic Arrival
2025-06-01 16:45:00,کیش ایر,KIS7092,عسلویه,نشست | پایان دریافت بار,1,,EPLCJ,MD83,فرودگاه مهرآباد,Domestic Arrival
2025-06-01 16:50:00,ایران ایر,IRA327,لارستان,نشست | پایان دریافت بار,4,,EPIEQ,A319,فرودگاه مهرآباد,Domestic Arrival
2025-06-01 17:00:00,تابان,TBN6255,مشهد,نشست | پایان دریافت بار,3,,EPSMA,MD.88,فرودگاه مهرآباد,Domestic Arrival
2025-06-01 17:00:00,آتا,TBZ5645,تبریز,نشست | پایان دریافت بار,3,,EPTAN,MD83,فرودگاه مهرآباد,Domestic Arrival
2025-06-01 17:03:00,رایمون,RAI7525,رشت,نشست | پایان دریافت بار,6,,EPNEB,EMB145,فرودگاه مهرآباد,Domestic Arrival
2025-06-01 17:20:00,ماهان,IRM4523,یاسوج,نشست | پایان دریافت بار,6,,EPMOH,146-200,فرودگاه مهرآباد,Domestic Arrival
2025-06-01 17:25:00,ماهان,IRM1005,خرم‌آباد,نشست | پایان دریافت بار,4,,EPMEU,146-200,فرودگاه مهرآباد,Domestic Arrival
2025-06-01 17:25:00,ماهان,IRM1003,ارومیه,نشست | پایان دریافت بار,3,,EPMOC,146-200,فرودگاه مهرآباد,Domestic Arrival
2025-06-01 17:30:00,ماهان,IRM1009,کرمانشاه,نشست | پایان دریافت بار,1,,EPMEI,RJ85,فرودگاه مهرآباد,Domestic Arrival
2025-06-01 17:40:00,پارس ایر,PRS4481,مشهد,نشست | پایان دریافت بار,4,,EPPRA,CRJ200,فرودگاه مهرآباد,Domestic Arrival
2025-06-01 17:50:00,قشم ایر,QSM1239,خارگ,نشست | پایان دریافت بار,3,,EPFQV,RJ100,فرودگاه مهرآباد,Domestic Arrival
2025-06-01 18:30:00,آتا,TBZ5639,تبریز,نشست | پایان دریافت بار,5,,EPTAL,MD83,فرودگاه مهرآباد,Domestic Arrival
2025-06-01 18:40:00,فلای پرشیا,FPI7404,شیراز,نشست | پایان دریافت بار,6,,EPFPA,737-700,فرودگاه مهرآباد,Domestic Arrival
2025-06-01 19:00:00,کیش ایر,KIS7054,كيش,نشست | پایان دریافت بار,1,,EPLCO,MD83,فرودگاه مهرآباد,Domestic Arrival
2025-06-01 19:05:00,کاسپین,CPN037,ارومیه,نشست | پایان دریافت بار,3,,EPKPC,737,فرودگاه مهرآباد,Domestic Arrival
2025-06-01 19:15:00,کیش ایر,KIS7124,كيش,نشست | پایان دریافت بار,4,,EPLCM,MD83,فرودگاه مهرآباد,Domestic Arrival
2025-06-01 19:35:00,قشم ایر,QSM1241,قشم,نشست | پایان دریافت بار,1,,EPFQI,F100,فرودگاه مهرآباد,Domestic Arrival
2025-06-01 19:55:00,آتا,TBZ5665,کرمان,نشست | پایان دریافت بار,5,,EPTAH,737,فرودگاه مهرآباد,Domestic Arrival
2025-06-01 19:55:00,کارون,KRU2603,اصفهان,نشست | پایان دریافت بار,3,,EPAWZ,F100,فرودگاه مهرآباد,Domestic Arrival
2025-06-01 20:00:00,آتا,TBZ5667,تبریز,نشست | پایان دریافت بار,4,,EPTAZ,MD83,فرودگاه مهرآباد,Domestic Arrival
2025-06-01 20:00:00,ایران ایرتور,IRB967,مشهد,نشست | پایان دریافت بار,2,,EPMDC,MD83,فرودگاه مهرآباد,Domestic Arrival
2025-06-01 20:05:00,کارون,KRU2609,یزد,نشست | پایان دریافت بار,6,,EPNFC,B737,فرودگاه مهرآباد,Domestic Arrival
2025-06-01 20:10:00,زاگرس,IZG4021,اهواز,نشست | پایان دریافت بار,4,,EPZAQ,MD83,فرودگاه مهرآباد,Domestic Arrival
2025-06-01 20:20:00,رایمون,RAI7515,عسلویه,نشست | پایان دریافت بار,2,,EPNEA,EMB145,فرودگاه مهرآباد,Domestic Arrival
2025-06-01 20:20:00,کاسپین,CPN6937,قشم,نشست | پایان دریافت بار,3,,EPCAQ,737,فرودگاه مهرآباد,Domestic Arrival
2025-06-01 20:30:00,آتا,TBZ5624,شیراز,نشست | پایان دریافت بار,3,,EPTAR,MD83,فرودگاه مهرآباد,Domestic Arrival
2025-06-01 20:35:00,آتا,TBZ5674,اهواز,نشست | پایان دریافت بار,4,,EPTAE,737,فرودگاه مهرآباد,Domestic Arrival
2025-06-01 20:40:00,پويا,PYA2341,شیراز,نشست | پایان دریافت بار,2,,EPPUO,EMB145,فرودگاه مهرآباد,Domestic Arrival
2025-06-01 20:50:00,چابهار,IRU7637,کرمانشاه,نشست | پایان دریافت بار,1,,EPSEB,MD83,فرودگاه مهرآباد,Domestic Arrival
2025-06-01 21:00:00,کارون,KRU2669,اهواز,نشست | پایان دریافت بار,1,,EPMIS,F100,فرودگاه مهرآباد,Domestic Arrival
2025-06-01 21:10:00,آسمان,IRC601,مشهد,نشست | پایان دریافت بار,1,,EPATE,F100,فرودگاه مهرآباد,Domestic Arrival
2025-06-01 21:15:00,یزد ایر,DZD9442,یزد,نشست | پایان دریافت بار,3,,EPMOH,146-200,فرودگاه مهرآباد,Domestic Arrival
2025-05-28 13:55:00,ساها,IRZ163,مشهد,نشست | پایان دریافت بار,3,,EPSIJ,737-700,فرودگاه مهرآباد,Domestic Arrival
2025-06-01 21:20:00,ماهان,IRM1066,کرمان,نشست | پایان دریافت بار,4,,EPMEA,RJ85,فرودگاه مهرآباد,Domestic Arrival
2025-06-01 21:25:00,کارون,KRU2613,اهواز,نشست | پایان دریافت بار,2,,EPJIA,737,فرودگاه مهرآباد,Domestic Arrival
2025-06-01 21:30:00,ماهان,IRM1027,اردبیل,نشست | پایان دریافت بار,6,,EPMOS,146-200,فرودگاه مهرآباد,Domestic Arrival
2025-06-01 21:45:00,کاسپین,CPN045,كيش,تاخیر,,,EPCAS,MD83,فرودگاه مهرآباد,Domestic Arrival
2025-06-01 22:10:00,وارش,VRH5897,ماهشهر,نشست | پایان دریافت بار,2,,EPVAA,B737,فرودگاه مهرآباد,Domestic Arrival
2025-06-01 22:15:00,پارس ایر,PRS5417,چابهار,باطل شد,,,,CRJ200,فرودگاه مهرآباد,Domestic Arrival
2025-06-01 22:35:00,ماهان,IRM1052,کرمان,نشست | دریافت بار از نقاله,4,,EPMOC,BAE146,فرودگاه مهرآباد,Domestic Arrival
2025-06-01 22:40:00,ماهان,IRM1080,مشهد,نشست | دریافت بار از نقاله,2,,EPMEU,146-200,فرودگاه مهرآباد,Domestic Arrival
2025-06-01 23:05:00,کیش ایر,KIS7034,اصفهان,نشست | پایان دریافت بار,4,,EPLCJ,MD83,فرودگاه مهرآباد,Domestic Arrival
2025-06-01 23:10:00,آتا,TBZ5730,مشهد,نشست,,,EPTAL,MD83,فرودگاه مهرآباد,Domestic Arrival
2025-06-01 23:25:00,ایران ایرتور,IRB913,بندرعباس,تاخیر,,,EPMDF,MD83,فرودگاه مهرآباد,Domestic Arrival
2025-06-01 23:25:00,ساها,IRZ157,شیراز,نشست | دریافت بار از نقاله,3,,EPSII,737-700,فرودگاه مهرآباد,Domestic Arrival
2025-06-01 23:30:00,فلای پرشیا,FPI7400,شیراز,تاخیر,,,EPFPA,737-700,فرودگاه مهرآباد,Domestic Arrival
2025-06-01 23:30:00,وارش,VRH5815,بندرعباس,نشست | دریافت بار از نقاله,1,,EPVAF,737-700,فرودگاه مهرآباد,Domestic Arrival
2025-06-01 23:35:00,وارش,VRH5841,مشهد,اعلام ورود,,,EPVBM,737-700,فرودگاه مهرآباد,Domestic Arrival
2025-06-01 23:45:00,قشم ایر,QSM1289,کرمان,نشست | دریافت بار از نقاله,1,,EPFQU,rj100,فرودگاه مهرآباد,Domestic Arrival
2025-06-01 23:45:00,زاگرس,IZG4011,شیراز,طبق برنامه,,,EPZAG,MD83,فرودگاه مهرآباد,Domestic Arrival
2025-06-01 23:50:00,معراج,MRJ2805,مشهد,اعلام ورود,,,EPSSN,A321,فرودگاه مهرآباد,Domestic Arrival
2025-06-01 23:50:00,آتا,TBZ5669,یزد,طبق برنامه,,,,MD83,فرودگاه مهرآباد,Domestic Arrival
2025-06-02 00:10:00,کارون,KRU2621,اهواز,طبق برنامه,,,EPNFC,737,فرودگاه مهرآباد,Domestic Arrival
2025-06-02 00:20:00,ایران ایر,IRA217,بیرجند,طبق برنامه,,,EPCFR,F100,فرودگاه مهرآباد,Domestic Arrival
2025-06-02 00:25:00,ساها,IRZ173,بوشهر,طبق برنامه,,,EPSIJ,737-700,فرودگاه مهرآباد,Domestic Arrival
2025-05-28 14:00:00,ایران ایرتور,IRB947,تبریز,نشست | پایان دریافت بار,4,,,MD83,فرودگاه مهرآباد,Domestic Arrival
2025-05-28 17:55:00,اطلس ایر,ATS8282,بوشهر,باطل شد,,,,RJ85,فرودگاه مهرآباد,Domestic Arrival
2025-06-02 00:30:00,آتا,TBZ5689,آبادان,طبق برنامه,,,EPTAH,MD83,فرودگاه مهرآباد,Domestic Arrival
2025-06-02 00:30:00,وارش,VRH5873,بوشهر,طبق برنامه,,,EPVAK,737-700,فرودگاه مهرآباد,Domestic Arrival
2025-06-02 00:35:00,کاسپین,CPN025,مشهد,طبق برنامه,,,EPCPU,MD83,فرودگاه مهرآباد,Domestic Arrival
2025-06-02 00:40:00,چابهار,IRU7613,زاهدان,تاخیر,,,EPCBD,MD83,فرودگاه مهرآباد,Domestic Arrival
2025-06-02 00:45:00,کیش ایر,KIS7080,كيش,طبق برنامه,,,,MD83,فرودگاه مهرآباد,Domestic Arrival
2025-06-02 00:50:00,کیش ایر,KIS7052,كيش,طبق برنامه,,,,MD83,فرودگاه مهرآباد,Domestic Arrival
2025-06-02 00:55:00,کارون,KRU2611,دزفول,طبق برنامه,,,EPMIS,F100,فرودگاه مهرآباد,Domestic Arrival
2025-06-02 00:55:00,کاسپین,CPN6901,بوشهر,طبق برنامه,,,EPCAQ,737,فرودگاه مهرآباد,Domestic Arrival
2025-06-02 01:00:00,ماهان,IRM4540,زاهدان,طبق برنامه,,,EPMEI,146-200,فرودگاه مهرآباد,Domestic Arrival
2025-06-02 01:05:00,آتا,TBZ5636,اهواز,طبق برنامه,,,EPTAR,MD83,فرودگاه مهرآباد,Domestic Arrival
2025-06-02 01:05:00,ایران ایر,IRA467,مشهد,طبق برنامه,,,,A319,فرودگاه مهرآباد,Domestic Arrival
2025-06-02 01:10:00,آتا,TBZ5618,مشهد,تاخیر,,,EPTAE,737,فرودگاه مهرآباد,Domestic Arrival
2025-06-02 01:20:00,اطلس ایر,ATS8289,مشهد,طبق برنامه,,,EPLEE,737-700,فرودگاه مهرآباد,Domestic Arrival
2025-06-02 01:45:00,وارش,VRH5851,اهواز,طبق برنامه,,,EPVAA,B737,فرودگاه مهرآباد,Domestic Arrival
2025-06-02 01:45:00,زاگرس,IZG4051,بندرعباس,طبق برنامه,,,EPZAQ,MD83,فرودگاه مهرآباد,Domestic Arrival
2025-06-02 02:05:00,آسمان,IRC3785,شیراز,طبق برنامه,,,EPATE,F100,فرودگاه مهرآباد,Domestic Arrival
2025-06-02 02:30:00,پارس ایر,PRS4495,آبادان,طبق برنامه,,,EPPAO,737,فرودگاه مهرآباد,Domestic Arrival
2025-06-02 05:15:00,کیش ایر,KIS7068,مشهد,طبق برنامه,,,EPLCK,MD83,فرودگاه مهرآباد,Domestic Arrival
2025-06-02 06:25:00,آسمان,IRC3770,شیراز,طبق برنامه,,,,F100,فرودگاه مهرآباد,Domestic Arrival
2025-06-02 06:55:00,ماهان,IRM1050,کرمان,طبق برنامه,,,,AB6,فرودگاه مهرآباد,Domestic Arrival
2025-06-02 07:00:00,ماهان,IRM1070,زاهدان,طبق برنامه,,,EPMEA,AB6,فرودگاه مهرآباد,Domestic Arrival
2025-06-02 07:00:00,آتا,TBZ5601,تبریز,طبق برنامه,,,,MD83,فرودگاه مهرآباد,Domestic Arrival
2025-06-02 07:15:00,وارش,VRH5801,ساری,طبق برنامه,,,,737-700,فرودگاه مهرآباد,Domestic Arrival
2025-06-02 07:15:00,یزد ایر,DZD9440,یزد,طبق برنامه,,,,146-200,فرودگاه مهرآباد,Domestic Arrival
2025-06-02 07:30:00,زاگرس,IZG4023,اهواز,طبق برنامه,,,,MD83,فرودگاه مهرآباد,Domestic Arrival
2025-06-02 07:30:00,ایران ایرتور,IRB961,مشهد,طبق برنامه,,,,MD83,فرودگاه مهرآباد,Domestic Arrival
2025-06-02 07:40:00,ماهان,IRM1036,مشهد,طبق برنامه,,,,AB6,فرودگاه مهرآباد,Domestic Arrival
2025-06-02 08:10:00,آتا,TBZ5636,اهواز,طبق برنامه,,,,MD83,فرودگاه مهرآباد,Domestic Arrival
2025-06-02 08:15:00,کیش ایر,KIS7084,یزد,طبق برنامه,,,,MD82,فرودگاه مهرآباد,Domestic Arrival
2025-06-02 08:25:00,رایمون,RAI7511,رشت,طبق برنامه,,,EPNEA,EMB145,فرودگاه مهرآباد,Domestic Arrival
2025-06-02 08:25:00,پارس ایر,PRS4493,آغاجاری,طبق برنامه,,,,CRJ200,فرودگاه مهرآباد,Domestic Arrival
2025-06-02 08:30:00,وارش,VRH5853,اهواز,طبق برنامه,,,,B737,فرودگاه مهرآباد,Domestic Arrival
2025-06-02 08:35:00,آسمان,IRC841,ایلام,طبق برنامه,,,,F100,فرودگاه مهرآباد,Domestic Arrival
2025-06-02 08:40:00,فلای پرشیا,FPI7427,اهواز,طبق برنامه,,,,B737,فرودگاه مهرآباد,Domestic Arrival
2025-05-28 20:00:00,آتا,TBZ5667,تبریز,نشست | پایان دریافت بار,3,,EPTAZ,MD83,فرودگاه مهرآباد,Domestic Arrival
2025-06-02 09:00:00,چابهار,IRU7673,کرمان,طبق برنامه,,,,MD83,فرودگاه مهرآباد,Domestic Arrival
2025-06-02 09:00:00,آتا,TBZ5678,ارومیه,طبق برنامه,,,,MD83,فرودگاه مهرآباد,Domestic Arrival
2025-06-02 09:05:00,ایران ایر,IRA342,تبریز,طبق برنامه,,,,F100,فرودگاه مهرآباد,Domestic Arrival
2025-06-02 09:20:00,آتا,TBZ5609,تبریز,طبق برنامه,,,,MD83,فرودگاه مهرآباد,Domestic Arrival
2025-06-02 09:30:00,چابهار,IRU7627,شیراز,طبق برنامه,,,,MD83,فرودگاه مهرآباد,Domestic Arrival
2025-06-02 10:00:00,آتا,TBZ5720,مشهد,طبق برنامه,,,,MD83,فرودگاه مهرآباد,Domestic Arrival
2025-05-28 20:05:00,ایران ایرتور,IRB981,ارومیه,نشست | پایان دریافت بار,2,,EPMDC,MD83,فرودگاه مهرآباد,Domestic Arrival
2025-06-02 10:05:00,کیش ایر,KIS7008,عسلویه,طبق برنامه,,,,MD83,فرودگاه مهرآباد,Domestic Arrival
2025-06-02 10:05:00,معراج,MRJ2824,تبریز,طبق برنامه,,,,A320,فرودگاه مهرآباد,Domestic Arrival
2025-06-02 10:10:00,کارون,KRU2585,عسلویه,طبق برنامه,,,,F100,فرودگاه مهرآباد,Domestic Arrival
2025-06-02 10:15:00,کارون,KRU2583,بهرگان,طبق برنامه,,,,F100,فرودگاه مهرآباد,Domestic Arrival
2025-06-02 10:20:00,کاسپین,CPN6979,لامرد,طبق برنامه,,,,MD83,فرودگاه مهرآباد,Domestic Arrival
2025-06-02 10:25:00,زاگرس,IZG4061,بوشهر,طبق برنامه,,,,MD83,فرودگاه مهرآباد,Domestic Arrival
2025-06-02 10:30:00,قشم ایر,QSM1203,عسلویه,طبق برنامه,,,,F100,فرودگاه مهرآباد,Domestic Arrival
2025-05-28 20:20:00,کاسپین,CPN6983,لارستان,نشست | پایان دریافت بار,6,,EPCPU,MD83,فرودگاه مهرآباد,Domestic Arrival
2025-06-02 10:40:00,کاسپین,CPN015,عسلویه,طبق برنامه,,,,MD83,فرودگاه مهرآباد,Domestic Arrival
2025-06-02 10:55:00,آتا,TBZ5663,کرمان,طبق برنامه,,,,MD83,فرودگاه مهرآباد,Domestic Arrival
2025-06-02 11:00:00,وارش,VRH5859,چابهار,طبق برنامه,,,,B737,فرودگاه مهرآباد,Domestic Arrival
2025-06-02 11:05:00,ایران ایرتور,IRB913,بندرعباس,طبق برنامه,,,,MD83,فرودگاه مهرآباد,Domestic Arrival
2025-06-02 11:10:00,ماهان,IRM4537,اردبیل,طبق برنامه,,,,146-200,فرودگاه مهرآباد,Domestic Arrival
2025-06-02 11:30:00,قشم ایر,QSM1287,ایلام,طبق برنامه,,,,F100,فرودگاه مهرآباد,Domestic Arrival
2025-06-02 11:45:00,اطلس ایر,ATS8294,بندرعباس,طبق برنامه,,,,737-700,فرودگاه مهرآباد,Domestic Arrival
2025-06-02 12:05:00,وارش,VRH5903,مشهد,طبق برنامه,,,,B737,فرودگاه مهرآباد,Domestic Arrival
2025-06-02 12:05:00,آتا,TBZ5694,اهواز,طبق برنامه,,,,MD82,فرودگاه مهرآباد,Domestic Arrival
2025-06-02 12:20:00,آتا,TBZ5699,مشهد,طبق برنامه,,,,md83,فرودگاه مهرآباد,Domestic Arrival
2025-06-02 12:30:00,ماهان,IRM1054,کرمان,طبق برنامه,,,,AB6,فرودگاه مهرآباد,Domestic Arrival
2025-06-02 12:40:00,آسمان,IRC641,تبریز,طبق برنامه,,,,F100,فرودگاه مهرآباد,Domestic Arrival
2025-06-02 12:45:00,کیش ایر,KIS7104,آبادان,طبق برنامه,,,,MD82,فرودگاه مهرآباد,Domestic Arrival
2025-06-02 13:00:00,ماهان,IRM1094,بندرعباس,طبق برنامه,,,,146-200,فرودگاه مهرآباد,Domestic Arrival
2025-06-02 13:00:00,زاگرس,IZG4031,كيش,طبق برنامه,,,,MD83,فرودگاه مهرآباد,Domestic Arrival
2025-06-02 13:20:00,چابهار,IRU7641,مشهد,طبق برنامه,,,,MD83,فرودگاه مهرآباد,Domestic Arrival
2025-06-02 13:20:00,ایران ایر,IRA320,خرم‌آباد,طبق برنامه,,,,F100,فرودگاه مهرآباد,Domestic Arrival
2025-06-02 13:25:00,آساجت,SJT8617,اصفهان,طبق برنامه,,,,EMB145,فرودگاه مهرآباد,Domestic Arrival
2025-06-02 13:35:00,وارش,VRH5819,مشهد,طبق برنامه,,,,B737,فرودگاه مهرآباد,Domestic Arrival
2025-06-02 13:35:00,آتا,TBZ5688,بوشهر,طبق برنامه,,,,B737,فرودگاه مهرآباد,Domestic Arrival
2025-06-02 13:40:00,آوا,AXV7731,مشهد,طبق برنامه,,,,B737,فرودگاه مهرآباد,Domestic Arrival
2025-06-02 13:40:00,ساها,IRZ159,شیراز,طبق برنامه,,,,737-700,فرودگاه مهرآباد,Domestic Arrival
2025-06-02 13:50:00,رایمون,RAI7515,عسلویه,طبق برنامه,,,,EMB145,فرودگاه مهرآباد,Domestic Arrival
2025-06-02 14:00:00,کارون,KRU2643,اهواز,طبق برنامه,,,,F100,فرودگاه مهرآباد,Domestic Arrival
2025-06-02 14:00:00,آتا,TBZ5630,مشهد,طبق برنامه,,,,MD83,فرودگاه مهرآباد,Domestic Arrival
2025-06-02 14:10:00,آتا,TBZ5618,مشهد,طبق برنامه,,,,MD83,فرودگاه مهرآباد,Domestic Arrival
2025-06-02 14:15:00,چابهار,IRU7611,مشهد,طبق برنامه,,,,MD83,فرودگاه مهرآباد,Domestic Arrival
2025-06-02 14:20:00,کارون,KRU2507,ماهشهر,طبق برنامه,,,,F100,فرودگاه مهرآباد,Domestic Arrival
2025-06-02 14:20:00,فلای پرشیا,FPI7425,قشم,طبق برنامه,,,,B737,فرودگاه مهرآباد,Domestic Arrival
2025-06-02 14:25:00,چابهار,IRU7661,مشهد,طبق برنامه,,,,MD83,فرودگاه مهرآباد,Domestic Arrival
2025-06-02 14:30:00,پارس ایر,PRS4427,شیراز,طبق برنامه,,,,CRJ200,فرودگاه مهرآباد,Domestic Arrival
2025-06-02 14:35:00,یزد ایر,DZD6894,شیراز,طبق برنامه,,,,146-200,فرودگاه مهرآباد,Domestic Arrival
2025-06-02 14:50:00,کاسپین,CPN025,مشهد,طبق برنامه,,,,MD83,فرودگاه مهرآباد,Domestic Arrival
2025-06-02 14:50:00,کاسپین,CPN037,ارومیه,طبق برنامه,,,,MD83,فرودگاه مهرآباد,Domestic Arrival
2025-06-02 15:00:00,اطلس ایر,ATS8283,مشهد,طبق برنامه,,,,RJ85,فرودگاه مهرآباد,Domestic Arrival
2025-06-02 15:00:00,آساجت,SJT8635,رشت,طبق برنامه,,,,EMB145,فرودگاه مهرآباد,Domestic Arrival
2025-06-02 15:05:00,کیش ایر,KIS7192,عسلویه,طبق برنامه,,,,MD83,فرودگاه مهرآباد,Domestic Arrival
2025-06-02 15:10:00,پارس ایر,PRS5401,مشهد,طبق برنامه,,,,737-700,فرودگاه مهرآباد,Domestic Arrival
2025-06-02 15:10:00,پويا,PYA2349,بندرعباس,طبق برنامه,,,,EMB145,فرودگاه مهرآباد,Domestic Arrival
2025-06-02 15:20:00,آتا,TBZ5660,كيش,طبق برنامه,,,,MD83,فرودگاه مهرآباد,Domestic Arrival
2025-06-02 15:30:00,زاگرس,IZG4041,مشهد,طبق برنامه,,,,MD83,فرودگاه مهرآباد,Domestic Arrival
2025-06-02 15:35:00,قشم ایر,QSM1290,کرمانشاه,طبق برنامه,,,,F100,فرودگاه مهرآباد,Domestic Arrival
2025-06-02 15:45:00,آتا,TBZ5614,مشهد,طبق برنامه,,,,MD83,فرودگاه مهرآباد,Domestic Arrival
2025-06-02 15:55:00,قشم ایر,QSM1213,دزفول,طبق برنامه,,,,F100,فرودگاه مهرآباد,Domestic Arrival
2025-06-02 15:55:00,اروان,INA6751,مشهد,طبق برنامه,,,,737-700,فرودگاه مهرآباد,Domestic Arrival
2025-06-02 16:00:00,ماهان,IRM1084,زابل,طبق برنامه,,,,146-200,فرودگاه مهرآباد,Domestic Arrival
2025-06-02 16:15:00,کیش ایر,KIS7054,كيش,طبق برنامه,,,,MD83,فرودگاه مهرآباد,Domestic Arrival
2025-06-02 16:30:00,قشم ایر,QSM1261,شیراز,طبق برنامه,,,,F100,فرودگاه مهرآباد,Domestic Arrival
2025-06-02 16:40:00,ماهان,IRM1032,مشهد,طبق برنامه,,,,AB6,فرودگاه مهرآباد,Domestic Arrival
2025-06-02 16:55:00,ماهان,IRM1009,کرمانشاه,طبق برنامه,,,,RJ85,فرودگاه مهرآباد,Domestic Arrival
2025-06-02 17:00:00,آتا,TBZ5645,تبریز,طبق برنامه,,,,MD83,فرودگاه مهرآباد,Domestic Arrival
2025-06-02 17:25:00,ماهان,IRM1003,ارومیه,طبق برنامه,,,,146-200,فرودگاه مهرآباد,Domestic Arrival
2025-06-02 17:35:00,ایران ایرتور,IRB963,مشهد,طبق برنامه,,,,MD83,فرودگاه مهرآباد,Domestic Arrival
2025-06-02 17:35:00,رایمون,RAI7513,اصفهان,طبق برنامه,,,,EMB145,فرودگاه مهرآباد,Domestic Arrival
2025-06-02 17:50:00,ماهان,IRM1022,كيش,طبق برنامه,,,,146-200,فرودگاه مهرآباد,Domestic Arrival
2025-06-02 18:00:00,ماهان,IRM4524,چابهار,طبق برنامه,,,,146-200,فرودگاه مهرآباد,Domestic Arrival
2025-06-02 18:10:00,ایران ایرتور,IRB917,كيش,طبق برنامه,,,,MD83,فرودگاه مهرآباد,Domestic Arrival
2025-06-02 18:15:00,ایران ایر,IRA496,اردبیل,طبق برنامه,,,,F100,فرودگاه مهرآباد,Domestic Arrival
2025-06-02 18:15:00,تابان,TBN6251,مشهد,طبق برنامه,,,,MD.88,فرودگاه مهرآباد,Domestic Arrival
2025-06-02 18:20:00,ماهان,IRM4582,زنجان,طبق برنامه,,,,BAE146,فرودگاه مهرآباد,Domestic Arrival
2025-06-02 18:30:00,آتا,TBZ5639,تبریز,طبق برنامه,,,,MD83,فرودگاه مهرآباد,Domestic Arrival
2025-06-02 18:45:00,آسمان,IRC3711,اردبیل,طبق برنامه,,,,F100,فرودگاه مهرآباد,Domestic Arrival
2025-06-02 18:50:00,آساجت,SJT8625,یزد,طبق برنامه,,,,EMB145,فرودگاه مهرآباد,Domestic Arrival
2025-06-02 18:50:00,آسمان,IRC3776,شیراز,طبق برنامه,,,,F100,فرودگاه مهرآباد,Domestic Arrival
2025-06-02 18:55:00,کیش ایر,KIS7052,كيش,طبق برنامه,,,,MD83,فرودگاه مهرآباد,Domestic Arrival
2025-06-02 19:00:00,پويا,PYA2351,کرمان,طبق برنامه,,,,EMB145,فرودگاه مهرآباد,Domestic Arrival
2025-06-02 19:00:00,کاسپین,CPN045,كيش,طبق برنامه,,,,MD83,فرودگاه مهرآباد,Domestic Arrival
2025-06-02 19:15:00,کاسپین,CPN027,مشهد,طبق برنامه,,,,MD83,فرودگاه مهرآباد,Domestic Arrival
2025-06-02 19:30:00,آتا,TBZ5620,مشهد,طبق برنامه,,,,MD83,فرودگاه مهرآباد,Domestic Arrival
2025-06-02 19:50:00,ماهان,IRM1078,کرمان,طبق برنامه,,,,146-200,فرودگاه مهرآباد,Domestic Arrival
2025-06-02 20:00:00,آتا,TBZ5665,کرمان,طبق برنامه,,,,MD83,فرودگاه مهرآباد,Domestic Arrival
2025-06-02 20:00:00,زاگرس,IZG4021,اهواز,طبق برنامه,,,,MD83,فرودگاه مهرآباد,Domestic Arrival
2025-06-02 20:05:00,آتا,TBZ5667,تبریز,طبق برنامه,,,,MD83,فرودگاه مهرآباد,Domestic Arrival
2025-06-02 20:15:00,کارون,KRU2609,یزد,طبق برنامه,,,,B737,فرودگاه مهرآباد,Domestic Arrival
2025-06-02 20:25:00,کیش ایر,KIS7028,كيش,طبق برنامه,,,,MD83,فرودگاه مهرآباد,Domestic Arrival
2025-06-02 20:35:00,آتا,TBZ5674,اهواز,طبق برنامه,,,,MD83,فرودگاه مهرآباد,Domestic Arrival
2025-06-02 20:40:00,کیش ایر,KIS7030,اهواز,طبق برنامه,,,,MD82,فرودگاه مهرآباد,Domestic Arrival
2025-06-02 20:40:00,یزد ایر,DZD9400,ارومیه,طبق برنامه,,,,146-200,فرودگاه مهرآباد,Domestic Arrival
2025-06-02 20:50:00,آتا,TBZ5624,شیراز,طبق برنامه,,,,MD83,فرودگاه مهرآباد,Domestic Arrival
2025-06-02 21:00:00,اطلس ایر,ATS8289,مشهد,طبق برنامه,,,,737-700,فرودگاه مهرآباد,Domestic Arrival
2025-06-02 21:05:00,پارس ایر,PRS4463,سیرجان,طبق برنامه,,,,737-700,فرودگاه مهرآباد,Domestic Arrival
2025-06-02 21:10:00,کارون,KRU2629,شیراز,طبق برنامه,,,,F100,فرودگاه مهرآباد,Domestic Arrival
2025-06-02 21:10:00,پويا,PYA2319,کرمانشاه,طبق برنامه,,,,EMB145,فرودگاه مهرآباد,Domestic Arrival
2025-06-02 21:15:00,قشم ایر,QSM1253,مشهد,طبق برنامه,,,,F100,فرودگاه مهرآباد,Domestic Arrival
2025-06-02 21:15:00,کارون,KRU2509,ماهشهر,طبق برنامه,,,,F100,فرودگاه مهرآباد,Domestic Arrival
2025-06-02 21:20:00,ماهان,IRM1066,کرمان,طبق برنامه,,,,AB6,فرودگاه مهرآباد,Domestic Arrival
2025-06-02 21:25:00,چابهار,IRU7651,مشهد,طبق برنامه,,,,MD83,فرودگاه مهرآباد,Domestic Arrival
2025-06-02 21:25:00,یزد ایر,DZD9442,یزد,طبق برنامه,,,,146-200,فرودگاه مهرآباد,Domestic Arrival
2025-06-02 21:30:00,اطلس ایر,ATS8292,یزد,طبق برنامه,,,,737-700,فرودگاه مهرآباد,Domestic Arrival
2025-06-02 21:30:00,ماهان,IRM1027,اردبیل,طبق برنامه,,,,146-200,فرودگاه مهرآباد,Domestic Arrival
2025-06-02 22:00:00,قشم ایر,QSM1221,بندرعباس,طبق برنامه,,,,F100,فرودگاه مهرآباد,Domestic Arrival
2025-06-02 22:00:00,ایران ایر,IRA233,شیراز,طبق برنامه,,,,F100,فرودگاه مهرآباد,Domestic Arrival
2025-06-02 22:10:00,ماهان,IRM1001,تبریز,طبق برنامه,,,,146-200,فرودگاه مهرآباد,Domestic Arrival
2025-06-02 22:20:00,ایران ایر,IRA247,گرگان,طبق برنامه,,,,F100,فرودگاه مهرآباد,Domestic Arrival
2025-06-02 22:30:00,ایران ایرتور,IRB947,تبریز,طبق برنامه,,,,MD83,فرودگاه مهرآباد,Domestic Arrival
2025-06-02 22:35:00,آتا,TBZ5680,ارومیه,طبق برنامه,,,,MD83,فرودگاه مهرآباد,Domestic Arrival
2025-06-02 22:35:00,ماهان,IRM1052,کرمان,طبق برنامه,,,,AB6,فرودگاه مهرآباد,Domestic Arrival
2025-06-02 22:45:00,تابان,TBN6325,مشهد,طبق برنامه,,,,MD.88,فرودگاه مهرآباد,Domestic Arrival
2025-06-02 22:55:00,وارش,VRH5815,بندرعباس,طبق برنامه,,,,737-700,فرودگاه مهرآباد,Domestic Arrival
2025-06-02 23:00:00,ایران ایرتور,IRB971,بوشهر,طبق برنامه,,,,MD83,فرودگاه مهرآباد,Domestic Arrival
2025-06-02 23:25:00,ساها,IRZ157,شیراز,طبق برنامه,,,,737-700,فرودگاه مهرآباد,Domestic Arrival
2025-06-02 23:35:00,آتا,TBZ5626,اهواز,طبق برنامه,,,,MD83,فرودگاه مهرآباد,Domestic Arrival
2025-06-02 23:35:00,وارش,VRH5841,مشهد,طبق برنامه,,,,737-700,فرودگاه مهرآباد,Domestic Arrival
2025-06-02 23:40:00,آسمان,IRC603,مشهد,طبق برنامه,,,,F100,فرودگاه مهرآباد,Domestic Arrival
2025-06-02 23:45:00,فلای پرشیا,FPI7404,شیراز,طبق برنامه,,,,B737,فرودگاه مهرآباد,Domestic Arrival
2025-06-02 23:50:00,کارون,KRU2611,دزفول,طبق برنامه,,,,F100,فرودگاه مهرآباد,Domestic Arrival
2025-06-02 23:50:00,زاگرس,IZG4011,شیراز,طبق برنامه,,,,MD83,فرودگاه مهرآباد,Domestic Arrival
2025-06-01 19:45:00,ماهان,IRM1077,کرمان,نشست | پایان دریافت بار,4,2025-06-01 19:30:00,,BAE100,فرودگاه مشهد,Domestic Arrival
2025-06-01 20:00:00,آتا,TBZ5708,یزد,نشست | پایان دریافت بار,2,2025-06-01 21:05:00,,MD80,فرودگاه مشهد,Domestic Arrival
2025-06-01 20:10:00,ماهان,IRM1081,تهران,نشست | پایان دریافت بار,3,2025-06-01 20:20:00,,BAE100,فرودگاه مشهد,Domestic Arrival
2025-06-01 20:20:00,ایران ایر,IRA386,بیرجند,نشست | پایان دریافت بار,5,2025-06-01 20:10:00,,F100,فرودگاه مشهد,Domestic Arrival
2025-06-01 20:30:00,آتا,TBZ5749,اصفهان,نشست | پایان دریافت بار,1,2025-06-01 20:15:00,,MD80,فرودگاه مشهد,Domestic Arrival
2025-06-01 20:50:00,آتا,TBZ5729,تهران,نشست | پایان دریافت بار,5,2025-06-01 21:05:00,,MD80,فرودگاه مشهد,Domestic Arrival
2025-06-01 21:10:00,آتا,TBZ5718,رشت,نشست | پایان دریافت بار,1,2025-06-01 21:20:00,,MD80,فرودگاه مشهد,Domestic Arrival
2025-06-01 21:15:00,زاگرس,IZG4121,اهواز,نشست | پایان دریافت بار,8,2025-06-01 21:40:00,,MD82,فرودگاه مشهد,Domestic Arrival
2025-06-01 21:15:00,هواپیمایی پارس,PRS4414,آبادان,نشست | پایان دریافت بار,3,2025-06-01 21:50:00,,B737,فرودگاه مشهد,Domestic Arrival
2025-06-01 21:15:00,وارش,VRH5811,اهواز,نشست | پایان دریافت بار,6,2025-06-01 21:30:00,,B737,فرودگاه مشهد,Domestic Arrival
2025-06-01 21:30:00,معراج,MRJ2804,تهران,نشست | پایان دریافت بار,3,2025-06-01 21:20:00,,A321,فرودگاه مشهد,Domestic Arrival
2025-06-01 21:30:00,وارش,VRH5902,تهران,نشست | پایان دریافت بار,7,2025-06-01 21:25:00,,B737,فرودگاه مشهد,Domestic Arrival
2025-06-01 21:30:00,آوا,AXV7730,تهران,نشست | دریافت بار از نقاله,5,2025-06-01 23:30:00,,B737,فرودگاه مشهد,Domestic Arrival
2025-06-01 22:00:00,کیش ایر,KIS7069,تهران,نشست | پایان دریافت بار,1,2025-06-01 22:45:00,,MD82,فرودگاه مشهد,Domestic Arrival
2025-06-01 22:15:00,ماهان,IRM1037,تهران,نشست | پایان دریافت بار,3,2025-06-01 22:35:00,,747,فرودگاه مشهد,Domestic Arrival
2025-06-01 22:25:00,کاسپین,CPN4923,همدان,نشست | پایان دریافت بار,4,2025-06-01 22:15:00,,MD82,فرودگاه مشهد,Domestic Arrival
2025-06-01 22:30:00,ایران ایرتور,IRB966,تهران,نشست | پایان دریافت بار,2,2025-06-01 22:30:00,,MD82,فرودگاه مشهد,Domestic Arrival
2025-06-01 22:40:00,ایران ایر,IRA334,اهواز,نشست | پایان دریافت بار,5,2025-06-01 22:30:00,,A319,فرودگاه مشهد,Domestic Arrival
2025-06-01 22:50:00,آتا,TBZ5617,تهران,تاخیر,,,,MD80,فرودگاه مشهد,Domestic Arrival
2025-06-01 23:00:00,هواپیمایی اطلس,ATS8287,آبادان,نشست | دریافت بار از نقاله,3,2025-06-01 23:15:00,,B737,فرودگاه مشهد,Domestic Arrival
2025-06-02 00:30:00,آتا,TBZ5676,اصفهان,طبق برنامه,,,,MD80,فرودگاه مشهد,Domestic Arrival
2025-06-02 00:30:00,زاگرس,IZG4141,اصفهان,طبق برنامه,,,,MD82,فرودگاه مشهد,Domestic Arrival
2025-06-02 01:00:00,تابان,TBN6252,تهران,باطل شد,,,,MD.88,فرودگاه مشهد,Domestic Arrival
2025-06-02 01:25:00,تابان,TBN6234,شیراز,طبق برنامه,,,,MD.88,فرودگاه مشهد,Domestic Arrival
2025-06-02 01:30:00,ایران ایرتور,IRB977,آبادان,طبق برنامه,,,,MD82,فرودگاه مشهد,Domestic Arrival
2025-06-02 02:10:00,آتا,TBZ5648,آبادان,طبق برنامه,,,,MD80,فرودگاه مشهد,Domestic Arrival
2025-06-02 03:00:00,کیش ایر,KIS7058,شیراز,طبق برنامه,,,,MD82,فرودگاه مشهد,Domestic Arrival
2025-06-02 03:40:00,سپهران,SHI4347,آبادان,طبق برنامه,,,,B737,فرودگاه مشهد,Domestic Arrival
2025-06-02 03:50:00,آوا,AXV7749,اهواز,طبق برنامه,,,,B737,فرودگاه مشهد,Domestic Arrival
2025-06-02 06:30:00,وارش,VRH5818,تهران,طبق برنامه,,,,B737,فرودگاه مشهد,Domestic Arrival
2025-06-02 07:00:00,هواپیمایی پارس,PRS5400,تهران,طبق برنامه,,,,B737,فرودگاه مشهد,Domestic Arrival
2025-06-02 07:00:00,آتا,TBZ5617,تهران,طبق برنامه,,,,MD80,فرودگاه مشهد,Domestic Arrival
2025-06-02 07:05:00,کاسپین,CPN024,تهران,طبق برنامه,,,,MD83,فرودگاه مشهد,Domestic Arrival
2025-06-02 07:45:00,اروان,INA6750,تهران,طبق برنامه,,,,B737,فرودگاه مشهد,Domestic Arrival
2025-06-02 08:00:00,ماهان,IRM1033,تهران,طبق برنامه,,,,BAE100,فرودگاه مشهد,Domestic Arrival
2025-06-02 09:35:00,کارون,KRU2554,ماهشهر,طبق برنامه,,,,B737,فرودگاه مشهد,Domestic Arrival
2025-06-02 09:40:00,زاگرس,IZG4107,آبادان,طبق برنامه,,,,MD82,فرودگاه مشهد,Domestic Arrival
2025-06-02 09:45:00,وارش,VRH5902,تهران,طبق برنامه,,,,B737,فرودگاه مشهد,Domestic Arrival
2025-06-02 09:55:00,تابان,TBN6210,اصفهان,طبق برنامه,,,,MD.88,فرودگاه مشهد,Domestic Arrival
2025-06-02 10:00:00,آتا,TBZ5652,اصفهان,طبق برنامه,,,,MD80,فرودگاه مشهد,Domestic Arrival
2025-06-02 10:00:00,کیش ایر,KIS7072,كيش,طبق برنامه,,,,A321,فرودگاه مشهد,Domestic Arrival
2025-06-02 10:00:00,ایران ایرتور,IRB960,تهران,طبق برنامه,,,,MD82,فرودگاه مشهد,Domestic Arrival
2025-06-02 10:35:00,ماهان,IRM1040,زابل,طبق برنامه,,,,BAE100,فرودگاه مشهد,Domestic Arrival
2025-06-02 10:50:00,سپهران,SHI4359,کرمانشاه,طبق برنامه,,,,B737,فرودگاه مشهد,Domestic Arrival
2025-06-02 11:00:00,چابهار,IRU7640,تهران,طبق برنامه,,,,MD83,فرودگاه مشهد,Domestic Arrival
2025-06-02 11:00:00,ایران ایرتور,IRB905,رشت,طبق برنامه,,,,MD82,فرودگاه مشهد,Domestic Arrival
2025-06-02 11:30:00,وارش,VRH5855,اصفهان,طبق برنامه,,,,B737,فرودگاه مشهد,Domestic Arrival
2025-06-02 11:30:00,چابهار,IRU7660,تهران,طبق برنامه,,,,MD83,فرودگاه مشهد,Domestic Arrival
2025-06-02 11:30:00,وارش,VRH5840,تهران,طبق برنامه,,,,B737,فرودگاه مشهد,Domestic Arrival
2025-06-02 11:40:00,آتا,TBZ5629,تهران,طبق برنامه,,,,MD80,فرودگاه مشهد,Domestic Arrival
2025-06-02 12:00:00,آتا,TBZ5716,رامسر,طبق برنامه,,,,MD80,فرودگاه مشهد,Domestic Arrival
2025-06-02 12:00:00,آتا,TBZ5615,تبریز,طبق برنامه,,,,MD80,فرودگاه مشهد,Domestic Arrival
2025-06-02 12:00:00,چابهار,IRU7610,تهران,طبق برنامه,,,,MD82,فرودگاه مشهد,Domestic Arrival
2025-06-02 12:10:00,هواپیمایی یزد,DZD9448,شیراز,طبق برنامه,,,,BAE100,فرودگاه مشهد,Domestic Arrival
2025-06-02 12:30:00,زاگرس,IZG4103,تبریز,طبق برنامه,,,,MD82,فرودگاه مشهد,Domestic Arrival
2025-06-02 12:35:00,کاسپین,CPN026,تهران,طبق برنامه,,,,B737,فرودگاه مشهد,Domestic Arrival
2025-06-02 12:40:00,کاسپین,CPN6941,خرم‌آباد,طبق برنامه,,,,MD83,فرودگاه مشهد,Domestic Arrival
2025-06-02 12:45:00,هواپیمایی اطلس,ATS8284,تهران,طبق برنامه,,,,RJ85,فرودگاه مشهد,Domestic Arrival
2025-06-02 12:45:00,هواپیمایی پارس,PRS4457,آبادان,طبق برنامه,,,,B737,فرودگاه مشهد,Domestic Arrival
2025-06-02 13:00:00,زاگرس,IZG4040,تهران,طبق برنامه,,,,MD82,فرودگاه مشهد,Domestic Arrival
2025-06-02 13:00:00,آتا,TBZ5642,اهواز,طبق برنامه,,,,MD80,فرودگاه مشهد,Domestic Arrival
2025-06-02 13:20:00,آتا,TBZ5613,تهران,طبق برنامه,,,,MD80,فرودگاه مشهد,Domestic Arrival
2025-06-02 13:25:00,اروان,INA6753,آبادان,طبق برنامه,,,,B737,فرودگاه مشهد,Domestic Arrival
2025-06-02 13:55:00,ماهان,IRM1091,زنجان,طبق برنامه,,,,BAE100,فرودگاه مشهد,Domestic Arrival
2025-06-02 14:40:00,آتا,TBZ5698,تهران,طبق برنامه,,,,MD80,فرودگاه مشهد,Domestic Arrival
2025-06-02 15:10:00,ایران ایرتور,IRB962,تهران,طبق برنامه,,,,MD82,فرودگاه مشهد,Domestic Arrival
2025-06-02 16:00:00,وارش,VRH5803,ساری,طبق برنامه,,,,B737,فرودگاه مشهد,Domestic Arrival
2025-06-02 16:00:00,ایران ایرتور,IRB901,تبریز,طبق برنامه,,,,MD82,فرودگاه مشهد,Domestic Arrival
2025-06-02 16:25:00,سپهران,SHI4327,رشت,طبق برنامه,,,,B737,فرودگاه مشهد,Domestic Arrival
2025-06-02 16:25:00,سپهران,SHI4322,بندرعباس,طبق برنامه,,,,B737,فرودگاه مشهد,Domestic Arrival
2025-06-02 17:00:00,کاسپین,CPN4929,نوشهر,طبق برنامه,,,,B737,فرودگاه مشهد,Domestic Arrival
2025-06-02 17:00:00,ایران ایرتور,IRB953,ارومیه,طبق برنامه,,,,MD82,فرودگاه مشهد,Domestic Arrival
2025-06-02 17:10:00,آتا,TBZ5619,تهران,طبق برنامه,,,,MD80,فرودگاه مشهد,Domestic Arrival
2025-06-02 17:40:00,آتا,TBZ5719,تهران,طبق برنامه,,,,MD80,فرودگاه مشهد,Domestic Arrival
2025-06-02 18:00:00,زاگرس,IZG4109,بوشهر,طبق برنامه,,,,MD82,فرودگاه مشهد,Domestic Arrival
2025-06-02 18:15:00,هواپیمایی اطلس,ATS8288,تهران,طبق برنامه,,,,B737,فرودگاه مشهد,Domestic Arrival
2025-06-02 18:30:00,هواپیمایی پارس,PRS4454,تهران,طبق برنامه,,,,B737,فرودگاه مشهد,Domestic Arrival
2025-06-02 18:50:00,قشم ایر,QSM1252,تهران,طبق برنامه,,,,F100,فرودگاه مشهد,Domestic Arrival
2025-06-02 19:05:00,چابهار,IRU7650,تهران,طبق برنامه,,,,MD83,فرودگاه مشهد,Domestic Arrival
2025-06-02 19:30:00,زاگرس,IZG4121,اهواز,طبق برنامه,,,,MD82,فرودگاه مشهد,Domestic Arrival
2025-06-02 19:30:00,آتا,TBZ5676,اصفهان,طبق برنامه,,,,MD80,فرودگاه مشهد,Domestic Arrival
2025-06-02 20:05:00,تابان,TBN6314,رشت,طبق برنامه,,,,MD.88,فرودگاه مشهد,Domestic Arrival
2025-06-02 20:10:00,کاسپین,CPN6929,قشم,طبق برنامه,,,,B737,فرودگاه مشهد,Domestic Arrival
2025-06-02 20:25:00,کاسپین,CPN6923,زاهدان,طبق برنامه,,,,MD83,فرودگاه مشهد,Domestic Arrival
2025-06-02 20:30:00,تابان,TBN6326,تهران,طبق برنامه,,,,MD.88,فرودگاه مشهد,Domestic Arrival
2025-06-02 21:15:00,وارش,VRH5805,ساری,طبق برنامه,,,,B737,فرودگاه مشهد,Domestic Arrival
2025-06-02 21:15:00,کیش ایر,KIS7169,تهران,طبق برنامه,,,,MD82,فرودگاه مشهد,Domestic Arrival
2025-06-02 21:25:00,آسمان,IRC602,تهران,طبق برنامه,,,,F100,فرودگاه مشهد,Domestic Arrival
2025-06-02 21:25:00,کاسپین,CPN040,تهران,طبق برنامه,,,,MD83,فرودگاه مشهد,Domestic Arrival
2025-06-02 21:30:00,هواپیمایی پارس,PRS4472,شیراز,طبق برنامه,,,,B737,فرودگاه مشهد,Domestic Arrival
2025-06-02 21:50:00,آوا,AXV7730,تهران,طبق برنامه,,,,B737,فرودگاه مشهد,Domestic Arrival
2025-06-02 22:00:00,وارش,VRH5811,اهواز,طبق برنامه,,,,B737,فرودگاه مشهد,Domestic Arrival
2025-06-02 22:05:00,ماهان,IRM1037,تهران,طبق برنامه,,,,747,فرودگاه مشهد,Domestic Arrival
2025-06-02 22:30:00,سپهران,SHI4357,تبریز,طبق برنامه,,,,B737,فرودگاه مشهد,Domestic Arrival
2025-06-02 22:30:00,سپهران,SHI4339,اهواز,طبق برنامه,,,,B737,فرودگاه مشهد,Domestic Arrival
2025-06-02 22:30:00,ایران ایرتور,IRB909,کرمانشاه,طبق برنامه,,,,MD82,فرودگاه مشهد,Domestic Arrival
2025-06-02 22:40:00,آتا,TBZ5728,کرمان,طبق برنامه,,,,MD80,فرودگاه مشهد,Domestic Arrival
2025-06-02 23:00:00,هواپیمایی پارس,PRS4437,یزد,طبق برنامه,,,,B737,فرودگاه مشهد,Domestic Arrival
2025-06-01 23:20:00,آوا,AXV9213,نجف,تاخیر,,,,A310,فرودگاه مشهد,International Arrival
2025-06-02 00:25:00,سپهران,SHI7305,بغداد,اعلام ورود,,2025-06-02 00:10:00,,B737,فرودگاه مشهد,International Arrival
2025-06-02 00:50:00,سپهران,SHI7331,نجف,طبق برنامه,,,,B737,فرودگاه مشهد,International Arrival
2025-06-02 00:50:00,ترکیش,THY888,استانبول,طبق برنامه,,,,A320,فرودگاه مشهد,International Arrival
2025-06-02 01:05:00,سپهران,SHI7355,بغداد,طبق برنامه,,,,B737,فرودگاه مشهد,International Arrival
2025-06-02 01:30:00,سپهران,SHI7351,نجف,طبق برنامه,,,,B737,فرودگاه مشهد,International Arrival
2025-06-02 02:15:00,پگاسوس,PGT520,استانبول,طبق برنامه,,,,A320,فرودگاه مشهد,International Arrival
2025-06-02 02:25:00,تابان,TBN7264,نجف,طبق برنامه,,,,A320,فرودگاه مشهد,International Arrival
2025-06-02 03:00:00,معراج,MRJ4800,نجف,طبق برنامه,,,,A320,فرودگاه مشهد,International Arrival
2025-06-02 09:30:00,عراقی,IAW161,بغداد,طبق برنامه,,,,B737,فرودگاه مشهد,International Arrival
2025-06-02 10:45:00,آریانا افغان,AFG717,هرات,طبق برنامه,,,,A310,فرودگاه مشهد,International Arrival
2025-06-02 10:50:00,آوا,AXV9221,بغداد,طبق برنامه,,,,B737,فرودگاه مشهد,International Arrival
2025-06-02 10:50:00,سپهران,SHI7301,نجف,طبق برنامه,,,,B737,فرودگاه مشهد,International Arrival
2025-06-02 11:00:00,عراقی,IAW117,نجف,طبق برنامه,,,,B737,فرودگاه مشهد,International Arrival
2025-06-02 11:05:00,سپهران,SHI7311,نجف,باطل شد,,,,B737,فرودگاه مشهد,International Arrival
2025-06-02 11:20:00,سپهران,SHI7305,بغداد,طبق برنامه,,,,B737,فرودگاه مشهد,International Arrival
2025-06-02 11:50:00,سپهران,SHI7347,بغداد,طبق برنامه,,,,B737,فرودگاه مشهد,International Arrival
2025-06-02 11:55:00,زاگرس,IZG3041,نجف,طبق برنامه,,,,A319,فرودگاه مشهد,International Arrival
2025-06-02 12:00:00,هواپیمایی پارس,PRS5491,نجف,طبق برنامه,,,,B737,فرودگاه مشهد,International Arrival
2025-06-02 12:30:00,کاسپین,CPN7907,نجف,طبق برنامه,,,,B737,فرودگاه مشهد,International Arrival
2025-06-02 12:45:00,معراج,MRJ4820,نجف,طبق برنامه,,,,A320,فرودگاه مشهد,International Arrival
2025-06-02 12:45:00,کام ایر,KMF7701,مزارشریف,طبق برنامه,,,,B737,فرودگاه مشهد,International Arrival
2025-06-02 13:00:00,تابان,TBN7208,لاهور,طبق برنامه,,,,A320,فرودگاه مشهد,International Arrival
2025-06-02 13:20:00,آوا,AXV9205,نجف,طبق برنامه,,,,A310,فرودگاه مشهد,International Arrival
2025-06-02 13:45:00,العربیه,ABY205,شارجه,طبق برنامه,,,,A321,فرودگاه مشهد,International Arrival
2025-06-02 13:55:00,جزیره,JZR151,کویت,طبق برنامه,,,,A320,فرودگاه مشهد,International Arrival
2025-06-02 14:05:00,ایران ایر,IRA672,نجف,طبق برنامه,,,,AB6,فرودگاه مشهد,International Arrival
2025-06-02 14:15:00,ایران ایرتور,IRB9723,دبی,طبق برنامه,,,,A310,فرودگاه مشهد,International Arrival
2025-06-02 14:30:00,کیش ایر,KIS6019,قندهار,طبق برنامه,,,,A321,فرودگاه مشهد,International Arrival
2025-06-02 14:35:00,فلای دبی,FDB253,دبی,طبق برنامه,,,,737-800,فرودگاه مشهد,International Arrival
2025-06-02 18:35:00,فلای دبی,FDB251,دبی,طبق برنامه,,,,737-800,فرودگاه مشهد,International Arrival
2025-06-02 21:10:00,آوا,AXV9213,نجف,طبق برنامه,,,,A310,فرودگاه مشهد,International Arrival
2025-06-02 22:25:00,العربیه,ABY207,شارجه,طبق برنامه,,,,A321,فرودگاه مشهد,International Arrival
2025-06-02 23:25:00,ایران ایر,IRA817,کراچی,طبق برنامه,,,,A319,فرودگاه مشهد,International Arrival
2025-06-02 23:50:00,سپهران,SHI7331,نجف,طبق برنامه,,,,B737,فرودگاه مشهد,International Arrival
2025-06-01 16:20:00,فلای پرشیا,FPI7423,عسلویه,نشست16:10 | پایان دریافت بار,,2025-06-01 16:20:00,,737,فرودگاه شيراز,Domestic Arrival
2025-06-01 18:20:00,آتا,TBZ5623,تهران,نشست19:10 | پایان دریافت بار,,2025-06-01 19:15:00,,MD83,فرودگاه شيراز,Domestic Arrival
2025-06-01 18:30:00,پويا,PYA2340,تهران,نشست18:39 | پایان دریافت بار,,2025-06-01 18:39:00,,EMB145,فرودگاه شيراز,Domestic Arrival
2025-06-01 19:45:00,پارس,PRS4426,تهران,نشست20:31 | پایان دریافت بار,,2025-06-01 20:31:00,,737,فرودگاه شيراز,Domestic Arrival
2025-06-01 21:00:00,فلای پرشیا,FPI7401,تهران,نشست21:40 | پایان دریافت بار,,2025-06-01 21:40:00,,737-300,فرودگاه شيراز,Domestic Arrival
2025-06-01 21:05:00,ساها,IRZ156,تهران,نشست21:13 | پایان دریافت بار,,2025-06-01 21:10:00,,737,فرودگاه شيراز,Domestic Arrival
2025-06-01 21:30:00,زاگرس,IZG4010,تهران,نشست22:07 | پایان دریافت بار,,2025-06-01 22:10:00,,MD82,فرودگاه شيراز,Domestic Arrival
2025-06-01 22:30:00,کیش ایر,KIS7060,كيش,نشست22:25 | پایان دریافت بار,,2025-06-01 22:25:00,,MD83,فرودگاه شيراز,Domestic Arrival
2025-06-01 22:35:00,تابان,TBN6233,مشهد,نشست22:35 | پایان دریافت بار,,2025-06-01 22:35:00,,md88,فرودگاه شيراز,Domestic Arrival
2025-06-01 22:50:00,آسمان,IRC3780,تهران,باطل شد,,,,100,فرودگاه شيراز,Domestic Arrival
2025-06-01 23:40:00,آسمان,IRC3784,تهران,طبق برنامه,,2025-06-02 00:15:00,,100,فرودگاه شيراز,Domestic Arrival
2025-06-01 00:15:00,پارس,PRS4460,تهران,طبق برنامه,,,,737,فرودگاه شيراز,Domestic Arrival
2025-06-01 00:30:00,کیش ایر,KIS7059,مشهد,طبق برنامه,,,,MD82,فرودگاه شيراز,Domestic Arrival
2025-06-01 06:55:00,کارون,KRU2536,تهران,طبق برنامه,,,,100,فرودگاه شيراز,Domestic Arrival
2025-06-01 07:10:00,چابهار,IRU7626,تهران,طبق برنامه,,,,MD82,فرودگاه شيراز,Domestic Arrival
2025-06-01 07:30:00,یزد ایر,DZD6895,تهران,طبق برنامه,,,,146-100,فرودگاه شيراز,Domestic Arrival
2025-06-01 07:45:00,ساها,IRZ158,تهران,طبق برنامه,,,,737,فرودگاه شيراز,Domestic Arrival
2025-06-01 08:25:00,ایران ایر,IRA232,تهران,طبق برنامه,,,,A319,فرودگاه شيراز,Domestic Arrival
2025-06-01 08:50:00,آسمان,IRC3771,تهران,تاخیردارد10:50,,2025-06-01 10:50:00,,100,فرودگاه شيراز,Domestic Arrival
2025-06-01 11:15:00,ساها,IRZ165,لاوان,طبق برنامه,,,,737,فرودگاه شيراز,Domestic Arrival
2025-06-01 11:30:00,یزد ایر,DZD9408,كيش,طبق برنامه,,,,146-100,فرودگاه شيراز,Domestic Arrival
2025-06-01 13:30:00,پارس,PRS4469,آغاجاری,طبق برنامه,,,,CRJ200,فرودگاه شيراز,Domestic Arrival
2025-06-01 14:00:00,قشم,QSM1260,تهران,طبق برنامه,,,,100,فرودگاه شيراز,Domestic Arrival
2025-06-01 14:00:00,آسمان,IRC3813,تبریز,باطل شد,,,,100,فرودگاه شيراز,Domestic Arrival
2025-06-01 11:50:00,قشم,QSM2205,دبی,نشست12:12 | پایان دریافت بار,,2025-06-01 12:15:00,,A320,فرودگاه شيراز,International Arrival
2025-06-01 17:50:00,ایران ایرتور,IRB9730,استانبول,نشست17:29 | پایان دریافت بار,,2025-06-01 17:35:00,,A310,فرودگاه شيراز,International Arrival
2025-06-01 00:55:00,ترکیش,THY884,استانبول,طبق برنامه,,,,A321,فرودگاه شيراز,International Arrival
2025-06-01 01:15:00,پارس,PRS5471,مسقط,طبق برنامه,,,,CRJ200,فرودگاه شيراز,International Arrival
2025-06-01 11:55:00,فلای دبی,FDB241,دبی,طبق برنامه,,,,737,فرودگاه شيراز,International Arrival
2025-06-01 13:15:00,العربیه,ABY213,شارجه,طبق برنامه,,,,,فرودگاه شيراز,International Arrival
2025-06-01 14:05:00,ایران ایر,IRA645,دبی,طبق برنامه,,,,A319,فرودگاه شيراز,International Arrival
2025-06-01 16:10:00,جزیره,JZR181,کویت,طبق برنامه,,,,A320,فرودگاه شيراز,International Arrival
2025-06-01 10:50:00,کاسپین,CPN6947,عسلویه,نشست14:15 | پایان دریافت بار,,2025-06-01 14:15:00,,737,فرودگاه تبريز,Domestic Arrival
2025-06-01 14:00:00,ایران ایرتور,IRB900,مشهد,نشست14:05 | پایان دریافت بار,,2025-06-01 14:05:00,,MDC-DC-9-82,فرودگاه تبريز,Domestic Arrival
2025-06-01 14:15:00,ایران ایرتور,IRB907,بندرعباس,نشست15:00 | پایان دریافت بار,,2025-06-01 14:50:00,,MDC-DC-9-82,فرودگاه تبريز,Domestic Arrival
2025-06-01 14:40:00,سپهران,SHI4356,مشهد,نشست14:35 | پایان دریافت بار,,2025-06-01 14:35:00,,737,فرودگاه تبريز,Domestic Arrival
2025-06-01 16:00:00,ایران ایرتور,IRB973,كيش,نشست16:15 | پایان دریافت بار,,2025-06-01 16:15:00,,MDC-DC-9-82,فرودگاه تبريز,Domestic Arrival
2025-06-01 18:00:00,آتا,TBZ5668,تهران,نشست18:25 | پایان دریافت بار,,2025-06-01 18:25:00,,MD83,فرودگاه تبريز,Domestic Arrival
2025-06-01 19:30:00,آتا,TBZ5646,تهران,نشست20:05 | پایان دریافت بار,,2025-06-01 20:05:00,,MD83,فرودگاه تبريز,Domestic Arrival
2025-06-01 00:50:00,آتا,TBZ5640,تهران,طبق برنامه,,,,MD83,فرودگاه تبريز,Domestic Arrival
2025-06-01 07:05:00,ایران ایر,IRA343,تهران,طبق برنامه,,,,A319,فرودگاه تبريز,Domestic Arrival
2025-06-01 07:20:00,آتا,TBZ5610,تهران,طبق برنامه,,,,MD83,فرودگاه تبريز,Domestic Arrival
2025-06-01 08:00:00,معراج,MRJ2825,تهران,طبق برنامه,,,,A319,فرودگاه تبريز,Domestic Arrival
2025-06-01 09:00:00,آتا,TBZ5602,تهران,طبق برنامه,,,,MD83,فرودگاه تبريز,Domestic Arrival
2025-06-01 09:30:00,زاگرس,IZG4102,مشهد,طبق برنامه,,,,MD82,فرودگاه تبريز,Domestic Arrival
2025-06-01 10:00:00,ایران ایرتور,IRB950,مشهد,طبق برنامه,,,,MD80,فرودگاه تبريز,Domestic Arrival
2025-06-01 10:00:00,ماهان,IRM4560,اصفهان,طبق برنامه,,,,BAE100,فرودگاه تبريز,Domestic Arrival
2025-06-01 10:45:00,آسمان,IRC640,تهران,تاخیردارد14:30,,2025-06-01 14:30:00,,100,فرودگاه تبريز,Domestic Arrival
2025-06-01 11:35:00,آسمان,IRC3812,شیراز,باطل شد,,,,100,فرودگاه تبريز,Domestic Arrival
2025-06-01 12:30:00,ایران ایرتور,IRB973,كيش,طبق برنامه,,,,MDC-DC-9-82,فرودگاه تبريز,Domestic Arrival
2025-06-01 13:00:00,ایران ایرتور,IRB900,مشهد,طبق برنامه,,,,MDC-DC-9-82,فرودگاه تبريز,Domestic Arrival
2025-05-29 07:20:00,کاسپین,CPN048,تهران,طبق برنامه,,,,MD83,فرودگاه شيراز,Domestic Arrival
2025-05-29 08:50:00,آسمان,IRC3771,تهران,طبق برنامه,,,,100,فرودگاه شيراز,Domestic Arrival
2025-06-01 15:00:00,آتا,TBZ5616,مشهد,طبق برنامه,,,,MD80,فرودگاه تبريز,Domestic Arrival
2025-06-01 15:15:00,معراج,MRJ2873,مشهد,باطل شد,,,,A320,فرودگاه تبريز,Domestic Arrival
2025-05-29 10:10:00,قشم,QSM1233,خارگ,طبق برنامه,,,,100,فرودگاه شيراز,Domestic Arrival
2025-05-29 10:20:00,ساها,IRZ165,لاوان,طبق برنامه,,,,737,فرودگاه شيراز,Domestic Arrival
2025-05-29 10:35:00,کاسپین,CPN6949,عسلویه,طبق برنامه,,,,MD82,فرودگاه شيراز,Domestic Arrival
2025-06-01 02:50:00,پگاسوس,PGT508,استانبول,طبق برنامه,,,,A320,فرودگاه تبريز,International Arrival
2025-06-01 06:20:00,ترکیش,THY882,استانبول,طبق برنامه,,,,A320,فرودگاه تبريز,International Arrival
2025-06-01 14:30:00,آتا,TBZ6602,استانبول,طبق برنامه,,,,MD83,فرودگاه تبريز,International Arrival
2025-06-01 16:00:00,فلای دبی,FDB227,دبی,طبق برنامه,,,,B737-400,فرودگاه تبريز,International Arrival
2025-06-01 14:00:00,قشم,QSM1235,خارگ,نشست14:25 | پایان دریافت بار,,2025-06-01 14:15:00,,CRJ200,فرودگاه اصفهان,Domestic Arrival
2025-06-01 14:15:00,کیش ایر,KIS7139,بندرعباس,نشست14:00 | پایان دریافت بار,,2025-06-01 14:00:00,,MD83,فرودگاه اصفهان,Domestic Arrival
2025-06-01 14:55:00,کارون,KRU2563,عسلویه,نشست14:40 | پایان دریافت بار,,2025-06-01 14:45:00,,737,فرودگاه اصفهان,Domestic Arrival
2025-06-01 17:00:00,آتا,TBZ5651,مشهد,نشست17:40 | پایان دریافت بار,,2025-06-01 17:40:00,,MD83,فرودگاه اصفهان,Domestic Arrival
2025-06-01 18:00:00,آتا,TBZ5750,مشهد,نشست17:50 | پایان دریافت بار,,2025-06-01 18:00:00,,MD83,فرودگاه اصفهان,Domestic Arrival
2025-06-01 18:10:00,ایران ایر,IRA3310,تهران,نشست18:20 | پایان دریافت بار,,2025-06-01 18:10:00,,ATR,فرودگاه اصفهان,Domestic Arrival
2025-06-01 18:20:00,کارون,KRU2623,اهواز,نشست18:15 | پایان دریافت بار,,2025-06-01 18:15:00,,f100,فرودگاه اصفهان,Domestic Arrival
2025-06-01 21:00:00,کیش ایر,KIS7035,تهران,نشست21:20 | پایان دریافت بار,,2025-06-01 21:10:00,,MD83,فرودگاه اصفهان,Domestic Arrival
2025-06-01 21:45:00,کارون,KRU2602,تهران,نشست21:40 | پایان دریافت بار,,2025-06-01 21:40:00,,100,فرودگاه اصفهان,Domestic Arrival
2025-06-01 22:00:00,زاگرس,IZG4140,مشهد,نشست22:00 | پایان دریافت بار,,2025-06-01 22:05:00,,MD83,فرودگاه اصفهان,Domestic Arrival
2025-06-01 22:00:00,آتا,TBZ5675,مشهد,نشست22:55 | دریافت بار,,2025-06-01 23:00:00,,MD80,فرودگاه اصفهان,Domestic Arrival
2025-06-01 07:10:00,ماهان,IRM04560,کرمان,طبق برنامه,,,,BAE146,فرودگاه اصفهان,Domestic Arrival
2025-06-01 07:30:00,تابان,TBN6209,مشهد,طبق برنامه,,,,MD80,فرودگاه اصفهان,Domestic Arrival
2025-06-01 07:30:00,آتا,TBZ5651,مشهد,طبق برنامه,,,,MD83,فرودگاه اصفهان,Domestic Arrival
2025-05-29 10:35:00,ماهان,IRM4563,اهواز,طبق برنامه,,,,146-300,فرودگاه شيراز,Domestic Arrival
2025-06-01 08:20:00,آساجت,SJT8616,تهران,طبق برنامه,,,,EMB145,فرودگاه اصفهان,Domestic Arrival
2025-05-28 11:35:00,قشم,QSM2205,دبی,نشست11:45 | پایان دریافت بار,,2025-05-28 11:45:00,,A320,فرودگاه شيراز,International Arrival
2025-06-01 09:00:00,وارش,VRH5854,مشهد,طبق برنامه,,,,B737-400,فرودگاه اصفهان,Domestic Arrival
2025-06-01 10:15:00,کیش ایر,KIS7022,كيش,طبق برنامه,,,,MD83,فرودگاه اصفهان,Domestic Arrival
2025-06-01 11:50:00,آساجت,SJT8657,رشت,طبق برنامه,,,,EMB-14,فرودگاه اصفهان,Domestic Arrival
2025-05-28 11:55:00,فلای دبی,FDB241,دبی,پایان دریافت بار | نشست11:55,,2025-05-28 11:55:00,,737,فرودگاه شيراز,International Arrival
2025-05-28 16:10:00,جزیره,JZR181,کویت,نشست16:10 | پایان دریافت بار,,2025-05-28 16:05:00,,A320,فرودگاه شيراز,International Arrival
2025-05-29 03:40:00,قطر,QTR476,دوحه,طبق برنامه,,,,A320,فرودگاه شيراز,International Arrival
2025-06-01 12:30:00,ماهان,IRM04561,تبریز,طبق برنامه,,,,BAE146,فرودگاه اصفهان,Domestic Arrival
2025-06-01 15:45:00,رایمون,RAI7512,تهران,طبق برنامه,,,,EMB145,فرودگاه اصفهان,Domestic Arrival
2025-06-01 17:00:00,آتا,TBZ5675,مشهد,طبق برنامه,,,,MD80,فرودگاه اصفهان,Domestic Arrival
2025-06-01 11:45:00,پارس,PRS5486,نجف,نشست12:05 | پایان دریافت بار,,2025-06-01 12:05:00,,B737-400,فرودگاه اصفهان,International Arrival
2025-06-01 16:45:00,عراقی,IAW171,نجف,نشست16:35 | پایان دریافت بار,,2025-06-01 16:40:00,,B727,فرودگاه اصفهان,International Arrival
2025-06-01 01:10:00,ترکیش,THY892,استانبول,طبق برنامه,,,,B737-400,فرودگاه اصفهان,International Arrival
2025-06-01 07:00:00,عراقی,IAW171,بغداد,طبق برنامه,,,,B737-400,فرودگاه اصفهان,International Arrival
2025-06-01 09:40:00,آتا,TBZ6613,نجف,طبق برنامه,,,,MD83,فرودگاه اصفهان,International Arrival
2025-06-01 10:00:00,آتا,TBZ5631,تهران,نشست12:10 | پایان دریافت بار,,2025-06-01 11:00:00,,,فرودگاه اهواز,Domestic Arrival
2025-06-01 13:00:00,آتا,TBZ5627,تهران,نشست12:00 | پایان دریافت بار,,2025-06-01 12:00:00,,,فرودگاه اهواز,Domestic Arrival
2025-06-01 15:30:00,کارون,KRU2572,عسلویه,نشست15:40 | پایان دریافت بار,,2025-06-01 15:40:00,,,فرودگاه اهواز,Domestic Arrival
2025-06-01 18:00:00,زاگرس,IZG4020,تهران,نشست18:15 | پایان دریافت بار,,2025-06-01 18:15:00,,,فرودگاه اهواز,Domestic Arrival
2025-06-01 18:20:00,وارش,VRH5810,مشهد,نشست18:40 | پایان دریافت بار,,2025-06-01 18:40:00,,,فرودگاه اهواز,Domestic Arrival
2025-06-01 18:30:00,آتا,TBZ5673,تهران,نشست19:54 | پایان دریافت بار,,2025-06-01 19:54:00,,,فرودگاه اهواز,Domestic Arrival
2025-06-01 18:30:00,زاگرس,IZG4120,مشهد,نشست18:51 | پایان دریافت بار,,2025-06-01 18:51:00,,,فرودگاه اهواز,Domestic Arrival
2025-06-01 19:00:00,کارون,KRU2668,تهران,نشست18:45 | پایان دریافت بار,,2025-06-01 18:45:00,,,فرودگاه اهواز,Domestic Arrival
2025-06-01 19:15:00,کارون,KRU2574,عسلویه,نشست18:55 | پایان دریافت بار,,2025-06-01 18:55:00,,,فرودگاه اهواز,Domestic Arrival
2025-06-01 19:50:00,ایران ایر,IRA419,تهران,نشست19:53 | پایان دریافت بار,,2025-06-01 19:53:00,,,فرودگاه اهواز,Domestic Arrival
2025-06-01 22:10:00,کارون,KRU2620,تهران,نشست22:10 | پایان دریافت بار,,2025-06-01 22:10:00,,,فرودگاه اهواز,Domestic Arrival
2025-06-01 22:40:00,آتا,TBZ5635,تهران,نشست23:09 | پایان دریافت بار,,2025-06-01 23:25:00,,,فرودگاه اهواز,Domestic Arrival
2025-06-01 23:30:00,کارون,KRU2622,اصفهان,نشست23:22,,2025-06-01 23:22:00,,,فرودگاه اهواز,Domestic Arrival
2025-06-01 23:50:00,وارش,VRH5850,تهران,طبق برنامه,,,,,فرودگاه اهواز,Domestic Arrival
2025-06-01 00:55:00,آوا ایرلاین,AXV7748,مشهد,طبق برنامه,,,,,فرودگاه اهواز,Domestic Arrival
2025-06-01 05:30:00,زاگرس,IZG4022,تهران,طبق برنامه,,,,,فرودگاه اهواز,Domestic Arrival
2025-06-01 06:00:00,آتا,ATR5635,تهران,طبق برنامه,,,,,فرودگاه اهواز,Domestic Arrival
2025-05-28 23:20:00,آتا,TBZ5650,مشهد,طبق برنامه,,,,MD83,فرودگاه اصفهان,Domestic Arrival
2025-05-29 06:50:00,کارون,KRU02518,تهران,طبق برنامه,,,,f100,فرودگاه اصفهان,Domestic Arrival
2025-05-29 07:30:00,تابان,TBN6209,مشهد,طبق برنامه,,,,MD80,فرودگاه اصفهان,Domestic Arrival
2025-05-29 08:00:00,ایران ایر,IRA252,تهران,طبق برنامه,,,,A319,فرودگاه اصفهان,Domestic Arrival
2025-06-01 06:30:00,وارش,VRH5852,تهران,طبق برنامه,,,,,فرودگاه اهواز,Domestic Arrival
2025-05-29 08:30:00,آتا,TBZ5650,مشهد,طبق برنامه,,,,MD83,فرودگاه اصفهان,Domestic Arrival
2025-06-01 06:40:00,فلای پرشیا,FPI7426,تهران,طبق برنامه,,,,,فرودگاه اهواز,Domestic Arrival
2025-06-01 10:00:00,آتا,TBZ5641,مشهد,طبق برنامه,,,,,فرودگاه اهواز,Domestic Arrival
2025-06-01 10:00:00,آتا,TBZ5693,تهران,طبق برنامه,,,,,فرودگاه اهواز,Domestic Arrival
2025-06-01 12:10:00,کارون,KRU2642,تهران,طبق برنامه,,,,,فرودگاه اهواز,Domestic Arrival
2025-06-01 14:20:00,ایران ایر,IRA649,دبی,نشست14:30,,2025-06-01 14:30:00,,,فرودگاه اهواز,International Arrival
2025-06-01 21:55:00,ساها,IRZ172,تهران,نشست22:00 | پایان دریافت بار,,2025-06-01 22:00:00,,,فرودگاه بوشهر,Domestic Arrival
2025-06-01 22:15:00,وارش,VRH5872,تهران,نشست22:15 | پایان دریافت بار,,2025-06-01 22:15:00,,,فرودگاه بوشهر,Domestic Arrival
2025-06-01 22:30:00,کاسپین,CPN6900,تهران,نشست22:43 | پایان دریافت بار,,2025-06-01 22:40:00,,,فرودگاه بوشهر,Domestic Arrival
2025-06-01 08:00:00,زاگرس,IZG4060,تهران,طبق برنامه,,,,,فرودگاه بوشهر,Domestic Arrival
2025-06-01 11:20:00,آتا,TBZ5687,تهران,طبق برنامه,,,,MD83,فرودگاه بوشهر,Domestic Arrival
2025-06-01 15:20:00,زاگرس,IZG4108,مشهد,طبق برنامه,,,,,فرودگاه بوشهر,Domestic Arrival
2025-06-01 08:00:00,فلای دبی,FDB281,دبی,طبق برنامه,,,,,فرودگاه بوشهر,International Arrival
2025-06-01 11:45:00,کیش ایر,KIS7138,اصفهان,نشست11:23 | پایان دریافت بار,,2025-06-01 11:30:00,,MD.88,فرودگاه بندرعباس,Domestic Arrival
2025-06-01 13:55:00,آسمان,IRC647,رشت,نشست13:34 | پایان دریافت بار,,2025-06-01 13:45:00,,A320,فرودگاه بندرعباس,Domestic Arrival
2025-06-01 14:15:00,کیش ایر,KIS7107,مشهد,نشست14:16 | پایان دریافت بار,,2025-06-01 14:20:00,,A321,فرودگاه بندرعباس,Domestic Arrival
2025-05-29 09:00:00,وارش,VRH5854,مشهد,طبق برنامه,,,,B737-400,فرودگاه اصفهان,Domestic Arrival
2025-06-01 20:45:00,وارش,VRH5814,تهران,نشست20:51 | پایان دریافت بار,,2025-06-01 20:55:00,,737-500,فرودگاه بندرعباس,Domestic Arrival
2025-06-01 21:00:00,ایران ایر,IRA3382,اصفهان,نشست21:10 | پایان دریافت بار,,2025-06-01 21:10:00,,ATR,فرودگاه بندرعباس,Domestic Arrival
2025-06-01 22:45:00,زاگرس,IZG4050,تهران,نشست23:02 | پایان دریافت بار,,2025-06-01 23:00:00,,,فرودگاه بندرعباس,Domestic Arrival
2025-06-01 00:05:00,ایران ایر,IRA3352,كيش,طبق برنامه,,,,ATR,فرودگاه بندرعباس,Domestic Arrival
2025-06-01 08:00:00,ایران ایرتور,IRB912,تهران,طبق برنامه,,,,,فرودگاه بندرعباس,Domestic Arrival
2025-05-29 09:45:00,وارش,VRH5864,عسلویه,طبق برنامه,,,,,فرودگاه اصفهان,Domestic Arrival
2025-06-01 08:45:00,اطلس ایر,ATS8295,تهران,طبق برنامه,,,,737,فرودگاه بندرعباس,Domestic Arrival
2025-06-01 08:50:00,ایران ایر,IRA3396,جزیره ابوموسی,طبق برنامه,,,,ATR,فرودگاه بندرعباس,Domestic Arrival
2025-06-01 09:10:00,پويا,PYA2348,تهران,طبق برنامه,,,,EMB145,فرودگاه بندرعباس,Domestic Arrival
2025-06-01 09:45:00,ماهان,IRM1095,تهران,طبق برنامه,,,,A340,فرودگاه بندرعباس,Domestic Arrival
2025-06-01 10:15:00,کارون,KRU2560,لامرد,طبق برنامه,,,,100,فرودگاه بندرعباس,Domestic Arrival
2025-06-01 10:50:00,قشم,QSM1284,کرمانشاه,طبق برنامه,,,,,فرودگاه بندرعباس,Domestic Arrival
2025-06-01 12:30:00,پويا,PYA2359,چابهار,طبق برنامه,,,,EMB145,فرودگاه بندرعباس,Domestic Arrival
2025-06-01 13:35:00,سپهران,SHI4323,مشهد,طبق برنامه,,,,737,فرودگاه بندرعباس,Domestic Arrival
2025-06-01 14:00:00,وارش,VRH5814,تهران,طبق برنامه,,,,737-500,فرودگاه بندرعباس,Domestic Arrival
2025-06-01 14:50:00,ایران ایر,IRA3510,دوحه,طبق برنامه,,,,ATR,فرودگاه بندرعباس,International Arrival
2025-06-01 17:30:00,فلای دبی,FDB243,دبی,طبق برنامه,,,,737,فرودگاه بندرعباس,International Arrival
2025-06-01 11:50:00,ماهان,IRM1058,مشهد,نشست11:54 | پایان دریافت بار,,2025-06-01 11:45:00,,BAE146,فرودگاه کرمان,Domestic Arrival
2025-06-01 18:10:00,ماهان,IRM1067,تهران,نشست18:00 | پایان دریافت بار,,2025-06-01 18:05:00,,BAE146,فرودگاه کرمان,Domestic Arrival
2025-05-29 10:00:00,کارون,KRU02519,بهرگان,طبق برنامه,,,,f100,فرودگاه اصفهان,Domestic Arrival
2025-05-29 10:15:00,کیش ایر,KIS7022,كيش,طبق برنامه,,,,MD83,فرودگاه اصفهان,Domestic Arrival
2025-05-29 01:10:00,ترکیش,THY892,استانبول,طبق برنامه,,,,B737-400,فرودگاه اصفهان,International Arrival
2025-06-01 19:55:00,ماهان,IRM1055,تهران,نشست20:30 | پایان دریافت بار,,2025-06-01 20:30:00,,BAE146,فرودگاه کرمان,Domestic Arrival
2025-06-01 20:45:00,قشم,QSM1288,تهران,نشست20:38 | پایان دریافت بار,,2025-06-01 20:38:00,,f100,فرودگاه کرمان,Domestic Arrival
2025-06-01 22:15:00,ماهان,IRM1076,مشهد,نشست22:11 | پایان دریافت بار,,2025-06-01 22:11:00,,BAE146,فرودگاه کرمان,Domestic Arrival
2025-06-01 01:25:00,ماهان,IRM1053,تهران,طبق برنامه,,,,BAE146,فرودگاه کرمان,Domestic Arrival
2025-06-01 06:40:00,چابهار ایر لاین,IRU7672,تهران,طبق برنامه,,,,MD83,فرودگاه کرمان,Domestic Arrival
2025-06-01 07:50:00,پويا,PYA2350,تهران,طبق برنامه,,,,EMB145,فرودگاه کرمان,Domestic Arrival
2025-06-01 08:30:00,آتا,TBZ5662,تهران,طبق برنامه,,,,MD83,فرودگاه کرمان,Domestic Arrival
2025-06-01 09:45:00,ماهان,IRM1051,تهران,طبق برنامه,,,,BAE146,فرودگاه کرمان,Domestic Arrival
2025-06-01 14:30:00,ماهان,IRM4561,تبریز,طبق برنامه,,,,BAE146,فرودگاه کرمان,Domestic Arrival
2025-06-01 17:30:00,آتا,TBZ5664,تهران,طبق برنامه,,,,MD83,فرودگاه کرمان,Domestic Arrival
2025-06-01 14:10:00,فلای دبی,FDB269,دبی,طبق برنامه,,,,737,فرودگاه کرمان,International Arrival
2025-06-01 13:30:00,وارش,VRH5802,مشهد,نشست13:45 | پایان دریافت بار,,2025-06-01 13:45:00,,,فرودگاه ساري,Domestic Arrival
2025-06-01 23:30:00,وارش,VRH5804,مشهد,طبق برنامه,,,,,فرودگاه ساري,Domestic Arrival
2025-06-01 13:45:00,وارش,VRH5802,مشهد,طبق برنامه,,,,,فرودگاه ساري,Domestic Arrival
2025-06-01 16:50:00,وارش,VRH5827,بندرعباس,طبق برنامه,,,,,فرودگاه ساري,Domestic Arrival
2025-06-01 14:15:00,یزد ایر,DZD9445,رشت,نشست13:50 | پایان دریافت بار,,2025-06-01 13:55:00,,146-100,فرودگاه يزد,Domestic Arrival
2025-06-04 05:45:00,پويا,PYA2314,تهران,نشست05:50 | پایان دریافت بار,,2025-06-04 05:50:00,,EMB145,فرودگاه يزد,Domestic Arrival
2025-05-28 18:30:00,آتا,TBZ5727,مشهد,نشست19:17 | پایان دریافت بار,,2025-05-28 19:10:00,,MD83,فرودگاه کرمان,Domestic Arrival
2025-05-28 19:55:00,ماهان,IRM1055,تهران,نشست20:00 | پایان دریافت بار,,2025-05-28 20:00:00,,BAE146,فرودگاه کرمان,Domestic Arrival
2025-05-28 22:30:00,ماهان,IRM1079,تهران,نشست22:25 | پایان دریافت بار,,2025-05-28 22:25:00,,BAE146,فرودگاه کرمان,Domestic Arrival
2025-06-01 17:40:00,آتا,TBZ5670,تهران,نشست18:55 | پایان دریافت بار,,2025-06-01 18:55:00,,MD83,فرودگاه يزد,Domestic Arrival
2025-06-01 18:00:00,کارون,KRU2608,تهران,نشست17:55 | پایان دریافت بار,,2025-06-01 17:55:00,,100,فرودگاه يزد,Domestic Arrival
2025-06-01 19:30:00,یزد ایر,DZD9441,تهران,نشست19:20 | پایان دریافت بار,,2025-06-01 19:20:00,,146-100,فرودگاه يزد,Domestic Arrival
2025-06-01 22:20:00,آتا,TBZ5709,مشهد,نشست23:30 | دریافت بار,,2025-06-01 23:30:00,,MD83,فرودگاه يزد,Domestic Arrival
2025-06-01 23:40:00,یزد ایر,DZD9443,تهران,اعلام ورود,,2025-06-01 23:45:00,,146-100,فرودگاه يزد,Domestic Arrival
2025-06-01 06:05:00,کیش ایر,KIS7085,تهران,طبق برنامه,,,,MD83,فرودگاه يزد,Domestic Arrival
2025-06-01 17:00:00,آسا جت,SJT8624,تهران,طبق برنامه,,,,EMB145,فرودگاه يزد,Domestic Arrival
2025-06-01 15:20:00,ماهان,IRM1004,تهران,نشست15:25 | پایان دریافت بار,,2025-06-01 15:25:00,,,فرودگاه اروميه,Domestic Arrival
2025-06-01 17:05:00,کاسپین,CPN036,تهران,نشست17:10 | پایان دریافت بار,,2025-06-01 17:10:00,,,فرودگاه اروميه,Domestic Arrival
2025-06-01 20:30:00,ایران ایرتور,IRB980,تهران,باطل شد,,,,,فرودگاه اروميه,Domestic Arrival
2025-06-01 20:30:00,آتا,TBZ5679,تهران,باطل شد,,,,,فرودگاه اروميه,Domestic Arrival
2025-06-01 07:00:00,آتا,TBZ5677,تهران,طبق برنامه,,,,,فرودگاه اروميه,Domestic Arrival
2025-06-01 10:45:00,آسمان,IRC3854,تهران,باطل شد,,,,,فرودگاه اروميه,Domestic Arrival
2025-05-29 01:25:00,ماهان,IRM1053,تهران,طبق برنامه,,,,BAE146,فرودگاه کرمان,Domestic Arrival
2025-05-29 09:30:00,آتا,TBZ5727,مشهد,طبق برنامه,,,,MD83,فرودگاه کرمان,Domestic Arrival
2025-06-01 12:45:00,کاسپین,CPN036,تهران,طبق برنامه,,,,,فرودگاه اروميه,Domestic Arrival
2025-06-01 13:00:00,کیش ایر,KIS7148,كيش,طبق برنامه,,,,,فرودگاه اروميه,Domestic Arrival
2025-06-01 14:00:00,ایران ایرتور,IRB95,مشهد,طبق برنامه,,,,,فرودگاه اروميه,Domestic Arrival
2025-05-29 09:45:00,ماهان,IRM1051,تهران,طبق برنامه,,,,BAE146,فرودگاه کرمان,Domestic Arrival
2025-06-01 15:10:00,ماهان,IRM1004,تهران,طبق برنامه,,,,,فرودگاه اروميه,Domestic Arrival
2025-06-01 16:45:00,کاسپین,CPN7979,استانبول,نشست17:05 | پایان دریافت بار,,2025-06-01 17:05:00,,,فرودگاه اروميه,International Arrival
2025-06-01 12:30:00,قشم,QSM1291,تهران,نشست12:33 | پایان دریافت بار,,2025-06-01 12:33:00,,,فرودگاه کرمانشاه,Domestic Arrival
2025-06-01 15:15:00,ماهان,IRM1010,تهران,نشست15:10 | پایان دریافت بار,,2025-06-01 15:10:00,,,فرودگاه کرمانشاه,Domestic Arrival
2025-06-01 19:00:00,چابهار ایر,IRU7636,تهران,نشست19:00 | پایان دریافت بار,,2025-06-01 19:00:00,,,فرودگاه کرمانشاه,Domestic Arrival
2025-06-01 07:45:00,قشم,QSM1291,تهران,طبق برنامه,,,,,فرودگاه کرمانشاه,Domestic Arrival
2025-05-29 10:45:00,پارس,PRS5479,نجف,طبق برنامه,,,,737,فرودگاه کرمان,International Arrival
2025-06-01 08:00:00,سپهران,SHI4358,مشهد,طبق برنامه,,,,,فرودگاه کرمانشاه,Domestic Arrival
2025-06-01 13:45:00,قشم,QSM1285,بندرعباس,طبق برنامه,,,,,فرودگاه کرمانشاه,Domestic Arrival
2025-06-01 14:45:00,ماهان,IRM1010,تهران,طبق برنامه,,,,,فرودگاه کرمانشاه,Domestic Arrival
2025-06-01 13:00:00,آساجت,SJT8664,عسلویه,نشست12:52 | پایان دریافت بار,,2025-06-01 12:50:00,,,فرودگاه رشت,Domestic Arrival
2025-06-01 13:30:00,سپهران,SHI4326,مشهد,نشست13:38 | پایان دریافت بار,,2025-06-01 13:45:00,,,فرودگاه رشت,Domestic Arrival
2025-06-01 18:40:00,آتا,TBZ5717,مشهد,نشست19:05 | پایان دریافت بار,,2025-06-01 19:05:00,,,فرودگاه رشت,Domestic Arrival
2025-06-01 22:05:00,رایمون,RAI7510,تهران,طبق برنامه,,,,,فرودگاه رشت,Domestic Arrival
2025-06-01 08:30:00,ایران ایرتور,IRB904,مشهد,طبق برنامه,,,,,فرودگاه رشت,Domestic Arrival
2025-06-01 09:55:00,آساجت,SJT8634,تهران,طبق برنامه,,,,,فرودگاه رشت,Domestic Arrival
2025-05-28 19:15:00,وارش,VRH5800,تهران,نشست21:42 | پایان دریافت بار,,2025-05-28 21:00:00,,,فرودگاه ساري,Domestic Arrival
2025-05-28 20:30:00,وارش,VRH5804,مشهد,نشست20:59 | پایان دریافت بار,,2025-05-28 20:59:00,,,فرودگاه ساري,Domestic Arrival
2025-05-29 00:30:00,وارش,VRH5802,مشهد,تاخیردارد01:30,,2025-05-29 01:30:00,,,فرودگاه ساري,Domestic Arrival
2025-05-29 11:20:00,کارون,KRU2547,عسلویه,طبق برنامه,,,,,فرودگاه ساري,Domestic Arrival
2025-05-29 11:30:00,آسمان,IRC3904,شیراز,طبق برنامه,,,,,فرودگاه ساري,Domestic Arrival
2025-06-01 10:00:00,آساجت,SJT8656,اصفهان,طبق برنامه,,,,,فرودگاه رشت,Domestic Arrival
2025-06-01 13:50:00,سپهران,SHI4326,مشهد,طبق برنامه,,,,,فرودگاه رشت,Domestic Arrival
2025-06-01 17:30:00,تابان,HH6313,مشهد,طبق برنامه,,,,,فرودگاه رشت,Domestic Arrival
2025-06-01 17:45:00,رایمون,RAI7524,تهران,طبق برنامه,,,,,فرودگاه رشت,Domestic Arrival
2025-06-01 08:15:00,عراقی,IAW199,بغداد,طبق برنامه,,,,,فرودگاه رشت,International Arrival
2025-06-01 13:30:00,آساجت,SJT9613,ایروان,طبق برنامه,,,,,فرودگاه رشت,International Arrival
2025-06-01 21:45:00,ماهان,IRM4541,تهران,تاخیردارد23:45,,2025-06-01 23:45:00,,RJ85,فرودگاه زاهدان,Domestic Arrival
2025-06-01 22:00:00,چابهار ایر,IRU7612,تهران,نشست23:33,,2025-06-01 23:40:00,,MD82,فرودگاه زاهدان,Domestic Arrival
2025-06-01 00:45:00,ماهان,IRM1071,تهران,اعلام ورود,,2025-06-01 00:40:00,,RJ100,فرودگاه زاهدان,Domestic Arrival
2025-06-01 12:00:00,ماهان,IRM4558,چابهار,طبق برنامه,,,,RJ100,فرودگاه زاهدان,Domestic Arrival
2025-06-01 10:00:00,پارس,PRS4456,مشهد,تخمین نشست 17:15 | نشست17:03 | پایان دریافت بار,,2025-06-01 17:15:00,,737,فرودگاه آبادان,Domestic Arrival
2025-06-01 18:15:00,پارس,PRS4494,تهران,نشست19:03 | پایان دریافت بار,,2025-06-01 19:00:00,,737,فرودگاه آبادان,Domestic Arrival
2025-06-01 20:00:00,اطلس ایر,ATS8286,مشهد,نشست20:27 | پایان دریافت بار,,2025-06-01 20:30:00,,,فرودگاه آبادان,Domestic Arrival
2025-06-01 22:10:00,آتا,TBZ5690,تهران,نشست22:54 | پایان دریافت بار,,2025-06-01 22:50:00,,,فرودگاه آبادان,Domestic Arrival
2025-06-01 22:30:00,ایران ایرتور,IRB976,مشهد,تاخیردارد01:30,,2025-06-02 01:30:00,,,فرودگاه آبادان,Domestic Arrival
2025-06-01 23:30:00,آتا,TBZ5647,مشهد,تخمین نشست 23:50 | طبق برنامه,,2025-06-01 23:50:00,,MD82,فرودگاه آبادان,Domestic Arrival
2025-06-01 00:10:00,آسمان,IRC3818,شیراز,باطل شد,,,,,فرودگاه آبادان,Domestic Arrival
2025-06-01 00:15:00,پارس,PRS4415,مشهد,تاخیردارد01:00,,2025-06-01 01:00:00,,737,فرودگاه آبادان,Domestic Arrival
2025-05-28 10:35:00,ایر وان,INA6752,مشهد,نشست12:02 | پایان دریافت بار,,2025-05-28 11:55:00,,,فرودگاه آبادان,Domestic Arrival
2025-05-28 19:15:00,آسمان,IRC3750,تهران,تاخیردارد22:30,,2025-05-28 22:30:00,,,فرودگاه آبادان,Domestic Arrival
2025-06-01 00:40:00,سپهران,SHI4366,مشهد,تخمین نشست 00:50 | طبق برنامه,,2025-06-01 00:50:00,,737,فرودگاه آبادان,Domestic Arrival
2025-06-01 07:00:00,زاگرس,IZG4106,مشهد,طبق برنامه,,,,MDC-DC-9-82,فرودگاه آبادان,Domestic Arrival
2025-05-28 20:00:00,سپهران,SHI4366,مشهد,تخمین نشست 21:20 | نشست21:17 | پایان دریافت بار,,2025-05-28 21:20:00,,,فرودگاه آبادان,Domestic Arrival
2025-05-28 20:35:00,آوا ایر,AVA7710,مشهد,تخمین نشست 21:10 | نشست21:09 | پایان دریافت بار,,2025-05-28 21:10:00,,,فرودگاه آبادان,Domestic Arrival
2025-06-01 09:45:00,پارس,PRS4456,مشهد,طبق برنامه,,,,737,فرودگاه آبادان,Domestic Arrival
2025-06-01 10:30:00,کیش ایر,KIS7105,تهران,طبق برنامه,,,,MD82,فرودگاه آبادان,Domestic Arrival
2025-06-01 10:35:00,ایر وان,INA6752,مشهد,طبق برنامه,,,,737,فرودگاه آبادان,Domestic Arrival
2025-06-01 19:05:00,آسمان,IRC630,تهران,باطل شد,,,,100,فرودگاه گرگان,Domestic Arrival
2025-06-01 13:10:00,کاسپین,CPN6996,كيش,طبق برنامه,,,,MD83,فرودگاه گرگان,Domestic Arrival
2025-06-01 19:55:00,کاسپین,CPN4922,مشهد,طبق برنامه,,,,,فرودگاه همدان,Domestic Arrival
2025-06-01 19:20:00,ماهان,IRM1026,تهران,نشست19:15 | پایان دریافت بار,,2025-06-01 19:15:00,,RJ100,فرودگاه اردبيل,Domestic Arrival
2025-06-01 09:15:00,ماهان,IRM4536,تهران,طبق برنامه,,,,RJ100,فرودگاه اردبيل,Domestic Arrival
2025-06-01 16:10:00,ایران ایر,IRA497,تهران,طبق برنامه,,,,100,فرودگاه اردبيل,Domestic Arrival
2025-05-28 21:45:00,ایران ایر,IRA265,تهران,تخمین نشست 22:20 | نشست22:21 | پایان دریافت بار,,2025-05-28 22:20:00,,,فرودگاه آبادان,Domestic Arrival
2025-05-28 21:50:00,آتا,TBZ5690,تهران,تخمین نشست 23:59,,2025-05-28 23:59:00,,,فرودگاه آبادان,Domestic Arrival
2025-05-28 22:00:00,کیش ایر,KIS7010,مشهد,تخمین نشست 22:40 | نشست22:43 | پایان دریافت بار,,2025-05-28 22:40:00,,MDC-DC-9-82,فرودگاه آبادان,Domestic Arrival
2025-05-28 22:15:00,پارس,PRS4415,مشهد,تخمین نشست 22:30 | نشست22:30,,2025-05-28 22:30:00,,737,فرودگاه آبادان,Domestic Arrival
2025-05-28 22:45:00,آسمان,IRC3759,اصفهان,تاخیردارد02:00,,2025-05-29 02:00:00,,,فرودگاه آبادان,Domestic Arrival
2025-05-28 23:00:00,آتا,TBZ5647,مشهد,تخمین نشست 23:10 | طبق برنامه,,2025-05-28 23:10:00,,,فرودگاه آبادان,Domestic Arrival
2025-05-29 01:45:00,سپهران,SHI4346,مشهد,طبق برنامه,,,,,فرودگاه آبادان,Domestic Arrival
2025-05-29 07:30:00,چابهار ایر,IRU7624,تهران,طبق برنامه,,,,MD83,فرودگاه آبادان,Domestic Arrival
2025-05-29 10:35:00,ایر وان,INA6752,مشهد,طبق برنامه,,,,,فرودگاه آبادان,Domestic Arrival
2025-05-29 10:45:00,چابهار ایر,IRU7654,مشهد,طبق برنامه,,,,MD83,فرودگاه آبادان,Domestic Arrival
2025-05-28 16:10:00,قشم,QSM1294,تهران,نشست16:06 | پایان دریافت بار,,2025-05-28 16:06:00,,f100,فرودگاه گرگان,Domestic Arrival
2025-05-28 17:15:00,ایران ایر,IRA246,تهران,نشست17:01 | پایان دریافت بار,,2025-05-28 17:01:00,,100,فرودگاه گرگان,Domestic Arrival
2025-05-28 21:45:00,قشم,QSM1296,زاهدان,نشست21:41 | پایان دریافت بار,,2025-05-28 21:41:00,,f100,فرودگاه گرگان,Domestic Arrival
2025-05-28 13:00:00,ایران ایر,IRA1659,جده,اعلام ورود | نشست12:44,,2025-05-28 13:00:00,,,فرودگاه همدان,International Arrival
2025-05-29 02:00:00,ایران ایر,IRA1661,جده,طبق برنامه,,,,,فرودگاه همدان,International Arrival
2025-05-28 13:00:00,آتا,TBZ5633,تهران,نشست12:55 | پایان دریافت بار,,2025-05-28 12:55:00,,MD83,فرودگاه اردبيل,Domestic Arrival
2025-05-28 19:45:00,ماهان,IRM1026,تهران,نشست19:45 | پایان دریافت بار,,2025-05-28 19:45:00,,RJ100,فرودگاه اردبيل,Domestic Arrival
2025-05-30 00:40:00,آتا,TBZ5642,اهواز,تاخیر,,,,MD80,فرودگاه مشهد,Domestic Arrival
2025-05-30 01:00:00,تابان,TBN6252,تهران,تاخیر,,,,MD.88,فرودگاه مشهد,Domestic Arrival
2025-05-30 01:00:00,زاگرس,IZG4111,شیراز,طبق برنامه,,,,MD82,فرودگاه مشهد,Domestic Arrival
2025-05-30 01:15:00,سپهران,SHI4367,آبادان,طبق برنامه,,,,B737,فرودگاه مشهد,Domestic Arrival
2025-06-01 06:40:00,آسمان,IRC840,تهران,طبق برنامه,,,,,فرودگاه ايلام,Domestic Arrival
2025-06-01 18:35:00,ایران ایر,IRA216,تهران,نشست18:34 | پایان دریافت بار,,2025-06-01 19:00:00,,100,فرودگاه بيرجند,Domestic Arrival
2025-06-01 22:50:00,ایران ایر,IRA387,مشهد,نشست22:13 | پایان دریافت بار,,2025-06-01 22:10:00,,100,فرودگاه بيرجند,Domestic Arrival
2025-06-01 14:00:00,ایران ایر,IRA606,کویت,نشست13:52 | پایان دریافت بار,,2025-06-01 13:52:00,,A320,فرودگاه لارستان,International Arrival
2025-06-01 10:55:00,فلای دبی,FDB267,دبی,طبق برنامه,,,,737,فرودگاه لارستان,International Arrival
2025-06-01 13:35:00,العربیه,ABY217,شارجه,طبق برنامه,,,,A321,فرودگاه لارستان,International Arrival
2025-06-01 15:15:00,ماهان,IRM1006,تهران,نشست15:25 | پایان دریافت بار,,2025-06-01 15:25:00,,,فرودگاه خرم آباد,Domestic Arrival
2025-06-01 11:05:00,ماهان,IRM1090,مشهد,طبق برنامه,,,,146-100,فرودگاه زنجان,Domestic Arrival
2025-06-01 08:15:00,ماهان,IRM1085,تهران,طبق برنامه,,,,BAE146,فرودگاه زابل,Domestic Arrival
2025-06-01 13:05:00,ماهان,IRM1041,مشهد,طبق برنامه,,,,,فرودگاه زابل,Domestic Arrival
2025-06-03 13:30:00,وارش,VRH5802,مشهد,نشست14:05 | پایان دریافت بار,,2025-06-03 14:05:00,,,فرودگاه ساري,Domestic Arrival
2025-06-03 15:00:00,وارش,VRH5804,مشهد,نشست15:17 | پایان دریافت بار,,2025-06-03 15:17:00,,,فرودگاه ساري,Domestic Arrival
2025-06-03 21:10:00,آسمان,IRC3974,اهواز,نشست21:00 | پایان دریافت بار,,2025-06-03 21:00:00,,,فرودگاه ساري,Domestic Arrival
2025-06-04 01:00:00,وارش,VRH5845,شیراز,تاخیردارد01:40,,2025-06-04 01:40:00,,,فرودگاه ساري,Domestic Arrival
2025-06-03 20:00:00,وارش,VRH6820,نجف,نشست20:30 | پایان دریافت بار,,2025-06-03 20:35:00,,,فرودگاه ساري,International Arrival
2025-06-03 11:55:00,یزد ایر,DZD6887,مشهد,نشست12:15 | پایان دریافت بار,,2025-06-03 12:10:00,,146-100,فرودگاه يزد,Domestic Arrival
2025-06-03 19:15:00,یزد ایر,DZD9441,تهران,نشست19:25 | پایان دریافت بار,,2025-06-03 19:25:00,,146-100,فرودگاه يزد,Domestic Arrival
2025-06-03 22:30:00,آتا,TBZ5670,تهران,نشست23:35 | دریافت بار,,2025-06-03 23:35:00,,MD83,فرودگاه يزد,Domestic Arrival
2025-06-03 22:40:00,کارون,KRU2608,تهران,نشست22:50 | پایان دریافت بار,,2025-06-03 22:50:00,,737-100,فرودگاه يزد,Domestic Arrival
2025-06-03 22:40:00,ایران ایر,IRA298,تهران,نشست22:15 | پایان دریافت بار,,2025-06-03 22:15:00,,100,فرودگاه يزد,Domestic Arrival
2025-06-03 22:55:00,ایران ایر,IRA3367,بندرعباس,تاخیردارد23:50,,2025-06-03 23:50:00,,,فرودگاه يزد,Domestic Arrival
2025-06-03 23:40:00,یزد ایر,DZD9443,تهران,نشست23:40,,2025-06-03 23:40:00,,146-100,فرودگاه يزد,Domestic Arrival
2025-06-03 00:05:00,کاسپین,CPN041,مشهد,نشست | پایان دریافت بار,4,,EPCPU,MD83,فرودگاه مهرآباد,Domestic Arrival
2025-06-03 00:15:00,کیش ایر,KIS7168,مشهد,نشست | پایان دریافت بار,1,,EPLCJ,MD82,فرودگاه مهرآباد,Domestic Arrival
2025-06-03 00:20:00,اطلس ایر,ATS8274,اصفهان,نشست | پایان دریافت بار,4,,EPLEE,737-700,فرودگاه مهرآباد,Domestic Arrival
2025-06-03 00:30:00,وارش,VRH5873,بوشهر,نشست | پایان دریافت بار,3,,EPVAR,737-700,فرودگاه مهرآباد,Domestic Arrival
2025-06-03 00:35:00,معراج,MRJ2819,كيش,نشست | پایان دریافت بار,6,,EPSSN,A321,فرودگاه مهرآباد,Domestic Arrival
2025-06-03 00:40:00,ساها,IRZ175,كيش,نشست | پایان دریافت بار,6,,EPSIJ,737-700,فرودگاه مهرآباد,Domestic Arrival
2025-06-03 00:45:00,کارون,KRU2603A,اصفهان,نشست | پایان دریافت بار,3,,EPNFC,737,فرودگاه مهرآباد,Domestic Arrival
2025-06-03 00:50:00,کاسپین,CPN6901A,بوشهر,نشست | پایان دریافت بار,"5, 5",,EPKPB,737,فرودگاه مهرآباد,Domestic Arrival
2025-06-03 00:55:00,کیش ایر,KIS7024,كيش,نشست | پایان دریافت بار,4,,EPLCK,MD82,فرودگاه مهرآباد,Domestic Arrival
2025-06-03 00:55:00,آتا,TBZ5689,آبادان,نشست | پایان دریافت بار,3,,EPTAL,MD83,فرودگاه مهرآباد,Domestic Arrival
2025-06-03 01:00:00,کیش ایر,KIS7050,شیراز,نشست | پایان دریافت بار,2,,EPLCJ,MD82,فرودگاه مهرآباد,Domestic Arrival
2025-06-03 01:05:00,ماهان,IRM4540,زاهدان,نشست | پایان دریافت بار,3,,EPMOC,146-200,فرودگاه مهرآباد,Domestic Arrival
2025-06-03 01:10:00,آتا,TBZ5669,یزد,نشست | پایان دریافت بار,5,,EPTAZ,md88,فرودگاه مهرآباد,Domestic Arrival
2025-06-03 01:15:00,چابهار,IRU7615,چابهار,نشست | پایان دریافت بار,3,,EPCBD,MD83,فرودگاه مهرآباد,Domestic Arrival
2025-06-03 01:20:00,آتا,TBZ5644A,سیرجان,نشست | پایان دریافت بار,1,,EPTAE,B737,فرودگاه مهرآباد,Domestic Arrival
2025-06-03 01:20:00,پارس ایر,PRS4455,مشهد,نشست | پایان دریافت بار,6,,EPPAO,737,فرودگاه مهرآباد,Domestic Arrival
2025-06-03 01:25:00,کارون,KRU2619,اهواز,نشست | پایان دریافت بار,4,,EPNFC,737,فرودگاه مهرآباد,Domestic Arrival
2025-06-03 01:30:00,پارس ایر,PRS4403,بیرجند,نشست | پایان دریافت بار,1,,EPPRA,CRJ200,فرودگاه مهرآباد,Domestic Arrival
2025-06-03 01:35:00,کاسپین,CPN6987A,زاهدان,نشست | پایان دریافت بار,4,,EPCAS,MD83,فرودگاه مهرآباد,Domestic Arrival
2025-06-03 01:50:00,کاسپین,CPN6937A,قشم,نشست | پایان دریافت بار,5,,EPCAQ,B737,فرودگاه مهرآباد,Domestic Arrival
2025-06-03 02:00:00,کیش ایر,KIS7080,كيش,باطل شد,,,EPLCL,MD83,فرودگاه مهرآباد,Domestic Arrival
2025-06-03 02:15:00,ایران ایر,IRA469,مشهد,نشست | پایان دریافت بار,6,,EPIEQ,F100,فرودگاه مهرآباد,Domestic Arrival
2025-06-03 02:15:00,وارش,VRH5851,اهواز,نشست | پایان دریافت بار,1,,EPVBM,B737,فرودگاه مهرآباد,Domestic Arrival
2025-06-03 03:30:00,ایران ایر,IRA459,بندرعباس,نشست | پایان دریافت بار,1,,EPIEP,A319,فرودگاه مهرآباد,Domestic Arrival
2025-06-03 06:15:00,تابان,TBN6257,مشهد,نشست | پایان دریافت بار,3,,EPTBB,MD.88,فرودگاه مهرآباد,Domestic Arrival
2025-06-03 07:00:00,آتا,TBZ5601,تبریز,نشست | پایان دریافت بار,3,,EPTAU,MD83,فرودگاه مهرآباد,Domestic Arrival
2025-06-03 07:20:00,آتا,TBZ5720,مشهد,نشست | پایان دریافت بار,1,,EPTAQ,MD83,فرودگاه مهرآباد,Domestic Arrival
2025-06-03 07:20:00,یزد ایر,DZD9440,یزد,نشست | پایان دریافت بار,6,,EPMEA,RJ85,فرودگاه مهرآباد,Domestic Arrival
2025-06-03 07:30:00,زاگرس,IZG4023,اهواز,نشست | پایان دریافت بار,3,,EPZAG,MD83,فرودگاه مهرآباد,Domestic Arrival
2025-06-03 07:40:00,ماهان,IRM1036,مشهد,نشست | پایان دریافت بار,3,,EPMEE,AB6,فرودگاه مهرآباد,Domestic Arrival
2025-06-03 08:00:00,زاگرس,IZG4043,مشهد,نشست | پایان دریافت بار,1,,EPZAE,MD83,فرودگاه مهرآباد,Domestic Arrival
2025-06-03 08:05:00,آتا,TBZ5603,تبریز,نشست | پایان دریافت بار,5,,EPTAR,MD83,فرودگاه مهرآباد,Domestic Arrival
2025-06-03 08:25:00,کیش ایر,KIS7104,آبادان,نشست | پایان دریافت بار,4,,EPLCK,MD83,فرودگاه مهرآباد,Domestic Arrival
2025-06-03 08:30:00,رایمون,RAI7511,رشت,نشست | پایان دریافت بار,2,,EPNEA,EMB145,فرودگاه مهرآباد,Domestic Arrival
2025-06-03 08:30:00,وارش,VRH5853,اهواز,نشست | پایان دریافت بار,2,,EPVBM,B737,فرودگاه مهرآباد,Domestic Arrival
2025-06-03 08:35:00,فلای پرشیا,FPI7439,مشهد,نشست | پایان دریافت بار,4,,EPFPA,737-700,فرودگاه مهرآباد,Domestic Arrival
2025-06-03 08:40:00,چابهار,IRU7647,شیراز,نشست | پایان دریافت بار,4,,EPSEB,MD83,فرودگاه مهرآباد,Domestic Arrival
2025-06-03 08:45:00,آتا,TBZ5609,تبریز,نشست | پایان دریافت بار,1,,EPTAZ,MD83,فرودگاه مهرآباد,Domestic Arrival
2025-06-03 08:45:00,پارس ایر,PRS4439,گچساران,نشست | پایان دریافت بار,3,,EPPRA,CRJ200,فرودگاه مهرآباد,Domestic Arrival
2025-06-03 08:50:00,پارس ایر,PRS4407,شیراز,نشست | پایان دریافت بار,6,,EPPAM,B737,فرودگاه مهرآباد,Domestic Arrival
2025-06-03 09:00:00,آتا,TBZ5678,ارومیه,نشست | پایان دریافت بار,4,,EPTAJ,MD83,فرودگاه مهرآباد,Domestic Arrival
2025-06-03 09:00:00,ایران ایرتور,IRB931,بیرجند,نشست | پایان دریافت بار,3,,EPMDF,MD83,فرودگاه مهرآباد,Domestic Arrival
2025-06-03 09:20:00,کیش ایر,KIS7092,عسلویه,نشست | پایان دریافت بار,1,,EPLCJ,MD83,فرودگاه مهرآباد,Domestic Arrival
2025-06-03 09:30:00,آتا,TBZ5644,سیرجان,نشست | پایان دریافت بار,6,,EPTAE,737,فرودگاه مهرآباد,Domestic Arrival
2025-06-03 09:35:00,وارش,VRH5903,مشهد,نشست | پایان دریافت بار,3,,EPVAV,B737,فرودگاه مهرآباد,Domestic Arrival
2025-06-03 10:10:00,ایران ایرتور,IRB975,زاهدان,نشست | پایان دریافت بار,3,,EPMDD,MD83,فرودگاه مهرآباد,Domestic Arrival
2025-06-03 10:20:00,چابهار,IRU7611,مشهد,نشست | پایان دریافت بار,2,,EPCBI,MD83,فرودگاه مهرآباد,Domestic Arrival
2025-06-03 10:20:00,زاگرس,IZG4061,بوشهر,نشست | پایان دریافت بار,3,,EPZAQ,MD83,فرودگاه مهرآباد,Domestic Arrival
2025-06-03 10:30:00,قشم ایر,QSM1231,ماهشهر,نشست | پایان دریافت بار,6,,EPFQI,F100,فرودگاه مهرآباد,Domestic Arrival
2025-06-03 10:40:00,اطلس ایر,ATS8275,مشهد,نشست | پایان دریافت بار,1,,EPTHI,RJ85,فرودگاه مهرآباد,Domestic Arrival
2025-06-03 10:45:00,کیش ایر,KIS080,كيش,نشست | پایان دریافت بار,4,,EPLCL,MD82,فرودگاه مهرآباد,Domestic Arrival
2025-06-03 10:50:00,معراج,MRJ2815,چابهار,نشست | پایان دریافت بار,4,,EPSSN,A321,فرودگاه مهرآباد,Domestic Arrival
2025-06-03 10:50:00,ماهان,IRM1088,شیراز,نشست | پایان دریافت بار,2,,EPMOC,146-200,فرودگاه مهرآباد,Domestic Arrival
2025-06-03 11:05:00,آتا,TBZ5663,کرمان,نشست | پایان دریافت بار,5,,EPTAH,B737,فرودگاه مهرآباد,Domestic Arrival
2025-06-03 11:10:00,ماهان,IRM4537,اردبیل,نشست | پایان دریافت بار,3,,EPMOH,146-200,فرودگاه مهرآباد,Domestic Arrival
2025-06-03 11:15:00,پويا,PYA2341,شیراز,نشست | پایان دریافت بار,7,,EPPUO,EMB145,فرودگاه مهرآباد,Domestic Arrival
2025-06-03 11:30:00,آتا,TBZ5618,مشهد,نشست | پایان دریافت بار,3,,,MD83,فرودگاه مهرآباد,Domestic Arrival
2025-06-03 11:45:00,کیش ایر,KIS7028,كيش,نشست | پایان دریافت بار,1,,EPLCK,MD83,فرودگاه مهرآباد,Domestic Arrival
2025-06-03 11:55:00,اطلس ایر,ATS8272,كيش,نشست | پایان دریافت بار,5,,EPSAP,MD83,فرودگاه مهرآباد,Domestic Arrival
2025-06-03 12:15:00,کارون,KRU2603,اصفهان,نشست | پایان دریافت بار,3,,EPJIA,737,فرودگاه مهرآباد,Domestic Arrival
2025-06-03 12:25:00,ماهان,IRM4588,زاهدان,نشست | پایان دریافت بار,5,,EPMOS,RJ85,فرودگاه مهرآباد,Domestic Arrival
2025-06-03 12:30:00,کارون,KRU2669,اهواز,نشست | پایان دریافت بار,4,,EPNFC,B737,فرودگاه مهرآباد,Domestic Arrival
2025-06-03 12:30:00,ماهان,IRM1054,کرمان,نشست | پایان دریافت بار,3,,EPMEA,RJ85,فرودگاه مهرآباد,Domestic Arrival
2025-06-03 12:40:00,آتا,TBZ5660,كيش,نشست | پایان دریافت بار,1,,EPTAQ,MD83,فرودگاه مهرآباد,Domestic Arrival
2025-06-03 12:40:00,ماهان,IRM4550,سراوان,نشست | پایان دریافت بار,7,,EPMEU,RJ85,فرودگاه مهرآباد,Domestic Arrival
2025-06-03 12:55:00,کیش ایر,KIS7020,كيش,نشست | پایان دریافت بار,4,,EPLCL,MD83,فرودگاه مهرآباد,Domestic Arrival
2025-06-03 13:05:00,پويا,PYA2317,قشم,نشست | پایان دریافت بار,7,,EPPUR,EMB145,فرودگاه مهرآباد,Domestic Arrival
2025-06-03 13:10:00,زاگرس,IZG4031,كيش,نشست | پایان دریافت بار,3,,EPZAG,MD83,فرودگاه مهرآباد,Domestic Arrival
2025-06-03 13:15:00,فلای پرشیا,FPI7404,شیراز,نشست | پایان دریافت بار,4,,EPFPA,B737,فرودگاه مهرآباد,Domestic Arrival
2025-06-03 13:15:00,آوا,AXV7731,مشهد,نشست | پایان دریافت بار,3,,EPRBC,B737,فرودگاه مهرآباد,Domestic Arrival
2025-06-03 13:20:00,آساجت,SJT8635,رشت,نشست | پایان دریافت بار,5,,EPJEK,EMB145,فرودگاه مهرآباد,Domestic Arrival
2025-06-03 13:20:00,چابهار,IRU7641,مشهد,نشست | پایان دریافت بار,1,,EPSEB,MD83,فرودگاه مهرآباد,Domestic Arrival
2025-06-03 13:25:00,پارس ایر,PRS4409,ماهشهر,نشست | پایان دریافت بار,3,,EPPAM,737-700,فرودگاه مهرآباد,Domestic Arrival
2025-06-03 13:25:00,کاسپین,CPN039,شیراز,نشست | پایان دریافت بار,6,,EPCPU,MD82,فرودگاه مهرآباد,Domestic Arrival
2025-06-03 13:30:00,آتا,TBZ5699,مشهد,نشست | پایان دریافت بار,1,,EPTAZ,md88,فرودگاه مهرآباد,Domestic Arrival
2025-06-03 13:50:00,ایران ایر,IRA383,چابهار/زاهدان,نشست | پایان دریافت بار,4,,EPCFR,F100,فرودگاه مهرآباد,Domestic Arrival
2025-06-03 13:55:00,رایمون,RAI7519,كيش,نشست | پایان دریافت بار,3,,EPNEA,EMB145,فرودگاه مهرآباد,Domestic Arrival
2025-06-03 14:00:00,یزد ایر,DZD9418,یزد,نشست | پایان دریافت بار,2,,EPDZH,146-200,فرودگاه مهرآباد,Domestic Arrival
2025-06-03 14:00:00,کیش ایر,KIS7052,كيش,نشست | پایان دریافت بار,3,,EPLCJ,MD83,فرودگاه مهرآباد,Domestic Arrival
2025-06-03 14:05:00,ایران ایرتور,IRB971,بوشهر,نشست | پایان دریافت بار,2,,EPMDF,MD83,فرودگاه مهرآباد,Domestic Arrival
2025-06-03 14:10:00,قشم ایر,QSM1281,اصفهان,نشست | پایان دریافت بار,1,,EPFQI,F100,فرودگاه مهرآباد,Domestic Arrival
2025-06-03 14:15:00,آساجت,SJT8619,آبادان,نشست | پایان دریافت بار,6,,EPRHN,EMB145,فرودگاه مهرآباد,Domestic Arrival
2025-06-03 14:20:00,آتا,TBZ5730,مشهد,نشست | پایان دریافت بار,3,,EPTAE,737-700,فرودگاه مهرآباد,Domestic Arrival
2025-06-03 14:20:00,آتا,TBZ5722,كيش,نشست | پایان دریافت بار,4,,EPTAJ,MD83,فرودگاه مهرآباد,Domestic Arrival
2025-06-03 14:25:00,کیش ایر,KIS7192,عسلویه,نشست | پایان دریافت بار,2,,EPLCK,MD83,فرودگاه مهرآباد,Domestic Arrival
2025-06-03 14:30:00,آتا,TBZ5628,اهواز,نشست | پایان دریافت بار,5,,EPTAL,MD83,فرودگاه مهرآباد,Domestic Arrival
2025-06-03 14:50:00,وارش,VRH5919,عسلویه,نشست | پایان دریافت بار,3,,EPVAK,737-700,فرودگاه مهرآباد,Domestic Arrival
2025-06-03 15:00:00,آتا,TBZ5632,اهواز,نشست | پایان دریافت بار,5,,EPTAH,B737,فرودگاه مهرآباد,Domestic Arrival
2025-06-03 15:05:00,کاسپین,CPN6987,زاهدان,نشست | پایان دریافت بار,6,,EPCAS,MD83,فرودگاه مهرآباد,Domestic Arrival
2025-06-03 15:10:00,اطلس ایر,ATS8283,مشهد,نشست | پایان دریافت بار,6,,EPTHI,RJ85,فرودگاه مهرآباد,Domestic Arrival
2025-06-03 15:15:00,کاسپین,CPN047,تبریز,نشست | پایان دریافت بار,4,,EPKPB,B737,فرودگاه مهرآباد,Domestic Arrival
2025-06-03 15:25:00,ایران ایر,IRA327,لارستان,نشست | پایان دریافت بار,4,,EPIEP,A319,فرودگاه مهرآباد,Domestic Arrival
2025-06-03 15:35:00,زاگرس,IZG4041,مشهد,نشست | پایان دریافت بار,1,,EPZAG,MD83,فرودگاه مهرآباد,Domestic Arrival
2025-06-03 15:45:00,پارس ایر,PRS5455,كيش,نشست | پایان دریافت بار,5,,EPPAO,737-700,فرودگاه مهرآباد,Domestic Arrival
2025-06-03 15:45:00,پارس ایر,PRS4445,اهواز,نشست | پایان دریافت بار,3,,EPPRA,CRJ200,فرودگاه مهرآباد,Domestic Arrival
2025-06-03 15:50:00,ماهان,IRM4579,ماکو,نشست | پایان دریافت بار,3,,EPMOC,146-200,فرودگاه مهرآباد,Domestic Arrival
2025-06-03 15:55:00,اروان,INA6751,مشهد,نشست | پایان دریافت بار,1,,EPNSR,737-700,فرودگاه مهرآباد,Domestic Arrival
2025-06-03 15:55:00,ساها,IRZ167,آبادان,نشست | پایان دریافت بار,3,,EPSIJ,737-700,فرودگاه مهرآباد,Domestic Arrival
2025-06-03 16:00:00,ماهان,IRM4544,سراوان,نشست | پایان دریافت بار,3,,EPMMV,146-200,فرودگاه مهرآباد,Domestic Arrival
2025-06-03 16:00:00,کارون,KRU2505,خارگ,نشست | پایان دریافت بار,2,,EPOPI,F100,فرودگاه مهرآباد,Domestic Arrival
2025-06-03 16:05:00,اطلس ایر,ATS8276,كيش,نشست | پایان دریافت بار,4,,EPLEE,B737,فرودگاه مهرآباد,Domestic Arrival
2025-06-03 16:10:00,ایران ایرتور,IRB941,قشم,نشست | پایان دریافت بار,2,,EPMDD,MD83,فرودگاه مهرآباد,Domestic Arrival
2025-06-03 16:25:00,ماهان,IRM1009,کرمانشاه,نشست | پایان دریافت بار,7,,EPMOH,146-200,فرودگاه مهرآباد,Domestic Arrival
2025-06-03 16:30:00,کاسپین,CPN015,عسلویه,نشست | پایان دریافت بار,3,,EPCPD,MD83,فرودگاه مهرآباد,Domestic Arrival
2025-06-03 16:30:00,آسمان,IRC645,بندرعباس,نشست | پایان دریافت بار,3,,EPATE,F100,فرودگاه مهرآباد,Domestic Arrival
2025-06-03 17:00:00,تابان,TBN6255,مشهد,نشست | پایان دریافت بار,5,,EPSMA,MD.88,فرودگاه مهرآباد,Domestic Arrival
2025-06-03 17:15:00,ماهان,IRM4573,ایلام,نشست | پایان دریافت بار,7,,EPMEB,RJ85,فرودگاه مهرآباد,Domestic Arrival
2025-06-03 17:25:00,ماهان,IRM1003,ارومیه,نشست | پایان دریافت بار,2,,EPMEU,146-200,فرودگاه مهرآباد,Domestic Arrival
2025-06-03 17:30:00,وارش,VRH5821,كيش,نشست | پایان دریافت بار,2,,EPVAR,B737,فرودگاه مهرآباد,Domestic Arrival
2025-06-03 17:30:00,ماهان,IRM1080,مشهد,نشست | پایان دریافت بار,3,,EPMEE,747,فرودگاه مهرآباد,Domestic Arrival
2025-06-03 17:50:00,ایران ایر,IRA261,مشهد,نشست | پایان دریافت بار,3,,EPIEQ,A319,فرودگاه مهرآباد,Domestic Arrival
2025-06-03 18:00:00,رایمون,RAI7513,اصفهان,نشست | پایان دریافت بار,6,,EPNEA,EMB145,فرودگاه مهرآباد,Domestic Arrival
2025-06-03 18:00:00,ساها,IRZ171,مشهد,نشست | پایان دریافت بار,5,,EPSII,737-700,فرودگاه مهرآباد,Domestic Arrival
2025-06-03 19:00:00,کیش ایر,KIS7116,چابهار,باطل شد,,,,MD83,فرودگاه مهرآباد,Domestic Arrival
2025-06-03 19:30:00,قشم ایر,QSM1241,قشم,نشست | پایان دریافت بار,1,,EPFQV,RJ100,فرودگاه مهرآباد,Domestic Arrival
2025-06-03 19:40:00,آتا,TBZ5612,شیراز,نشست | پایان دریافت بار,3,,EPTAR,MD83,فرودگاه مهرآباد,Domestic Arrival
2025-06-03 19:45:00,فلای پرشیا,FPI7447,عسلویه,نشست | پایان دریافت بار,6,,EPFPA,737-700,فرودگاه مهرآباد,Domestic Arrival
2025-06-03 19:55:00,آتا,TBZ5667,تبریز,نشست | دریافت بار از نقاله,4,,EPTAN,MD83,فرودگاه مهرآباد,Domestic Arrival
2025-06-03 20:00:00,کاسپین,CPN6901,بوشهر,نشست | پایان دریافت بار,3,,EPCAS,MD83,فرودگاه مهرآباد,Domestic Arrival
2025-06-03 20:15:00,کیش ایر,KIS7124,كيش,نشست | پایان دریافت بار,4,,EPLCM,MD83,فرودگاه مهرآباد,Domestic Arrival
2025-06-03 20:25:00,ایران ایر,IRA215,قشم,نشست | پایان دریافت بار,2,,EPCFR,F100,فرودگاه مهرآباد,Domestic Arrival
2025-06-03 20:35:00,آتا,TBZ5624,شیراز,نشست | پایان دریافت بار,4,,EPTAJ,MD83,فرودگاه مهرآباد,Domestic Arrival
2025-06-03 20:35:00,کاسپین,CPN6937,قشم,نشست | پایان دریافت بار,4,,EPCAQ,B737,فرودگاه مهرآباد,Domestic Arrival
2025-06-03 20:40:00,کارون,KRU2585,عسلویه,نشست | پایان دریافت بار,3,,EPJIA,737,فرودگاه مهرآباد,Domestic Arrival
2025-06-03 20:40:00,آتا,TBZ5665,کرمان,نشست | پایان دریافت بار,6,,EPTAZ,MD83,فرودگاه مهرآباد,Domestic Arrival
2025-06-03 20:45:00,کارون,KRU2611,دزفول,نشست | پایان دریافت بار,3,,EPAWZ,F100,فرودگاه مهرآباد,Domestic Arrival
2025-06-03 20:55:00,چابهار,IRU7661,مشهد,نشست | پایان دریافت بار,4,,EPCBI,MD83,فرودگاه مهرآباد,Domestic Arrival
2025-06-03 21:05:00,پارس ایر,PRS4463,سیرجان,نشست | پایان دریافت بار,3,,EPPRA,CRJ200,فرودگاه مهرآباد,Domestic Arrival
2025-06-03 21:05:00,کارون,KRU2507,ماهشهر,نشست | پایان دریافت بار,1,,EPNFC,737-700,فرودگاه مهرآباد,Domestic Arrival
2025-06-03 21:10:00,ایران ایرتور,IRB947,تبریز,نشست | پایان دریافت بار,2,,EPMDF,MD83,فرودگاه مهرآباد,Domestic Arrival
2025-06-03 21:15:00,کیش ایر,KIS7088,بندرعباس,نشست | دریافت بار از نقاله,2,,EPLCJ,MD83,فرودگاه مهرآباد,Domestic Arrival
2025-06-03 21:20:00,قشم ایر,QSM1225,كيش,نشست | پایان دریافت بار,5,,EPFQF,F100,فرودگاه مهرآباد,Domestic Arrival
2025-06-03 21:25:00,یزد ایر,DZD9442,یزد,نشست | پایان دریافت بار,2,,EPDZI,146-200,فرودگاه مهرآباد,Domestic Arrival
2025-06-03 21:30:00,چابهار,IRU7651,مشهد,نشست | پایان دریافت بار,1,,EPSEB,MD83,فرودگاه مهرآباد,Domestic Arrival
2025-06-03 22:00:00,پويا,PYA2311,گرگان,نشست | پایان دریافت بار,2,,EPPUR,EMB145,فرودگاه مهرآباد,Domestic Arrival
2025-06-03 22:10:00,ماهان,IRM1001,تبریز,نشست | پایان دریافت بار,7,,EPMEU,146-200,فرودگاه مهرآباد,Domestic Arrival
2025-06-03 22:15:00,وارش,VRH5897,ماهشهر,نشست | پایان دریافت بار,3,,EPVAK,B737,فرودگاه مهرآباد,Domestic Arrival
2025-06-03 22:25:00,اطلس ایر,ATS8291,کرمان,نشست | پایان دریافت بار,6,,EPTHI,RJ85,فرودگاه مهرآباد,Domestic Arrival
2025-06-03 22:30:00,آتا,TBZ5680,ارومیه,تاخیر,,,EPTAL,MD83,فرودگاه مهرآباد,Domestic Arrival
2025-06-03 23:25:00,ساها,IRZ157,شیراز,نشست | دریافت بار از نقاله,5,,EPSII,737-700,فرودگاه مهرآباد,Domestic Arrival
2025-06-03 23:30:00,ایران ایرتور,IRB933,بندرعباس,نشست | دریافت بار از نقاله,5,,EPMDD,MD83,فرودگاه مهرآباد,Domestic Arrival
2025-06-03 23:35:00,وارش,VRH5815,بندرعباس,نشست | دریافت بار از نقاله,4,,EPVAR,737-700,فرودگاه مهرآباد,Domestic Arrival
2025-06-03 23:35:00,وارش,VRH5841,مشهد,طبق برنامه,,,EPVBM,737-700,فرودگاه مهرآباد,Domestic Arrival
2025-06-03 23:40:00,آتا,TBZ5636,اهواز,اعلام ورود,,,EPTAR,MD83,فرودگاه مهرآباد,Domestic Arrival
2025-06-03 23:50:00,فلای پرشیا,FPI7427,اهواز,نشست | دریافت بار از نقاله,4,,EPFPA,B737,فرودگاه مهرآباد,Domestic Arrival
2025-06-03 00:05:00,اطلس ایر,ATS8294,قشم,طبق برنامه,,,EPLEE,737,فرودگاه مهرآباد,Domestic Arrival
2025-06-03 00:20:00,آتا,TBZ5669,یزد,طبق برنامه,,,EPTAZ,MD83,فرودگاه مهرآباد,Domestic Arrival
2025-06-03 00:25:00,زاگرس,IZG4033,كيش,طبق برنامه,,,EPZAG,MD83,فرودگاه مهرآباد,Domestic Arrival
2025-06-03 00:30:00,کارون,KRU2609,یزد,طبق برنامه,,,EPJIA,B737,فرودگاه مهرآباد,Domestic Arrival
2025-06-03 00:30:00,کیش ایر,KIS7054,كيش,طبق برنامه,,,,MD82,فرودگاه مهرآباد,Domestic Arrival
2025-06-03 00:35:00,ایران ایر,IRA299,یزد,طبق برنامه,,,EPCFR,F100,فرودگاه مهرآباد,Domestic Arrival
2025-06-03 00:35:00,کیش ایر,KIS7080,كيش,تاخیر,,,,MD83,فرودگاه مهرآباد,Domestic Arrival
2025-06-03 00:40:00,قشم ایر,QSM1219,بوشهر,طبق برنامه,,,EPFQV,F100,فرودگاه مهرآباد,Domestic Arrival
2025-06-03 00:40:00,ماهان,IRM4524,چابهار,اعلام ورود,,,EPMOH,146-200,فرودگاه مهرآباد,Domestic Arrival
2025-06-03 00:45:00,وارش,VRH5819,مشهد,طبق برنامه,,,EPVAV,B737,فرودگاه مهرآباد,Domestic Arrival
2025-06-03 00:55:00,اطلس ایر,ATS8279,مشهد,طبق برنامه,,,,MD83,فرودگاه مهرآباد,Domestic Arrival
2025-06-03 01:00:00,قشم ایر,QSM1299,گرگان,طبق برنامه,,,EPFQU',RJ85,فرودگاه مهرآباد,Domestic Arrival
2025-06-03 01:05:00,قشم ایر,QSM1289,کرمان,طبق برنامه,,,EPFQI,F100,فرودگاه مهرآباد,Domestic Arrival
2025-06-03 01:15:00,پارس ایر,PRS4427,شیراز,طبق برنامه,,,EPPRA,CRJ200,فرودگاه مهرآباد,Domestic Arrival
2025-06-03 01:15:00,کاسپین,CPN027,مشهد,طبق برنامه,,,EPCAQ,B737,فرودگاه مهرآباد,Domestic Arrival
2025-06-03 01:20:00,آسمان,IRC601,مشهد,تاخیر,,,EPATE,F100,فرودگاه مهرآباد,Domestic Arrival
2025-06-03 01:25:00,کاسپین,CPN6961,بندرعباس,طبق برنامه,,,EPCAS,MD83,فرودگاه مهرآباد,Domestic Arrival
2025-06-03 01:30:00,آتا,TBZ5630,مشهد,طبق برنامه,,,EPTAJ,MD83,فرودگاه مهرآباد,Domestic Arrival
2025-06-03 01:35:00,کاسپین,CPN045,كيش,تاخیر,,,EPCPD,MD83,فرودگاه مهرآباد,Domestic Arrival
2025-06-03 01:35:00,کارون,KRU2677,کرمان,تاخیر,,,EPAWZ,F100,فرودگاه مهرآباد,Domestic Arrival
2025-06-03 01:40:00,چابهار,IRU7665,شیراز,طبق برنامه,,,EPCBI,MD82,فرودگاه مهرآباد,Domestic Arrival
2025-06-03 01:40:00,چابهار,IRU7643,اهواز,طبق برنامه,,,EPSEB,MD83,فرودگاه مهرآباد,Domestic Arrival
2025-06-03 01:45:00,زاگرس,IZG4051,بندرعباس,طبق برنامه,,,EPZAQ,MD83,فرودگاه مهرآباد,Domestic Arrival
2025-06-03 01:45:00,کیش ایر,KIS7068,مشهد,طبق برنامه,,,,MD82,فرودگاه مهرآباد,Domestic Arrival
2025-06-03 01:50:00,پارس ایر,PRS4455,مشهد,طبق برنامه,,,EPPAM,B737,فرودگاه مهرآباد,Domestic Arrival
2025-06-03 02:30:00,وارش,VRH5873,بوشهر,طبق برنامه,,,EPVAK,737-700,فرودگاه مهرآباد,Domestic Arrival
2025-06-03 03:00:00,پارس ایر,PRS4495,آبادان,طبق برنامه,,,EPPAO,737-700,فرودگاه مهرآباد,Domestic Arrival
2025-06-03 03:20:00,کاسپین,CPN6985,كيش,طبق برنامه,,,EPCPU,MD82,فرودگاه مهرآباد,Domestic Arrival
2025-06-03 04:00:00,کیش ایر,KIS7150,شیراز,طبق برنامه,,,EPLCK,MD82,فرودگاه مهرآباد,Domestic Arrival
2025-06-03 06:25:00,آتا,TBZ5601,تبریز,طبق برنامه,,,,MD83,فرودگاه مهرآباد,Domestic Arrival
2025-06-03 06:25:00,آسمان,IRC3770,شیراز,طبق برنامه,,,,F100,فرودگاه مهرآباد,Domestic Arrival
2025-06-03 06:30:00,وارش,VRH5801,ساری,طبق برنامه,,,,737-700,فرودگاه مهرآباد,Domestic Arrival
2025-06-03 06:30:00,کارون,KRU2601,اهواز,طبق برنامه,,,,F100,فرودگاه مهرآباد,Domestic Arrival
2025-06-03 06:50:00,کیش ایر,KIS7084,یزد,طبق برنامه,,,,MD82,فرودگاه مهرآباد,Domestic Arrival
2025-06-03 06:50:00,آتا,TBZ5614,مشهد,طبق برنامه,,,,MD83,فرودگاه مهرآباد,Domestic Arrival
2025-06-03 06:55:00,آتا,TBZ5720,مشهد,طبق برنامه,,,EPTAQ,MD83,فرودگاه مهرآباد,Domestic Arrival
2025-06-03 06:55:00,ماهان,IRM1050,کرمان,طبق برنامه,,,EPMEB,RJ85,فرودگاه مهرآباد,Domestic Arrival
2025-06-03 07:00:00,ماهان,IRM1070,زاهدان,طبق برنامه,,,EPMOS,RJ85,فرودگاه مهرآباد,Domestic Arrival
2025-06-03 07:10:00,ماهان,IRM1036,مشهد,طبق برنامه,,,,AB6,فرودگاه مهرآباد,Domestic Arrival
2025-06-03 07:15:00,یزد ایر,DZD9440,یزد,طبق برنامه,,,,146-200,فرودگاه مهرآباد,Domestic Arrival
2025-06-03 07:30:00,آتا,TBZ5609,تبریز,طبق برنامه,,,,MD83,فرودگاه مهرآباد,Domestic Arrival
2025-06-03 07:35:00,آتا,TBZ5694,اهواز,طبق برنامه,,,,MD82,فرودگاه مهرآباد,Domestic Arrival
2025-06-03 07:35:00,ایران ایرتور,IRB985,شیراز,طبق برنامه,,,,MD83,فرودگاه مهرآباد,Domestic Arrival
2025-06-03 07:45:00,آسمان,IRC841,ایلام,باطل شد,,,,F100,فرودگاه مهرآباد,Domestic Arrival
2025-06-03 07:45:00,فلای پرشیا,FPI7439,مشهد,طبق برنامه,,,,737-700,فرودگاه مهرآباد,Domestic Arrival
2025-06-03 07:50:00,پويا,PYA2315,یزد,طبق برنامه,,,,EMB145,فرودگاه مهرآباد,Domestic Arrival
2025-06-03 08:10:00,ساها,IRZ159,شیراز,طبق برنامه,,,,737-700,فرودگاه مهرآباد,Domestic Arrival
2025-06-03 12:10:00,آساجت,SJT8605,عسلویه,تاخیر,,,,EMB145,فرودگاه مهرآباد,Domestic Arrival
2025-06-03 13:00:00,آتا,TBZ5663,کرمان,طبق برنامه,,,,MD83,فرودگاه مهرآباد,Domestic Arrival
2025-06-03 13:05:00,یزد ایر,DZD9402,رشت,طبق برنامه,,,,146-200,فرودگاه مهرآباد,Domestic Arrival
2025-06-03 13:05:00,زاگرس,IZG4031,كيش,طبق برنامه,,,,MD83,فرودگاه مهرآباد,Domestic Arrival
2025-06-03 13:10:00,آتا,TBZ5630,مشهد,طبق برنامه,,,,MD83,فرودگاه مهرآباد,Domestic Arrival
2025-06-03 13:15:00,اطلس ایر,ATS8291,آبادان,طبق برنامه,,,,MD83,فرودگاه مهرآباد,Domestic Arrival
2025-06-03 13:20:00,قشم ایر,QSM1239,خارگ,طبق برنامه,,,,F100,فرودگاه مهرآباد,Domestic Arrival
2025-06-03 13:20:00,ماهان,IRM1054,کرمان,طبق برنامه,,,,AB6,فرودگاه مهرآباد,Domestic Arrival
2025-06-03 13:25:00,رایمون,RAI7511,رشت,طبق برنامه,,,,EMB145,فرودگاه مهرآباد,Domestic Arrival
2025-06-03 13:25:00,پارس ایر,PRS4493,آغاجاری,طبق برنامه,,,,CRJ200,فرودگاه مهرآباد,Domestic Arrival
2025-06-03 13:25:00,آوا,AXV7731,مشهد,طبق برنامه,,,,B737,فرودگاه مهرآباد,Domestic Arrival
2025-06-03 13:45:00,چابهار,IRU7661,مشهد,طبق برنامه,,,,MD83,فرودگاه مهرآباد,Domestic Arrival
2025-06-03 13:45:00,ایران ایر,IRA237,بندرلنگه/شیراز,طبق برنامه,,,,F100,فرودگاه مهرآباد,Domestic Arrival
2025-06-03 13:50:00,کارون,KRU2587,سیری,طبق برنامه,,,,F100,فرودگاه مهرآباد,Domestic Arrival
2025-06-03 13:55:00,ساها,IRZ163,مشهد,طبق برنامه,,,,737-700,فرودگاه مهرآباد,Domestic Arrival
2025-06-03 14:00:00,کاسپین,CPN6915,عسلویه,طبق برنامه,,,,MD83,فرودگاه مهرآباد,Domestic Arrival
2025-06-03 14:00:00,ایران ایرتور,IRB947,تبریز,طبق برنامه,,,,MD83,فرودگاه مهرآباد,Domestic Arrival
2025-06-03 14:05:00,قشم ایر,QSM1281,اصفهان,طبق برنامه,,,,F100,فرودگاه مهرآباد,Domestic Arrival
2025-06-03 14:05:00,اطلس ایر,ATS8289,مشهد,طبق برنامه,,,,MD83,فرودگاه مهرآباد,Domestic Arrival
2025-06-03 14:10:00,ماهان,IRM4537,اردبیل,طبق برنامه,,,,146-200,فرودگاه مهرآباد,Domestic Arrival
2025-06-03 14:15:00,کارون,KRU2517,لاوان,طبق برنامه,,,,F100,فرودگاه مهرآباد,Domestic Arrival
2025-06-03 14:20:00,ایران ایر,IRA3311,اصفهان,طبق برنامه,,,,F100,فرودگاه مهرآباد,Domestic Arrival
2025-06-03 14:45:00,کیش ایر,KIS7128,كيش,طبق برنامه,,,,MD82,فرودگاه مهرآباد,Domestic Arrival
2025-06-03 15:00:00,آتا,TBZ5730,مشهد,طبق برنامه,,,,MD83,فرودگاه مهرآباد,Domestic Arrival
2025-06-03 15:15:00,پارس ایر,PRS5401,مشهد,طبق برنامه,,,,B737,فرودگاه مهرآباد,Domestic Arrival
2025-06-03 15:20:00,کاسپین,CPN025,مشهد,طبق برنامه,,,,MD83,فرودگاه مهرآباد,Domestic Arrival
2025-06-03 15:25:00,آساجت,SJT8631,گرگان,طبق برنامه,,,,EMB145,فرودگاه مهرآباد,Domestic Arrival
2025-06-03 15:30:00,پارس ایر,PRS4481,مشهد,تاخیر,,,,B737,فرودگاه مهرآباد,Domestic Arrival
2025-06-03 15:45:00,اروان,INA6751,مشهد,طبق برنامه,,,,737-700,فرودگاه مهرآباد,Domestic Arrival
2025-06-03 15:55:00,وارش,VRH5919,عسلویه,طبق برنامه,,,,737-700,فرودگاه مهرآباد,Domestic Arrival
2025-06-03 16:00:00,زاگرس,IZG4043,مشهد,طبق برنامه,,,,MD83,فرودگاه مهرآباد,Domestic Arrival
2025-06-03 16:00:00,ماهان,IRM1084,زابل,طبق برنامه,,,,146-200,فرودگاه مهرآباد,Domestic Arrival
2025-06-03 16:05:00,کاسپین,CPN037,ارومیه,طبق برنامه,,,,MD83,فرودگاه مهرآباد,Domestic Arrival
2025-06-03 16:05:00,کاسپین,CPN017,چابهار,طبق برنامه,,,,MD83,فرودگاه مهرآباد,Domestic Arrival
2025-06-03 16:10:00,آتا,TBZ5603,تبریز,طبق برنامه,,,,MD83,فرودگاه مهرآباد,Domestic Arrival
2025-06-03 16:20:00,آتا,TBZ5634,اردبیل,طبق برنامه,,,,MD83,فرودگاه مهرآباد,Domestic Arrival
2025-06-03 16:30:00,کیش ایر,KIS7092,عسلویه,طبق برنامه,,,,MD83,فرودگاه مهرآباد,Domestic Arrival
2025-06-03 16:30:00,پويا,PYA2313,مشهد,طبق برنامه,,,,EMB145,فرودگاه مهرآباد,Domestic Arrival
2025-06-03 16:50:00,رایمون,RAI7513,اصفهان,طبق برنامه,,,,EMB145,فرودگاه مهرآباد,Domestic Arrival
2025-06-03 16:50:00,ایران ایر,IRA310,اهواز,طبق برنامه,,,,F100,فرودگاه مهرآباد,Domestic Arrival
2025-06-03 17:00:00,وارش,VRH5877,مشهد,طبق برنامه,,,,B737,فرودگاه مهرآباد,Domestic Arrival
2025-06-03 17:00:00,آتا,TBZ5645,تبریز,طبق برنامه,,,,MD83,فرودگاه مهرآباد,Domestic Arrival
2025-06-03 17:10:00,فلای پرشیا,FPI7441,مشهد,طبق برنامه,,,,737-700,فرودگاه مهرآباد,Domestic Arrival
2025-06-03 17:15:00,کاسپین,CPN027,مشهد,طبق برنامه,,,,MD83,فرودگاه مهرآباد,Domestic Arrival
2025-06-03 17:25:00,ماهان,IRM1005,خرم‌آباد,طبق برنامه,,,,146-200,فرودگاه مهرآباد,Domestic Arrival
2025-06-03 17:30:00,ماهان,IRM1009,کرمانشاه,طبق برنامه,,,,146-200,فرودگاه مهرآباد,Domestic Arrival
2025-06-03 17:30:00,آسمان,IRC603,مشهد,طبق برنامه,,,,F100,فرودگاه مهرآباد,Domestic Arrival
2025-06-03 17:45:00,یزد ایر,DZD9442,یزد,طبق برنامه,,,,146-200,فرودگاه مهرآباد,Domestic Arrival
2025-06-03 17:50:00,یزد ایر,DZD9450,بوشهر,طبق برنامه,,,,146-200,فرودگاه مهرآباد,Domestic Arrival
2025-06-03 17:55:00,آتا,TBZ5624,شیراز,طبق برنامه,,,,MD83,فرودگاه مهرآباد,Domestic Arrival
2025-06-03 17:55:00,وارش,VRH5857,مشهد,طبق برنامه,,,,B737,فرودگاه مهرآباد,Domestic Arrival
2025-06-03 18:15:00,تابان,TBN6251,مشهد,طبق برنامه,,,,MD.88,فرودگاه مهرآباد,Domestic Arrival
2025-06-03 18:20:00,کیش ایر,KIS7192,عسلویه,طبق برنامه,,,,MD83,فرودگاه مهرآباد,Domestic Arrival
2025-06-03 18:25:00,آتا,TBZ5660,كيش,طبق برنامه,,,,MD83,فرودگاه مهرآباد,Domestic Arrival
2025-06-03 18:30:00,آساجت,SJT8607,کرمانشاه,طبق برنامه,,,,EMB145,فرودگاه مهرآباد,Domestic Arrival
2025-06-03 18:30:00,آتا,TBZ5639,تبریز,طبق برنامه,,,,MD83,فرودگاه مهرآباد,Domestic Arrival
2025-06-03 18:50:00,زاگرس,IZG4041,مشهد,طبق برنامه,,,,MD83,فرودگاه مهرآباد,Domestic Arrival
2025-06-03 18:55:00,کارون,KRU2669,اهواز,طبق برنامه,,,,F100,فرودگاه مهرآباد,Domestic Arrival
2025-06-03 18:55:00,آسمان,IRC3776,شیراز,طبق برنامه,,,,F100,فرودگاه مهرآباد,Domestic Arrival
2025-06-03 19:00:00,آتا,TBZ5622,اهواز,طبق برنامه,,,,B737,فرودگاه مهرآباد,Domestic Arrival
2025-06-03 19:00:00,ایران ایرتور,IRB967,مشهد,طبق برنامه,,,,MD83,فرودگاه مهرآباد,Domestic Arrival
2025-06-03 19:15:00,ایران ایر,IRA276,ارومیه,طبق برنامه,,,,F100,فرودگاه مهرآباد,Domestic Arrival
2025-06-03 19:20:00,ایران ایر,IRA3494,عسلویه,طبق برنامه,,,,A319,فرودگاه مهرآباد,Domestic Arrival
2025-06-03 19:30:00,آتا,TBZ5665,کرمان,طبق برنامه,,,,MD83,فرودگاه مهرآباد,Domestic Arrival
2025-06-03 19:30:00,آتا,TBZ5628,اهواز,طبق برنامه,,,,MD83,فرودگاه مهرآباد,Domestic Arrival
2025-06-03 19:50:00,ایران ایر,IRA3430,پارس‌آباد,طبق برنامه,,,,F100,فرودگاه مهرآباد,Domestic Arrival
2025-06-03 20:00:00,آتا,TBZ5667,تبریز,طبق برنامه,,,,MD83,فرودگاه مهرآباد,Domestic Arrival
2025-06-03 20:00:00,زاگرس,IZG4021,اهواز,طبق برنامه,,,,MD83,فرودگاه مهرآباد,Domestic Arrival
2025-06-03 20:05:00,ایران ایرتور,IRB981,ارومیه,طبق برنامه,,,,MD83,فرودگاه مهرآباد,Domestic Arrival
2025-06-03 20:15:00,کیش ایر,KIS7024,كيش,طبق برنامه,,,,MD83,فرودگاه مهرآباد,Domestic Arrival
2025-06-03 20:20:00,کاسپین,CPN6983,لارستان,طبق برنامه,,,,MD83,فرودگاه مهرآباد,Domestic Arrival
2025-06-03 20:30:00,کیش ایر,KIS7054,كيش,طبق برنامه,,,,MD83,فرودگاه مهرآباد,Domestic Arrival
2025-06-03 20:30:00,اطلس ایر,ATS8275,مشهد,طبق برنامه,,,,RJ85,فرودگاه مهرآباد,Domestic Arrival
2025-06-03 20:40:00,پويا,PYA2349,بندرعباس,طبق برنامه,,,,EMB145,فرودگاه مهرآباد,Domestic Arrival
2025-06-03 21:00:00,آتا,TBZ5605,تبریز,طبق برنامه,,,,MD83,فرودگاه مهرآباد,Domestic Arrival
2025-06-03 21:05:00,چابهار,IRU7637,کرمانشاه,طبق برنامه,,,,MD83,فرودگاه مهرآباد,Domestic Arrival
2025-06-03 21:20:00,ماهان,IRM4543,شهرکرد,طبق برنامه,,,,146-200,فرودگاه مهرآباد,Domestic Arrival
2025-06-03 21:20:00,ماهان,IRM1066,کرمان,طبق برنامه,,,,AB6,فرودگاه مهرآباد,Domestic Arrival
2025-06-03 21:30:00,رایمون,RAI7527,یزد,باطل شد,,,,EMB145,فرودگاه مهرآباد,Domestic Arrival
2025-06-03 21:30:00,کاسپین,CPN6995,كيش,طبق برنامه,,,,MD82,فرودگاه مهرآباد,Domestic Arrival
2025-06-03 21:30:00,ماهان,IRM1027,اردبیل,طبق برنامه,,,,146-200,فرودگاه مهرآباد,Domestic Arrival
2025-06-03 21:50:00,فلای پرشیا,FPI7443,مشهد,طبق برنامه,,,,737-700,فرودگاه مهرآباد,Domestic Arrival
2025-06-03 21:55:00,پارس ایر,PRS4459,كيش,طبق برنامه,,,,CRJ200,فرودگاه مهرآباد,Domestic Arrival
2025-06-03 22:00:00,آتا,TBZ5620,مشهد,طبق برنامه,,,,MD83,فرودگاه مهرآباد,Domestic Arrival
2025-06-03 22:00:00,رایمون,RAI7515,عسلویه,طبق برنامه,,,,EMB145,فرودگاه مهرآباد,Domestic Arrival
2025-06-03 22:00:00,معراج,MRJ2817,عسلویه,طبق برنامه,,,,A321,فرودگاه مهرآباد,Domestic Arrival
2025-06-03 22:10:00,تابان,TBN6255,مشهد,طبق برنامه,,,,MD.88,فرودگاه مهرآباد,Domestic Arrival
2025-06-03 22:15:00,آتا,TBZ5680,ارومیه,طبق برنامه,,,,MD83,فرودگاه مهرآباد,Domestic Arrival
2025-06-03 22:20:00,کاسپین,CPN045,كيش,طبق برنامه,,,,MD83,فرودگاه مهرآباد,Domestic Arrival
2025-06-03 22:30:00,پارس ایر,PRS4401,مشهد,طبق برنامه,,,,B737,فرودگاه مهرآباد,Domestic Arrival
2025-06-03 22:30:00,آتا,TBZ5636,اهواز,طبق برنامه,,,,MD83,فرودگاه مهرآباد,Domestic Arrival
2025-05-29 19:55:00,ایران ایر,IRA258,شیراز,نشست | پایان دریافت بار,5,2025-05-29 19:55:00,,A319,فرودگاه مشهد,Domestic Arrival
2025-05-29 20:15:00,هواپیمایی اطلس,ATS8291,تهران,نشست | پایان دریافت بار,3,2025-05-29 21:20:00,,MD83,فرودگاه مشهد,Domestic Arrival
2025-05-29 20:15:00,ماهان,IRM1099,اردبیل,نشست | پایان دریافت بار,4,2025-05-29 20:05:00,,BAE100,فرودگاه مشهد,Domestic Arrival
2025-05-29 20:30:00,تابان,TBN6326,تهران,نشست | پایان دریافت بار,5,2025-05-29 21:40:00,,MD.88,فرودگاه مشهد,Domestic Arrival
2025-05-29 20:30:00,آتا,TBZ5749,اصفهان,نشست | پایان دریافت بار,2,2025-05-29 20:25:00,,MD80,فرودگاه مشهد,Domestic Arrival
2025-05-29 21:15:00,وارش,VRH5902,تهران,نشست | پایان دریافت بار,8,2025-05-29 21:45:00,,B737,فرودگاه مشهد,Domestic Arrival
2025-05-29 22:00:00,وارش,VRH5811,اهواز,نشست | پایان دریافت بار,7,2025-05-29 22:55:00,,B737,فرودگاه مشهد,Domestic Arrival
2025-06-03 22:35:00,ماهان,IRM1052,کرمان,طبق برنامه,,,,AB6,فرودگاه مهرآباد,Domestic Arrival
2025-06-03 22:40:00,یزد ایر,DZD6896,یزد,طبق برنامه,,,,BAE146,فرودگاه مهرآباد,Domestic Arrival
2025-06-03 22:45:00,تابان,TBN6325,مشهد,طبق برنامه,,,,MD.88,فرودگاه مهرآباد,Domestic Arrival
2025-06-03 22:50:00,ایران ایر,IRA469,مشهد,طبق برنامه,,,,F100,فرودگاه مهرآباد,Domestic Arrival
2025-06-03 22:55:00,ایران ایر,IRA247,گرگان,طبق برنامه,,,,F100,فرودگاه مهرآباد,Domestic Arrival
2025-06-03 22:55:00,ایران ایرتور,IRB913,بندرعباس,طبق برنامه,,,,MD82,فرودگاه مهرآباد,Domestic Arrival
2025-06-03 23:15:00,وارش,VRH5841,مشهد,طبق برنامه,,,,737-700,فرودگاه مهرآباد,Domestic Arrival
2025-06-03 23:15:00,کارون,KRU2509,ماهشهر,طبق برنامه,,,,F100,فرودگاه مهرآباد,Domestic Arrival
2025-06-03 23:20:00,آتا,TBZ5669,یزد,طبق برنامه,,,,MD83,فرودگاه مهرآباد,Domestic Arrival
2025-06-03 23:25:00,کاسپین,CPN6937A,قشم,طبق برنامه,,,,MD83,فرودگاه مهرآباد,Domestic Arrival
2025-06-03 23:30:00,آتا,TBZ5644,سیرجان,طبق برنامه,,,,B737,فرودگاه مهرآباد,Domestic Arrival
2025-06-03 23:30:00,وارش,VRH5815,بندرعباس,طبق برنامه,,,,737-700,فرودگاه مهرآباد,Domestic Arrival
2025-06-03 23:35:00,قشم ایر,QSM1241,قشم,طبق برنامه,,,,F100,فرودگاه مهرآباد,Domestic Arrival
2025-06-03 23:35:00,ایران ایر,IRA3330,رشت,طبق برنامه,,,,ATR-72-500,فرودگاه مهرآباد,Domestic Arrival
2025-06-03 23:40:00,قشم ایر,QSM1295,گرگان,طبق برنامه,,,,F100,فرودگاه مهرآباد,Domestic Arrival
2025-06-03 23:45:00,کارون,KRU2677,کرمان,طبق برنامه,,,,F100,فرودگاه مهرآباد,Domestic Arrival
2025-06-03 23:45:00,ساها,IRZ157,شیراز,طبق برنامه,,,,737-700,فرودگاه مهرآباد,Domestic Arrival
2025-06-03 23:50:00,ایران ایر,IRA264,آبادان,طبق برنامه,,,,F100,فرودگاه مهرآباد,Domestic Arrival
2025-06-03 23:55:00,کیش ایر,KIS7028,كيش,طبق برنامه,,,,MD83,فرودگاه مهرآباد,Domestic Arrival
2025-06-03 23:55:00,کارون,KRU2507,ماهشهر,طبق برنامه,,,,F100,فرودگاه مهرآباد,Domestic Arrival
2025-06-03 20:00:00,آتا,TBZ5676,اصفهان,نشست | پایان دریافت بار,2,2025-06-03 21:05:00,,MD80,فرودگاه مشهد,Domestic Arrival
2025-06-03 21:10:00,آتا,TBZ5718,رشت,نشست | دریافت بار از نقاله,2,2025-06-03 23:35:00,,MD80,فرودگاه مشهد,Domestic Arrival
2025-06-03 21:15:00,وارش,VRH5902,تهران,نشست | پایان دریافت بار,8,2025-06-03 21:45:00,,B737,فرودگاه مشهد,Domestic Arrival
2025-06-03 21:40:00,آوا,AXV7730,تهران,نشست | پایان دریافت بار,3,2025-06-03 22:25:00,,B737,فرودگاه مشهد,Domestic Arrival
2025-06-03 21:45:00,هواپیمایی پارس,PRS4414,آبادان,نشست | پایان دریافت بار,3,2025-06-03 21:40:00,,B737,فرودگاه مشهد,Domestic Arrival
2025-06-03 22:15:00,وارش,VRH5855,اصفهان,نشست | پایان دریافت بار,7,2025-06-03 22:05:00,,B737,فرودگاه مشهد,Domestic Arrival
2025-06-03 22:40:00,هواپیمایی اطلس,ATS8290,كيش,تاخیر,,,,MD82,فرودگاه مشهد,Domestic Arrival
2025-06-03 22:50:00,آتا,TBZ5629,تهران,نشست | پایان دریافت بار,2,2025-06-03 23:00:00,,MD80,فرودگاه مشهد,Domestic Arrival
2025-06-03 22:50:00,کاسپین,CPN026,تهران,نشست | پایان دریافت بار,5,2025-06-03 22:45:00,,B737,فرودگاه مشهد,Domestic Arrival
2025-06-03 22:50:00,سپهران,SHI4339,اهواز,نشست | پایان دریافت بار,3,2025-06-03 23:15:00,,B737,فرودگاه مشهد,Domestic Arrival
2025-06-03 23:05:00,کاسپین,CPN6945,كيش,نشست | پایان دریافت بار,5,2025-06-03 23:15:00,,MD83,فرودگاه مشهد,Domestic Arrival
2025-06-03 23:10:00,آسمان,IRC852,زاهدان,تاخیر,,,,F100,فرودگاه مشهد,Domestic Arrival
2025-06-03 23:55:00,ایران ایرتور,IRB925,شیراز,تاخیر,,,,MD82,فرودگاه مشهد,Domestic Arrival
2025-06-03 23:59:00,آتا,TBZ5649,اصفهان,تاخیر,,,,MD80,فرودگاه مشهد,Domestic Arrival
2025-06-03 00:30:00,زاگرس,IZG4141,اصفهان,اعلام ورود,,2025-06-03 00:25:00,,MD82,فرودگاه مشهد,Domestic Arrival
2025-06-03 00:35:00,سپهران,SHI4367,آبادان,اعلام ورود,,2025-06-03 00:30:00,,B737,فرودگاه مشهد,Domestic Arrival
2025-06-03 00:55:00,تابان,TBN6210,اصفهان,طبق برنامه,,,,MD.88,فرودگاه مشهد,Domestic Arrival
2025-06-03 01:00:00,تابان,TBN6252,تهران,طبق برنامه,,,,MD.88,فرودگاه مشهد,Domestic Arrival
2025-06-03 01:15:00,کیش ایر,KIS7058,شیراز,طبق برنامه,,,,MD82,فرودگاه مشهد,Domestic Arrival
2025-06-03 01:15:00,زاگرس,IZG 4121,اهواز,طبق برنامه,,,,MD82,فرودگاه مشهد,Domestic Arrival
2025-06-03 01:30:00,ایران ایرتور,IRB955,اهواز,طبق برنامه,,,,MD82,فرودگاه مشهد,Domestic Arrival
2025-06-03 01:45:00,آتا,TBZ5648,آبادان,طبق برنامه,,,,MD80,فرودگاه مشهد,Domestic Arrival
2025-06-03 03:50:00,آوا,AXV7749,اهواز,طبق برنامه,,,,B737,فرودگاه مشهد,Domestic Arrival
2025-06-03 05:20:00,فلای پرشیا,FPI7438,تهران,طبق برنامه,,,,B737,فرودگاه مشهد,Domestic Arrival
2025-06-03 06:30:00,وارش,VRH5818,تهران,طبق برنامه,,,,B737,فرودگاه مشهد,Domestic Arrival
2025-06-03 06:30:00,چابهار,IRU7660,تهران,طبق برنامه,,,,MD83,فرودگاه مشهد,Domestic Arrival
2025-06-03 06:40:00,ساها,IRZ162,تهران,طبق برنامه,,,,B737,فرودگاه مشهد,Domestic Arrival
2025-06-03 06:45:00,هواپیمایی اطلس,ATS8278,تهران,طبق برنامه,,,,MD83,فرودگاه مشهد,Domestic Arrival
2025-06-03 07:00:00,هواپیمایی پارس,PRS5400,تهران,طبق برنامه,,,,B737,فرودگاه مشهد,Domestic Arrival
2025-06-03 07:15:00,هواپیمایی اطلس,ATS8288,تهران,طبق برنامه,,,,737-700,فرودگاه مشهد,Domestic Arrival
2025-06-03 07:45:00,اروان,INA6750,تهران,طبق برنامه,,,,B737,فرودگاه مشهد,Domestic Arrival
2025-06-03 08:00:00,وارش,VRH5876,تهران,طبق برنامه,,,,B737,فرودگاه مشهد,Domestic Arrival
2025-06-03 20:30:00,تابان,TBN6326,تهران,طبق برنامه,,,,MD.88,فرودگاه مشهد,Domestic Arrival
2025-06-03 08:00:00,هواپیمایی پارس,PRS4480,تهران,طبق برنامه,,,,B737,فرودگاه مشهد,Domestic Arrival
2025-06-03 08:05:00,کاسپین,CPN024,تهران,طبق برنامه,,,,MD83,فرودگاه مشهد,Domestic Arrival
2025-06-03 08:30:00,آتا,TBZ5729,تهران,طبق برنامه,,,,MD80,فرودگاه مشهد,Domestic Arrival
2025-06-03 08:30:00,وارش,VRH5840,تهران,طبق برنامه,,,,B737,فرودگاه مشهد,Domestic Arrival
2025-06-03 08:30:00,معراج,MRJ2804,تهران,طبق برنامه,,,,A321,فرودگاه مشهد,Domestic Arrival
2025-06-03 09:00:00,وارش,VRH5856,تهران,طبق برنامه,,,,B737,فرودگاه مشهد,Domestic Arrival
2025-06-03 09:00:00,هواپیمایی پارس,PRS5450,آغاجاری,طبق برنامه,,,,CRJ200,فرودگاه مشهد,Domestic Arrival
2025-06-03 09:05:00,تابان,TBN6234,شیراز,طبق برنامه,,,,MD.88,فرودگاه مشهد,Domestic Arrival
2025-06-03 09:40:00,آتا,TBZ5708,یزد,طبق برنامه,,,,MD80,فرودگاه مشهد,Domestic Arrival
2025-06-03 09:40:00,زاگرس,IZG4107,آبادان,طبق برنامه,,,,MD82,فرودگاه مشهد,Domestic Arrival
2025-06-03 10:30:00,کاسپین,CPN4917,چابهار,طبق برنامه,,,,MD83,فرودگاه مشهد,Domestic Arrival
2025-06-03 10:30:00,زاگرس,IZG 4141,اصفهان,طبق برنامه,,,,MD82,فرودگاه مشهد,Domestic Arrival
2025-06-03 10:35:00,ماهان,IRM1040,زابل,طبق برنامه,,,,BAE100,فرودگاه مشهد,Domestic Arrival
2025-06-03 11:00:00,کیش ایر,KIS7146,عسلویه,باطل شد,,,,MD82,فرودگاه مشهد,Domestic Arrival
2025-06-03 11:00:00,کیش ایر,KIS7072,كيش,طبق برنامه,,,,MD82,فرودگاه مشهد,Domestic Arrival
2025-06-03 11:05:00,سپهران,SHI4359,کرمانشاه,طبق برنامه,,,,B737,فرودگاه مشهد,Domestic Arrival
2025-06-03 11:30:00,ایران ایرتور,IRB901,تبریز,طبق برنامه,,,,MD82,فرودگاه مشهد,Domestic Arrival
2025-06-03 11:30:00,چابهار,IRU7605,كاشان,طبق برنامه,,,,MD83,فرودگاه مشهد,Domestic Arrival
2025-06-03 11:30:00,ساها,IRZ199,اصفهان,طبق برنامه,,,,B737,فرودگاه مشهد,Domestic Arrival
2025-06-03 12:00:00,آتا,TBZ5615,تبریز,طبق برنامه,,,,MD80,فرودگاه مشهد,Domestic Arrival
2025-06-03 12:45:00,هواپیمایی پارس,PRS4457,آبادان,طبق برنامه,,,,B737,فرودگاه مشهد,Domestic Arrival
2025-06-03 12:55:00,کاسپین,CPN4923,همدان,طبق برنامه,,,,MD83,فرودگاه مشهد,Domestic Arrival
2025-06-03 13:25:00,اروان,INA6753,آبادان,طبق برنامه,,,,B737,فرودگاه مشهد,Domestic Arrival
2025-06-03 13:30:00,زاگرس,IZG4042,تهران,طبق برنامه,,,,MD82,فرودگاه مشهد,Domestic Arrival
2025-06-03 13:30:00,ایران ایرتور,IRB951,تبریز,طبق برنامه,,,,MD82,فرودگاه مشهد,Domestic Arrival
2025-06-03 14:00:00,هواپیمایی پارس,PRS4478,اهواز,طبق برنامه,,,,B737,فرودگاه مشهد,Domestic Arrival
2025-06-03 14:30:00,پويا,PYA2312,تهران,طبق برنامه,,,,EMB145,فرودگاه مشهد,Domestic Arrival
2025-06-03 14:40:00,فلای پرشیا,FPI7440,تهران,طبق برنامه,,,,B737,فرودگاه مشهد,Domestic Arrival
2025-06-03 14:45:00,کاسپین,CPN026,تهران,طبق برنامه,,,,B737,فرودگاه مشهد,Domestic Arrival
2025-06-03 15:10:00,آسمان,IRC602,تهران,طبق برنامه,,,,F100,فرودگاه مشهد,Domestic Arrival
2025-06-03 15:20:00,آتا,TBZ5613,تهران,طبق برنامه,,,,MD80,فرودگاه مشهد,Domestic Arrival
2025-06-03 15:30:00,قشم ایر,QSM1252,تهران,طبق برنامه,,,,F100,فرودگاه مشهد,Domestic Arrival
2025-06-03 15:30:00,زاگرس,IZG4131,كيش,طبق برنامه,,,,MD82,فرودگاه مشهد,Domestic Arrival
2025-06-03 15:40:00,آتا,TBZ5629,تهران,طبق برنامه,,,,MD80,فرودگاه مشهد,Domestic Arrival
2025-06-03 16:00:00,سپهران,SHI4344,كيش,طبق برنامه,,,,B737,فرودگاه مشهد,Domestic Arrival
2025-06-03 16:20:00,سپهران,SHI4327,رشت,طبق برنامه,,,,B737,فرودگاه مشهد,Domestic Arrival
2025-06-03 16:30:00,ایران ایرتور,IRB905,رشت,طبق برنامه,,,,MD82,فرودگاه مشهد,Domestic Arrival
2025-06-03 17:00:00,هواپیمایی اطلس,ATS8292,تهران,طبق برنامه,,,,B737,فرودگاه مشهد,Domestic Arrival
2025-06-03 17:00:00,کیش ایر,KIS7106,بندرعباس,طبق برنامه,,,,MD82,فرودگاه مشهد,Domestic Arrival
2025-06-03 17:40:00,آتا,TBZ5719,تهران,طبق برنامه,,,,MD80,فرودگاه مشهد,Domestic Arrival
2025-06-03 18:15:00,هواپیمایی اطلس,ATS8270,تهران,طبق برنامه,,,,RJ85,فرودگاه مشهد,Domestic Arrival
2025-06-03 19:00:00,کیش ایر,KIS7069,تهران,طبق برنامه,,,,MD82,فرودگاه مشهد,Domestic Arrival
2025-06-03 19:15:00,هواپیمایی پارس,PRS4454,تهران,طبق برنامه,,,,B737,فرودگاه مشهد,Domestic Arrival
2025-06-03 19:20:00,فلای پرشیا,FPI7442,تهران,طبق برنامه,,,,B737,فرودگاه مشهد,Domestic Arrival
2025-06-03 19:50:00,آتا,TBZ5619,تهران,طبق برنامه,,,,MD80,فرودگاه مشهد,Domestic Arrival
2025-06-03 20:00:00,آتا,TBZ5749,اصفهان,طبق برنامه,,,,MD80,فرودگاه مشهد,Domestic Arrival
2025-06-03 20:05:00,تابان,TBN6314,رشت,طبق برنامه,,,,MD.88,فرودگاه مشهد,Domestic Arrival
2025-06-03 20:15:00,هواپیمایی پارس,PRS4400,تهران,طبق برنامه,,,,B737,فرودگاه مشهد,Domestic Arrival
2025-06-03 20:20:00,ایران ایر,IRA468,تهران,طبق برنامه,,,,A319,فرودگاه مشهد,Domestic Arrival
2025-06-03 20:50:00,آتا,TBZ5728,کرمان,طبق برنامه,,,,MD80,فرودگاه مشهد,Domestic Arrival
2025-06-03 21:15:00,وارش,VRH5803,ساری,طبق برنامه,,,,B737,فرودگاه مشهد,Domestic Arrival
2025-06-03 21:15:00,زاگرس,IZG4121,اهواز,طبق برنامه,,,,MD82,فرودگاه مشهد,Domestic Arrival
2025-06-03 21:25:00,قشم ایر,QSM1274,تبریز,طبق برنامه,,,,F100,فرودگاه مشهد,Domestic Arrival
2025-06-03 21:30:00,وارش,VRH5805,ساری,طبق برنامه,,,,B737,فرودگاه مشهد,Domestic Arrival
2025-06-03 21:30:00,آوا,AXV7730,تهران,طبق برنامه,,,,B737,فرودگاه مشهد,Domestic Arrival
2025-06-03 21:30:00,ایران ایرتور,IRB966,تهران,طبق برنامه,,,,MD82,فرودگاه مشهد,Domestic Arrival
2025-06-03 21:50:00,سپهران,SHI4339,اهواز,طبق برنامه,,,,B737,فرودگاه مشهد,Domestic Arrival
2025-06-03 22:00:00,ساها,IRZ170,تهران,طبق برنامه,,,,B737,فرودگاه مشهد,Domestic Arrival
2025-06-03 22:10:00,ماهان,IRM1037,تهران,طبق برنامه,,,,747,فرودگاه مشهد,Domestic Arrival
2025-06-03 22:45:00,هواپیمایی اطلس,ATS8284,تهران,طبق برنامه,,,,RJ85,فرودگاه مشهد,Domestic Arrival
2025-06-03 23:00:00,هواپیمایی اطلس,ATS8287,آبادان,طبق برنامه,,,,B737,فرودگاه مشهد,Domestic Arrival
2025-06-03 23:00:00,هواپیمایی اطلس,ATS8297,آبادان,طبق برنامه,,,,MD83,فرودگاه مشهد,Domestic Arrival
2025-06-03 23:00:00,سپهران,SHI 4367,آبادان,طبق برنامه,,,,B737,فرودگاه مشهد,Domestic Arrival
2025-06-03 23:20:00,آتا,TBZ5706,شیراز,طبق برنامه,,,,MD80,فرودگاه مشهد,Domestic Arrival
2025-06-03 23:30:00,ایران ایرتور,IRB925,شیراز,طبق برنامه,,,,MD82,فرودگاه مشهد,Domestic Arrival
2025-06-03 20:30:00,تابان,TBN7282,نجف,نشست,3,2025-06-03 21:35:00,,A320,فرودگاه مشهد,International Arrival
2025-06-03 23:00:00,هواپیمایی پارس,PRS5491,نجف,اعلام ورود,,2025-06-04 00:15:00,,B737,فرودگاه مشهد,International Arrival
2025-06-03 00:50:00,سپهران,SHI7347.,بغداد,طبق برنامه,,,,B737,فرودگاه مشهد,International Arrival
2025-06-03 00:50:00,ترکیش,THY888,استانبول,اعلام ورود,,2025-06-03 01:10:00,,A320,فرودگاه مشهد,International Arrival
2025-06-03 01:00:00,سپهران,SHI7331,نجف,اعلام ورود,,2025-06-03 01:00:00,,B737,فرودگاه مشهد,International Arrival
2025-06-03 01:00:00,سپهران,SHI7351,نجف,اعلام ورود,,2025-06-03 00:50:00,,B737,فرودگاه مشهد,International Arrival
2025-06-03 01:20:00,سپهران,SHI7355,بغداد,طبق برنامه,,,,B737,فرودگاه مشهد,International Arrival
2025-06-03 01:30:00,عراقی,IAW149,بصره,طبق برنامه,,,,B737,فرودگاه مشهد,International Arrival
2025-06-03 02:15:00,پگاسوس,PGT520,استانبول,طبق برنامه,,,,A320,فرودگاه مشهد,International Arrival
2025-06-03 03:00:00,تابان,TBN7210,کراچی,طبق برنامه,,,,A320,فرودگاه مشهد,International Arrival
2025-06-03 08:30:00,عراقی,IAW161,بغداد,طبق برنامه,,,,B737,فرودگاه مشهد,International Arrival
2025-06-03 08:30:00,آریانا افغان,AFG701,کابل,طبق برنامه,,,,A310,فرودگاه مشهد,International Arrival
2025-06-03 09:30:00,عراقی,IAW117,نجف,طبق برنامه,,,,B737,فرودگاه مشهد,International Arrival
2025-06-03 09:50:00,سپهران,SHI7301,نجف,طبق برنامه,,,,B737,فرودگاه مشهد,International Arrival
2025-06-03 10:15:00,جزیره,JZR153,کویت,طبق برنامه,,,,A320,فرودگاه مشهد,International Arrival
2025-06-03 10:50:00,آوا,AXV9221,بغداد,طبق برنامه,,,,B737,فرودگاه مشهد,International Arrival
2025-06-03 11:00:00,سپهران,SHI7305,بغداد,طبق برنامه,,,,B737,فرودگاه مشهد,International Arrival
2025-06-03 11:05:00,سپهران,SHI7311,نجف,طبق برنامه,,,,B737,فرودگاه مشهد,International Arrival
2025-06-03 11:30:00,تابان,TBN7208,لاهور,طبق برنامه,,,,MD.88,فرودگاه مشهد,International Arrival
2025-06-03 11:55:00,زاگرس,IZG3041,نجف,طبق برنامه,,,,A319,فرودگاه مشهد,International Arrival
2025-06-03 12:30:00,معراج,MRJ4814,بغداد,طبق برنامه,,,,A320,فرودگاه مشهد,International Arrival
2025-06-03 13:10:00,کویت,KAC511,کویت,طبق برنامه,,,,A320,فرودگاه مشهد,International Arrival
2025-06-03 13:20:00,آوا,AXV9205,نجف,طبق برنامه,,,,A310,فرودگاه مشهد,International Arrival
2025-06-03 13:45:00,العربیه,ABY205,شارجه,طبق برنامه,,,,A321,فرودگاه مشهد,International Arrival
2025-06-03 13:55:00,جزیره,JZR151,کویت,طبق برنامه,,,,A320,فرودگاه مشهد,International Arrival
2025-06-03 14:00:00,وارش,VRH6847,کویت,طبق برنامه,,,,B737,فرودگاه مشهد,International Arrival
2025-06-03 14:35:00,فلای دبی,FDB253,دبی,طبق برنامه,,,,737-800,فرودگاه مشهد,International Arrival
2025-06-03 14:45:00,وارش,VRH6816,کویت,طبق برنامه,,,,B737,فرودگاه مشهد,International Arrival
2025-06-03 15:15:00,وارش,VRH6834,کویت,طبق برنامه,,,,B737,فرودگاه مشهد,International Arrival
2025-06-03 15:30:00,سپهران,SHI7307,کویت,طبق برنامه,,,,B737,فرودگاه مشهد,International Arrival
2025-06-03 16:30:00,وارش,VRH6855,کویت,طبق برنامه,,,,B737,فرودگاه مشهد,International Arrival
2025-06-03 16:45:00,سپهران,SHI7309,کویت,طبق برنامه,,,,B737,فرودگاه مشهد,International Arrival
2025-06-03 18:25:00,سپهران,SHI7377,کویت,طبق برنامه,,,,B737,فرودگاه مشهد,International Arrival
2025-06-03 18:35:00,ایران ایر,IRA672,نجف,طبق برنامه,,,,AB6,فرودگاه مشهد,International Arrival
2025-06-03 18:35:00,فلای دبی,FDB251,دبی,طبق برنامه,,,,737-800,فرودگاه مشهد,International Arrival
2025-06-03 22:25:00,العربیه,ABY207,شارجه,طبق برنامه,,,,A321,فرودگاه مشهد,International Arrival
2025-06-03 22:30:00,وارش,VRH6851,کویت,طبق برنامه,,,,B737,فرودگاه مشهد,International Arrival
2025-06-03 22:45:00,سپهران,SHI7347,بغداد,طبق برنامه,,,,B737,فرودگاه مشهد,International Arrival
2025-06-03 23:00:00,معراج,MRJ4822,بغداد,طبق برنامه,,,,A320,فرودگاه مشهد,International Arrival
2025-06-03 23:50:00,آوا,AXV9213,نجف,طبق برنامه,,,,A310,فرودگاه مشهد,International Arrival
2025-06-03 13:05:00,ساها,IRZ181,مشهد,نشست13:13 | پایان دریافت بار,,2025-06-03 13:13:00,,737,فرودگاه شيراز,Domestic Arrival
2025-06-03 13:50:00,آسمان,IRC3941,رشت,نشست13:36 | پایان دریافت بار,,2025-06-03 13:36:00,,100,فرودگاه شيراز,Domestic Arrival
2025-06-03 16:50:00,قشم,QSM1229,كيش,نشست16:35 | پایان دریافت بار,,2025-06-03 16:35:00,,100,فرودگاه شيراز,Domestic Arrival
2025-06-03 17:20:00,آتا,TBZ5611,تهران,نشست17:27 | پایان دریافت بار,,2025-06-03 17:27:00,,MD83,فرودگاه شيراز,Domestic Arrival
2025-06-03 18:10:00,آتا,TBZ5623,تهران,نشست18:21 | پایان دریافت بار,,2025-06-03 18:15:00,,MD83,فرودگاه شيراز,Domestic Arrival
2025-06-03 20:00:00,کیش ایر,KIS7060,كيش,نشست22:00 | پایان دریافت بار,,2025-06-03 22:10:00,,MD83,فرودگاه شيراز,Domestic Arrival
2025-06-03 20:45:00,کیش ایر,KIS7151,تهران,نشست23:06 | پایان دریافت بار,,2025-06-03 23:06:00,,MD83,فرودگاه شيراز,Domestic Arrival
2025-06-03 21:05:00,ساها,IRZ156,تهران,نشست21:09 | پایان دریافت بار,,2025-06-03 21:09:00,,737,فرودگاه شيراز,Domestic Arrival
2025-06-03 21:30:00,ایران ایرتور,IRB924,مشهد,نشست22:18 | پایان دریافت بار,,2025-06-03 22:15:00,,MD82,فرودگاه شيراز,Domestic Arrival
2025-06-03 22:30:00,وارش,VRH5844,ساری,نشست23:11 | پایان دریافت بار,,2025-06-03 23:11:00,,B737-400,فرودگاه شيراز,Domestic Arrival
2025-06-03 23:20:00,پارس,PRS4426,تهران,نشست23:48 | دریافت بار,,2025-06-03 23:48:00,,737,فرودگاه شيراز,Domestic Arrival
2025-06-03 23:20:00,چابهار,IRU7664,تهران,نشست23:56,,2025-06-03 23:56:00,,MD82,فرودگاه شيراز,Domestic Arrival
2025-06-04 01:10:00,آسمان,IRC3891,اهواز,طبق برنامه,,,,100,فرودگاه شيراز,Domestic Arrival
2025-05-30 17:00:00,ایران ایر,IRA030,دبی,طبق برنامه,,,,E135,فرودگاه مشهد,International Arrival
2025-05-30 18:10:00,سپهران,SHI7313,مسقط,طبق برنامه,,,,B737,فرودگاه مشهد,International Arrival
2025-05-30 18:35:00,فلای دبی,FDB251,دبی,طبق برنامه,,,,737-800,فرودگاه مشهد,International Arrival
2025-05-30 21:10:00,آوا,AXV9221,بغداد,طبق برنامه,,,,A310,فرودگاه مشهد,International Arrival
2025-05-30 21:15:00,وارش,VRH6816,کویت,طبق برنامه,,,,B737,فرودگاه مشهد,International Arrival
2025-05-30 21:55:00,ایران ایر,IRA688,دمام,طبق برنامه,,,,A319,فرودگاه مشهد,International Arrival
2025-05-30 22:25:00,العربیه,ABY207,شارجه,طبق برنامه,,,,A321,فرودگاه مشهد,International Arrival
2025-05-29 17:25:00,ایران ایر,IRA428,تهران,نشست17:21 | پایان دریافت بار,,2025-05-29 17:21:00,,A319,فرودگاه شيراز,Domestic Arrival
2025-06-04 05:30:00,ایران ایرتور,IRB984,تهران,باطل شد,,,,MD82,فرودگاه شيراز,Domestic Arrival
2025-06-04 07:10:00,چابهار,IRU7626,تهران,طبق برنامه,,,,MD82,فرودگاه شيراز,Domestic Arrival
2025-06-04 11:30:00,ایران ایر,237b,بندرلنگه,طبق برنامه,,,,100,فرودگاه شيراز,Domestic Arrival
2025-06-03 12:00:00,تابان,TBN7218,مسقط,نشست12:33 | پایان دریافت بار,,2025-06-03 12:30:00,,MD.88,فرودگاه شيراز,International Arrival
2025-06-03 13:15:00,العربیه,ABY213,شارجه,نشست13:01 | پایان دریافت بار,,2025-06-03 13:01:00,,,فرودگاه شيراز,International Arrival
2025-06-03 12:15:00,کاسپین,CPN046,تهران,نشست12:55 | پایان دریافت بار,,2025-06-03 12:55:00,,737,فرودگاه تبريز,Domestic Arrival
2025-06-03 13:15:00,کیش ایر,KIS7016,بندرعباس,باطل شد,,,,MD83,فرودگاه تبريز,Domestic Arrival
2025-06-03 14:00:00,ایران ایرتور,IRB900,مشهد,نشست14:05 | پایان دریافت بار,,2025-06-03 14:05:00,,MDC-DC-9-82,فرودگاه تبريز,Domestic Arrival
2025-06-03 15:00:00,آتا,TBZ5616,مشهد,نشست15:05 | پایان دریافت بار,,2025-06-03 15:05:00,,MD83,فرودگاه تبريز,Domestic Arrival
2025-06-03 18:00:00,آتا,TBZ5668,تهران,نشست21:00 | پایان دریافت بار,,2025-06-03 21:10:00,,MD83,فرودگاه تبريز,Domestic Arrival
2025-06-03 19:10:00,ایران ایرتور,IRB946,تهران,نشست19:35 | پایان دریافت بار,,2025-06-03 19:35:00,,MD80,فرودگاه تبريز,Domestic Arrival
2025-06-03 19:30:00,آتا,TBZ5646,تهران,نشست21:35,,2025-06-03 21:35:00,,MD83,فرودگاه تبريز,Domestic Arrival
2025-06-03 20:00:00,ماهان,IRM1002,تهران,نشست20:15 | پایان دریافت بار,,2025-06-03 20:15:00,,RJ100,فرودگاه تبريز,Domestic Arrival
2025-06-04 00:30:00,آتا,TBZ5640,تهران,طبق برنامه,,,,MD83,فرودگاه تبريز,Domestic Arrival
2025-06-03 13:00:00,آتا,TBZ6602,استانبول,نشست14:10 | پایان دریافت بار,,2025-06-03 14:10:00,,MD83,فرودگاه تبريز,International Arrival
2025-06-03 13:15:00,کاسپین,CPN7909,استانبول,نشست13:15 | پایان دریافت بار,,2025-06-03 13:20:00,,737,فرودگاه تبريز,International Arrival
2025-06-03 19:15:00,ایران ایرتور,IRB9708,استانبول,نشست19:10 | پایان دریافت بار,,2025-06-03 19:10:00,,A310,فرودگاه تبريز,International Arrival
2025-05-30 12:15:00,کاسپین,CPN046,تهران,طبق برنامه,,,,737,فرودگاه تبريز,Domestic Arrival
2025-05-30 12:30:00,ایران ایرتور,IRB973,كيش,طبق برنامه,,,,MDC-DC-9-82,فرودگاه تبريز,Domestic Arrival
2025-05-30 13:00:00,ایران ایرتور,IRB950,مشهد,طبق برنامه,,,,MDC-DC-9-82,فرودگاه تبريز,Domestic Arrival
2025-05-30 14:00:00,ایران ایرتور,IRB900,مشهد,طبق برنامه,,,,MDC-DC-9-82,فرودگاه تبريز,Domestic Arrival
2025-05-30 15:00:00,آتا,TBZ5616,مشهد,طبق برنامه,,,,MD83,فرودگاه تبريز,Domestic Arrival
2025-05-30 16:00:00,ایران ایرتور,IRB907,بندرعباس,باطل شد,,,,MDC-DC-9-82,فرودگاه تبريز,Domestic Arrival
2025-05-30 16:45:00,ایران ایرتور,IRB946,تهران,طبق برنامه,,,,MD80,فرودگاه تبريز,Domestic Arrival
2025-05-30 04:35:00,پگاسوس,PGT6646,مرسین,طبق برنامه,,,,A320,فرودگاه تبريز,International Arrival
2025-05-30 06:20:00,ترکیش,TK882,استانبول,طبق برنامه,,,,A320,فرودگاه تبريز,International Arrival
2025-05-30 13:00:00,آتا,TBZ6602,استانبول,طبق برنامه,,,,MD83,فرودگاه تبريز,International Arrival
2025-05-29 17:45:00,آساجت,SJT8616,تهران,نشست17:35 | پایان دریافت بار,,2025-05-29 17:35:00,,EMB145,فرودگاه اصفهان,Domestic Arrival
2025-05-29 18:00:00,آتا,TBZ5750,مشهد,نشست18:00 | پایان دریافت بار,,2025-05-29 18:10:00,,MD83,فرودگاه اصفهان,Domestic Arrival
2025-05-29 19:10:00,کارون,KRU2602,تهران,نشست19:55 | پایان دریافت بار,,2025-05-29 20:00:00,,f100,فرودگاه اصفهان,Domestic Arrival
2025-05-30 07:35:00,کارون,KRU2623,اهواز,طبق برنامه,,,,100,فرودگاه اصفهان,Domestic Arrival
2025-06-03 12:15:00,قشم,QSM1280,تهران,نشست13:30 | پایان دریافت بار,,2025-06-03 13:30:00,,f100,فرودگاه اصفهان,Domestic Arrival
2025-06-03 12:35:00,کارون,KRU2532,خارگ,نشست15:00 | پایان دریافت بار,,2025-06-03 14:40:00,,100,فرودگاه اصفهان,Domestic Arrival
2025-06-03 13:50:00,ایران ایر,IRA3439,عسلویه,نشست14:30 | پایان دریافت بار,,2025-06-03 14:30:00,,ATR,فرودگاه اصفهان,Domestic Arrival
2025-06-03 15:00:00,آتا,TBZ5651,مشهد,نشست15:20 | پایان دریافت بار,,2025-06-03 15:20:00,,MD83,فرودگاه اصفهان,Domestic Arrival
2025-06-03 15:55:00,رایمون,RAI7512,تهران,نشست15:50 | پایان دریافت بار,,2025-06-03 15:50:00,,EMB145,فرودگاه اصفهان,Domestic Arrival
2025-06-03 17:00:00,آتا,TBZ5650,مشهد,نشست19:50 | پایان دریافت بار,,2025-06-03 19:50:00,,MD83,فرودگاه اصفهان,Domestic Arrival
2025-06-03 17:30:00,آتا,TBZ5675,مشهد,نشست18:55 | پایان دریافت بار,,2025-06-03 19:00:00,,MD80,فرودگاه اصفهان,Domestic Arrival
2025-06-03 19:45:00,وارش,VRH5854,مشهد,نشست19:40 | پایان دریافت بار,,2025-06-03 19:35:00,,B737-400,فرودگاه اصفهان,Domestic Arrival
2025-06-03 21:40:00,آتا,TBZ5653,كيش,اعلام ورود,,2025-06-04 00:05:00,,MD83,فرودگاه اصفهان,Domestic Arrival
2025-06-03 22:00:00,زاگرس,IZG4140,مشهد,نشست22:05 | پایان دریافت بار,,2025-06-03 22:00:00,,MD83,فرودگاه اصفهان,Domestic Arrival
2025-06-03 22:30:00,تابان,TBN6209,مشهد,نشست22:25 | پایان دریافت بار,,2025-06-03 22:25:00,,MD80,فرودگاه اصفهان,Domestic Arrival
2025-06-03 23:20:00,کارون,KRU2625,اهواز,نشست23:15 | پایان دریافت بار,,2025-06-03 23:20:00,,B737-400,فرودگاه اصفهان,Domestic Arrival
2025-06-03 11:50:00,قشم,QSM2232,نجف,نشست12:00 | پایان دریافت بار,,2025-06-03 12:05:00,,A320,فرودگاه اصفهان,International Arrival
2025-06-03 12:45:00,فلای دبی,FDB273,دبی,نشست12:30 | پایان دریافت بار,,2025-06-03 12:35:00,,B737-400,فرودگاه اصفهان,International Arrival
2025-06-04 02:00:00,پگاسوس,PGT532,استانبول (صبیحا),طبق برنامه,,,,A320,فرودگاه اصفهان,International Arrival
2025-06-03 10:30:00,کارون,KRU2632,رشت,نشست14:05 | پایان دریافت بار,,2025-06-03 12:00:00,,,فرودگاه اهواز,Domestic Arrival
2025-06-03 12:30:00,آتا,TBZ5641,مشهد,نشست17:45 | پایان دریافت بار,,2025-06-03 17:50:00,,MD.88,فرودگاه اهواز,Domestic Arrival
2025-06-03 13:00:00,آتا,TBZ5631,تهران,نشست13:23 | پایان دریافت بار,,2025-06-03 13:35:00,,MD.88,فرودگاه اهواز,Domestic Arrival
2025-06-03 13:00:00,کارون,KRU2550,خارک,نشست14:27 | پایان دریافت بار,,2025-06-03 14:30:00,,,فرودگاه اهواز,Domestic Arrival
2025-06-03 13:30:00,پارس,PRS5439,خارک,نشست13:15 | پایان دریافت بار,,2025-06-03 13:15:00,,,فرودگاه اهواز,Domestic Arrival
2025-06-03 17:30:00,زاگرس,IZG4120,مشهد,نشست17:34 | پایان دریافت بار,,2025-06-03 17:34:00,,,فرودگاه اهواز,Domestic Arrival
2025-06-03 18:00:00,زاگرس,IZG4020,تهران,نشست18:54 | پایان دریافت بار,,2025-06-03 18:45:00,,,فرودگاه اهواز,Domestic Arrival
2025-06-03 19:05:00,آسمان,IRC3890,شیراز,نشست18:58 | پایان دریافت بار,,2025-06-03 18:58:00,,100,فرودگاه اهواز,Domestic Arrival
2025-06-03 20:00:00,سپهران,SHI4338,مشهد,نشست20:48 | پایان دریافت بار,,2025-06-03 20:48:00,,MD.88,فرودگاه اهواز,Domestic Arrival
2025-06-03 21:30:00,کارون,KRU2630,بندرعباس,نشست21:35 | پایان دریافت بار,,2025-06-03 21:35:00,,,فرودگاه اهواز,Domestic Arrival
2025-06-03 21:40:00,فلای پرشیا,FPI7426,تهران,نشست22:00 | پایان دریافت بار,,2025-06-03 22:00:00,,MD.88,فرودگاه اهواز,Domestic Arrival
2025-06-03 21:40:00,آتا,TBZ5635,تهران,نشست22:10 | پایان دریافت بار,,2025-06-03 22:10:00,,MD.88,فرودگاه اهواز,Domestic Arrival
2025-06-03 22:30:00,زاگرس,IZG4002,كيش,نشست22:17 | پایان دریافت بار,,2025-06-03 22:17:00,,,فرودگاه اهواز,Domestic Arrival
2025-05-29 20:30:00,ایران ایرتور,IRB912,تهران,نشست20:34 | پایان دریافت بار,,2025-05-29 20:40:00,,,فرودگاه بندرعباس,Domestic Arrival
2025-05-29 20:45:00,وارش,VRH5814,تهران,نشست21:03 | پایان دریافت بار,,2025-05-29 21:10:00,,737-500,فرودگاه بندرعباس,Domestic Arrival
2025-05-29 22:45:00,زاگرس,IZG4050,تهران,نشست22:56 | پایان دریافت بار,,2025-05-29 23:00:00,,,فرودگاه بندرعباس,Domestic Arrival
2025-05-29 23:10:00,ایران ایر,IRA3360,كيش,نشست23:05 | پایان دریافت بار,,2025-05-29 23:05:00,,,فرودگاه بندرعباس,Domestic Arrival
2025-05-30 06:30:00,کارون,KRU2631,اهواز,طبق برنامه,,,,,فرودگاه بندرعباس,Domestic Arrival
2025-05-30 08:05:00,آسمان,IRC644,تهران,باطل شد,,,,A320,فرودگاه بندرعباس,Domestic Arrival
2025-05-30 09:30:00,کارون,KRU2685,جزیره ابوموسی,طبق برنامه,,,,100,فرودگاه بندرعباس,Domestic Arrival
2025-05-30 10:45:00,کیش ایر,KIS7089,تهران,طبق برنامه,,,,MD80,فرودگاه بندرعباس,Domestic Arrival
2025-05-30 13:30:00,سپهران,SHI4323,مشهد,طبق برنامه,,,,737,فرودگاه بندرعباس,Domestic Arrival
2025-05-30 13:50:00,آسمان,IRC647,رشت,باطل شد,,,,A320,فرودگاه بندرعباس,Domestic Arrival
2025-05-30 16:25:00,ایران ایر,IRA3360,كيش,طبق برنامه,,,,,فرودگاه بندرعباس,Domestic Arrival
2025-05-30 17:00:00,وارش,VRH5814,تهران,طبق برنامه,,,,737-500,فرودگاه بندرعباس,Domestic Arrival
2025-05-30 17:45:00,کاسپین,CPN6960,تهران,طبق برنامه,,,,,فرودگاه بندرعباس,Domestic Arrival
2025-05-29 17:30:00,فلای دبی,FDB243,دبی,نشست17:21 | پایان دریافت بار,,2025-05-29 17:15:00,,737,فرودگاه بندرعباس,International Arrival
2025-05-30 00:55:00,ایران ایر,IRA1553,جده,طبق برنامه,,,,A300-600,فرودگاه بندرعباس,International Arrival
2025-05-30 11:55:00,ایران ایر,IRA1677,جده,طبق برنامه,,,,A300-600,فرودگاه بندرعباس,International Arrival
2025-05-30 12:30:00,ایران ایر,IRA3510,دوحه,طبق برنامه,,,,ATR,فرودگاه بندرعباس,International Arrival
2025-06-03 22:30:00,ایران ایرتور,IRB954,مشهد,نشست22:26 | پایان دریافت بار,,2025-06-03 22:26:00,,MD.88,فرودگاه اهواز,Domestic Arrival
2025-06-03 23:00:00,کارون,KRU2616,تهران,نشست23:17 | پایان دریافت بار,,2025-06-03 23:17:00,,,فرودگاه اهواز,Domestic Arrival
2025-06-03 23:25:00,آسمان,IRC3975,ساری,نشست23:22 | پایان دریافت بار,,2025-06-03 23:22:00,,100,فرودگاه اهواز,Domestic Arrival
2025-06-03 23:35:00,چابهار ایر,IRU7642,تهران,طبق برنامه,,,,,فرودگاه اهواز,Domestic Arrival
2025-06-04 00:55:00,آوا ایرلاین,AXV7748,مشهد,طبق برنامه,,,,MD.88,فرودگاه اهواز,Domestic Arrival
2025-06-03 17:35:00,کاسپین,CPN6900,تهران,نشست17:37 | پایان دریافت بار,,2025-06-03 17:40:00,,,فرودگاه بوشهر,Domestic Arrival
2025-06-03 21:50:00,قشم,QSM1218,تهران,نشست22:35 | پایان دریافت بار,,2025-06-03 22:25:00,,,فرودگاه بوشهر,Domestic Arrival
2025-06-04 00:15:00,وارش,VRH05872,تهران,زمان تقریبی نشستن,,2025-06-04 01:00:00,,,فرودگاه بوشهر,Domestic Arrival
2025-06-03 13:55:00,آسمان,IRC647,رشت,نشست15:45 | پایان دریافت بار,,2025-06-03 15:55:00,,A320,فرودگاه بندرعباس,Domestic Arrival
2025-06-03 14:40:00,سپهران,SHI4323,مشهد,نشست15:14 | پایان دریافت بار,,2025-06-03 15:10:00,,737,فرودگاه بندرعباس,Domestic Arrival
2025-06-03 15:00:00,ماهان,IRM4596,جزیره ابوموسی,نشست15:20 | پایان دریافت بار,,2025-06-03 15:20:00,,,فرودگاه بندرعباس,Domestic Arrival
2025-06-03 15:15:00,کیش ایر,KIS7062,كيش,باطل شد,,,,MD80,فرودگاه بندرعباس,Domestic Arrival
2025-06-03 16:30:00,کیش ایر,KIS7017,تبریز,باطل شد,,,,,فرودگاه بندرعباس,Domestic Arrival
2025-06-03 16:35:00,ایران ایر,IRA3494,اصفهان,نشست17:44 | پایان دریافت بار,,2025-06-03 17:40:00,,ATR,فرودگاه بندرعباس,Domestic Arrival
2025-06-03 18:00:00,ماهان,IRM4582,تنب بزرگ,نشست18:30 | پایان دریافت بار,,2025-06-03 18:35:00,,,فرودگاه بندرعباس,Domestic Arrival
2025-06-03 18:30:00,کیش ایر,KIS7089,تهران,نشست21:03 | پایان دریافت بار,,2025-06-03 21:00:00,,MD80,فرودگاه بندرعباس,Domestic Arrival
2025-06-03 19:15:00,کارون,KRU2631,اهواز,نشست19:15 | پایان دریافت بار,,2025-06-03 19:15:00,,,فرودگاه بندرعباس,Domestic Arrival
2025-06-03 20:30:00,ایران ایر,IRA3396,جزیره ابوموسی,نشست21:34 | پایان دریافت بار,,2025-06-03 21:34:00,,ATR,فرودگاه بندرعباس,Domestic Arrival
2025-06-03 20:30:00,ایران ایرتور,IRB932,تهران,نشست20:18 | پایان دریافت بار,,2025-06-03 20:20:00,,MD83,فرودگاه بندرعباس,Domestic Arrival
2025-06-03 20:45:00,وارش,VRH5814,تهران,نشست20:52 | پایان دریافت بار,,2025-06-03 21:00:00,,737-500,فرودگاه بندرعباس,Domestic Arrival
2025-06-03 22:45:00,کاسپین,CPN6960,تهران,نشست22:49 | پایان دریافت بار,,2025-06-03 22:50:00,,,فرودگاه بندرعباس,Domestic Arrival
2025-06-03 22:45:00,زاگرس,IZG4050,تهران,تاخیردارد23:59,,2025-06-03 23:59:00,,,فرودگاه بندرعباس,Domestic Arrival
2025-06-03 17:30:00,فلای دبی,FDB243,دبی,نشست17:29 | پایان دریافت بار,,2025-06-03 17:29:00,,737,فرودگاه بندرعباس,International Arrival
2025-06-03 12:35:00,ماهان,IRM4563,اهواز,نشست12:13 | پایان دریافت بار,,2025-06-03 12:13:00,,BAE146,فرودگاه کرمان,Domestic Arrival
2025-06-03 17:00:00,ماهان,IRM4595,كيش,نشست16:40 | پایان دریافت بار,,2025-06-03 16:45:00,,BAE146,فرودگاه کرمان,Domestic Arrival
2025-06-03 18:00:00,آتا,TBZ5664,تهران,نشست18:16 | پایان دریافت بار,,2025-06-03 18:20:00,,MD83,فرودگاه کرمان,Domestic Arrival
2025-06-03 18:10:00,ماهان,IRM1067,تهران,نشست17:58 | پایان دریافت بار,,2025-06-03 18:00:00,,BAE146,فرودگاه کرمان,Domestic Arrival
2025-06-03 19:40:00,اطلس گلوبال,KKK8291,تهران,نشست19:57 | پایان دریافت بار,,2025-06-03 20:00:00,,CRJ200,فرودگاه کرمان,Domestic Arrival
2025-06-03 19:55:00,ماهان,IRM1055,تهران,نشست20:07 | پایان دریافت بار,,2025-06-03 20:10:00,,BAE146,فرودگاه کرمان,Domestic Arrival
2025-06-03 22:15:00,ماهان,IRM1076,مشهد,نشست21:53 | پایان دریافت بار,,2025-06-03 22:00:00,,BAE146,فرودگاه کرمان,Domestic Arrival
2025-06-03 22:25:00,قشم,QSM1288,تهران,نشست22:04 | پایان دریافت بار,,2025-06-03 22:05:00,,f100,فرودگاه کرمان,Domestic Arrival
2025-05-22 00:05:00,یزد ایر,DZD9438,اصفهان,نشست | پایان دریافت بار,1,,EPDZH,146-200,فرودگاه مهرآباد,Domestic Arrival
2025-05-22 00:10:00,پارس ایر,PRS4405,شیراز,نشست | پایان دریافت بار,7,,EPPAO,737-700,فرودگاه مهرآباد,Domestic Arrival
2025-05-29 19:30:00,آساجت,SJT8656,اصفهان,نشست19:29 | پایان دریافت بار,,2025-05-29 19:35:00,,,فرودگاه رشت,Domestic Arrival
2025-05-29 19:30:00,رایمون,RAI7510,تهران,نشست19:58 | پایان دریافت بار,,2025-05-29 19:55:00,,,فرودگاه رشت,Domestic Arrival
2025-05-30 00:40:00,آساجت,SJT8663,اراک,طبق برنامه,,,,,فرودگاه رشت,Domestic Arrival
2025-05-30 06:30:00,پارس ایر,PRS5448,شیراز,طبق برنامه,,,,,فرودگاه رشت,Domestic Arrival
2025-05-30 08:30:00,ایران ایرتور,IRB904,مشهد,طبق برنامه,,,,,فرودگاه رشت,Domestic Arrival
2025-05-30 11:00:00,پارس ایر,PRS5452,آبادان,طبق برنامه,,,,,فرودگاه رشت,Domestic Arrival
2025-05-30 10:25:00,آسمان,IRC853,مشهد,طبق برنامه,,,,,فرودگاه زاهدان,Domestic Arrival
2025-05-22 00:10:00,آتا,TBZ5689,آبادان,نشست | پایان دریافت بار,4,,EPTAH,737,فرودگاه مهرآباد,Domestic Arrival
2025-05-22 00:15:00,کیش ایر,KIS7104,آبادان,نشست | پایان دریافت بار,4,,EPLCL,MD83,فرودگاه مهرآباد,Domestic Arrival
2025-05-22 00:15:00,ساها,IRZ173,بوشهر,نشست | پایان دریافت بار,2,,EPSII,737-700,فرودگاه مهرآباد,Domestic Arrival
2025-05-22 00:30:00,وارش,VRH5873,بوشهر,نشست | پایان دریافت بار,2,,EPVAF,737-700,فرودگاه مهرآباد,Domestic Arrival
2025-05-22 00:30:00,کارون,KRU2611,دزفول,نشست | پایان دریافت بار,2,,EPJIB,737,فرودگاه مهرآباد,Domestic Arrival
2025-05-22 00:35:00,قشم ایر,QSM1272,تبریز,نشست | پایان دریافت بار,4,,EPFQI,F100,فرودگاه مهرآباد,Domestic Arrival
2025-05-22 00:45:00,اطلس ایر,ATS8289,مشهد,نشست | پایان دریافت بار,1,,EPLEE,737-700,فرودگاه مهرآباد,Domestic Arrival
2025-05-22 00:45:00,ماهان,IRM4526,ایرانشهر,نشست | پایان دریافت بار,1,,EPMEI,146-200,فرودگاه مهرآباد,Domestic Arrival
2025-05-22 00:50:00,آسمان,IRC3751,آبادان,نشست | پایان دریافت بار,3,,EPASR,F100,فرودگاه مهرآباد,Domestic Arrival
2025-05-22 01:00:00,ماهان,IRM4540,زاهدان,نشست | پایان دریافت بار,4,,EPMEU,146-200,فرودگاه مهرآباد,Domestic Arrival
2025-05-22 01:05:00,کاسپین,CPN6901,بوشهر,نشست | پایان دریافت بار,4,,EPCPU,MD83,فرودگاه مهرآباد,Domestic Arrival
2025-05-22 01:10:00,ایران ایر,IRA418,اهواز,نشست | پایان دریافت بار,3,,EPIEQ,A319,فرودگاه مهرآباد,Domestic Arrival
2025-05-22 01:15:00,چابهار,IRU7615,چابهار,نشست | پایان دریافت بار,2,,EPCBD,MD83,فرودگاه مهرآباد,Domestic Arrival
2025-05-22 01:20:00,چابهار,IRU7643,اهواز,نشست | پایان دریافت بار,4,,EPSEB,MD83,فرودگاه مهرآباد,Domestic Arrival
2025-05-22 01:35:00,اطلس ایر,ATS8283,مشهد,نشست | پایان دریافت بار,3,,EPTHI,RJ85,فرودگاه مهرآباد,Domestic Arrival
2025-05-22 01:45:00,زاگرس,IZG4051,بندرعباس,نشست | پایان دریافت بار,1,,EPZAQ,MD83,فرودگاه مهرآباد,Domestic Arrival
2025-05-22 02:05:00,فلای پرشیا,FPI7400,شیراز,نشست | پایان دریافت بار,2,,EPFPA,B737,فرودگاه مهرآباد,Domestic Arrival
2025-05-22 02:25:00,معراج,MRJ2805,مشهد,نشست | پایان دریافت بار,6,,EPSSN,A320,فرودگاه مهرآباد,Domestic Arrival
2025-05-22 04:25:00,کیش ایر,KIS7150,شیراز,نشست | پایان دریافت بار,4,,,MD83,فرودگاه مهرآباد,Domestic Arrival
2025-05-22 06:25:00,آسمان,IRC3770,شیراز,نشست | پایان دریافت بار,6,,EPATE,F100,فرودگاه مهرآباد,Domestic Arrival
2025-05-22 06:55:00,ماهان,IRM1050,کرمان,نشست | پایان دریافت بار,3,,,AB6,فرودگاه مهرآباد,Domestic Arrival
2025-05-22 07:00:00,آتا,TBZ5601,تبریز,نشست | پایان دریافت بار,3,,EPTAL,MD83,فرودگاه مهرآباد,Domestic Arrival
2025-05-22 07:15:00,یزد ایر,DZD9440,یزد,نشست | پایان دریافت بار,1,,EPMOC,146-200,فرودگاه مهرآباد,Domestic Arrival
2025-05-22 07:30:00,زاگرس,IZG4023,اهواز,نشست | پایان دریافت بار,1,,EPZAQ,MD83,فرودگاه مهرآباد,Domestic Arrival
2025-05-22 07:40:00,ماهان,IRM1036,مشهد,نشست | پایان دریافت بار,5,,EPMEE,AB6,فرودگاه مهرآباد,Domestic Arrival
2025-05-22 07:50:00,تابان,TBN6257,مشهد,نشست | پایان دریافت بار,7,,EPTBB,MD.88,فرودگاه مهرآباد,Domestic Arrival
2025-05-22 07:55:00,ایران ایر,IRA284,کرمانشاه,نشست | پایان دریافت بار,1,,EPCFR,F100,فرودگاه مهرآباد,Domestic Arrival
2025-05-22 08:00:00,آوا,AXV7703,مشهد,نشست | پایان دریافت بار,5,,EPRBC,B737,فرودگاه مهرآباد,Domestic Arrival
2025-05-22 08:20:00,کیش ایر,KIS7084,یزد,نشست | پایان دریافت بار,3,,EPLCK,MD82,فرودگاه مهرآباد,Domestic Arrival
2025-05-22 08:30:00,چابهار,IRU7647,شیراز,نشست | پایان دریافت بار,2,,EPSEB,MD83,فرودگاه مهرآباد,Domestic Arrival
2025-05-22 08:30:00,وارش,VRH5853,اهواز,نشست | پایان دریافت بار,2,,EPVBM,B737,فرودگاه مهرآباد,Domestic Arrival
2025-05-22 08:40:00,فلای پرشیا,FPI7427,اهواز,نشست | پایان دریافت بار,5,,EPFPA,737-700,فرودگاه مهرآباد,Domestic Arrival
2025-05-22 08:50:00,رایمون,RAI7511,رشت,نشست | پایان دریافت بار,3,,EPNEA,EMB145,فرودگاه مهرآباد,Domestic Arrival
2025-05-22 09:00:00,آتا,TBZ5678,ارومیه,نشست | پایان دریافت بار,3,,EPTAJ,MD83,فرودگاه مهرآباد,Domestic Arrival
2025-05-22 09:00:00,ایران ایرتور,IRB931,بیرجند,نشست | پایان دریافت بار,5,,EPMDD,MD83,فرودگاه مهرآباد,Domestic Arrival
2025-05-22 09:35:00,ایران ایر,IRA3404,سقز,باطل شد,,,EPITM,F100,فرودگاه مهرآباد,Domestic Arrival
2025-05-22 09:40:00,چابهار,IRU7625,آبادان,نشست | پایان دریافت بار,4,,EPCBD,MD83,فرودگاه مهرآباد,Domestic Arrival
2025-05-22 09:45:00,آتا,TBZ5620,مشهد,نشست | پایان دریافت بار,1,,EPTAE,737,فرودگاه مهرآباد,Domestic Arrival
2025-05-22 10:10:00,آتا,TBZ5636,اهواز,نشست | پایان دریافت بار,3,,EPTAH,737,فرودگاه مهرآباد,Domestic Arrival
2025-05-22 10:15:00,اطلس ایر,ATS8279,مشهد,نشست | پایان دریافت بار,5,,EPSAP,MD83,فرودگاه مهرآباد,Domestic Arrival
2025-05-22 10:20:00,ماهان,IRM1009,کرمانشاه,نشست | پایان دریافت بار,3,,EPMEI,146-200,فرودگاه مهرآباد,Domestic Arrival
2025-05-22 11:05:00,ماهان,IRM4574,جیرفت,نشست | پایان دریافت بار,2,,EPMEU,RJ85,فرودگاه مهرآباد,Domestic Arrival
2025-05-22 11:10:00,ماهان,IRM4537,اردبیل,نشست | پایان دریافت بار,3,,EPMEA,RJ85,فرودگاه مهرآباد,Domestic Arrival
2025-05-22 11:15:00,معراج,MRJ2824,تبریز,نشست | پایان دریافت بار,3,,EPSSN,A320,فرودگاه مهرآباد,Domestic Arrival
2025-05-22 11:35:00,کارون,KRU2519,بهرگان/اصفهان,نشست | پایان دریافت بار,1,,EPMIS,F100,فرودگاه مهرآباد,Domestic Arrival
2025-05-22 11:55:00,آتا,TBZ5699,مشهد,نشست | پایان دریافت بار,5,,EPTAQ,md83,فرودگاه مهرآباد,Domestic Arrival
2025-05-22 12:15:00,ماهان,IRM4588,زاهدان,نشست | پایان دریافت بار,4,,EPMOS,RJ85,فرودگاه مهرآباد,Domestic Arrival
2025-05-22 12:25:00,اطلس ایر,ATS8290,چابهار,نشست | پایان دریافت بار,6,,EPLEE,737-700,فرودگاه مهرآباد,Domestic Arrival
2025-05-22 12:30:00,کیش ایر,KIS7014,كيش,نشست | پایان دریافت بار,1,,EPLCM,MD82,فرودگاه مهرآباد,Domestic Arrival
2025-05-22 12:35:00,ماهان,IRM1054,کرمان,نشست | پایان دریافت بار,2,,EPMOC,146-200,فرودگاه مهرآباد,Domestic Arrival
2025-05-22 12:40:00,ایران ایرتور,IRB919,چابهار,نشست | پایان دریافت بار,1,,EPMDF,MD83,فرودگاه مهرآباد,Domestic Arrival
2025-05-22 12:45:00,ایران ایر,IRA406,بوشهر,نشست | پایان دریافت بار,3,,EPCFR,F100,فرودگاه مهرآباد,Domestic Arrival
2025-05-22 12:45:00,کاسپین,CPN049,شیراز,نشست | پایان دریافت بار,3,,EPCPD,MD83,فرودگاه مهرآباد,Domestic Arrival
2025-05-22 13:00:00,زاگرس,IZG4031,كيش,نشست | پایان دریافت بار,1,,EPZAQ,MD83,فرودگاه مهرآباد,Domestic Arrival
2025-05-22 13:05:00,یزد ایر,DZD6898,مشهد,نشست | پایان دریافت بار,5,,EPDZH,RJ85,فرودگاه مهرآباد,Domestic Arrival
2025-05-22 13:10:00,چابهار,IRU7641,مشهد,نشست | پایان دریافت بار,3,,EPSEB,MD83,فرودگاه مهرآباد,Domestic Arrival
2025-05-22 13:20:00,فلای پرشیا,FPI7439,مشهد,نشست | پایان دریافت بار,7,,EPFPA,B737,فرودگاه مهرآباد,Domestic Arrival
2025-05-22 13:50:00,رایمون,RAI7523,مشهد,نشست | پایان دریافت بار,4,,EPNEA,EMB145,فرودگاه مهرآباد,Domestic Arrival
2025-05-22 13:50:00,کیش ایر,KIS7054,كيش,نشست | پایان دریافت بار,2,,EPLCL,MD83,فرودگاه مهرآباد,Domestic Arrival
2025-05-22 13:55:00,قشم ایر,QSM1239,خارگ,نشست | پایان دریافت بار,4,,EPFSI,F100,فرودگاه مهرآباد,Domestic Arrival
2025-05-22 14:00:00,آتا,TBZ5630,مشهد,نشست | پایان دریافت بار,6,,EPTAR,MD83,فرودگاه مهرآباد,Domestic Arrival
2025-05-22 14:05:00,وارش,VRH5819,مشهد,نشست | پایان دریافت بار,4,,EPVAR,B737,فرودگاه مهرآباد,Domestic Arrival
2025-05-22 14:20:00,چابهار,IRU7611,مشهد,نشست | پایان دریافت بار,3,,EPCBD,MD82,فرودگاه مهرآباد,Domestic Arrival
2025-05-22 14:20:00,کارون,KRU2507,ماهشهر,نشست | پایان دریافت بار,2,,EPJIB,737,فرودگاه مهرآباد,Domestic Arrival
2025-05-22 14:25:00,آسمان,IRC601,مشهد,نشست | پایان دریافت بار,3,,EPATE,F100,فرودگاه مهرآباد,Domestic Arrival
2025-05-22 14:35:00,ماهان,IRM1042,كيش,نشست | پایان دریافت بار,4,,EPMEE,747,فرودگاه مهرآباد,Domestic Arrival
2025-05-22 14:40:00,آتا,TBZ5682,بندرعباس,نشست | پایان دریافت بار,3,,EPTAJ,MD82,فرودگاه مهرآباد,Domestic Arrival
2025-05-22 14:40:00,پويا,PYA2324,رشت,نشست | پایان دریافت بار,1,,EPPUN,EMB145,فرودگاه مهرآباد,Domestic Arrival
2025-05-22 14:55:00,ساها,IRZ161,لاوان,نشست | پایان دریافت بار,3,,EPSII,737-700,فرودگاه مهرآباد,Domestic Arrival
2025-05-22 15:00:00,وارش,VRH5919,عسلویه,نشست | پایان دریافت بار,1,,EPVAA,737-700,فرودگاه مهرآباد,Domestic Arrival
2025-05-22 15:10:00,کاسپین,CPN027,مشهد,نشست | پایان دریافت بار,7,,EPKPB,737,فرودگاه مهرآباد,Domestic Arrival
2025-05-22 15:20:00,آتا,TBZ5660,كيش,نشست | پایان دریافت بار,3,,EPTAH,737,فرودگاه مهرآباد,Domestic Arrival
2025-05-22 15:50:00,اروان,INA6751,مشهد,نشست | پایان دریافت بار,3,,EPNSR,B737,فرودگاه مهرآباد,Domestic Arrival
2025-05-22 15:55:00,چابهار,IRU7661,مشهد,نشست | پایان دریافت بار,2,,EPCBI,MD83,فرودگاه مهرآباد,Domestic Arrival
2025-05-22 15:55:00,آتا,TBZ5645,تبریز,نشست | پایان دریافت بار,1,,EPTAL,MD83,فرودگاه مهرآباد,Domestic Arrival
2025-05-22 16:00:00,قشم ایر,QSM1290,کرمانشاه,نشست | پایان دریافت بار,5,,EPFQF,F100,فرودگاه مهرآباد,Domestic Arrival
2025-05-22 16:05:00,کارون,KRU2585,عسلویه,نشست | پایان دریافت بار,3,,EPAWZ,F100,فرودگاه مهرآباد,Domestic Arrival
2025-05-22 16:25:00,آتا,TBZ5720,مشهد,نشست | پایان دریافت بار,3,,EPTAO,MD83,فرودگاه مهرآباد,Domestic Arrival
2025-05-22 16:25:00,کاسپین,CPN015,عسلویه,نشست | پایان دریافت بار,3,,EPCAS,MD83,فرودگاه مهرآباد,Domestic Arrival
2025-05-22 16:30:00,قشم ایر,QSM1271,زاهدان,نشست | پایان دریافت بار,1,,EPFQV,RJ100,فرودگاه مهرآباد,Domestic Arrival
2025-05-22 16:45:00,ماهان,IRM4573,ایلام,نشست | پایان دریافت بار,2,,EPMHO,RJ85,فرودگاه مهرآباد,Domestic Arrival
2025-05-22 16:55:00,تابان,TBN6255,مشهد,نشست | پایان دریافت بار,4,,EPSMA,MD.88,فرودگاه مهرآباد,Domestic Arrival
2025-05-22 17:05:00,ایران ایرتور,IRB981,ارومیه,نشست | پایان دریافت بار,2,,EPMDF,MD83,فرودگاه مهرآباد,Domestic Arrival
2025-05-22 17:10:00,یزد ایر,DZD9406,اهواز,نشست | پایان دریافت بار,3,,EPDZH,RJ85,فرودگاه مهرآباد,Domestic Arrival
2025-05-22 17:15:00,آساجت,SJT8635,رشت,نشست | پایان دریافت بار,5,,EPJEK,EMB145,فرودگاه مهرآباد,Domestic Arrival
2025-05-22 17:35:00,رایمون,RAI7513,اصفهان,نشست | پایان دریافت بار,1,,EPNEA,EMB145,فرودگاه مهرآباد,Domestic Arrival
2025-05-22 18:05:00,ماهان,IRM-4599,ایلام,نشست | پایان دریافت بار,3,,EPMOQ,RJ85,فرودگاه مهرآباد,Domestic Arrival
2025-05-22 18:10:00,ایران ایرتور,IRB917,كيش,نشست | پایان دریافت بار,2,,EPMDC,MD82,فرودگاه مهرآباد,Domestic Arrival
2025-05-22 18:15:00,تابان,TBN6251,مشهد,نشست | پایان دریافت بار,7,,EPTBB,MD.88,فرودگاه مهرآباد,Domestic Arrival
2025-05-22 18:30:00,آتا,TBZ5639,تبریز,نشست | پایان دریافت بار,4,,EPTAL,MD83,فرودگاه مهرآباد,Domestic Arrival
2025-05-22 18:40:00,ماهان,IRM4582,مشهد,نشست | پایان دریافت بار,6,,EPMMV,BAE146,فرودگاه مهرآباد,Domestic Arrival
2025-05-22 18:50:00,قشم ایر,QSM1253,مشهد,نشست | پایان دریافت بار,6,,EPFQU,RJ100,فرودگاه مهرآباد,Domestic Arrival
2025-05-22 18:50:00,کاسپین,CPN045,كيش,نشست | پایان دریافت بار,3,,EPCPU,MD82,فرودگاه مهرآباد,Domestic Arrival
2025-05-22 19:00:00,ایران ایرتور,IRB963,مشهد,تاخیر - 01:00,,,EPMDE,MD83,فرودگاه مهرآباد,Domestic Arrival
2025-05-22 19:20:00,کیش ایر,KIS7050,شیراز,نشست | پایان دریافت بار,1,,EPLCO,MD83,فرودگاه مهرآباد,Domestic Arrival
2025-05-22 19:25:00,آتا,TBZ5665,کرمان,نشست | پایان دریافت بار,5,,EPTAJ,MD83,فرودگاه مهرآباد,Domestic Arrival
2025-05-22 19:25:00,آتا,TBZ5614,مشهد,نشست | پایان دریافت بار,4,,EPTAE,737,فرودگاه مهرآباد,Domestic Arrival
2025-05-22 19:50:00,ایران ایر,IRA351,كيش,نشست | پایان دریافت بار,3,,EPCFR,F100,فرودگاه مهرآباد,Domestic Arrival
2025-05-22 20:00:00,زاگرس,IZG4021,اهواز,نشست | پایان دریافت بار,3,,EPZAQ,MD83,فرودگاه مهرآباد,Domestic Arrival
2025-05-22 20:05:00,آتا,TBZ5667,تبریز,نشست | پایان دریافت بار,2,,EPTAL,MD83,فرودگاه مهرآباد,Domestic Arrival
2025-05-22 20:15:00,کیش ایر,KIS7024,كيش,نشست | پایان دریافت بار,2,,EPLCJ,MD83,فرودگاه مهرآباد,Domestic Arrival
2025-05-22 20:25:00,اطلس ایر,ATS8275,مشهد,نشست | پایان دریافت بار,5,,EPTHI,RJ85,فرودگاه مهرآباد,Domestic Arrival
2025-05-22 20:30:00,پارس ایر,PRS4407,شیراز,نشست | پایان دریافت بار,5,,EPPAO,B737,فرودگاه مهرآباد,Domestic Arrival
2025-05-22 20:35:00,آتا,TBZ5624,شیراز,نشست | پایان دریافت بار,4,,EPTAH,737,فرودگاه مهرآباد,Domestic Arrival
2025-05-22 20:50:00,پويا,PYA2341,شیراز,نشست | پایان دریافت بار,7,,EPPUR,EMB145,فرودگاه مهرآباد,Domestic Arrival
2025-05-22 21:00:00,آساجت,SJT8625,یزد,نشست | پایان دریافت بار,3,,EPJEK,EMB145,فرودگاه مهرآباد,Domestic Arrival
2025-05-22 21:00:00,کارون,KRU2603,اصفهان,نشست | پایان دریافت بار,1,,EPMIS,F100,فرودگاه مهرآباد,Domestic Arrival
2025-05-22 21:05:00,وارش,VRH5905,مشهد,نشست | پایان دریافت بار,4,,EPVAR,737,فرودگاه مهرآباد,Domestic Arrival
2025-05-22 21:10:00,کارون,KRU2661,ارومیه,نشست | پایان دریافت بار,6,,EPJIB,B737,فرودگاه مهرآباد,Domestic Arrival
2025-05-22 21:15:00,کیش ایر,KIS7052,كيش,نشست | پایان دریافت بار,2,,EPLCL,MD83,فرودگاه مهرآباد,Domestic Arrival
2025-05-22 21:20:00,آسمان,IRC641,تبریز,نشست | پایان دریافت بار,7,,EPASR,F100,فرودگاه مهرآباد,Domestic Arrival
2025-05-22 21:25:00,چابهار,IRU7651,مشهد,نشست | پایان دریافت بار,4,,EPSEB,MD83,فرودگاه مهرآباد,Domestic Arrival
2025-05-22 21:30:00,ماهان,IRM1027,اردبیل,نشست | پایان دریافت بار,1,,EPMEA,RJ85,فرودگاه مهرآباد,Domestic Arrival
2025-05-22 21:40:00,ماهان,IRM1028,طبس,نشست | پایان دریافت بار,5,,EPMEI,RJ85,فرودگاه مهرآباد,Domestic Arrival
2025-05-22 21:50:00,ماهان,IRM1066,کرمان,نشست | پایان دریافت بار,3,,EPMEE,747,فرودگاه مهرآباد,Domestic Arrival
2025-05-22 22:00:00,کاسپین,CPN6937,قشم,نشست | پایان دریافت بار,5,,EPCAS,MD83,فرودگاه مهرآباد,Domestic Arrival
2025-05-22 22:10:00,ماهان,IRM1001,تبریز,نشست | پایان دریافت بار,3,,EPMEU,RJ85,فرودگاه مهرآباد,Domestic Arrival
2025-05-22 22:25:00,اطلس ایر,ATS8292,مشهد,نشست | دریافت بار از نقاله,1,,EPSAP,MD83,فرودگاه مهرآباد,Domestic Arrival
2025-05-22 22:30:00,ایران ایرتور,IRB989,اهواز,نشست | دریافت بار از نقاله,2,,EPMDC,MD83,فرودگاه مهرآباد,Domestic Arrival
2025-05-22 22:35:00,قشم ایر,QSM1211,اهواز,نشست | دریافت بار از نقاله,4,,EPFQV,rj100,فرودگاه مهرآباد,Domestic Arrival
2025-05-22 22:35:00,ماهان,IRM1052,کرمان,نشست | پایان دریافت بار,1,,EPMOS,RJ85,فرودگاه مهرآباد,Domestic Arrival
2025-05-22 22:40:00,آساجت,SJT8617,اصفهان,نشست | دریافت بار از نقاله,6,,EPRHO,EMB145,فرودگاه مهرآباد,Domestic Arrival
2025-05-22 22:45:00,ماهان,IRM1032,مشهد,نشست | پایان دریافت بار,2,,EPMOI,rj100,فرودگاه مهرآباد,Domestic Arrival
2025-05-22 22:50:00,فلای پرشیا,FPI7404,شیراز,نشست | پایان دریافت بار,7,,EPFPA,737-700,فرودگاه مهرآباد,Domestic Arrival
2025-05-22 23:00:00,تابان,TBN6325,مشهد,اعلام ورود,,,,MD.88,فرودگاه مهرآباد,Domestic Arrival
2025-05-22 23:05:00,آتا,TBZ5713,آبادان,نشست | دریافت بار از نقاله,3,,EPTAN,MD83,فرودگاه مهرآباد,Domestic Arrival
2025-05-22 23:20:00,کیش ایر,KIS7162,کرمان,اعلام ورود,,,EPLCM,MD82,فرودگاه مهرآباد,Domestic Arrival
2025-05-22 23:25:00,ساها,IRZ157,شیراز,نشست | دریافت بار از نقاله,3,,EPSII,737-700,فرودگاه مهرآباد,Domestic Arrival
2025-05-22 23:30:00,وارش,VRH5815,بندرعباس,نشست | دریافت بار از نقاله,1,,EPVAF,737-700,فرودگاه مهرآباد,Domestic Arrival
2025-05-22 23:30:00,کاسپین,CPN6901,بوشهر,نشست | دریافت بار از نقاله,5,,EPCPU,MD83,فرودگاه مهرآباد,Domestic Arrival
2025-05-22 23:35:00,وارش,VRH5841,مشهد,تاخیر,,,EPVBM,737-700,فرودگاه مهرآباد,Domestic Arrival
2025-05-22 23:35:00,ایران ایرتور,IRB913,بندرعباس,نشست | دریافت بار از نقاله,5,,EPMDF,MD83,فرودگاه مهرآباد,Domestic Arrival
2025-05-23 00:05:00,آتا,TBZ5669,یزد,نشست,,,EPTAJ,MD83,فرودگاه مهرآباد,Domestic Arrival
2025-05-23 00:30:00,قشم ایر,QSM1241A,قشم,تاخیر,,,EPFQU,rj100,فرودگاه مهرآباد,Domestic Arrival
2025-05-23 00:35:00,ایران ایر,IRA264,آبادان,طبق برنامه,,,EPCFR,F100,فرودگاه مهرآباد,Domestic Arrival
2025-05-23 00:35:00,ایران ایر,IRA429,شیراز,طبق برنامه,,,EPIEP,A319,فرودگاه مهرآباد,Domestic Arrival
2025-05-23 00:40:00,کیش ایر,KIS7080A,كيش,طبق برنامه,,,,MD83,فرودگاه مهرآباد,Domestic Arrival
2025-05-23 00:40:00,چابهار,IRU7613,زاهدان,طبق برنامه,,,EPCBD,MD83,فرودگاه مهرآباد,Domestic Arrival
2025-05-23 00:45:00,کاسپین,CPN025,مشهد,طبق برنامه,,,EPCPD,MD83,فرودگاه مهرآباد,Domestic Arrival
2025-05-23 00:50:00,آسمان,IRC631,گرگان,طبق برنامه,,,EPASR,F100,فرودگاه مهرآباد,Domestic Arrival
2025-05-23 00:55:00,کارون,KRU2611A,دزفول,طبق برنامه,,,EPMIS,F100,فرودگاه مهرآباد,Domestic Arrival
2025-05-23 00:55:00,اطلس ایر,ATS8289,مشهد,طبق برنامه,,,EPLEE,737-700,فرودگاه مهرآباد,Domestic Arrival
2025-05-23 01:00:00,اطلس ایر,ATS8283,مشهد,باطل شد,,,,RJ85,فرودگاه مهرآباد,Domestic Arrival
2025-05-23 01:05:00,کارون,KRU2609,یزد,طبق برنامه,,,EPJIB,B737,فرودگاه مهرآباد,Domestic Arrival
2025-05-23 01:20:00,پارس ایر,PRS4455,مشهد,طبق برنامه,,,,B737,فرودگاه مهرآباد,Domestic Arrival
2025-05-23 01:25:00,کاسپین,CPN6987A,زاهدان,طبق برنامه,,,EPCAS,MD83,فرودگاه مهرآباد,Domestic Arrival
2025-05-23 01:25:00,وارش,VRH5927,اراک,طبق برنامه,,,,B737,فرودگاه مهرآباد,Domestic Arrival
2025-05-23 01:30:00,ایران ایر,IRA261,مشهد,طبق برنامه,,,,F100,فرودگاه مهرآباد,Domestic Arrival
2025-05-23 01:40:00,چابهار,IRU7643,اهواز,تاخیر,,,EPSEB,MD83,فرودگاه مهرآباد,Domestic Arrival
2025-05-23 01:45:00,کیش ایر,KIS7068,مشهد,طبق برنامه,,,,MD82,فرودگاه مهرآباد,Domestic Arrival
2025-05-23 01:45:00,زاگرس,IZG4051,بندرعباس,طبق برنامه,,,EPZAQ,MD83,فرودگاه مهرآباد,Domestic Arrival
2025-05-23 02:10:00,آساجت,SJT8664,رشت,طبق برنامه,,,,EMB145,فرودگاه مهرآباد,Domestic Arrival
2025-05-23 07:30:00,زاگرس,IZG4023,اهواز,طبق برنامه,,,,MD83,فرودگاه مهرآباد,Domestic Arrival
2025-05-23 08:15:00,کارون,KRU2669,اهواز,طبق برنامه,,,,F100,فرودگاه مهرآباد,Domestic Arrival
2025-05-23 08:30:00,چابهار,IRU7647,شیراز,طبق برنامه,,,,MD83,فرودگاه مهرآباد,Domestic Arrival
2025-05-23 08:55:00,چابهار,IRU7611,مشهد,طبق برنامه,,,,MD83,فرودگاه مهرآباد,Domestic Arrival
2025-05-23 09:00:00,ایران ایرتور,IRB961,مشهد,طبق برنامه,,,,MD83,فرودگاه مهرآباد,Domestic Arrival
2025-05-23 09:00:00,آتا,TBZ5678,ارومیه,طبق برنامه,,,,MD83,فرودگاه مهرآباد,Domestic Arrival
2025-05-23 09:15:00,کیش ایر,KIS7198,مشهد,طبق برنامه,,,,MD83,فرودگاه مهرآباد,Domestic Arrival
2025-05-23 09:30:00,ماهان,IRM1050,کرمان,طبق برنامه,,,,AB6,فرودگاه مهرآباد,Domestic Arrival
2025-05-23 09:35:00,اطلس ایر,ATS8286,اهواز,طبق برنامه,,,,737-700,فرودگاه مهرآباد,Domestic Arrival
2025-05-23 09:40:00,آتا,TBZ5632,اهواز,طبق برنامه,,,,MD83,فرودگاه مهرآباد,Domestic Arrival
2025-05-23 10:20:00,زاگرس,IZG4061,بوشهر,طبق برنامه,,,,MD83,فرودگاه مهرآباد,Domestic Arrival
2025-05-23 10:30:00,قشم ایر,QSM1287,ایلام,طبق برنامه,,,,F100,فرودگاه مهرآباد,Domestic Arrival
2025-05-23 10:45:00,کاسپین,CPN017,چابهار,طبق برنامه,,,,MD83,فرودگاه مهرآباد,Domestic Arrival
2025-05-23 10:55:00,آتا,TBZ5603,تبریز,طبق برنامه,,,,MD83,فرودگاه مهرآباد,Domestic Arrival
2025-05-23 11:05:00,قشم ایر,QSM1281,اصفهان,طبق برنامه,,,,F100,فرودگاه مهرآباد,Domestic Arrival
2025-05-23 11:10:00,ماهان,IRM1088,شیراز,طبق برنامه,,,,146-200,فرودگاه مهرآباد,Domestic Arrival
2025-05-23 11:10:00,ماهان,IRM4537,اردبیل,طبق برنامه,,,,146-200,فرودگاه مهرآباد,Domestic Arrival
2025-05-23 11:15:00,ماهان,IRM4581,شهرکرد,طبق برنامه,,,,146-200,فرودگاه مهرآباد,Domestic Arrival
2025-05-23 11:20:00,معراج,MRJ2817,عسلویه,طبق برنامه,,,,A321,فرودگاه مهرآباد,Domestic Arrival
2025-05-23 11:40:00,اطلس ایر,ATS8272,كيش,طبق برنامه,,,,MD83,فرودگاه مهرآباد,Domestic Arrival
2025-05-23 12:00:00,کیش ایر,KIS7150,شیراز,طبق برنامه,,,,MD83,فرودگاه مهرآباد,Domestic Arrival
2025-05-23 12:20:00,فلای پرشیا,FPI7439,مشهد,طبق برنامه,,,,737-700,فرودگاه مهرآباد,Domestic Arrival
2025-05-23 12:30:00,کارون,KRU2629,شیراز,طبق برنامه,,,,F100,فرودگاه مهرآباد,Domestic Arrival
2025-05-23 12:35:00,رایمون,RAI7523,مشهد,طبق برنامه,,,,EMB145,فرودگاه مهرآباد,Domestic Arrival
2025-05-23 12:55:00,پويا,PYA2317,قشم,طبق برنامه,,,,EMB145,فرودگاه مهرآباد,Domestic Arrival
2025-05-23 13:00:00,آتا,TBZ5699,مشهد,طبق برنامه,,,EPTAQ,md83,فرودگاه مهرآباد,Domestic Arrival
2025-05-23 13:00:00,زاگرس,IZG4031,كيش,طبق برنامه,,,,MD83,فرودگاه مهرآباد,Domestic Arrival
2025-05-23 13:15:00,ساها,IRZ171,مشهد,طبق برنامه,,,,737-700,فرودگاه مهرآباد,Domestic Arrival
2025-05-23 13:25:00,چابهار,IRU7641,مشهد,طبق برنامه,,,,MD83,فرودگاه مهرآباد,Domestic Arrival
2025-05-23 13:30:00,کیش ایر,KIS7088,بندرعباس,طبق برنامه,,,,MD83,فرودگاه مهرآباد,Domestic Arrival
2025-05-23 13:35:00,کارون,KRU2617,اهواز,طبق برنامه,,,,F100,فرودگاه مهرآباد,Domestic Arrival
2025-05-23 13:50:00,یزد ایر,DZD9430,شیراز,طبق برنامه,,,,146-200,فرودگاه مهرآباد,Domestic Arrival
2025-05-23 13:55:00,ایران ایر,IRA383,چابهار/زاهدان,طبق برنامه,,,,F100,فرودگاه مهرآباد,Domestic Arrival
2025-05-23 14:05:00,ایران ایرتور,IRB971,بوشهر,طبق برنامه,,,,MD83,فرودگاه مهرآباد,Domestic Arrival
2025-05-23 14:05:00,آتا,TBZ5618,مشهد,طبق برنامه,,,,MD83,فرودگاه مهرآباد,Domestic Arrival
2025-05-23 14:15:00,کیش ایر,KIS7054,كيش,طبق برنامه,,,,MD83,فرودگاه مهرآباد,Domestic Arrival
2025-05-23 14:15:00,آساجت,SJT8619,آبادان,طبق برنامه,,,,EMB145,فرودگاه مهرآباد,Domestic Arrival
2025-05-23 14:20:00,آتا,TBZ5730,مشهد,طبق برنامه,,,,MD83,فرودگاه مهرآباد,Domestic Arrival
2025-05-23 14:20:00,چابهار,IRU7617,كيش,طبق برنامه,,,,MD83,فرودگاه مهرآباد,Domestic Arrival
2025-05-23 14:35:00,وارش,VRH5819,مشهد,طبق برنامه,,,,B737,فرودگاه مهرآباد,Domestic Arrival
2025-05-23 14:40:00,آتا,TBZ5722,كيش,طبق برنامه,,,,MD83,فرودگاه مهرآباد,Domestic Arrival
2025-05-23 14:45:00,کاسپین,CPN047,تبریز,طبق برنامه,,,,MD83,فرودگاه مهرآباد,Domestic Arrival
2025-05-23 14:50:00,ایران ایرتور,IRB941,قشم,طبق برنامه,,,,MD83,فرودگاه مهرآباد,Domestic Arrival
2025-05-23 14:55:00,ساها,IRZ159,شیراز,طبق برنامه,,,,737-700,فرودگاه مهرآباد,Domestic Arrival
2025-05-23 15:10:00,کاسپین,CPN6987,زاهدان,طبق برنامه,,,,MD83,فرودگاه مهرآباد,Domestic Arrival
2025-05-23 15:15:00,قشم ایر,QSM1219,بوشهر,طبق برنامه,,,,F100,فرودگاه مهرآباد,Domestic Arrival
2025-05-23 15:25:00,آوا,AXV7703,مشهد,طبق برنامه,,,,B737,فرودگاه مهرآباد,Domestic Arrival
2025-05-23 15:30:00,زاگرس,IZG4041,مشهد,طبق برنامه,,,,MD83,فرودگاه مهرآباد,Domestic Arrival
2025-05-23 15:35:00,پارس ایر,PRS4407,شیراز,طبق برنامه,,,,B737,فرودگاه مهرآباد,Domestic Arrival
2025-05-23 15:45:00,پارس ایر,PRS5455,كيش,طبق برنامه,,,,B737,فرودگاه مهرآباد,Domestic Arrival
2025-05-23 15:50:00,آتا,TBZ5620,مشهد,طبق برنامه,,,,MD83,فرودگاه مهرآباد,Domestic Arrival
2025-05-23 15:50:00,کارون,KRU2585,عسلویه,طبق برنامه,,,,F100,فرودگاه مهرآباد,Domestic Arrival
2025-05-23 15:55:00,اروان,INA6751,مشهد,طبق برنامه,,,,737-700,فرودگاه مهرآباد,Domestic Arrival
2025-05-23 16:20:00,آتا,TBZ5720,مشهد,طبق برنامه,,,,MD83,فرودگاه مهرآباد,Domestic Arrival
2025-05-23 16:40:00,ماهان,IRM1032,مشهد,طبق برنامه,,,,AB6,فرودگاه مهرآباد,Domestic Arrival
2025-05-23 16:50:00,آتا,TBZ5645,تبریز,طبق برنامه,,,,MD83,فرودگاه مهرآباد,Domestic Arrival
2025-05-23 16:50:00,ماهان,IRM1022,كيش,طبق برنامه,,,,146-200,فرودگاه مهرآباد,Domestic Arrival
2025-05-23 16:55:00,قشم ایر,QSM1225,كيش,طبق برنامه,,,,F100,فرودگاه مهرآباد,Domestic Arrival
2025-05-23 17:20:00,ماهان,IRM4523,یاسوج,طبق برنامه,,,,146-200,فرودگاه مهرآباد,Domestic Arrival
2025-05-23 17:20:00,ماهان,IRM1054,کرمان,طبق برنامه,,,,AB6,فرودگاه مهرآباد,Domestic Arrival
2025-05-23 17:25:00,ماهان,IRM1005,خرم‌آباد,طبق برنامه,,,,146-200,فرودگاه مهرآباد,Domestic Arrival
2025-05-23 17:25:00,کاسپین,CPN6937,قشم,طبق برنامه,,,,MD83,فرودگاه مهرآباد,Domestic Arrival
2025-05-23 17:30:00,کیش ایر,KIS7056,كيش,طبق برنامه,,,,MD83,فرودگاه مهرآباد,Domestic Arrival
2025-05-23 17:35:00,وارش,VRH5821,كيش,طبق برنامه,,,,B737,فرودگاه مهرآباد,Domestic Arrival
2025-05-23 17:55:00,آتا,TBZ5639,تبریز,طبق برنامه,,,,MD83,فرودگاه مهرآباد,Domestic Arrival
2025-05-23 18:05:00,رایمون,RAI7519,كيش,طبق برنامه,,,,EMB145,فرودگاه مهرآباد,Domestic Arrival
2025-05-23 18:10:00,ایران ایر,IRA496,اردبیل,طبق برنامه,,,,F100,فرودگاه مهرآباد,Domestic Arrival
2025-05-23 18:10:00,ایران ایرتور,IRB917,كيش,طبق برنامه,,,,MD83,فرودگاه مهرآباد,Domestic Arrival
2025-05-23 18:15:00,آساجت,SJT8635,رشت,طبق برنامه,,,,EMB145,فرودگاه مهرآباد,Domestic Arrival
2025-05-23 18:15:00,تابان,TBN6251,مشهد,طبق برنامه,,,,MD.88,فرودگاه مهرآباد,Domestic Arrival
2025-05-23 18:30:00,ماهان,IRM4550,سراوان,طبق برنامه,,,,146-200,فرودگاه مهرآباد,Domestic Arrival
2025-05-23 18:45:00,ایران ایرتور,IRB947,تبریز,طبق برنامه,,,,MD83,فرودگاه مهرآباد,Domestic Arrival
2025-05-23 19:00:00,کیش ایر,KIS7052,كيش,طبق برنامه,,,,MD83,فرودگاه مهرآباد,Domestic Arrival
2025-05-23 19:20:00,کارون,KRU2615,اهواز,طبق برنامه,,,,F100,فرودگاه مهرآباد,Domestic Arrival
2025-05-23 19:20:00,یزد ایر,DZD9400,ارومیه,طبق برنامه,,,,146-200,فرودگاه مهرآباد,Domestic Arrival
2025-05-23 19:25:00,آسمان,IRC601,مشهد,طبق برنامه,,,,F100,فرودگاه مهرآباد,Domestic Arrival
2025-05-23 19:30:00,ایران ایرتور,IRB967,مشهد,طبق برنامه,,,,MD83,فرودگاه مهرآباد,Domestic Arrival
2025-05-23 19:40:00,آتا,TBZ5614,مشهد,طبق برنامه,,,,MD83,فرودگاه مهرآباد,Domestic Arrival
2025-05-23 19:55:00,فلای پرشیا,FPI7447,عسلویه,طبق برنامه,,,,737-700,فرودگاه مهرآباد,Domestic Arrival
2025-05-23 20:00:00,زاگرس,IZG4021,اهواز,طبق برنامه,,,,MD83,فرودگاه مهرآباد,Domestic Arrival
2025-05-23 20:10:00,آتا,TBZ5667,تبریز,طبق برنامه,,,,MD83,فرودگاه مهرآباد,Domestic Arrival
2025-05-23 20:10:00,آتا,TBZ5665,کرمان,طبق برنامه,,,,MD83,فرودگاه مهرآباد,Domestic Arrival
2025-05-23 20:25:00,کاسپین,CPN6961,بندرعباس,طبق برنامه,,,,MD83,فرودگاه مهرآباد,Domestic Arrival
2025-05-23 20:30:00,اطلس ایر,ATS8275,مشهد,طبق برنامه,,,,RJ85,فرودگاه مهرآباد,Domestic Arrival
2025-05-23 20:30:00,کارون,KRU2611,دزفول,طبق برنامه,,,,F100,فرودگاه مهرآباد,Domestic Arrival
2025-05-23 20:35:00,کاسپین,CPN049,شیراز,طبق برنامه,,,,MD83,فرودگاه مهرآباد,Domestic Arrival
2025-05-23 20:40:00,پارس ایر,PRS4405,شیراز,طبق برنامه,,,,B737,فرودگاه مهرآباد,Domestic Arrival
2025-05-23 20:45:00,کیش ایر,KIS7024,كيش,طبق برنامه,,,,MD83,فرودگاه مهرآباد,Domestic Arrival
2025-05-23 20:45:00,چابهار,IRU7637,کرمانشاه,طبق برنامه,,,,MD83,فرودگاه مهرآباد,Domestic Arrival
2025-05-23 21:10:00,آتا,TBZ5624,شیراز,طبق برنامه,,,,MD83,فرودگاه مهرآباد,Domestic Arrival
2025-05-23 21:10:00,چابهار,IRU7661,مشهد,طبق برنامه,,,,MD83,فرودگاه مهرآباد,Domestic Arrival
2025-05-23 21:25:00,قشم ایر,QSM1261,شیراز,طبق برنامه,,,,F100,فرودگاه مهرآباد,Domestic Arrival
2025-05-23 21:25:00,یزد ایر,DZD9442,یزد,طبق برنامه,,,,146-200,فرودگاه مهرآباد,Domestic Arrival
2025-05-23 21:30:00,ایران ایر,IRA233,شیراز,طبق برنامه,,,,F100,فرودگاه مهرآباد,Domestic Arrival
2025-05-23 21:30:00,ماهان,IRM1027,اردبیل,طبق برنامه,,,,146-200,فرودگاه مهرآباد,Domestic Arrival
2025-05-23 21:35:00,کیش ایر,KIS7034,اصفهان,طبق برنامه,,,,MD83,فرودگاه مهرآباد,Domestic Arrival
2025-05-23 21:35:00,آساجت,SJT8607,کرمانشاه,طبق برنامه,,,,EMB145,فرودگاه مهرآباد,Domestic Arrival
2025-05-23 21:50:00,قشم ایر,QSM1241,قشم,طبق برنامه,,,,F100,فرودگاه مهرآباد,Domestic Arrival
2025-05-23 21:55:00,آتا,TBZ5630,مشهد,طبق برنامه,,,,MD83,فرودگاه مهرآباد,Domestic Arrival
2025-05-23 21:55:00,آتا,TBZ5660,كيش,طبق برنامه,,,,MD83,فرودگاه مهرآباد,Domestic Arrival
2025-05-23 22:00:00,پويا,PYA2311,گرگان,طبق برنامه,,,,EMB145,فرودگاه مهرآباد,Domestic Arrival
2025-05-23 22:05:00,ماهان,IRM1066,کرمان,طبق برنامه,,,,AB6,فرودگاه مهرآباد,Domestic Arrival
2025-05-23 22:10:00,کاسپین,CPN045,كيش,طبق برنامه,,,,MD83,فرودگاه مهرآباد,Domestic Arrival
2025-05-23 22:10:00,ماهان,IRM1001,تبریز,طبق برنامه,,,,146-200,فرودگاه مهرآباد,Domestic Arrival
2025-05-23 22:15:00,کیش ایر,KIS7168,مشهد,طبق برنامه,,,,MD83,فرودگاه مهرآباد,Domestic Arrival
2025-05-23 22:25:00,قشم ایر,QSM1253,مشهد,طبق برنامه,,,,F100,فرودگاه مهرآباد,Domestic Arrival
2025-05-23 22:30:00,اطلس ایر,ATS8279,مشهد,طبق برنامه,,,,MD83,فرودگاه مهرآباد,Domestic Arrival
2025-05-23 22:35:00,ماهان,IRM1052,کرمان,طبق برنامه,,,,AB6,فرودگاه مهرآباد,Domestic Arrival
2025-05-23 22:45:00,ماهان,IRM1074,کرمان,طبق برنامه,,,,AB6,فرودگاه مهرآباد,Domestic Arrival
2025-05-23 22:45:00,تابان,TBN6325,مشهد,طبق برنامه,,,,MD.88,فرودگاه مهرآباد,Domestic Arrival
2025-05-23 22:50:00,کارون,KRU2509,ماهشهر,طبق برنامه,,,,F100,فرودگاه مهرآباد,Domestic Arrival
2025-05-23 23:00:00,آتا,TBZ5612,شیراز,طبق برنامه,,,,MD83,فرودگاه مهرآباد,Domestic Arrival
2025-05-23 23:05:00,معراج,MRJ2819,كيش,طبق برنامه,,,,A320,فرودگاه مهرآباد,Domestic Arrival
2025-05-23 23:25:00,ساها,IRZ157,شیراز,طبق برنامه,,,,737-700,فرودگاه مهرآباد,Domestic Arrival
2025-05-23 23:30:00,کیش ایر,KIS7080,كيش,طبق برنامه,,,,MD83,فرودگاه مهرآباد,Domestic Arrival
2025-05-23 23:30:00,ایران ایرتور,IRB975,زاهدان,طبق برنامه,,,,MD83,فرودگاه مهرآباد,Domestic Arrival
2025-05-23 23:35:00,وارش,VRH5841,مشهد,طبق برنامه,,,,737-700,فرودگاه مهرآباد,Domestic Arrival
2025-05-23 23:45:00,کارون,KRU2661,ارومیه,طبق برنامه,,,,F100,فرودگاه مهرآباد,Domestic Arrival
2025-05-23 23:50:00,آتا,TBZ5644,سیرجان,طبق برنامه,,,,MD83,فرودگاه مهرآباد,Domestic Arrival
2025-05-23 23:50:00,زاگرس,IZG4011,شیراز,طبق برنامه,,,,MD83,فرودگاه مهرآباد,Domestic Arrival
2025-05-23 23:55:00,ایران ایرتور,IRB913,بندرعباس,طبق برنامه,,,,MD83,فرودگاه مهرآباد,Domestic Arrival
2025-05-23 23:55:00,کارون,KRU2507,ماهشهر,طبق برنامه,,,,F100,فرودگاه مهرآباد,Domestic Arrival
2025-05-24 05:50:00,کارون,KRU2619,اهواز,نشست | پایان دریافت بار,3,,EPAWZ,F100,فرودگاه مهرآباد,Domestic Arrival
2025-05-24 06:25:00,آسمان,IRC3770,شیراز,نشست | پایان دریافت بار,3,,EPATE,F100,فرودگاه مهرآباد,Domestic Arrival
2025-05-24 07:00:00,آتا,TBZ5601,تبریز,نشست | پایان دریافت بار,5,,EPTAL,MD83,فرودگاه مهرآباد,Domestic Arrival
2025-05-24 07:00:00,ماهان,IRM1050,کرمان,نشست | پایان دریافت بار,2,,EPMOS,RJ85,فرودگاه مهرآباد,Domestic Arrival
2025-05-24 07:15:00,وارش,VRH5801,ساری,نشست | پایان دریافت بار,2,,EPVAR,737-700,فرودگاه مهرآباد,Domestic Arrival
2025-05-24 07:25:00,آتا,TBZ5630,مشهد,نشست | پایان دریافت بار,3,,EPTAM,MD83,فرودگاه مهرآباد,Domestic Arrival
2025-05-24 07:35:00,ماهان,IRM1036,مشهد,نشست | پایان دریافت بار,3,,EPMEE,747,فرودگاه مهرآباد,Domestic Arrival
2025-05-24 07:35:00,زاگرس,IZG4023,اهواز,نشست | پایان دریافت بار,4,,EPZAQ,MD83,فرودگاه مهرآباد,Domestic Arrival
2025-05-24 07:50:00,ماهان,IRM1078,کرمان,نشست | پایان دریافت بار,7,,EPMOC,146-200,فرودگاه مهرآباد,Domestic Arrival
2025-05-24 08:00:00,تابان,TBN6257,مشهد,نشست | پایان دریافت بار,6,,EPTBB,MD.88,فرودگاه مهرآباد,Domestic Arrival
2025-05-24 08:05:00,آوا,AXV7731,مشهد,نشست | پایان دریافت بار,2,,,B737,فرودگاه مهرآباد,Domestic Arrival
2025-05-24 08:10:00,آسمان,IRC863,یزد,نشست | پایان دریافت بار,5,,EPASR,F100,فرودگاه مهرآباد,Domestic Arrival
2025-05-24 08:30:00,وارش,VRH5853,اهواز,باطل شد,,,,B737,فرودگاه مهرآباد,Domestic Arrival
2025-05-24 08:40:00,سپهران,SHI4341,مشهد,نشست | پایان دریافت بار,3,,EPFST,737-700,فرودگاه مهرآباد,Domestic Arrival
2025-05-24 08:40:00,چابهار,IRU7647,شیراز,نشست | پایان دریافت بار,1,,EPSEB,MD83,فرودگاه مهرآباد,Domestic Arrival
2025-05-24 09:00:00,آتا,TBZ5678,ارومیه,نشست | پایان دریافت بار,6,,EPTAQ,MD83,فرودگاه مهرآباد,Domestic Arrival
2025-05-24 09:05:00,پويا,PYA2341,شیراز,نشست | پایان دریافت بار,5,,EPPUO,EMB145,فرودگاه مهرآباد,Domestic Arrival
2025-05-24 09:05:00,ایران ایرتور,IRB931,بیرجند,نشست | پایان دریافت بار,4,,EPMDF,MD83,فرودگاه مهرآباد,Domestic Arrival
2025-05-24 09:10:00,کارون,KRU2509,ماهشهر,نشست | پایان دریافت بار,1,,EPJIB,737,فرودگاه مهرآباد,Domestic Arrival
2025-05-24 09:15:00,آتا,TBZ5609,تبریز,نشست | پایان دریافت بار,4,,EPTAZ,MD83,فرودگاه مهرآباد,Domestic Arrival
2025-05-24 09:15:00,ماهان,IRM1009,کرمانشاه,نشست | پایان دریافت بار,2,,EPMOH,rj100,فرودگاه مهرآباد,Domestic Arrival
2025-05-24 09:30:00,آساجت,SJT8635,رشت,نشست | پایان دریافت بار,2,,EPJEK,EMB145,فرودگاه مهرآباد,Domestic Arrival
2025-05-24 09:35:00,آتا,TBZ5644,سیرجان,نشست | پایان دریافت بار,5,,EPTAF,737,فرودگاه مهرآباد,Domestic Arrival
2025-05-24 09:35:00,ایران ایر,IRA406,بوشهر,نشست | پایان دریافت بار,3,,EPIEQ,A319,فرودگاه مهرآباد,Domestic Arrival
2025-05-24 09:40:00,چابهار,IRU7625,آبادان,نشست | پایان دریافت بار,3,,EPCBD,MD83,فرودگاه مهرآباد,Domestic Arrival
2025-05-24 10:00:00,قشم ایر,QSM1213,دزفول,نشست | پایان دریافت بار,1,,EPFQV,rj100,فرودگاه مهرآباد,Domestic Arrival
2025-05-24 10:05:00,آتا,TBZ5720,مشهد,نشست | پایان دریافت بار,1,,,MD83,فرودگاه مهرآباد,Domestic Arrival
2025-05-24 10:10:00,ایران ایر,IRA237,بندرلنگه/شیراز,نشست | پایان دریافت بار,6,,EPCFM,F100,فرودگاه مهرآباد,Domestic Arrival
2025-05-24 10:25:00,قشم ایر,QSM1276,ارومیه,نشست | پایان دریافت بار,3,,EPFQI,F100,فرودگاه مهرآباد,Domestic Arrival
2025-05-24 10:30:00,ماهان,IRM4521,گچساران,نشست | پایان دریافت بار,3,,EPMEU,RJ85,فرودگاه مهرآباد,Domestic Arrival
2025-05-24 10:35:00,کاسپین,CPN6983,لارستان,نشست | پایان دریافت بار,1,,EPCPD,MD83,فرودگاه مهرآباد,Domestic Arrival
2025-05-24 10:55:00,آتا,TBZ5663,کرمان,نشست | پایان دریافت بار,2,,EPCPD,737,فرودگاه مهرآباد,Domestic Arrival
2025-05-24 11:05:00,معراج,MRJ2817,عسلویه,نشست | پایان دریافت بار,4,,EPSSN,A321,فرودگاه مهرآباد,Domestic Arrival
2025-05-24 11:05:00,ایران ایرتور,IRB913,بندرعباس,نشست | پایان دریافت بار,5,,EPMDD,MD83,فرودگاه مهرآباد,Domestic Arrival
2025-05-24 11:10:00,ماهان,IRM4537,اردبیل,نشست | پایان دریافت بار,5,,EPMOS,146-200,فرودگاه مهرآباد,Domestic Arrival
2025-05-24 11:10:00,ایران ایرتور,IRB963,مشهد,نشست | پایان دریافت بار,3,,EPMDE,MD82,فرودگاه مهرآباد,Domestic Arrival
2025-05-24 11:20:00,آتا,TBZ5674,اهواز,باطل شد,,,,MD83,فرودگاه مهرآباد,Domestic Arrival
2025-05-24 11:25:00,کاسپین,CPN049,شیراز,نشست | پایان دریافت بار,4,,EPCAS,MD83,فرودگاه مهرآباد,Domestic Arrival
2025-05-24 11:30:00,کاسپین,CPN045,كيش,نشست | پایان دریافت بار,3,,EPKPB,737,فرودگاه مهرآباد,Domestic Arrival
2025-05-24 12:00:00,کیش ایر,KIS7116,چابهار,نشست | پایان دریافت بار,4,,EPLCL,MD82,فرودگاه مهرآباد,Domestic Arrival
2025-05-24 12:00:00,ماهان,IRM1084,زابل,نشست | پایان دریافت بار,2,,EPMOI,rj100,فرودگاه مهرآباد,Domestic Arrival
2025-05-24 12:10:00,ماهان,IRM4526,ایرانشهر,نشست | پایان دریافت بار,1,,EPMEA,RJ85,فرودگاه مهرآباد,Domestic Arrival
2025-05-24 12:10:00,آسمان,IRC833,اهواز,نشست | پایان دریافت بار,5,,EPASR,F100,فرودگاه مهرآباد,Domestic Arrival
2025-05-24 12:35:00,پارس ایر,PRS4493,آغاجاری,نشست | پایان دریافت بار,2,,EPPRA,CRJ200,فرودگاه مهرآباد,Domestic Arrival
2025-05-24 12:50:00,آساجت,SJT8607,کرمانشاه,نشست | پایان دریافت بار,1,,EPJEK,EMB145,فرودگاه مهرآباد,Domestic Arrival
2025-05-24 12:50:00,آتا,TBZ5636,اهواز,نشست | پایان دریافت بار,2,,EPTAZ,MD83,فرودگاه مهرآباد,Domestic Arrival
2025-05-24 13:00:00,ساها,IRZ171,مشهد,باطل شد,,,,737-700,فرودگاه مهرآباد,Domestic Arrival
2025-05-24 13:00:00,زاگرس,IZG4031,كيش,نشست | پایان دریافت بار,1,,EPZAQ,MD83,فرودگاه مهرآباد,Domestic Arrival
2025-05-24 13:05:00,ماهان,IRM1054,کرمان,نشست | پایان دریافت بار,3,,EPMJA,A340,فرودگاه مهرآباد,Domestic Arrival
2025-05-24 13:20:00,چابهار,IRU7641,مشهد,نشست | پایان دریافت بار,3,,EPSEB,MD83,فرودگاه مهرآباد,Domestic Arrival
2025-05-24 13:25:00,آتا,TBZ5699,مشهد,نشست | پایان دریافت بار,5,,EPTAO,MD83,فرودگاه مهرآباد,Domestic Arrival
2025-05-24 13:35:00,چابهار,IRU7661,مشهد,نشست | پایان دریافت بار,4,,EPCBI,MD83,فرودگاه مهرآباد,Domestic Arrival
2025-05-24 13:40:00,آوا,AXV7715,بندرعباس,نشست | پایان دریافت بار,4,,EPRBC,B737,فرودگاه مهرآباد,Domestic Arrival
2025-05-24 13:40:00,کارون,KRU2645,اهواز,نشست | پایان دریافت بار,3,,EPJIB,737,فرودگاه مهرآباد,Domestic Arrival
2025-05-24 13:45:00,کیش ایر,KIS7092,عسلویه,نشست | پایان دریافت بار,2,,EPLCM,MD83,فرودگاه مهرآباد,Domestic Arrival
2025-05-24 13:50:00,اطلس ایر,ATS8289,مشهد,نشست | پایان دریافت بار,4,,EPLEE,737-700,فرودگاه مهرآباد,Domestic Arrival
2025-05-24 14:00:00,یزد ایر,DZD9418,یزد,نشست | پایان دریافت بار,7,,EPDZH,RJ85,فرودگاه مهرآباد,Domestic Arrival
2025-05-24 14:00:00,کیش ایر,KIS7168,مشهد,نشست | پایان دریافت بار,3,,EPLCO,MD83,فرودگاه مهرآباد,Domestic Arrival
2025-05-24 14:05:00,ایران ایر,IRA5390,همدان,نشست | پایان دریافت بار,6,,EPITI,ATR,فرودگاه مهرآباد,Domestic Arrival
2025-05-24 14:05:00,قشم ایر,QSM1272,تبریز,نشست | پایان دریافت بار,6,,EPFQI,F100,فرودگاه مهرآباد,Domestic Arrival
2025-05-24 14:10:00,آتا,TBZ5612,شیراز,نشست | پایان دریافت بار,1,,EPTAQ,MD83,فرودگاه مهرآباد,Domestic Arrival
2025-05-24 14:20:00,چابهار,IRU7611,مشهد,نشست | پایان دریافت بار,1,,EPCBD,MD82,فرودگاه مهرآباد,Domestic Arrival
2025-05-24 14:20:00,کارون,KRU2585,عسلویه,نشست | پایان دریافت بار,3,,EPJIA,737,فرودگاه مهرآباد,Domestic Arrival
2025-05-24 14:30:00,رایمون,RAI7511,رشت,نشست | پایان دریافت بار,3,,EPNEA,EMB145,فرودگاه مهرآباد,Domestic Arrival
2025-05-24 14:45:00,پويا,PYA2349,بندرعباس,نشست | پایان دریافت بار,2,,EPPUO,EMB145,فرودگاه مهرآباد,Domestic Arrival
2025-05-24 14:50:00,پارس ایر,PRS4481,مشهد,نشست | پایان دریافت بار,7,,EPPAO,737,فرودگاه مهرآباد,Domestic Arrival
2025-05-24 14:55:00,ایران ایر,IRA284,کرمانشاه,نشست | پایان دریافت بار,1,,EPCFM,F100,فرودگاه مهرآباد,Domestic Arrival
2025-05-24 14:55:00,ایران ایرتور,IRB917,كيش,نشست | پایان دریافت بار,5,,EPMDF,MD83,فرودگاه مهرآباد,Domestic Arrival
2025-05-24 15:05:00,کاسپین,CPN025,مشهد,نشست | پایان دریافت بار,5,,EPCPD,MD83,فرودگاه مهرآباد,Domestic Arrival
2025-05-24 15:10:00,آساجت,SJT8605,عسلویه,نشست | پایان دریافت بار,2,,EPRHN,EMB145,فرودگاه مهرآباد,Domestic Arrival
2025-05-24 15:10:00,آتا,TBZ5634,اردبیل,نشست | پایان دریافت بار,6,,EPTAH,737-700,فرودگاه مهرآباد,Domestic Arrival
2025-05-24 15:20:00,آتا,TBZ5660,كيش,نشست | پایان دریافت بار,5,,EPTAR,MD83,فرودگاه مهرآباد,Domestic Arrival
2025-05-24 15:25:00,ایران ایر,IRA3311,اصفهان,نشست | پایان دریافت بار,2,,EPITM,ATR,فرودگاه مهرآباد,Domestic Arrival
2025-05-24 15:40:00,کارون,KRU2577,سیری,نشست | پایان دریافت بار,3,,EPAWZ,F100,فرودگاه مهرآباد,Domestic Arrival
2025-05-24 15:40:00,آسمان,IRC631,گرگان,نشست | پایان دریافت بار,3,,EPASR,F100,فرودگاه مهرآباد,Domestic Arrival
2025-05-24 15:45:00,اروان,INA6751,مشهد,نشست | پایان دریافت بار,4,,EPNSR,737-700,فرودگاه مهرآباد,Domestic Arrival
2025-05-24 15:45:00,ماهان,IRM4579,ماکو,نشست | پایان دریافت بار,1,,EPMOH,RJ85,فرودگاه مهرآباد,Domestic Arrival
2025-05-24 15:55:00,کاسپین,CPN6987,زاهدان,نشست | پایان دریافت بار,3,,EPCPU,MD83,فرودگاه مهرآباد,Domestic Arrival
2025-05-24 16:00:00,ایران ایرتور,IRB971,بوشهر,نشست | پایان دریافت بار,4,,EPMDE,MD83,فرودگاه مهرآباد,Domestic Arrival
2025-05-24 16:35:00,کارون,KRU2505,خارگ,نشست | پایان دریافت بار,5,,EPMIS,F100,فرودگاه مهرآباد,Domestic Arrival
2025-05-24 16:40:00,قشم ایر,QSM1225,كيش,نشست | پایان دریافت بار,6,,EPFQF,F100,فرودگاه مهرآباد,Domestic Arrival
2025-05-24 16:45:00,ماهان,IRM1032,مشهد,نشست | پایان دریافت بار,1,,EPMEB,RJ85,فرودگاه مهرآباد,Domestic Arrival
2025-05-24 16:50:00,کاسپین,CPN6937,قشم,نشست | پایان دریافت بار,3,,EPKPB,737-700,فرودگاه مهرآباد,Domestic Arrival
2025-05-24 17:00:00,آتا,TBZ5645,تبریز,نشست | پایان دریافت بار,3,,EPTAL,MD83,فرودگاه مهرآباد,Domestic Arrival
2025-05-24 17:05:00,پويا,PYA2331,تبریز,نشست | پایان دریافت بار,1,,EPPUN,EMB145,فرودگاه مهرآباد,Domestic Arrival
2025-05-24 17:15:00,ماهان,IRM1003,ارومیه,نشست | پایان دریافت بار,2,,EPMOC,146-200,فرودگاه مهرآباد,Domestic Arrival
2025-05-24 17:20:00,ماهان,IRM4523,یاسوج,نشست | پایان دریافت بار,5,,EPMOS,146-200,فرودگاه مهرآباد,Domestic Arrival
2025-05-24 17:25:00,وارش,VRH5919,عسلویه,نشست | پایان دریافت بار,1,,EPVBM,B737,فرودگاه مهرآباد,Domestic Arrival
2025-05-24 17:25:00,ماهان,IRM1005,خرم‌آباد,نشست | پایان دریافت بار,7,,EPMEA,146-200,فرودگاه مهرآباد,Domestic Arrival
2025-05-24 18:10:00,فلای پرشیا,FPI7404,شیراز,نشست | پایان دریافت بار,5,,EPFPA,737-700,فرودگاه مهرآباد,Domestic Arrival
2025-05-24 18:15:00,کیش ایر,KIS7056,كيش,نشست | پایان دریافت بار,4,,EPLCJ,MD83,فرودگاه مهرآباد,Domestic Arrival
2025-05-24 18:15:00,تابان,TBN6251,مشهد,نشست | پایان دریافت بار,5,,EPTBB,MD.88,فرودگاه مهرآباد,Domestic Arrival
2025-05-24 18:20:00,رایمون,RAI7513,اصفهان,نشست | پایان دریافت بار,7,,EPNEA,EMB145,فرودگاه مهرآباد,Domestic Arrival
2025-05-24 18:30:00,آتا,TBZ5639,تبریز,نشست | پایان دریافت بار,5,,EPTAL,MD83,فرودگاه مهرآباد,Domestic Arrival
2025-05-24 18:35:00,آوا,AXV7703,مشهد,نشست | پایان دریافت بار,3,,EPRBC,B737,فرودگاه مهرآباد,Domestic Arrival
2025-05-24 18:50:00,ایران ایرتور,IRB947,تبریز,نشست | پایان دریافت بار,2,,EPMDF,MD83,فرودگاه مهرآباد,Domestic Arrival
2025-05-24 19:05:00,وارش,VRH5877,مشهد,باطل شد,,,,B737,فرودگاه مهرآباد,Domestic Arrival
2025-05-24 19:05:00,کاسپین,CPN6915,عسلویه,نشست | پایان دریافت بار,3,,EPKPC,737,فرودگاه مهرآباد,Domestic Arrival
2025-05-24 19:35:00,وارش,VRH5857,مشهد,نشست | پایان دریافت بار,3,,EPVAR,B737,فرودگاه مهرآباد,Domestic Arrival
2025-05-24 19:40:00,آتا,TBZ5614,مشهد,نشست | پایان دریافت بار,6,,EPTAF,737,فرودگاه مهرآباد,Domestic Arrival
2025-05-24 19:50:00,اطلس ایر,ATS8275,مشهد,نشست | پایان دریافت بار,4,,EPTHI,RJ85,فرودگاه مهرآباد,Domestic Arrival
2025-05-24 19:50:00,قشم ایر,QSM1241,قشم,نشست | پایان دریافت بار,4,,EPFQI,F100,فرودگاه مهرآباد,Domestic Arrival
2025-05-24 20:00:00,ایران ایر,IRA276,ارومیه,نشست | پایان دریافت بار,1,,EPIEQ,A319,فرودگاه مهرآباد,Domestic Arrival
2025-05-24 20:00:00,کاسپین,CPN015,عسلویه,نشست | پایان دریافت بار,7,,EPCAS,MD83,فرودگاه مهرآباد,Domestic Arrival
2025-05-24 20:05:00,ایران ایر,IRA3330,رشت,نشست | پایان دریافت بار,2,,EPITI,ATR-72-500,فرودگاه مهرآباد,Domestic Arrival
2025-05-24 20:10:00,آتا,TBZ5667,تبریز,نشست | پایان دریافت بار,5,,EPTAZ,MD83,فرودگاه مهرآباد,Domestic Arrival
2025-05-24 20:10:00,کارون,KRU2615,اهواز,نشست | پایان دریافت بار,2,,EPJIA,737,فرودگاه مهرآباد,Domestic Arrival
2025-05-24 20:15:00,زاگرس,IZG4021,اهواز,نشست | پایان دریافت بار,2,,EPZAQ,MD83,فرودگاه مهرآباد,Domestic Arrival
2025-05-24 20:40:00,آتا,TBZ5665,کرمان,نشست | پایان دریافت بار,3,,EPTAJ,MD83,فرودگاه مهرآباد,Domestic Arrival
2025-05-24 20:55:00,ایران ایر,IRA253,اصفهان,نشست | پایان دریافت بار,1,,EPIEP,A319,فرودگاه مهرآباد,Domestic Arrival
2025-05-24 21:05:00,آتا,TBZ5624,شیراز,نشست | پایان دریافت بار,6,,EPTAH,737,فرودگاه مهرآباد,Domestic Arrival
2025-05-24 21:05:00,کارون,KRU2507,ماهشهر,نشست | پایان دریافت بار,3,,EPAWZ,F100,فرودگاه مهرآباد,Domestic Arrival
2025-05-24 21:20:00,یزد ایر,DZD9442,یزد,نشست | پایان دریافت بار,1,,EPMOC,146-200,فرودگاه مهرآباد,Domestic Arrival
2025-05-24 21:20:00,آسمان,IRC601,مشهد,نشست | دریافت بار از نقاله,1,,EPASR,F100,فرودگاه مهرآباد,Domestic Arrival
2025-05-24 21:30:00,کیش ایر,KIS7030,اهواز,نشست | پایان دریافت بار,4,,EPLCM,MD83,فرودگاه مهرآباد,Domestic Arrival
2025-05-24 21:30:00,ماهان,IRM1027,اردبیل,نشست | پایان دریافت بار,1,,EPMOH,146-200,فرودگاه مهرآباد,Domestic Arrival
2025-05-24 21:35:00,چابهار,IRU7651,مشهد,نشست | پایان دریافت بار,4,,EPSEB,MD83,فرودگاه مهرآباد,Domestic Arrival
2025-05-24 21:50:00,ماهان,IRM1066,کرمان,نشست | پایان دریافت بار,3,,EPMJA,A340,فرودگاه مهرآباد,Domestic Arrival
2025-05-24 22:25:00,ماهان,IRM1048,بیرجند,نشست | پایان دریافت بار,7,,EPMEB,146-200,فرودگاه مهرآباد,Domestic Arrival
2025-05-24 22:25:00,کارون,KRU2629,شیراز,نشست | دریافت بار از نقاله,5,,EPJIB,737-700,فرودگاه مهرآباد,Domestic Arrival
2025-05-24 22:30:00,ایران ایرتور,IRB989,اهواز,نشست | پایان دریافت بار,3,,EPMDE,MD83,فرودگاه مهرآباد,Domestic Arrival
2025-05-24 22:30:00,آتا,TBZ5680,ارومیه,تاخیر,,,EPTAR,MD83,فرودگاه مهرآباد,Domestic Arrival
2025-05-24 22:35:00,اطلس ایر,ATS8285,مشهد,نشست | دریافت بار از نقاله,6,,EPLEE,737-700,فرودگاه مهرآباد,Domestic Arrival
2025-05-24 22:45:00,تابان,TBN6325,مشهد,تاخیر,,,,MD.88,فرودگاه مهرآباد,Domestic Arrival
2025-05-24 22:50:00,قشم ایر,QSM1271,زاهدان,نشست | پایان دریافت بار,1,,EPFQU,RJ100,فرودگاه مهرآباد,Domestic Arrival
2025-05-24 23:00:00,فلای پرشیا,FPI7439,مشهد,نشست | دریافت بار از نقاله,5,,EPFPA,737-700,فرودگاه مهرآباد,Domestic Arrival
2025-05-24 23:05:00,معراج,MRJ2845,قشم,نشست | دریافت بار از نقاله,4,,EPSSN,A321,فرودگاه مهرآباد,Domestic Arrival
2025-05-24 23:25:00,ساها,IRZ157,شیراز,تاخیر,,,EPPAM,737-700,فرودگاه مهرآباد,Domestic Arrival
2025-05-24 23:25:00,ماهان,IRM1074,کرمان,نشست | دریافت بار از نقاله,3,,EPMOI,RJ100,فرودگاه مهرآباد,Domestic Arrival
2025-05-24 23:30:00,وارش,VRH5815,بندرعباس,نشست | دریافت بار از نقاله,2,,EPVBM,737-700,فرودگاه مهرآباد,Domestic Arrival
2025-05-24 23:35:00,وارش,VRH5841,مشهد,تاخیر,,,EPVAF,737-700,فرودگاه مهرآباد,Domestic Arrival
2025-05-24 23:35:00,ایران ایرتور,IRB975,زاهدان,نشست | دریافت بار از نقاله,3,,EPMDD,MD83,فرودگاه مهرآباد,Domestic Arrival
2025-05-24 23:45:00,کیش ایر,KIS7080,كيش,تاخیر,,,EPLCJ,MD83,فرودگاه مهرآباد,Domestic Arrival
2025-05-24 23:50:00,ایران ایر,IRA3321,ساری,تاخیر,,,,F100,فرودگاه مهرآباد,Domestic Arrival
2025-05-24 23:55:00,یزد ایر,DZD9438,اصفهان,نشست | دریافت بار از نقاله,7,,EPDZH,146-200,فرودگاه مهرآباد,Domestic Arrival
2025-05-25 00:05:00,آتا,TBZ5620A,مشهد,تاخیر,,,EPTAL,MD83,فرودگاه مهرآباد,Domestic Arrival
2025-05-25 00:15:00,ساها,IRZ173,بوشهر,باطل شد,,,,737-700,فرودگاه مهرآباد,Domestic Arrival
2025-05-25 00:15:00,کارون,KRU2609A,یزد,طبق برنامه,,,EPJIA,B737,فرودگاه مهرآباد,Domestic Arrival
2025-05-25 00:25:00,آتا,TBZ5669A,یزد,طبق برنامه,,,EPTAJ,MD83,فرودگاه مهرآباد,Domestic Arrival
2025-05-25 00:35:00,قشم ایر,QSM1217,آبادان,طبق برنامه,,,EPFQI,F100,فرودگاه مهرآباد,Domestic Arrival
2025-05-25 00:35:00,کیش ایر,KIS7054,كيش,طبق برنامه,,,,MD83,فرودگاه مهرآباد,Domestic Arrival
2025-05-25 00:40:00,پارس ایر,PRS5417,چابهار,طبق برنامه,,,EPPRA,CRJ200,فرودگاه مهرآباد,Domestic Arrival
2025-05-25 00:50:00,آتا,TBZ5628A,اهواز,طبق برنامه,,,EPTAH,737-700,فرودگاه مهرآباد,Domestic Arrival
2025-05-25 00:55:00,کاسپین,CPN6901,بوشهر,طبق برنامه,,,EPCAS,MD83,فرودگاه مهرآباد,Domestic Arrival
2025-05-25 00:55:00,کارون,KRU2611,دزفول,تاخیر,,,EPAWZ,F100,فرودگاه مهرآباد,Domestic Arrival
2025-05-25 01:05:00,کاسپین,CPN027A,مشهد,طبق برنامه,,,,MD83,فرودگاه مهرآباد,Domestic Arrival
2025-05-25 01:15:00,چابهار,IRU7615,چابهار,طبق برنامه,,,EPCBD,MD83,فرودگاه مهرآباد,Domestic Arrival
2025-05-25 01:30:00,کاسپین,CPN6961,بندرعباس,طبق برنامه,,,,MD83,فرودگاه مهرآباد,Domestic Arrival
2025-05-25 01:40:00,چابهار,IRU7643,اهواز,تاخیر,,,EPSEB,MD83,فرودگاه مهرآباد,Domestic Arrival
2025-05-25 01:40:00,ایران ایر,IRA459,بندرعباس,طبق برنامه,,,EPCFR,F100,فرودگاه مهرآباد,Domestic Arrival
2025-05-25 01:45:00,زاگرس,IZG4051,بندرعباس,طبق برنامه,,,EPZAQ,MD83,فرودگاه مهرآباد,Domestic Arrival
2025-05-25 01:50:00,ایران ایر,IRA261,مشهد,طبق برنامه,,,EPIEQ,A319,فرودگاه مهرآباد,Domestic Arrival
2025-05-25 02:00:00,پارس ایر,PRS4495,آبادان,طبق برنامه,,,,CRJ200,فرودگاه مهرآباد,Domestic Arrival
2025-05-25 02:05:00,کیش ایر,KIS7150,شیراز,طبق برنامه,,,,MD83,فرودگاه مهرآباد,Domestic Arrival
2025-05-25 02:10:00,آسمان,IRC825,شیراز,تاخیر,,,,F100,فرودگاه مهرآباد,Domestic Arrival
2025-05-25 03:00:00,کیش ایر,KIS7068,مشهد,طبق برنامه,,,,MD83,فرودگاه مهرآباد,Domestic Arrival
2025-05-25 06:25:00,آسمان,IRC3770,شیراز,طبق برنامه,,,,F100,فرودگاه مهرآباد,Domestic Arrival
2025-05-25 06:55:00,ماهان,IRM1050,کرمان,طبق برنامه,,,,AB6,فرودگاه مهرآباد,Domestic Arrival
2025-05-25 07:00:00,آتا,TBZ5601,تبریز,طبق برنامه,,,,MD83,فرودگاه مهرآباد,Domestic Arrival
2025-05-25 07:05:00,ماهان,IRM1070,زاهدان,طبق برنامه,,,EPMOH,RJ85,فرودگاه مهرآباد,Domestic Arrival
2025-05-25 07:15:00,یزد ایر,DZD9440,یزد,طبق برنامه,,,EPMOC,146-200,فرودگاه مهرآباد,Domestic Arrival
2025-05-25 07:20:00,آتا,TBZ5720,مشهد,طبق برنامه,,,,MD83,فرودگاه مهرآباد,Domestic Arrival
2025-05-25 07:30:00,زاگرس,IZG4023,اهواز,طبق برنامه,,,,MD83,فرودگاه مهرآباد,Domestic Arrival
2025-05-25 07:50:00,آتا,TBZ5620,مشهد,طبق برنامه,,,,MD83,فرودگاه مهرآباد,Domestic Arrival
2025-05-25 08:00:00,آتا,TBZ5626,اهواز,طبق برنامه,,,,MD83,فرودگاه مهرآباد,Domestic Arrival
2025-05-25 08:20:00,زاگرس,IZG4043,مشهد,طبق برنامه,,,,MD83,فرودگاه مهرآباد,Domestic Arrival
2025-05-25 08:25:00,قشم ایر,QSM1292,سنندج,طبق برنامه,,,,RJ100,فرودگاه مهرآباد,Domestic Arrival
2025-05-25 08:25:00,رایمون,RAI7511,رشت,طبق برنامه,,,,EMB145,فرودگاه مهرآباد,Domestic Arrival
2025-05-25 08:30:00,پويا,PYA2315,یزد,طبق برنامه,,,,EMB145,فرودگاه مهرآباد,Domestic Arrival
2025-05-25 08:40:00,چابهار,IRU7647,شیراز,طبق برنامه,,,,MD83,فرودگاه مهرآباد,Domestic Arrival
2025-05-25 09:00:00,آتا,TBZ5678,ارومیه,طبق برنامه,,,,MD83,فرودگاه مهرآباد,Domestic Arrival
2025-05-25 09:00:00,ایران ایرتور,IRB931,بیرجند,طبق برنامه,,,,MD83,فرودگاه مهرآباد,Domestic Arrival
2025-05-25 09:05:00,آتا,TBZ5609,تبریز,طبق برنامه,,,,MD83,فرودگاه مهرآباد,Domestic Arrival
2025-05-25 09:35:00,وارش,VRH5925,گناباد,طبق برنامه,,,,737-700,فرودگاه مهرآباد,Domestic Arrival
2025-05-25 09:40:00,پارس ایر,PRS4439,گچساران,طبق برنامه,,,,CRJ200,فرودگاه مهرآباد,Domestic Arrival
2025-05-25 09:40:00,آتا,TBZ5644,سیرجان,طبق برنامه,,,,MD83,فرودگاه مهرآباد,Domestic Arrival
2025-05-25 09:50:00,ایران ایر,IRA473,کرمان,طبق برنامه,,,,F100,فرودگاه مهرآباد,Domestic Arrival
2025-05-25 09:50:00,چابهار,IRU7629,بوشهر,طبق برنامه,,,,MD83,فرودگاه مهرآباد,Domestic Arrival
2025-05-25 09:55:00,ایران ایر,IRA3413,بجنورد,طبق برنامه,,,,ATR-72-500,فرودگاه مهرآباد,Domestic Arrival
2025-05-25 10:25:00,قشم ایر,QSM1231,ماهشهر,طبق برنامه,,,,F100,فرودگاه مهرآباد,Domestic Arrival
2025-05-25 11:00:00,آتا,TBZ5603,تبریز,طبق برنامه,,,,MD83,فرودگاه مهرآباد,Domestic Arrival
2025-05-25 11:05:00,ایران ایر,IRA3499,شیراز,طبق برنامه,,,,A319,فرودگاه مهرآباد,Domestic Arrival
2025-05-25 11:10:00,ماهان,IRM4537,اردبیل,طبق برنامه,,,,146-200,فرودگاه مهرآباد,Domestic Arrival
2025-05-25 11:25:00,کاسپین,CPN049,شیراز,طبق برنامه,,,,MD83,فرودگاه مهرآباد,Domestic Arrival
2025-05-25 11:30:00,کاسپین,CPN6957,جاسک,طبق برنامه,,,,MD83,فرودگاه مهرآباد,Domestic Arrival
2025-05-25 11:35:00,اطلس ایر,ATS8296,بندرعباس,طبق برنامه,,,,737-700,فرودگاه مهرآباد,Domestic Arrival
2025-05-25 11:50:00,آتا,TBZ5699,مشهد,طبق برنامه,,,,MD83,فرودگاه مهرآباد,Domestic Arrival
2025-05-25 12:00:00,فلای پرشیا,FPI7447,عسلویه,طبق برنامه,,,,737-700,فرودگاه مهرآباد,Domestic Arrival
2025-05-25 12:05:00,آتا,TBZ5632,اهواز,طبق برنامه,,,,MD83,فرودگاه مهرآباد,Domestic Arrival
2025-05-25 12:20:00,ماهان,IRM1038,مشهد,طبق برنامه,,,,RJ100,فرودگاه مهرآباد,Domestic Arrival
2025-05-25 12:30:00,آتا,TBZ5612,شیراز,طبق برنامه,,,,MD83,فرودگاه مهرآباد,Domestic Arrival
2025-05-25 12:45:00,قشم ایر,QSM1211,اهواز,طبق برنامه,,,,F100,فرودگاه مهرآباد,Domestic Arrival
2025-05-25 12:45:00,آتا,TBZ5660,كيش,طبق برنامه,,,,MD83,فرودگاه مهرآباد,Domestic Arrival
2025-05-25 12:50:00,کیش ایر,KIS7192,عسلویه,طبق برنامه,,,,MD83,فرودگاه مهرآباد,Domestic Arrival
2025-05-25 13:00:00,زاگرس,IZG4031,كيش,طبق برنامه,,,,MD83,فرودگاه مهرآباد,Domestic Arrival
2025-05-25 13:05:00,ماهان,IRM4574,جیرفت,طبق برنامه,,,,146-200,فرودگاه مهرآباد,Domestic Arrival
2025-05-25 13:10:00,پويا,PYA2313,مشهد,طبق برنامه,,,,EMB145,فرودگاه مهرآباد,Domestic Arrival
2025-05-25 13:20:00,اطلس ایر,ATS8275,مشهد,طبق برنامه,,,,RJ85,فرودگاه مهرآباد,Domestic Arrival
2025-05-25 13:20:00,ماهان,IRM1054,کرمان,طبق برنامه,,,,AB6,فرودگاه مهرآباد,Domestic Arrival
2025-05-25 13:25:00,پارس ایر,PRS4489,طبس,طبق برنامه,,,,737-700,فرودگاه مهرآباد,Domestic Arrival
2025-05-25 13:25:00,چابهار,IRU7641,مشهد,طبق برنامه,,,,MD83,فرودگاه مهرآباد,Domestic Arrival
2025-05-25 13:30:00,پارس ایر,PRS5423,اصفهان,طبق برنامه,,,,B737,فرودگاه مهرآباد,Domestic Arrival
2025-05-25 13:35:00,آتا,TBZ5628,اهواز,طبق برنامه,,,,MD83,فرودگاه مهرآباد,Domestic Arrival
2025-05-25 13:50:00,آتا,TBZ5614,مشهد,طبق برنامه,,,,MD83,فرودگاه مهرآباد,Domestic Arrival
2025-05-25 13:55:00,ماهان,IRM1088,شیراز,طبق برنامه,,,,RJ100,فرودگاه مهرآباد,Domestic Arrival
2025-05-25 14:00:00,ایران ایر,IRA5392,همدان,طبق برنامه,,,,ATR,فرودگاه مهرآباد,Domestic Arrival
2025-05-25 14:00:00,ایران ایرتور,IRB947,تبریز,طبق برنامه,,,,MD83,فرودگاه مهرآباد,Domestic Arrival
2025-05-25 14:05:00,کارون,KRU2529,لاوان,طبق برنامه,,,,F100,فرودگاه مهرآباد,Domestic Arrival
2025-05-25 14:10:00,آتا,TBZ5661,تبریز,طبق برنامه,,,,MD83,فرودگاه مهرآباد,Domestic Arrival
2025-05-25 14:15:00,آساجت,SJT8605,عسلویه,طبق برنامه,,,,EMB145,فرودگاه مهرآباد,Domestic Arrival
2025-05-25 14:15:00,پارس ایر,PRS4455,مشهد,طبق برنامه,,,,CRJ200,فرودگاه مهرآباد,Domestic Arrival
2025-05-25 14:20:00,چابهار,IRU7611,مشهد,طبق برنامه,,,,MD83,فرودگاه مهرآباد,Domestic Arrival
2025-05-25 14:25:00,قشم ایر,QSM1290,کرمانشاه,طبق برنامه,,,,F100,فرودگاه مهرآباد,Domestic Arrival
2025-05-25 14:25:00,آساجت,SJT8635,رشت,طبق برنامه,,,,EMB145,فرودگاه مهرآباد,Domestic Arrival
2025-05-25 14:30:00,کاسپین,CPN027,مشهد,طبق برنامه,,,,MD83,فرودگاه مهرآباد,Domestic Arrival
2025-05-25 14:35:00,ماهان,IRM1042,كيش,طبق برنامه,,,,AB6,فرودگاه مهرآباد,Domestic Arrival
2025-05-25 14:45:00,آتا,TBZ5630,مشهد,طبق برنامه,,,EPTAM,MD83,فرودگاه مهرآباد,Domestic Arrival
2025-05-25 15:00:00,ایران ایرتور,IRB941,قشم,طبق برنامه,,,,MD83,فرودگاه مهرآباد,Domestic Arrival
2025-05-25 15:20:00,ایران ایر,IRA3384,سهند,طبق برنامه,,,,F100,فرودگاه مهرآباد,Domestic Arrival
2025-05-25 15:30:00,ایران ایر,IRA351,كيش,طبق برنامه,,,,F100,فرودگاه مهرآباد,Domestic Arrival
2025-05-25 15:35:00,کارون,KRU2585,عسلویه,طبق برنامه,,,,F100,فرودگاه مهرآباد,Domestic Arrival
2025-05-25 15:50:00,چابهار,IRU7661,مشهد,طبق برنامه,,,,MD83,فرودگاه مهرآباد,Domestic Arrival
2025-05-25 15:55:00,اروان,INA6751,مشهد,طبق برنامه,,,,737-700,فرودگاه مهرآباد,Domestic Arrival
2025-05-25 16:20:00,وارش,VRH5903,مشهد,طبق برنامه,,,,B737,فرودگاه مهرآباد,Domestic Arrival
2025-05-25 16:20:00,کاسپین,CPN015,عسلویه,طبق برنامه,,,,MD83,فرودگاه مهرآباد,Domestic Arrival
2025-05-25 16:30:00,قشم ایر,QSM1203,عسلویه,طبق برنامه,,,,F100,فرودگاه مهرآباد,Domestic Arrival
2025-05-25 16:30:00,آسمان,IRC645,بندرعباس,طبق برنامه,,,,F100,فرودگاه مهرآباد,Domestic Arrival
2025-05-25 16:35:00,یزد ایر,DZD9418,یزد,طبق برنامه,,,,146-200,فرودگاه مهرآباد,Domestic Arrival
2025-05-25 16:35:00,وارش,VRH5919,عسلویه,طبق برنامه,,,,737-700,فرودگاه مهرآباد,Domestic Arrival
2025-05-25 16:40:00,ایران ایر,IRA310,اهواز,طبق برنامه,,,,F100,فرودگاه مهرآباد,Domestic Arrival
2025-05-25 16:40:00,ماهان,IRM1032,مشهد,طبق برنامه,,,,AB6,فرودگاه مهرآباد,Domestic Arrival
2025-05-25 16:45:00,کیش ایر,KIS7092,عسلویه,طبق برنامه,,,,MD83,فرودگاه مهرآباد,Domestic Arrival
2025-05-25 17:00:00,آتا,TBZ5645,تبریز,طبق برنامه,,,,MD83,فرودگاه مهرآباد,Domestic Arrival
2025-05-25 17:00:00,تابان,TBN6255,مشهد,طبق برنامه,,,,MD.88,فرودگاه مهرآباد,Domestic Arrival
2025-05-25 17:20:00,ماهان,IRM4523,یاسوج,طبق برنامه,,,,146-200,فرودگاه مهرآباد,Domestic Arrival
2025-05-25 17:25:00,ماهان,IRM1005,خرم‌آباد,طبق برنامه,,,,146-200,فرودگاه مهرآباد,Domestic Arrival
2025-05-25 17:25:00,ماهان,IRM1003,ارومیه,طبق برنامه,,,,146-200,فرودگاه مهرآباد,Domestic Arrival
2025-05-25 17:40:00,پارس ایر,PRS4481,مشهد,طبق برنامه,,,,737-700,فرودگاه مهرآباد,Domestic Arrival
2025-05-25 17:50:00,قشم ایر,QSM1239,خارگ,طبق برنامه,,,,F100,فرودگاه مهرآباد,Domestic Arrival
2025-05-25 18:10:00,ایران ایرتور,IRB917,كيش,طبق برنامه,,,,MD83,فرودگاه مهرآباد,Domestic Arrival
2025-05-25 18:15:00,تابان,TBN6251,مشهد,طبق برنامه,,,,MD.88,فرودگاه مهرآباد,Domestic Arrival
2025-05-25 18:30:00,آتا,TBZ5639,تبریز,طبق برنامه,,,,MD83,فرودگاه مهرآباد,Domestic Arrival
2025-05-25 18:40:00,فلای پرشیا,FPI7404,شیراز,طبق برنامه,,,,737-700,فرودگاه مهرآباد,Domestic Arrival
2025-05-25 19:05:00,کاسپین,CPN037,ارومیه,طبق برنامه,,,,MD83,فرودگاه مهرآباد,Domestic Arrival
2025-05-25 19:15:00,کیش ایر,KIS7124,كيش,طبق برنامه,,,,MD83,فرودگاه مهرآباد,Domestic Arrival
2025-05-25 19:30:00,کاسپین,CPN6937,قشم,طبق برنامه,,,,MD83,فرودگاه مهرآباد,Domestic Arrival
2025-05-25 19:35:00,قشم ایر,QSM1241,قشم,طبق برنامه,,,,F100,فرودگاه مهرآباد,Domestic Arrival
2025-05-25 19:50:00,معراج,MRJ2817,عسلویه,طبق برنامه,,,,A321,فرودگاه مهرآباد,Domestic Arrival
2025-05-25 19:55:00,کارون,KRU2603,اصفهان,طبق برنامه,,,,F100,فرودگاه مهرآباد,Domestic Arrival
2025-05-25 19:55:00,آتا,TBZ5665,کرمان,طبق برنامه,,,,MD83,فرودگاه مهرآباد,Domestic Arrival
2025-05-25 20:00:00,آتا,TBZ5667,تبریز,طبق برنامه,,,,MD83,فرودگاه مهرآباد,Domestic Arrival
2025-05-25 20:00:00,ایران ایرتور,IRB967,مشهد,طبق برنامه,,,,MD83,فرودگاه مهرآباد,Domestic Arrival
2025-05-25 20:05:00,کارون,KRU2609,یزد,طبق برنامه,,,,F100,فرودگاه مهرآباد,Domestic Arrival
2025-05-25 20:10:00,زاگرس,IZG4021,اهواز,طبق برنامه,,,,MD83,فرودگاه مهرآباد,Domestic Arrival
2025-05-25 20:20:00,رایمون,RAI7515,عسلویه,طبق برنامه,,,,EMB145,فرودگاه مهرآباد,Domestic Arrival
2025-05-25 20:30:00,آتا,TBZ5624,شیراز,طبق برنامه,,,,MD83,فرودگاه مهرآباد,Domestic Arrival
2025-05-25 20:40:00,پويا,PYA2341,شیراز,طبق برنامه,,,,EMB145,فرودگاه مهرآباد,Domestic Arrival
2025-05-25 20:50:00,چابهار,IRU7637,کرمانشاه,طبق برنامه,,,,MD83,فرودگاه مهرآباد,Domestic Arrival
2025-05-25 21:00:00,کارون,KRU2669,اهواز,طبق برنامه,,,,F100,فرودگاه مهرآباد,Domestic Arrival
2025-05-25 21:10:00,آسمان,IRC601,مشهد,طبق برنامه,,,,F100,فرودگاه مهرآباد,Domestic Arrival
2025-05-25 21:15:00,یزد ایر,DZD9442,یزد,طبق برنامه,,,,146-200,فرودگاه مهرآباد,Domestic Arrival
2025-05-25 21:20:00,ماهان,IRM1066,کرمان,طبق برنامه,,,,AB6,فرودگاه مهرآباد,Domestic Arrival
2025-05-25 21:25:00,کارون,KRU2613,اهواز,طبق برنامه,,,,F100,فرودگاه مهرآباد,Domestic Arrival
2025-05-25 21:30:00,ماهان,IRM1027,اردبیل,طبق برنامه,,,,146-200,فرودگاه مهرآباد,Domestic Arrival
2025-05-25 21:45:00,کاسپین,CPN045,كيش,طبق برنامه,,,,MD83,فرودگاه مهرآباد,Domestic Arrival
2025-05-25 22:05:00,پارس ایر,PRS5401,مشهد,طبق برنامه,,,,737-700,فرودگاه مهرآباد,Domestic Arrival
2025-05-25 22:10:00,وارش,VRH5897,ماهشهر,طبق برنامه,,,,B737,فرودگاه مهرآباد,Domestic Arrival
2025-05-25 22:30:00,اطلس ایر,ATS8292,مشهد,طبق برنامه,,,,MD83,فرودگاه مهرآباد,Domestic Arrival
2025-05-25 22:30:00,ایران ایرتور,IRB981,ارومیه,طبق برنامه,,,,MD83,فرودگاه مهرآباد,Domestic Arrival
2025-05-25 22:35:00,ماهان,IRM1052,کرمان,طبق برنامه,,,,AB6,فرودگاه مهرآباد,Domestic Arrival
2025-05-25 22:40:00,ماهان,IRM1080,مشهد,طبق برنامه,,,,AB6,فرودگاه مهرآباد,Domestic Arrival
2025-05-25 22:45:00,تابان,TBN6325,مشهد,طبق برنامه,,,,MD.88,فرودگاه مهرآباد,Domestic Arrival
2025-05-25 23:05:00,کیش ایر,KIS7034,اصفهان,طبق برنامه,,,,MD83,فرودگاه مهرآباد,Domestic Arrival
2025-05-25 23:05:00,ایران ایرتور,IRB913,بندرعباس,طبق برنامه,,,,MD83,فرودگاه مهرآباد,Domestic Arrival
2025-05-25 23:10:00,آتا,TBZ5730,مشهد,طبق برنامه,,,,MD83,فرودگاه مهرآباد,Domestic Arrival
2025-05-25 23:25:00,ساها,IRZ157,شیراز,طبق برنامه,,,,737-700,فرودگاه مهرآباد,Domestic Arrival
2025-05-25 23:30:00,فلای پرشیا,FPI7400,شیراز,طبق برنامه,,,,737-700,فرودگاه مهرآباد,Domestic Arrival
2025-05-25 23:30:00,وارش,VRH5815,بندرعباس,طبق برنامه,,,,737-700,فرودگاه مهرآباد,Domestic Arrival
2025-05-25 23:35:00,وارش,VRH5841,مشهد,طبق برنامه,,,,737-700,فرودگاه مهرآباد,Domestic Arrival
2025-05-25 23:45:00,قشم ایر,QSM1289,کرمان,طبق برنامه,,,,F100,فرودگاه مهرآباد,Domestic Arrival
2025-05-25 23:50:00,آتا,TBZ5669,یزد,طبق برنامه,,,,MD83,فرودگاه مهرآباد,Domestic Arrival
2025-05-24 20:00:00,آتا,TBZ5676,اصفهان,نشست | پایان دریافت بار,2,2025-05-24 19:50:00,,MD80,فرودگاه مشهد,Domestic Arrival
2025-05-24 20:15:00,هواپیمایی اطلس,ATS8286,تهران,نشست | پایان دریافت بار,4,2025-05-24 20:45:00,,B737,فرودگاه مشهد,Domestic Arrival
2025-05-24 20:15:00,کاسپین,CPN6955,بندرعباس,نشست | پایان دریافت بار,3,2025-05-24 20:40:00,,MD82,فرودگاه مشهد,Domestic Arrival
2025-05-24 20:30:00,تابان,TBN6326,تهران,نشست | پایان دریافت بار,8,2025-05-24 21:55:00,,MD.88,فرودگاه مشهد,Domestic Arrival
2025-05-24 20:30:00,فلای پرشیا,FPI7438,تهران,نشست | پایان دریافت بار,6,2025-05-24 20:55:00,,B737,فرودگاه مشهد,Domestic Arrival
2025-05-24 20:50:00,آتا,TBZ5728,کرمان,نشست | پایان دریافت بار,2,2025-05-24 20:50:00,,MD80,فرودگاه مشهد,Domestic Arrival
2025-05-24 21:00:00,سپاه,SEP2705,سراوان,نشست | پایان دریافت بار,1,2025-05-24 21:20:00,,IL76,فرودگاه مشهد,Domestic Arrival
2025-05-24 21:10:00,آوا,AXV7730,تهران,نشست | پایان دریافت بار,4,2025-05-24 21:45:00,,B737,فرودگاه مشهد,Domestic Arrival
2025-05-24 21:15:00,هواپیمایی پارس,PRS4414,آبادان,نشست | پایان دریافت بار,3,2025-05-24 21:10:00,,B737,فرودگاه مشهد,Domestic Arrival
2025-05-24 21:15:00,وارش,VRH5902,تهران,نشست | پایان دریافت بار,7,2025-05-24 22:50:00,,B737,فرودگاه مشهد,Domestic Arrival
2025-05-24 21:25:00,آسمان,IRC836,اهواز,نشست | پایان دریافت بار,2,2025-05-24 21:50:00,,F100,فرودگاه مشهد,Domestic Arrival
2025-05-24 21:30:00,زاگرس,IZG4121,اهواز,نشست | پایان دریافت بار,7,2025-05-24 21:55:00,,MD82,فرودگاه مشهد,Domestic Arrival
2025-05-24 21:45:00,آوا,AXV7749,اهواز,باطل شد,,,,B737,فرودگاه مشهد,Domestic Arrival
2025-05-24 21:50:00,سپهران,SHI4339,اهواز,نشست | پایان دریافت بار,5,2025-05-24 21:30:00,,B737,فرودگاه مشهد,Domestic Arrival
2025-05-24 21:55:00,تابان,TBN6210,اصفهان,نشست | پایان دریافت بار,6,2025-05-24 21:55:00,,MD.88,فرودگاه مشهد,Domestic Arrival
2025-05-24 22:00:00,آتا,TBZ5619,تهران,اعلام ورود,,2025-05-24 23:50:00,,MD80,فرودگاه مشهد,Domestic Arrival
2025-05-24 22:55:00,کاسپین,CPN6923,زاهدان,نشست | پایان دریافت بار,3,2025-05-24 22:35:00,,B737,فرودگاه مشهد,Domestic Arrival
2025-05-24 23:15:00,ایران ایر,IRA260,تهران,نشست | پایان دریافت بار,5,2025-05-24 23:00:00,,A319,فرودگاه مشهد,Domestic Arrival
2025-05-24 23:30:00,ایران ایرتور,IRB955,اهواز,نشست | پایان دریافت بار,6,2025-05-24 23:15:00,,MD82,فرودگاه مشهد,Domestic Arrival
2025-05-24 23:30:00,ایران ایرتور,IRB925,شیراز,نشست | دریافت بار از نقاله,3,2025-05-24 23:25:00,,MD82,فرودگاه مشهد,Domestic Arrival
2025-05-24 23:40:00,آتا,TBZ5711,کرمانشاه,اعلام ورود,,2025-05-24 23:55:00,,MD80,فرودگاه مشهد,Domestic Arrival
2025-05-25 01:00:00,تابان,TBN6252,تهران,طبق برنامه,,,,MD.88,فرودگاه مشهد,Domestic Arrival
2025-05-25 01:00:00,کیش ایر,KIS7011,آبادان,طبق برنامه,,,,MD82,فرودگاه مشهد,Domestic Arrival
2025-05-25 01:00:00,زاگرس,IZG4111,شیراز,طبق برنامه,,,,MD82,فرودگاه مشهد,Domestic Arrival
2025-05-25 01:50:00,آتا,TBZ5642,اهواز,طبق برنامه,,,,MD80,فرودگاه مشهد,Domestic Arrival
2025-05-25 02:00:00,وارش,VRH5803,ساری,طبق برنامه,,,,B737,فرودگاه مشهد,Domestic Arrival
2025-05-25 02:00:00,وارش,VRH5855,اصفهان,طبق برنامه,,,,B737,فرودگاه مشهد,Domestic Arrival
2025-05-25 04:00:00,تابان,TBN6218,آبادان,طبق برنامه,,,,MD.88,فرودگاه مشهد,Domestic Arrival
2025-05-25 04:05:00,سپهران,SHI4367.,آبادان,طبق برنامه,,,,B737,فرودگاه مشهد,Domestic Arrival
2025-05-25 06:35:00,کاسپین,CPN026,تهران,طبق برنامه,,,,MD82,فرودگاه مشهد,Domestic Arrival
2025-05-25 07:00:00,هواپیمایی پارس,PRS4454,تهران,طبق برنامه,,,,B737,فرودگاه مشهد,Domestic Arrival
2025-05-25 07:30:00,چابهار,IRU7660,تهران,طبق برنامه,,,,MD83,فرودگاه مشهد,Domestic Arrival
2025-05-25 07:40:00,هواپیمایی اطلس,ATS8278,تهران,طبق برنامه,,,,MD83,فرودگاه مشهد,Domestic Arrival
2025-05-25 07:45:00,اروان,INA6750,تهران,طبق برنامه,,,,B737,فرودگاه مشهد,Domestic Arrival
2025-05-25 08:00:00,ماهان,IRM1033,تهران,طبق برنامه,,,,BAE100,فرودگاه مشهد,Domestic Arrival
2025-05-25 08:15:00,پويا,PYA2350,تهران,طبق برنامه,,,,EMB145,فرودگاه مشهد,Domestic Arrival
2025-05-25 09:00:00,زاگرس,IZG4105,ایلام,طبق برنامه,,,,MD82,فرودگاه مشهد,Domestic Arrival
2025-05-25 09:30:00,آتا,TBZ5649,اصفهان,طبق برنامه,,,,MD80,فرودگاه مشهد,Domestic Arrival
2025-05-25 09:30:00,ماهان,IRM1059,کرمان,طبق برنامه,,,,BAE100,فرودگاه مشهد,Domestic Arrival
2025-05-25 09:45:00,تابان,TBN6216,اهواز,طبق برنامه,,,,MD.88,فرودگاه مشهد,Domestic Arrival
2025-05-25 09:50:00,ماهان,IRM1039,تهران,طبق برنامه,,,,RJ100,فرودگاه مشهد,Domestic Arrival
2025-05-25 10:30:00,ساها,IRZ170,تهران,باطل شد,,,,B737,فرودگاه مشهد,Domestic Arrival
2025-05-25 10:30:00,کیش ایر,KIS7146,عسلویه,طبق برنامه,,,,MD82,فرودگاه مشهد,Domestic Arrival
2025-05-25 10:45:00,هواپیمایی اطلس,ATS8270,تهران,طبق برنامه,,,,RJ85,فرودگاه مشهد,Domestic Arrival
2025-05-25 10:45:00,سپهران,SHI4359,کرمانشاه,طبق برنامه,,,,B737,فرودگاه مشهد,Domestic Arrival
2025-05-25 10:50:00,زاگرس,IZG4042,تهران,طبق برنامه,,,,MD82,فرودگاه مشهد,Domestic Arrival
2025-05-25 10:50:00,پويا,PYA2312,تهران,طبق برنامه,,,,EMB145,فرودگاه مشهد,Domestic Arrival
2025-05-25 10:50:00,کارون,KRU2589,عسلویه,طبق برنامه,,,,F100,فرودگاه مشهد,Domestic Arrival
2025-05-25 11:00:00,چابهار,IRU7640,تهران,طبق برنامه,,,,MD83,فرودگاه مشهد,Domestic Arrival
2025-05-25 11:00:00,ایران ایرتور,IRB983,بوشهر,طبق برنامه,,,,MD82,فرودگاه مشهد,Domestic Arrival
2025-05-25 11:15:00,کیش ایر,KIS7072,كيش,طبق برنامه,,,,MD82,فرودگاه مشهد,Domestic Arrival
2025-05-25 11:20:00,آتا,TBZ5613,تهران,طبق برنامه,,,,MD80,فرودگاه مشهد,Domestic Arrival
2025-05-25 11:30:00,وارش,VRH5840,تهران,طبق برنامه,,,,B737,فرودگاه مشهد,Domestic Arrival
2025-05-25 12:00:00,چابهار,IRU7610,تهران,طبق برنامه,,,,MD82,فرودگاه مشهد,Domestic Arrival
2025-05-25 12:05:00,کاسپین,CPN4917,چابهار,طبق برنامه,,,,MD82,فرودگاه مشهد,Domestic Arrival
2025-05-25 12:10:00,آتا,TBZ5629,تهران,طبق برنامه,,,,MD80,فرودگاه مشهد,Domestic Arrival
2025-05-25 12:45:00,هواپیمایی پارس,PRS4457,آبادان,طبق برنامه,,,,B737,فرودگاه مشهد,Domestic Arrival
2025-05-25 13:00:00,ایران ایرتور,IRB951,تبریز,طبق برنامه,,,,MD82,فرودگاه مشهد,Domestic Arrival
2025-05-25 13:25:00,اروان,INA6753,آبادان,طبق برنامه,,,,B737,فرودگاه مشهد,Domestic Arrival
2025-05-25 13:30:00,چابهار,IRU7655,آبادان,طبق برنامه,,,,MD83,فرودگاه مشهد,Domestic Arrival
2025-05-25 13:55:00,ماهان,IRM1099,اردبیل,طبق برنامه,,,,BAE100,فرودگاه مشهد,Domestic Arrival
2025-05-25 14:00:00,وارش,VRH5805,ساری,طبق برنامه,,,,B737,فرودگاه مشهد,Domestic Arrival
2025-05-25 14:10:00,آتا,TBZ5698,تهران,طبق برنامه,,,,MD80,فرودگاه مشهد,Domestic Arrival
2025-05-25 14:50:00,آتا,TBZ5619,تهران,طبق برنامه,,,,MD80,فرودگاه مشهد,Domestic Arrival
2025-05-25 15:00:00,آتا,TBZ5719,تهران,طبق برنامه,,,,MD80,فرودگاه مشهد,Domestic Arrival
2025-05-25 15:30:00,وارش,VRH5803,ساری,طبق برنامه,,,,B737,فرودگاه مشهد,Domestic Arrival
2025-05-25 15:30:00,هواپیمایی پارس,PRS4480,تهران,طبق برنامه,,,,B737,فرودگاه مشهد,Domestic Arrival
2025-05-25 15:30:00,زاگرس,IZG4131,كيش,طبق برنامه,,,,MD82,فرودگاه مشهد,Domestic Arrival
2025-05-25 15:50:00,آوا,AXV7729,کرمانشاه,طبق برنامه,,,,B737,فرودگاه مشهد,Domestic Arrival
2025-05-25 17:00:00,ایران ایرتور,IRB901,تبریز,طبق برنامه,,,,MD82,فرودگاه مشهد,Domestic Arrival
2025-05-25 17:15:00,کیش ایر,KIS7106,بندرعباس,طبق برنامه,,,,MD82,فرودگاه مشهد,Domestic Arrival
2025-05-25 17:25:00,کاسپین,CPN024,تهران,طبق برنامه,,,,MD82,فرودگاه مشهد,Domestic Arrival
2025-05-25 17:30:00,سپهران,SHI4327,رشت,طبق برنامه,,,,B737,فرودگاه مشهد,Domestic Arrival
2025-05-25 17:35:00,سپهران,SHI4357,تبریز,طبق برنامه,,,,B737,فرودگاه مشهد,Domestic Arrival
2025-05-25 17:45:00,ایران ایرتور,IRB960,تهران,طبق برنامه,,,,MD82,فرودگاه مشهد,Domestic Arrival
2025-05-25 17:45:00,هواپیمایی اطلس,ATS8288,تهران,طبق برنامه,,,,737,فرودگاه مشهد,Domestic Arrival
2025-05-25 18:00:00,ایران ایرتور,IRB905,رشت,طبق برنامه,,,,MD82,فرودگاه مشهد,Domestic Arrival
2025-05-25 19:00:00,آسمان,IRC600,تهران,طبق برنامه,,,,F100,فرودگاه مشهد,Domestic Arrival
2025-05-25 19:15:00,تابان,TBN6256,تهران,طبق برنامه,,,,MD.88,فرودگاه مشهد,Domestic Arrival
2025-05-25 19:30:00,هواپیمایی پارس,PRS5400,تهران,طبق برنامه,,,,B737,فرودگاه مشهد,Domestic Arrival
2025-05-25 19:30:00,آتا,TBZ5652,اصفهان,طبق برنامه,,,,MD80,فرودگاه مشهد,Domestic Arrival
2025-05-25 19:40:00,ایران ایر,IRA262,تهران,طبق برنامه,,,,A319,فرودگاه مشهد,Domestic Arrival
2025-05-25 19:45:00,ماهان,IRM1077,کرمان,طبق برنامه,,,,BAE100,فرودگاه مشهد,Domestic Arrival
2025-05-25 20:00:00,آتا,TBZ5708,یزد,طبق برنامه,,,,MD80,فرودگاه مشهد,Domestic Arrival
2025-05-25 20:10:00,ماهان,IRM1081,تهران,طبق برنامه,,,,BAE100,فرودگاه مشهد,Domestic Arrival
2025-05-25 20:15:00,هواپیمایی اطلس,ATS8291,تهران,طبق برنامه,,,,MD83,فرودگاه مشهد,Domestic Arrival
2025-05-25 20:20:00,ایران ایر,IRA386,بیرجند,طبق برنامه,,,,F100,فرودگاه مشهد,Domestic Arrival
2025-05-25 20:30:00,تابان,TBN6326,تهران,طبق برنامه,,,,MD.88,فرودگاه مشهد,Domestic Arrival
2025-05-25 20:30:00,آتا,TBZ5749,اصفهان,طبق برنامه,,,,MD80,فرودگاه مشهد,Domestic Arrival
2025-05-25 20:50:00,آتا,TBZ5729,تهران,طبق برنامه,,,,MD80,فرودگاه مشهد,Domestic Arrival
2025-05-25 21:10:00,آتا,TBZ5718,رشت,طبق برنامه,,,,MD80,فرودگاه مشهد,Domestic Arrival
2025-05-25 21:10:00,سپهران,SHI4367,آبادان,طبق برنامه,,,,B737,فرودگاه مشهد,Domestic Arrival
2025-05-25 21:15:00,وارش,VRH5811,اهواز,طبق برنامه,,,,B737,فرودگاه مشهد,Domestic Arrival
2025-05-25 21:15:00,هواپیمایی پارس,PRS4414,آبادان,طبق برنامه,,,,B737,فرودگاه مشهد,Domestic Arrival
2025-05-25 21:15:00,زاگرس,IZG4121,اهواز,طبق برنامه,,,,MD82,فرودگاه مشهد,Domestic Arrival
2025-05-25 21:45:00,آوا,AXV7711,آبادان,طبق برنامه,,,,B737,فرودگاه مشهد,Domestic Arrival
2025-05-25 22:00:00,کیش ایر,KIS7069,تهران,طبق برنامه,,,,MD82,فرودگاه مشهد,Domestic Arrival
2025-05-25 22:15:00,معراج,MRJ2804,تهران,طبق برنامه,,,,A321,فرودگاه مشهد,Domestic Arrival
2025-05-25 22:15:00,ماهان,IRM1037,تهران,طبق برنامه,,,,747,فرودگاه مشهد,Domestic Arrival
2025-05-25 22:25:00,کاسپین,CPN4923,همدان,طبق برنامه,,,,MD82,فرودگاه مشهد,Domestic Arrival
2025-05-25 22:30:00,ایران ایرتور,IRB966,تهران,طبق برنامه,,,,MD82,فرودگاه مشهد,Domestic Arrival
2025-05-25 22:40:00,ایران ایر,IRA334,اهواز,طبق برنامه,,,,A319,فرودگاه مشهد,Domestic Arrival
2025-05-25 23:00:00,وارش,VRH5902,تهران,طبق برنامه,,,,B737,فرودگاه مشهد,Domestic Arrival
2025-05-25 23:45:00,هواپیمایی اطلس,ATS8287,آبادان,طبق برنامه,,,,737,فرودگاه مشهد,Domestic Arrival
2025-05-24 21:00:00,آوا,AXV9213,نجف,نشست,2,2025-05-24 20:45:00,,A310,فرودگاه مشهد,International Arrival
2025-05-24 23:35:00,سپهران,SHI7347,بغداد,نشست,3,2025-05-24 23:15:00,,B737,فرودگاه مشهد,International Arrival
2025-05-25 00:45:00,قطر,QTR492,دوحه,نشست,2,2025-05-24 23:20:00,,A320,فرودگاه مشهد,International Arrival
2025-05-25 00:50:00,سپهران,SHI7351,نجف,اعلام ورود,,2025-05-25 00:25:00,,B737,فرودگاه مشهد,International Arrival
2025-05-25 00:50:00,ترکیش,THY888,استانبول,طبق برنامه,,,,A320,فرودگاه مشهد,International Arrival
2025-05-25 01:20:00,سپهران,SHI7331,نجف,طبق برنامه,,,,B737,فرودگاه مشهد,International Arrival
2025-05-25 01:30:00,عراقی,IAW149,بصره,طبق برنامه,,,,B737,فرودگاه مشهد,International Arrival
2025-05-25 02:05:00,تابان,TBN7264,نجف,طبق برنامه,,,,A320,فرودگاه مشهد,International Arrival
2025-05-25 02:15:00,پگاسوس,PGT520,استانبول,طبق برنامه,,,,A320,فرودگاه مشهد,International Arrival
2025-05-25 07:35:00,کام ایر,KMF7701,کابل,طبق برنامه,,,,B737,فرودگاه مشهد,International Arrival
2025-05-25 09:30:00,عراقی,IAW161,بغداد,طبق برنامه,,,,B737,فرودگاه مشهد,International Arrival
2025-05-25 10:50:00,سپهران,SHI7301,نجف,طبق برنامه,,,,B737,فرودگاه مشهد,International Arrival
2025-05-25 11:00:00,تابان,TBN7208,لاهور,طبق برنامه,,,,MD.88,فرودگاه مشهد,International Arrival
2025-05-25 11:05:00,هواپیمایی ناس,KNE8547,جده,بدون مسافر,,,,A.330,فرودگاه مشهد,International Arrival
2025-05-25 11:30:00,سپهران,SHI7347,بغداد,طبق برنامه,,,,B737,فرودگاه مشهد,International Arrival
2025-05-25 11:30:00,سپهران,SHI7311,نجف,طبق برنامه,,,,B737,فرودگاه مشهد,International Arrival
2025-05-25 12:20:00,سپهران,SHI7305,بغداد,طبق برنامه,,,,B737,فرودگاه مشهد,International Arrival
2025-05-25 12:45:00,معراج,MRJ4814,بغداد,طبق برنامه,,,,A320,فرودگاه مشهد,International Arrival
2025-05-25 13:10:00,آوا,AXV9205,نجف,طبق برنامه,,,,A310,فرودگاه مشهد,International Arrival
2025-05-25 13:35:00,کام ایر,KMF7707,مزارشریف,طبق برنامه,,,,B737,فرودگاه مشهد,International Arrival
2025-05-25 13:45:00,العربیه,ABY205,شارجه,طبق برنامه,,,,A321,فرودگاه مشهد,International Arrival
2025-05-25 13:55:00,جزیره,JZR151,کویت,طبق برنامه,,,,A320,فرودگاه مشهد,International Arrival
2025-05-25 16:05:00,هواپیمایی ناس,KNE8483,جده,بدون مسافر,,,,A.330,فرودگاه مشهد,International Arrival
2025-05-25 18:35:00,فلای دبی,FDB251,دبی,طبق برنامه,,,,737-800,فرودگاه مشهد,International Arrival
2025-05-25 18:40:00,سپهران,SHI7313,مسقط,طبق برنامه,,,,B737,فرودگاه مشهد,International Arrival
2025-05-25 21:10:00,آوا,AXV9221,بغداد,طبق برنامه,,,,A310,فرودگاه مشهد,International Arrival
2025-05-24 11:50:00,آتا,TBZ5611,تهران,نشست11:45 | پایان دریافت بار,,2025-05-24 11:45:00,,MD83,فرودگاه شيراز,Domestic Arrival
2025-05-24 12:00:00,قشم,QSM1229,كيش,نشست12:01 | پایان دریافت بار,,2025-05-24 12:01:00,,100,فرودگاه شيراز,Domestic Arrival
2025-05-24 12:30:00,آسمان,IRC3793,بندرعباس,نشست12:20 | پایان دریافت بار,,2025-05-24 12:25:00,,,فرودگاه شيراز,Domestic Arrival
2025-05-24 13:10:00,کارون,KRU2565,سیری,نشست16:06 | پایان دریافت بار,,2025-05-24 15:55:00,,100,فرودگاه شيراز,Domestic Arrival
2025-05-24 15:50:00,فلای پرشیا,FPI7423,عسلویه,نشست15:34 | پایان دریافت بار,,2025-05-24 15:34:00,,737,فرودگاه شيراز,Domestic Arrival
2025-05-24 18:50:00,آتا,TBZ5623,تهران,نشست18:52 | پایان دریافت بار,,2025-05-24 18:45:00,,MD83,فرودگاه شيراز,Domestic Arrival
2025-05-24 20:00:00,کارون,KRU2628,تهران,نشست20:15 | پایان دریافت بار,,2025-05-24 20:15:00,,737,فرودگاه شيراز,Domestic Arrival
2025-05-24 21:00:00,ایران ایرتور,IRB910,تبریز,نشست20:50 | پایان دریافت بار,,2025-05-24 20:50:00,,MD82,فرودگاه شيراز,Domestic Arrival
2025-05-24 21:05:00,ساها,IRZ156,تهران,نشست21:54 | پایان دریافت بار,,2025-05-24 21:55:00,,737,فرودگاه شيراز,Domestic Arrival
2025-05-24 22:15:00,زاگرس,IZG4110,مشهد,نشست22:13 | پایان دریافت بار,,2025-05-24 22:15:00,,MD82,فرودگاه شيراز,Domestic Arrival
2025-05-24 23:45:00,کیش ایر,KIS7151,تهران,اعلام ورود,,2025-05-25 00:10:00,,MD83,فرودگاه شيراز,Domestic Arrival
2025-05-24 23:45:00,آسمان,IRC824,تهران,تاخیردارد00:45,,2025-05-25 00:45:00,,100,فرودگاه شيراز,Domestic Arrival
2025-05-25 01:10:00,فلای پرشیا,FPI7401,تهران,طبق برنامه,,,,737,فرودگاه شيراز,Domestic Arrival
2025-05-25 02:15:00,آسمان,IRC3827,اهواز,طبق برنامه,,,,100,فرودگاه شيراز,Domestic Arrival
2025-05-25 05:45:00,ساها,IRZ158,تهران,باطل شد,,,,737,فرودگاه شيراز,Domestic Arrival
2025-05-25 06:00:00,کاسپین,CPN048,تهران,طبق برنامه,,,,MD83,فرودگاه شيراز,Domestic Arrival
2025-05-25 06:25:00,چابهار,IRU7646,تهران,طبق برنامه,,,,MD83,فرودگاه شيراز,Domestic Arrival
2025-05-25 08:30:00,ایران ایر,IRA3498,تهران,طبق برنامه,,,,A319,فرودگاه شيراز,Domestic Arrival
2025-05-25 08:45:00,کیش ایر,KIS7176,عسلویه,طبق برنامه,,,,MD83,فرودگاه شيراز,Domestic Arrival
2025-05-25 08:50:00,آسمان,IRC3771,تهران,طبق برنامه,,,,100,فرودگاه شيراز,Domestic Arrival
2025-05-25 09:15:00,کاسپین,CPN6949,عسلویه,طبق برنامه,,,,MD82,فرودگاه شيراز,Domestic Arrival
2025-05-25 10:10:00,آتا,TBZ5611,تهران,طبق برنامه,,,,MD83,فرودگاه شيراز,Domestic Arrival
2025-05-25 11:35:00,ماهان,IRM4570,چابهار,طبق برنامه,,,,RJ85,فرودگاه شيراز,Domestic Arrival
2025-05-25 13:50:00,آسمان,IRC3941,رشت,طبق برنامه,,,,100,فرودگاه شيراز,Domestic Arrival
2025-05-25 16:20:00,فلای پرشیا,FPI7423,عسلویه,طبق برنامه,,,,737,فرودگاه شيراز,Domestic Arrival
2025-05-24 11:55:00,فلای دبی,FDB241,دبی,پایان دریافت بار | نشست11:59,,2025-05-24 11:59:00,,737,فرودگاه شيراز,International Arrival
2025-05-24 16:10:00,جزیره,JZR181,کویت,نشست16:05 | پایان دریافت بار,,2025-05-24 16:05:00,,A320,فرودگاه شيراز,International Arrival
2025-05-24 20:25:00,سلام ایر,OMS555,مسقط,پایان دریافت بار | نشست20:20,,2025-05-24 20:20:00,,737,فرودگاه شيراز,International Arrival
2025-05-25 00:55:00,ترکیش,THY884,استانبول,طبق برنامه,,,,A321,فرودگاه شيراز,International Arrival
2025-05-25 03:40:00,قطر,QTR476,دوحه,طبق برنامه,,,,A320,فرودگاه شيراز,International Arrival
2025-05-25 04:45:00,پگاسوس,PGT524,استانبول(صابیحا),طبق برنامه,,,,A320,فرودگاه شيراز,International Arrival
2025-05-25 06:05:00,ایران ایر,IRA3517,مدینه,طبق برنامه,,,,A310,فرودگاه شيراز,International Arrival
2025-05-25 11:35:00,قشم,QSM2205,دبی,طبق برنامه,,,,A320,فرودگاه شيراز,International Arrival
2025-05-25 11:55:00,فلای دبی,FDB241,دبی,طبق برنامه,,,,737,فرودگاه شيراز,International Arrival
2025-05-25 13:15:00,العربیه,ABY213,شارجه,طبق برنامه,,,,,فرودگاه شيراز,International Arrival
2025-05-25 14:05:00,ایران ایر,IRA3609,مدینه,طبق برنامه,,,,A310,فرودگاه شيراز,International Arrival
2025-05-24 12:05:00,قشم,QSM1273,تهران,نشست12:20 | پایان دریافت بار,,2025-05-24 12:15:00,,100,فرودگاه تبريز,Domestic Arrival
2025-05-24 13:35:00,کاسپین,CPN6947,عسلویه,نشست13:35 | پایان دریافت بار,,2025-05-24 13:35:00,,737,فرودگاه تبريز,Domestic Arrival
2025-05-24 15:00:00,آتا,TBZ5616,مشهد,نشست15:10 | پایان دریافت بار,,2025-05-24 15:00:00,,MD83,فرودگاه تبريز,Domestic Arrival
2025-05-24 15:00:00,پويا,PYA2333,مشهد,نشست15:50 | پایان دریافت بار,,2025-05-24 15:50:00,,EMB145,فرودگاه تبريز,Domestic Arrival
2025-05-24 17:00:00,ایران ایرتور,IRB946,تهران,نشست17:00 | پایان دریافت بار,,2025-05-24 16:50:00,,MD83,فرودگاه تبريز,Domestic Arrival
2025-05-24 18:00:00,ایران ایرتور,IRB950,مشهد,نشست18:05 | پایان دریافت بار,,2025-05-24 18:00:00,,MDC-DC-9-82,فرودگاه تبريز,Domestic Arrival
2025-05-24 18:00:00,آتا,TBZ5668,تهران,نشست18:25 | پایان دریافت بار,,2025-05-24 18:25:00,,MD83,فرودگاه تبريز,Domestic Arrival
2025-05-24 19:30:00,آتا,TBZ5646,تهران,نشست20:10 | پایان دریافت بار,,2025-05-24 20:05:00,,MD83,فرودگاه تبريز,Domestic Arrival
2025-05-25 00:30:00,آتا,TBZ5640,تهران,تاخیردارد03:35,,2025-05-25 03:35:00,,MD83,فرودگاه تبريز,Domestic Arrival
2025-05-25 07:00:00,آتا,TBZ5610,تهران,طبق برنامه,,,,MD83,فرودگاه تبريز,Domestic Arrival
2025-05-25 07:40:00,کارون,KRU2657,اهواز,طبق برنامه,,,,737,فرودگاه تبريز,Domestic Arrival
2025-05-25 09:00:00,آتا,TBZ5602,تهران,طبق برنامه,,,,MD83,فرودگاه تبريز,Domestic Arrival
2025-05-25 10:00:00,ایران ایرتور,IRB950,مشهد,طبق برنامه,,,,MD80,فرودگاه تبريز,Domestic Arrival
2025-05-25 10:50:00,کاسپین,CPN6947,عسلویه,طبق برنامه,,,,737,فرودگاه تبريز,Domestic Arrival
2025-05-25 11:45:00,ایران ایرتور,IRB907,بندرعباس,طبق برنامه,,,,MDC-DC-9-82,فرودگاه تبريز,Domestic Arrival
2025-05-25 12:00:00,آتا,TBZ5600,تهران,طبق برنامه,,,,EMB145,فرودگاه تبريز,Domestic Arrival
2025-05-25 12:30:00,ایران ایرتور,IRB973,كيش,طبق برنامه,,,,MDC-DC-9-82,فرودگاه تبريز,Domestic Arrival
2025-05-25 13:00:00,آتا,TBZ5604,تهران,طبق برنامه,,,,MD83,فرودگاه تبريز,Domestic Arrival
2025-05-25 14:00:00,ایران ایرتور,IRB900,مشهد,طبق برنامه,,,,MDC-DC-9-82,فرودگاه تبريز,Domestic Arrival
2025-05-25 14:40:00,سپهران,SHI4356,مشهد,طبق برنامه,,,,733,فرودگاه تبريز,Domestic Arrival
2025-05-25 17:00:00,ایران ایرتور,IRB946,تهران,طبق برنامه,,,,MD80,فرودگاه تبريز,Domestic Arrival
2025-05-24 13:00:00,آتا,TBZ6602,استانبول,نشست12:40,,2025-05-24 12:45:00,,MD83,فرودگاه تبريز,International Arrival
2025-05-24 19:15:00,ایران ایرتور,IRB9708,استانبول,نشست18:50 | پایان دریافت بار,,2025-05-24 18:45:00,,A310,فرودگاه تبريز,International Arrival
2025-05-25 06:20:00,ترکیش,TK882,استانبول,طبق برنامه,,,,A320,فرودگاه تبريز,International Arrival
2025-05-25 13:00:00,آتا,TBZ6602,استانبول,طبق برنامه,,,,MD83,فرودگاه تبريز,International Arrival
2025-05-24 13:25:00,ایران ایر,IRA3383,بندرعباس,نشست13:20 | پایان دریافت بار,,2025-05-24 13:20:00,,ATR,فرودگاه اصفهان,Domestic Arrival
2025-05-24 16:30:00,رایمون,RAI7512,تهران,نشست16:15 | پایان دریافت بار,,2025-05-24 16:25:00,,EMB145,فرودگاه اصفهان,Domestic Arrival
2025-05-24 17:30:00,آتا,TBZ5675,مشهد,نشست17:25 | پایان دریافت بار,,2025-05-24 17:35:00,,MD80,فرودگاه اصفهان,Domestic Arrival
2025-05-24 19:30:00,تابان,TBN6209,مشهد,نشست19:35 | پایان دریافت بار,,2025-05-24 19:25:00,,MD80,فرودگاه اصفهان,Domestic Arrival
2025-05-24 22:00:00,یزد ایر,DZD9439,تهران,نشست21:55 | پایان دریافت بار,,2025-05-24 21:45:00,,RJ100,فرودگاه اصفهان,Domestic Arrival
2025-05-24 22:20:00,کارون,KRU2623,اهواز,اعلام ورود,,2025-05-24 23:45:00,,100,فرودگاه اصفهان,Domestic Arrival
2025-05-24 23:30:00,وارش,VRH5854,مشهد,تاخیردارد01:00,,2025-05-25 01:00:00,,B737-400,فرودگاه اصفهان,Domestic Arrival
2025-05-25 07:00:00,آتا,TBZ5650,مشهد,طبق برنامه,,,,MD80,فرودگاه اصفهان,Domestic Arrival
2025-05-25 07:15:00,پارس,PRS5422,تهران,طبق برنامه,,,,B737-400,فرودگاه اصفهان,Domestic Arrival
2025-05-25 09:00:00,وارش,VRH5854,مشهد,باطل شد,,,,B737-400,فرودگاه اصفهان,Domestic Arrival
2025-05-25 09:10:00,ساها,IRZ198,مشهد,باطل شد,,,,B737-400,فرودگاه اصفهان,Domestic Arrival
2025-05-25 09:15:00,کیش ایر,KIS7022,كيش,طبق برنامه,,,,MD83,فرودگاه اصفهان,Domestic Arrival
2025-05-25 09:40:00,کارون,KRU2568,لاوان,طبق برنامه,,,,100,فرودگاه اصفهان,Domestic Arrival
2025-05-25 10:40:00,معراج,MRJ2812,عسلویه,طبق برنامه,,,,A321,فرودگاه اصفهان,Domestic Arrival
2025-05-25 14:00:00,قشم,QSM1235,خارگ,طبق برنامه,,,,CRJ200,فرودگاه اصفهان,Domestic Arrival
2025-05-25 14:15:00,کیش ایر,KIS7139,بندرعباس,طبق برنامه,,,,MD83,فرودگاه اصفهان,Domestic Arrival
2025-05-25 14:55:00,کارون,KRU2563,عسلویه,طبق برنامه,,,,737,فرودگاه اصفهان,Domestic Arrival
2025-05-25 17:00:00,آتا,TBZ5651,مشهد,طبق برنامه,,,,MD83,فرودگاه اصفهان,Domestic Arrival
2025-05-24 11:50:00,قشم,QSM2232,نجف,نشست11:40 | پایان دریافت بار,,2025-05-24 11:35:00,,A320,فرودگاه اصفهان,International Arrival
2025-05-24 12:45:00,فلای دبی,FDB273,دبی,نشست12:30 | پایان دریافت بار,,2025-05-24 12:30:00,,B737-400,فرودگاه اصفهان,International Arrival
2025-05-24 19:00:00,ایران ایر,IRA610,کویت,نشست18:35 | پایان دریافت بار,,2025-05-24 18:45:00,,A319,فرودگاه اصفهان,International Arrival
2025-05-25 01:10:00,ترکیش,THY892,استانبول,طبق برنامه,,,,B737-400,فرودگاه اصفهان,International Arrival
2025-05-25 04:20:00,پگاسوس,PGT530,استانبول (صبیحا),طبق برنامه,,,,A321,فرودگاه اصفهان,International Arrival
2025-05-25 11:45:00,پارس,PRS5486,نجف,طبق برنامه,,,,B737-400,فرودگاه اصفهان,International Arrival
2025-05-25 16:45:00,عراقی,IAW171,نجف,طبق برنامه,,,,B737-400,فرودگاه اصفهان,International Arrival
2025-05-24 18:00:00,زاگرس,IZG4020,تهران,نشست18:00 | پایان دریافت بار,,2025-05-24 18:00:00,,,فرودگاه اهواز,Domestic Arrival
2025-05-24 18:10:00,کارون,KRU2614,تهران,نشست18:35 | پایان دریافت بار,,2025-05-24 18:35:00,,,فرودگاه اهواز,Domestic Arrival
2025-05-24 18:30:00,زاگرس,IZG4120,مشهد,نشست19:35 | پایان دریافت بار,,2025-05-24 19:35:00,,,فرودگاه اهواز,Domestic Arrival
2025-05-24 19:05:00,آسمان,IRC3826,شیراز,نشست19:40 | پایان دریافت بار,,2025-05-24 19:40:00,,,فرودگاه اهواز,Domestic Arrival
2025-05-24 19:30:00,کیش ایر,KIS7031,تهران,نشست19:50,,2025-05-24 19:50:00,,,فرودگاه اهواز,Domestic Arrival
2025-05-24 20:30:00,ایران ایرتور,IRB954,مشهد,نشست20:32 | پایان دریافت بار,,2025-05-24 20:32:00,,,فرودگاه اهواز,Domestic Arrival
2025-05-24 20:30:00,ایران ایرتور,IRB988,تهران,نشست21:04,,2025-05-24 21:04:00,,,فرودگاه اهواز,Domestic Arrival
2025-05-24 20:50:00,کارون,KRU2618,تهران,نشست22:30 | پایان دریافت بار,,2025-05-24 22:30:00,,,فرودگاه اهواز,Domestic Arrival
2025-05-24 23:00:00,آتا,TBZ5627,تهران,نشست23:11 | پایان دریافت بار,,2025-05-24 23:11:00,,,فرودگاه اهواز,Domestic Arrival
2025-05-24 23:35:00,چابهار ایر,IRU7642,تهران,طبق برنامه,,,,,فرودگاه اهواز,Domestic Arrival
2025-05-24 23:55:00,کارون,KRU2622,اصفهان,طبق برنامه,,,,,فرودگاه اهواز,Domestic Arrival
2025-05-25 00:35:00,کارون,KRU2620,تهران,طبق برنامه,,,,,فرودگاه اهواز,Domestic Arrival
2025-05-25 05:30:00,زاگرس,IZG4022,تهران,طبق برنامه,,,,,فرودگاه اهواز,Domestic Arrival
2025-05-25 06:00:00,آتا,TBZ5625,تهران,طبق برنامه,,,,,فرودگاه اهواز,Domestic Arrival
2025-05-25 06:30:00,وارش,VRH5852,تهران,طبق برنامه,,,,,فرودگاه اهواز,Domestic Arrival
2025-05-25 06:55:00,تابان,TBN6215,مشهد,طبق برنامه,,,,,فرودگاه اهواز,Domestic Arrival
2025-05-25 08:15:00,ایران ایر,IRA311,تهران,طبق برنامه,,,,,فرودگاه اهواز,Domestic Arrival
2025-05-25 10:00:00,آتا,TBZ5631,تهران,طبق برنامه,,,,,فرودگاه اهواز,Domestic Arrival
2025-05-25 10:20:00,کارون,KRU2656,تبریز,طبق برنامه,,,,,فرودگاه اهواز,Domestic Arrival
2025-05-25 10:40:00,قشم,QSM1210,تهران,طبق برنامه,,,,,فرودگاه اهواز,Domestic Arrival
2025-05-25 11:00:00,کارون,KRU2550,خارک,طبق برنامه,,,,,فرودگاه اهواز,Domestic Arrival
2025-05-25 11:30:00,آتا,TBZ5627,تهران,طبق برنامه,,,,,فرودگاه اهواز,Domestic Arrival
2025-05-25 15:30:00,کارون,KRU2572,عسلویه,طبق برنامه,,,,,فرودگاه اهواز,Domestic Arrival
2025-05-25 00:35:00,ایران ایر,IRA3521,مدینه,طبق برنامه,,,,,فرودگاه اهواز,International Arrival
2025-05-25 08:05:00,ایران ایر,IRA3613,مدینه,طبق برنامه,,,,,فرودگاه اهواز,International Arrival
2025-05-25 14:20:00,ایران ایر,IRA649,دبی,طبق برنامه,,,,,فرودگاه اهواز,International Arrival
2025-05-24 13:30:00,ایران ایرتور,IRB970,تهران,نشست13:35 | پایان دریافت بار,,2025-05-24 13:35:00,,,فرودگاه بوشهر,Domestic Arrival
2025-05-24 22:30:00,کاسپین,CPN6900,تهران,نشست22:37 | پایان دریافت بار,,2025-05-24 22:40:00,,,فرودگاه بوشهر,Domestic Arrival
2025-05-25 07:10:00,چابهار,IRU7628,تهران,طبق برنامه,,,,,فرودگاه بوشهر,Domestic Arrival
2025-05-25 08:00:00,ایران ایرتور,IRB982,مشهد,طبق برنامه,,,,,فرودگاه بوشهر,Domestic Arrival
2025-05-25 08:45:00,کارون,KRU2548,خارگ,طبق برنامه,,,,,فرودگاه بوشهر,Domestic Arrival
2025-05-24 11:50:00,پويا,PYA2348,تهران,نشست12:02 | پایان دریافت بار,,2025-05-24 12:00:00,,EMB145,فرودگاه بندرعباس,Domestic Arrival
2025-05-24 17:45:00,کاسپین,CPN6960,تهران,نشست18:15 | پایان دریافت بار,,2025-05-24 18:15:00,,,فرودگاه بندرعباس,Domestic Arrival
2025-05-24 20:45:00,وارش,VRH5814,تهران,نشست20:45 | پایان دریافت بار,,2025-05-24 20:45:00,,737-500,فرودگاه بندرعباس,Domestic Arrival
2025-05-24 22:45:00,زاگرس,IZG4050,تهران,نشست22:58 | پایان دریافت بار,,2025-05-24 23:00:00,,,فرودگاه بندرعباس,Domestic Arrival
2025-05-24 22:45:00,ایران ایر,IRA458,تهران,نشست23:04 | پایان دریافت بار,,2025-05-24 22:55:00,,100,فرودگاه بندرعباس,Domestic Arrival
2025-05-24 22:50:00,کاسپین,CPN6954,مشهد,نشست23:17 | دریافت بار,,2025-05-24 23:15:00,,,فرودگاه بندرعباس,Domestic Arrival
2025-05-25 08:10:00,آسمان,IRC644,تهران,طبق برنامه,,,,A320,فرودگاه بندرعباس,Domestic Arrival
2025-05-25 08:30:00,ایران ایرتور,IRB912,تهران,طبق برنامه,,,,,فرودگاه بندرعباس,Domestic Arrival
2025-05-25 08:45:00,اطلس ایر,ATS8295,تهران,طبق برنامه,,,,737,فرودگاه بندرعباس,Domestic Arrival
2025-05-25 11:45:00,کیش ایر,KIS7138,اصفهان,طبق برنامه,,,,MD.88,فرودگاه بندرعباس,Domestic Arrival
2025-05-25 13:55:00,آسمان,IRC647,رشت,طبق برنامه,,,,A320,فرودگاه بندرعباس,Domestic Arrival
2025-05-25 14:15:00,کیش ایر,KIS7107,مشهد,طبق برنامه,,,,A321,فرودگاه بندرعباس,Domestic Arrival
2025-05-24 17:30:00,فلای دبی,FDB243,دبی,نشست17:21 | پایان دریافت بار,,2025-05-24 17:20:00,,737,فرودگاه بندرعباس,International Arrival
2025-05-25 17:30:00,فلای دبی,FDB243,دبی,طبق برنامه,,,,737,فرودگاه بندرعباس,International Arrival
2025-05-24 18:00:00,آتا,TBZ5664,تهران,نشست18:03 | پایان دریافت بار,,2025-05-24 18:03:00,,MD83,فرودگاه کرمان,Domestic Arrival
2025-05-24 18:10:00,ماهان,IRM1067,تهران,نشست17:58 | پایان دریافت بار,,2025-05-24 17:55:00,,A340,فرودگاه کرمان,Domestic Arrival
2025-05-24 18:25:00,آتا,TBZ5727,مشهد,نشست18:35 | پایان دریافت بار,,2025-05-24 18:30:00,,MD83,فرودگاه کرمان,Domestic Arrival
2025-05-24 19:55:00,ماهان,IRM1055,تهران,نشست20:00 | پایان دریافت بار,,2025-05-24 20:00:00,,BAE146,فرودگاه کرمان,Domestic Arrival
2025-05-24 20:55:00,ماهان,IRM1075,تهران,باطل شد,,,,BAE146,فرودگاه کرمان,Domestic Arrival
2025-05-24 22:40:00,ماهان,IRM1079,تهران,نشست22:33 | پایان دریافت بار,,2025-05-24 22:35:00,,BAE146,فرودگاه کرمان,Domestic Arrival
2025-05-25 01:25:00,ماهان,IRM1053,تهران,طبق برنامه,,,,BAE146,فرودگاه کرمان,Domestic Arrival
2025-05-25 07:35:00,ایران ایر,IRA472,تهران,طبق برنامه,,,,f100,فرودگاه کرمان,Domestic Arrival
2025-05-25 08:30:00,آتا,TBZ5662,تهران,باطل شد,,,,MD83,فرودگاه کرمان,Domestic Arrival
2025-05-25 09:45:00,ماهان,IRM1051,تهران,طبق برنامه,,,,BAE146,فرودگاه کرمان,Domestic Arrival
2025-05-25 11:50:00,ماهان,IRM1058,مشهد,طبق برنامه,,,,BAE146,فرودگاه کرمان,Domestic Arrival
2025-05-25 17:30:00,آتا,TBZ5664,تهران,طبق برنامه,,,,MD83,فرودگاه کرمان,Domestic Arrival
2025-05-24 12:50:00,ایران ایر,IRA1635,جده,نشست12:30 | پایان دریافت بار,,2025-05-24 12:30:00,,A330,فرودگاه کرمان,International Arrival
2025-05-25 11:40:00,هواپیمایی یزد,DZD9305,نجف,طبق برنامه,,,,A310,فرودگاه کرمان,International Arrival
2025-05-24 19:00:00,وارش,VRH5802,مشهد,نشست19:05 | پایان دریافت بار,,2025-05-24 19:05:00,,,فرودگاه ساري,Domestic Arrival
2025-05-24 22:15:00,ایران ایر,IRA3320,تهران,تاخیردارد00:15,,2025-05-25 00:15:00,,,فرودگاه ساري,Domestic Arrival
2025-05-25 04:00:00,وارش,VRH5910,مشهد,تاخیردارد05:30,,2025-05-25 05:30:00,,,فرودگاه ساري,Domestic Arrival
2025-05-25 10:30:00,وارش,VRH5909,عسلویه,طبق برنامه,,,,,فرودگاه ساري,Domestic Arrival
2025-05-25 12:00:00,وارش,VRH5807,كيش,طبق برنامه,,,,,فرودگاه ساري,Domestic Arrival
2025-05-25 13:30:00,وارش,VRH5802,مشهد,طبق برنامه,,,,,فرودگاه ساري,Domestic Arrival
2025-05-24 23:50:00,وارش,VRH6820,نجف,طبق برنامه,,,,,فرودگاه ساري,International Arrival
2025-05-24 11:55:00,یزد ایر,DZD6887,مشهد,نشست12:20 | پایان دریافت بار,,2025-05-24 12:10:00,,146-100,فرودگاه يزد,Domestic Arrival
2025-05-24 14:00:00,آتا,TBZ5709,مشهد,باطل شد,,,,MD83,فرودگاه يزد,Domestic Arrival
2025-05-24 19:30:00,یزد ایر,DZD9441,تهران,نشست19:55 | پایان دریافت بار,,2025-05-24 19:55:00,,146-100,فرودگاه يزد,Domestic Arrival
2025-05-24 22:10:00,کارون,KRU2608,تهران,نشست22:45 | پایان دریافت بار,,2025-05-24 22:45:00,,100,فرودگاه يزد,Domestic Arrival
2025-05-24 22:30:00,آتا,TBZ5670,تهران,نشست23:00 | پایان دریافت بار,,2025-05-24 23:00:00,,MD83,فرودگاه يزد,Domestic Arrival
2025-05-24 23:40:00,یزد ایر,DZD9443,تهران,طبق برنامه,,2025-05-24 23:59:00,,146-100,فرودگاه يزد,Domestic Arrival
2025-05-25 06:30:00,پويا,PYA2314,تهران,طبق برنامه,,,,EMB145,فرودگاه يزد,Domestic Arrival
2025-05-25 14:15:00,یزد ایر,DZD9445,رشت,طبق برنامه,,,,146-100,فرودگاه يزد,Domestic Arrival
2025-05-25 17:40:00,آتا,TBZ5670,تهران,طبق برنامه,,,,MD83,فرودگاه يزد,Domestic Arrival
2025-05-24 15:10:00,ماهان,IRM1004,تهران,نشست15:15 | پایان دریافت بار,,2025-05-24 15:15:00,,,فرودگاه اروميه,Domestic Arrival
2025-05-24 18:00:00,ایران ایر,IRA277,تهران,نشست17:50 | پایان دریافت بار,,2025-05-24 17:50:00,,,فرودگاه اروميه,Domestic Arrival
2025-05-24 20:30:00,آتا,TBZ5679,تهران,تاخیردارد22:15,,2025-05-24 22:15:00,,,فرودگاه اروميه,Domestic Arrival
2025-05-25 07:10:00,آتا,TBZ5677,تهران,طبق برنامه,,,,,فرودگاه اروميه,Domestic Arrival
2025-05-25 15:25:00,ماهان,IRM1004,تهران,طبق برنامه,,,,,فرودگاه اروميه,Domestic Arrival
2025-05-25 17:05:00,کاسپین,CPN036,تهران,طبق برنامه,,,,,فرودگاه اروميه,Domestic Arrival
2025-05-25 16:45:00,کاسپین,CPN7979,استانبول,طبق برنامه,,,,,فرودگاه اروميه,International Arrival
2025-05-24 13:15:00,ایران ایر,IRA285,تهران,نشست13:07 | پایان دریافت بار,,2025-05-24 13:07:00,,,فرودگاه کرمانشاه,Domestic Arrival
2025-05-24 20:50:00,آتا,TBZ5710,مشهد,نشست21:15 | پایان دریافت بار,,2025-05-24 21:15:00,,,فرودگاه کرمانشاه,Domestic Arrival
2025-05-25 08:00:00,سپهران,SHI4358,مشهد,طبق برنامه,,,,,فرودگاه کرمانشاه,Domestic Arrival
2025-05-25 10:00:00,کارون,KRU2540,عسلویه,طبق برنامه,,,,,فرودگاه کرمانشاه,Domestic Arrival
2025-05-25 12:30:00,قشم,QSM1291,تهران,طبق برنامه,,,,,فرودگاه کرمانشاه,Domestic Arrival
2025-05-25 12:50:00,آوا,AXV7756,كيش,طبق برنامه,,,,,فرودگاه کرمانشاه,Domestic Arrival
2025-05-24 12:30:00,زاگرس,IZG4148,مشهد,نشست13:45 | پایان دریافت بار,,2025-05-24 13:45:00,,,فرودگاه رشت,Domestic Arrival
2025-05-24 12:50:00,رایمون,RAI7517,عسلویه,تخمین نشست 12:40 | نشست12:44 | پایان دریافت بار,,2025-05-24 12:40:00,,,فرودگاه رشت,Domestic Arrival
2025-05-24 14:30:00,ایران ایرتور,IRB904,مشهد,تخمین نشست 14:50 | نشست14:53 | پایان دریافت بار,,2025-05-24 14:50:00,,,فرودگاه رشت,Domestic Arrival
2025-05-24 14:35:00,سپهران,SHI4326,مشهد,تخمین نشست 14:35 | نشست14:48 | پایان دریافت بار,,2025-05-24 14:35:00,,,فرودگاه رشت,Domestic Arrival
2025-05-24 18:20:00,ایران ایر,IRA3331,تهران,اعلام ورود | نشست20:11 | پایان دریافت بار,,2025-05-24 20:10:00,,,فرودگاه رشت,Domestic Arrival
2025-05-24 20:15:00,رایمون,RAI7510,تهران,اعلام ورود | نشست20:26,,2025-05-24 20:40:00,,,فرودگاه رشت,Domestic Arrival
2025-05-25 08:00:00,آساجت,SJT8634,تهران,طبق برنامه,,,,,فرودگاه رشت,Domestic Arrival
2025-05-25 11:10:00,آسمان,IRC646,بندرعباس,طبق برنامه,,,,,فرودگاه رشت,Domestic Arrival
2025-05-25 11:30:00,یزد ایر,DZD9403,تهران,طبق برنامه,,,,,فرودگاه رشت,Domestic Arrival
2025-05-25 11:30:00,آسمان,IRC3940,شیراز,طبق برنامه,,,,,فرودگاه رشت,Domestic Arrival
2025-05-25 13:00:00,آساجت,SJT8664,عسلویه,طبق برنامه,,,,,فرودگاه رشت,Domestic Arrival
2025-05-25 13:25:00,سپهران,SHI4326,مشهد,طبق برنامه,,,,,فرودگاه رشت,Domestic Arrival
2025-05-25 15:30:00,ایران ایرتور,IRB904,مشهد,طبق برنامه,,,,,فرودگاه رشت,Domestic Arrival
2025-05-25 17:30:00,تابان,TBN6313,مشهد,طبق برنامه,,,,,فرودگاه رشت,Domestic Arrival
2025-05-24 13:10:00,کاسپین,CPN6999,گرگان,نشست13:00 | پایان دریافت بار,,2025-05-24 13:10:00,,B737-400,فرودگاه زاهدان,Domestic Arrival
2025-05-24 14:00:00,قشم,QSM1270,تهران,نشست14:15 | پایان دریافت بار,,2025-05-24 14:05:00,,RJ85,فرودگاه زاهدان,Domestic Arrival
2025-05-24 20:00:00,وارش,VRH5916,تهران,باطل شد,,,,B737-400,فرودگاه زاهدان,Domestic Arrival
2025-05-24 20:30:00,ایران ایرتور,IRB974,تهران,نشست20:40 | پایان دریافت بار,,2025-05-24 20:40:00,,MD82,فرودگاه زاهدان,Domestic Arrival
2025-05-24 20:30:00,اطلس ایر,ATS8298,تهران,باطل شد,,,,MD82,فرودگاه زاهدان,Domestic Arrival
2025-05-24 20:30:00,کاسپین,CPN6922,مشهد,نشست20:15 | پایان دریافت بار,,2025-05-24 20:15:00,,B737-400,فرودگاه زاهدان,Domestic Arrival
2025-05-25 00:45:00,ماهان,IRM1071,تهران,اعلام ورود,,2025-05-25 00:35:00,,RJ100,فرودگاه زاهدان,Domestic Arrival
2025-05-24 19:50:00,قشم,QSM2225,دبی,نشست19:25,,2025-05-24 19:25:00,,RJ85,فرودگاه زاهدان,International Arrival
2025-05-24 18:15:00,پارس,PRS4494,تهران,تخمین نشست 18:25 | نشست18:28 | پایان دریافت بار,,2025-05-24 18:25:00,,,فرودگاه آبادان,Domestic Arrival
2025-05-24 22:15:00,کیش ایر,KIS7105,تهران,تخمین نشست 22:40 | نشست22:40 | پایان دریافت بار,,2025-05-24 22:40:00,,MD82,فرودگاه آبادان,Domestic Arrival
2025-05-24 22:35:00,قشم,QSM1216,تهران,تخمین نشست 22:25 | نشست22:27 | پایان دریافت بار,,2025-05-24 22:25:00,,100,فرودگاه آبادان,Domestic Arrival
2025-05-25 00:15:00,پارس,PRS4415,مشهد,تخمین نشست 00:25 | طبق برنامه,,2025-05-25 00:25:00,,,فرودگاه آبادان,Domestic Arrival
2025-05-25 01:00:00,تابان,TBN6217,مشهد,تخمین نشست 01:15 | طبق برنامه,,2025-05-25 01:15:00,,,فرودگاه آبادان,Domestic Arrival
2025-05-25 10:35:00,ایر وان,INA6752,مشهد,طبق برنامه,,,,,فرودگاه آبادان,Domestic Arrival
2025-05-24 14:10:00,آسمان,IRC630,تهران,نشست16:17 | پایان دریافت بار,,2025-05-24 16:17:00,,100,فرودگاه گرگان,Domestic Arrival
2025-05-24 16:30:00,ایران ایر,IRA3480,تهران,نشست17:57 | پایان دریافت بار,,2025-05-24 17:57:00,,ab6,فرودگاه گرگان,Domestic Arrival
2025-05-24 19:00:00,پارس,PRS5418,چابهار,نشست19:43 | پایان دریافت بار,,2025-05-24 19:43:00,,CRJ200,فرودگاه گرگان,Domestic Arrival
2025-05-25 11:10:00,قشم,QSM1205,عسلویه,طبق برنامه,,,,f100,فرودگاه گرگان,Domestic Arrival
2025-05-24 12:45:00,ایران ایر,IRA1631,جده,نشست11:57 | پایان دریافت بار,,2025-05-24 11:57:00,,ab6,فرودگاه گرگان,International Arrival
2025-05-25 01:15:00,ایران ایر,IRA1629,جده,اعلام ورود,,,,ab6,فرودگاه گرگان,International Arrival
2025-05-25 01:45:00,ایران ایر,IRA1633,جده,طبق برنامه,,,,ab6,فرودگاه گرگان,International Arrival
2025-05-25 12:15:00,ایران ایر,IRA1527,جده,طبق برنامه,,,,ab6,فرودگاه گرگان,International Arrival
2025-05-25 13:15:00,ایران ایر,IRA1535,جده,طبق برنامه,,,,ab6,فرودگاه گرگان,International Arrival
2025-05-24 22:35:00,ایران ایر,IRA3505,جده,نشست22:37,,2025-05-24 22:37:00,$register,,فرودگاه همدان,International Arrival
2025-05-25 12:30:00,ایران ایر,IRA1531,جده,طبق برنامه,,,$register,,فرودگاه همدان,International Arrival
2025-05-24 13:00:00,آتا,TBZ5633,تهران,نشست13:15 | پایان دریافت بار,,2025-05-24 13:15:00,,MD83,فرودگاه اردبيل,Domestic Arrival
2025-05-24 19:20:00,ماهان,IRM1026,تهران,نشست19:10,,2025-05-24 19:10:00,,RJ100,فرودگاه اردبيل,Domestic Arrival
2025-05-25 09:15:00,ماهان,IRM4536,تهران,طبق برنامه,,,,RJ100,فرودگاه اردبيل,Domestic Arrival
2025-05-25 11:05:00,ماهان,IRM1098,مشهد,طبق برنامه,,,,146-100,فرودگاه اردبيل,Domestic Arrival
2025-05-24 19:40:00,ماهان,IRM1049,تهران,نشست19:40 | پایان دریافت بار,,2025-05-24 19:40:00,,146-100,فرودگاه بيرجند,Domestic Arrival
2025-05-25 06:30:00,ایران ایرتور,IRB930,تهران,طبق برنامه,,,,MD82,فرودگاه بيرجند,Domestic Arrival
2025-05-25 06:55:00,ایران ایر,IRA3412,تهران,طبق برنامه,,,,ATR,فرودگاه بجنورد,Domestic Arrival
2025-05-25 08:45:00,ایران ایر,IRA326,تهران,طبق برنامه,,,,A319,فرودگاه لارستان,Domestic Arrival
2025-05-24 13:30:00,العربیه,ABY217,شارجه,طبق برنامه,,2025-05-24 13:30:00,,,فرودگاه لارستان,International Arrival
2025-05-25 09:35:00,العربیه,ABY217,شارجه,طبق برنامه,,,,A321,فرودگاه لارستان,International Arrival
2025-05-25 11:10:00,فلای دبی,FDB267,دبی,طبق برنامه,,,,737,فرودگاه لارستان,International Arrival
2025-05-25 14:00:00,ایران ایر,IRA606,کویت,طبق برنامه,,,,A320,فرودگاه لارستان,International Arrival
2025-05-24 15:15:00,ماهان,IRM1006,تهران,نشست15:15 | پایان دریافت بار,,2025-05-24 15:15:00,,,فرودگاه خرم آباد,Domestic Arrival
2025-06-03 23:10:00,کارون,KRU2676,تهران,تاخیردارد00:15,,2025-06-04 00:15:00,,100,فرودگاه کرمان,Domestic Arrival
2025-06-04 01:25:00,ماهان,IRM1053,تهران,طبق برنامه,,,,BAE146,فرودگاه کرمان,Domestic Arrival
2025-06-04 17:00:00,آتا,TBZ5664,تهران,طبق برنامه,,,,MD83,فرودگاه کرمان,Domestic Arrival
2025-06-03 15:25:00,ماهان,IRM1004,تهران,نشست15:35 | پایان دریافت بار,,2025-06-03 15:35:00,,,فرودگاه اروميه,Domestic Arrival
2025-06-03 20:35:00,آتا,TBZ5679,تهران,نشست22:30 | پایان دریافت بار,,2025-06-03 22:25:00,,,فرودگاه اروميه,Domestic Arrival
2025-06-04 16:40:00,کاسپین,CPN036,تهران,طبق برنامه,,,,,فرودگاه اروميه,Domestic Arrival
2025-06-04 16:55:00,ایران ایر,IRA277,تهران,طبق برنامه,,,,,فرودگاه اروميه,Domestic Arrival
2025-06-03 14:20:00,ماهان,IRM1010,تهران,نشست14:05 | پایان دریافت بار,,2025-06-03 14:05:00,,,فرودگاه کرمانشاه,Domestic Arrival
2025-06-04 14:20:00,ماهان,IRM1010,تهران,طبق برنامه,,,,,فرودگاه کرمانشاه,Domestic Arrival
2025-06-03 11:15:00,آسمان,IRC646,بندرعباس,نشست13:00 | پایان دریافت بار,,2025-06-03 12:30:00,,,فرودگاه رشت,Domestic Arrival
2025-06-03 13:00:00,زاگرس,IZG4148,مشهد,نشست14:13 | پایان دریافت بار,,2025-06-03 14:05:00,,,فرودگاه رشت,Domestic Arrival
2025-06-03 14:30:00,کیش ایر,KIS7136,كيش,نشست14:17 | پایان دریافت بار,,2025-06-03 14:30:00,,,فرودگاه رشت,Domestic Arrival
2025-06-03 14:55:00,سپهران,SHI4326,مشهد,نشست15:56 | پایان دریافت بار,,2025-06-03 15:50:00,,,فرودگاه رشت,Domestic Arrival
2025-06-03 15:30:00,ایران ایرتور,IRB904,مشهد,نشست15:41 | پایان دریافت بار,,2025-06-03 15:40:00,,,فرودگاه رشت,Domestic Arrival
2025-06-03 18:40:00,آتا,TBZ5717,مشهد,نشست21:23 | پایان دریافت بار,,2025-06-03 21:30:00,,,فرودگاه رشت,Domestic Arrival
2025-06-03 19:50:00,رایمون,RAI7510,تهران,نشست19:42 | پایان دریافت بار,,2025-06-03 19:50:00,,,فرودگاه رشت,Domestic Arrival
2025-06-03 11:40:00,آساجت,SJT9601,نجف,نشست12:14 | پایان دریافت بار,,2025-06-03 12:20:00,,,فرودگاه رشت,International Arrival
2025-06-03 12:45:00,عراقی,IAW1199,بغداد,نشست13:10 | پایان دریافت بار,,2025-06-03 13:15:00,,,فرودگاه رشت,International Arrival
2025-06-03 12:20:00,کاسپین,CPN6922,مشهد,نشست12:30,,2025-06-03 12:30:00,,,فرودگاه زاهدان,Domestic Arrival
2025-06-03 21:10:00,آسمان,IRC853,مشهد,تاخیردارد00:35,,2025-06-04 00:35:00,,,فرودگاه زاهدان,Domestic Arrival
2025-06-04 00:45:00,ماهان,IRM1071,تهران,اعلام ورود,,2025-06-04 00:45:00,,,فرودگاه زاهدان,Domestic Arrival
2025-06-03 12:15:00,آساجت,SJT8649,اصفهان,تخمین نشست 12:40 | نشست12:40 | پایان دریافت بار,,2025-06-03 12:40:00,,,فرودگاه آبادان,Domestic Arrival
2025-06-03 13:25:00,ساها,IRZ169,مشهد,تخمین نشست 13:30 | نشست13:37 | پایان دریافت بار,,2025-06-03 13:30:00,,737-300,فرودگاه آبادان,Domestic Arrival
2025-06-03 18:45:00,پارس,PRS4494,تهران,تخمین نشست 18:55 | نشست18:57 | پایان دریافت بار,,2025-06-03 18:55:00,,,فرودگاه آبادان,Domestic Arrival
2025-06-03 21:30:00,سپهران,SHI4366,مشهد,تخمین نشست 21:45 | نشست21:52 | پایان دریافت بار,,2025-06-03 21:45:00,,,فرودگاه آبادان,Domestic Arrival
2025-06-03 23:00:00,آتا,TBZ5647,مشهد,تخمین نشست 23:59,,2025-06-03 23:59:00,,,فرودگاه آبادان,Domestic Arrival
2025-06-04 01:00:00,پارس,PRS4415,مشهد,تخمین نشست 01:00 | طبق برنامه,,2025-06-04 01:00:00,,,فرودگاه آبادان,Domestic Arrival
2025-06-03 13:30:00,یزد ایر,DZD9413,تهران,باطل شد,,,,CRJ200,فرودگاه گرگان,Domestic Arrival
2025-06-03 16:00:00,قشم,QSM1298,تهران,نشست16:01 | پایان دریافت بار,,2025-06-03 16:01:00,,CRJ200,فرودگاه گرگان,Domestic Arrival
2025-06-03 16:40:00,پويا,PYA2310,تهران,نشست16:58 | پایان دریافت بار,,2025-06-03 16:58:00,,EMB-14,فرودگاه گرگان,Domestic Arrival
2025-06-03 20:30:00,پويا,PYA2339,مشهد,نشست21:09 | پایان دریافت بار,,2025-06-03 21:09:00,,EMB145,فرودگاه گرگان,Domestic Arrival
2025-06-03 13:30:00,یزد ایر,DZD9317,استانبول,باطل شد,,,,A310,فرودگاه گرگان,International Arrival
2025-06-03 23:10:00,قشم,QSM2234,آکتائو,نشست23:04 | پایان دریافت بار,,2025-06-03 23:04:00,,RJ100,فرودگاه گرگان,International Arrival
2025-06-03 18:50:00,آسمان,IRC3710,تهران,باطل شد,,,,100,فرودگاه اردبيل,Domestic Arrival
2025-06-03 19:20:00,ماهان,IRM1026,تهران,نشست19:30 | پایان دریافت بار,,2025-06-03 19:30:00,,RJ100,فرودگاه اردبيل,Domestic Arrival
2025-06-03 15:10:00,ماهان,IRM4572,تهران,نشست15:22,,2025-06-03 15:25:00,,,فرودگاه ايلام,Domestic Arrival
2025-06-03 08:00:00,ایران ایر,IRA326,تهران,نشست14:12,,2025-06-03 14:00:00,,A319,فرودگاه لارستان,Domestic Arrival
2025-06-03 12:25:00,ایران ایر,IRA626,دوحه,نشست18:55,,2025-06-03 19:00:00,,A320,فرودگاه لارستان,International Arrival
2025-06-04 09:35:00,العربیه,ABY217,شارجه,طبق برنامه,,,,A321,فرودگاه لارستان,International Arrival
2025-06-04 10:55:00,فلای دبی,FDB267,دبی,طبق برنامه,,,,737,فرودگاه لارستان,International Arrival
2025-06-03 15:15:00,ماهان,IRM1006,تهران,نشست15:22 | پایان دریافت بار,,2025-06-03 15:22:00,,,فرودگاه خرم آباد,Domestic Arrival
2025-06-04 00:05:00,اطلس ایر,ATS8294,قشم,نشست | پایان دریافت بار,4,,EPLEE,737,فرودگاه مهرآباد,Domestic Arrival
2025-06-04 00:20:00,آتا,TBZ5669,یزد,نشست | پایان دریافت بار,4,,EPTAZ,MD83,فرودگاه مهرآباد,Domestic Arrival
2025-06-04 00:25:00,زاگرس,IZG4033,كيش,نشست | پایان دریافت بار,4,,EPZAG,MD83,فرودگاه مهرآباد,Domestic Arrival
2025-06-04 00:30:00,کیش ایر,KIS7054,كيش,نشست | پایان دریافت بار,2,,EPVAV,B737,فرودگاه مهرآباد,Domestic Arrival
2025-06-04 00:30:00,کارون,KRU2609,یزد,نشست | پایان دریافت بار,6,,EPJIA,B737,فرودگاه مهرآباد,Domestic Arrival
2025-06-04 00:35:00,ایران ایر,IRA299,یزد,نشست | پایان دریافت بار,5,,EPCFR,F100,فرودگاه مهرآباد,Domestic Arrival
2025-06-04 00:35:00,کیش ایر,KIS7080,كيش,نشست | پایان دریافت بار,2,,EPLCL,MD83,فرودگاه مهرآباد,Domestic Arrival
2025-06-04 00:40:00,قشم ایر,QSM1219,بوشهر,نشست | پایان دریافت بار,2,,EPFQV,F100,فرودگاه مهرآباد,Domestic Arrival
2025-06-04 00:40:00,ماهان,IRM4524,چابهار,نشست | پایان دریافت بار,1,,EPMOH,146-200,فرودگاه مهرآباد,Domestic Arrival
2025-06-04 00:45:00,وارش,VRH5819,مشهد,نشست | پایان دریافت بار,3,,EPVBM,B737,فرودگاه مهرآباد,Domestic Arrival
2025-06-04 00:55:00,اطلس ایر,ATS8279,مشهد,نشست | پایان دریافت بار,1,,EPSAP,MD83,فرودگاه مهرآباد,Domestic Arrival
2025-06-04 01:00:00,قشم ایر,QSM1299,گرگان,نشست | پایان دریافت بار,3,,EPFQU',RJ85,فرودگاه مهرآباد,Domestic Arrival
2025-06-04 01:05:00,قشم ایر,QSM1289,کرمان,نشست | پایان دریافت بار,1,,EPFQI,F100,فرودگاه مهرآباد,Domestic Arrival
2025-06-04 01:15:00,پارس ایر,PRS4427,شیراز,نشست | پایان دریافت بار,6,,EPPRA,CRJ200,فرودگاه مهرآباد,Domestic Arrival
2025-06-04 01:15:00,کاسپین,CPN027,مشهد,نشست | پایان دریافت بار,3,,EPCAQ,B737,فرودگاه مهرآباد,Domestic Arrival
2025-06-04 01:20:00,آسمان,IRC601,مشهد,نشست | پایان دریافت بار,3,,EPATE,F100,فرودگاه مهرآباد,Domestic Arrival
2025-06-04 01:25:00,کاسپین,CPN6961,بندرعباس,نشست | پایان دریافت بار,4,,EPCAS,MD83,فرودگاه مهرآباد,Domestic Arrival
2025-06-04 01:30:00,آتا,TBZ5630,مشهد,نشست | پایان دریافت بار,1,,EPTAJ,MD83,فرودگاه مهرآباد,Domestic Arrival
2025-06-04 01:35:00,کاسپین,CPN045,كيش,نشست | پایان دریافت بار,5,,EPCPD,MD83,فرودگاه مهرآباد,Domestic Arrival
2025-06-04 01:35:00,کارون,KRU2677,کرمان,نشست | پایان دریافت بار,3,,EPAWZ,F100,فرودگاه مهرآباد,Domestic Arrival
2025-06-04 01:40:00,چابهار,IRU7665,شیراز,نشست | پایان دریافت بار,3,,EPCBI,MD82,فرودگاه مهرآباد,Domestic Arrival
2025-06-04 01:40:00,چابهار,IRU7643,اهواز,نشست | پایان دریافت بار,1,,EPSEB,MD83,فرودگاه مهرآباد,Domestic Arrival
2025-06-04 01:45:00,کیش ایر,KIS7068,مشهد,نشست | پایان دریافت بار,3,,EPLCJ,MD82,فرودگاه مهرآباد,Domestic Arrival
2025-06-04 01:50:00,پارس ایر,PRS4455,مشهد,نشست | پایان دریافت بار,3,,EPPAM,B737,فرودگاه مهرآباد,Domestic Arrival
2025-06-04 02:30:00,وارش,VRH5873,بوشهر,نشست | پایان دریافت بار,1,,EPVAK,737-700,فرودگاه مهرآباد,Domestic Arrival
2025-06-04 03:00:00,پارس ایر,PRS4495,آبادان,نشست | پایان دریافت بار,4,,EPPAO,737-700,فرودگاه مهرآباد,Domestic Arrival
2025-06-04 03:20:00,کاسپین,CPN6985,كيش,نشست | پایان دریافت بار,5,,EPCPU,MD82,فرودگاه مهرآباد,Domestic Arrival
2025-06-04 04:00:00,کیش ایر,KIS7150,شیراز,نشست | پایان دریافت بار,4,,EPLCK,MD82,فرودگاه مهرآباد,Domestic Arrival
2025-06-04 06:25:00,آتا,TBZ5601,تبریز,تاخیر,,,,MD83,فرودگاه مهرآباد,Domestic Arrival
2025-06-04 06:30:00,وارش,VRH5801,ساری,نشست | پایان دریافت بار,1,,EPVAF,737-700,فرودگاه مهرآباد,Domestic Arrival
2025-06-04 06:30:00,کارون,KRU2601,اهواز,نشست | پایان دریافت بار,4,,EPOPI,F100,فرودگاه مهرآباد,Domestic Arrival
2025-06-04 06:50:00,کیش ایر,KIS7084,یزد,نشست | پایان دریافت بار,3,,EPLCL,MD82,فرودگاه مهرآباد,Domestic Arrival
2025-06-04 06:50:00,آتا,TBZ5614,مشهد,نشست | پایان دریافت بار,1,,EPTAM,MD83,فرودگاه مهرآباد,Domestic Arrival
2025-06-04 06:55:00,آتا,TBZ5720,مشهد,نشست | پایان دریافت بار,3,,EPTAQ,MD83,فرودگاه مهرآباد,Domestic Arrival
2025-06-04 07:00:00,ماهان,IRM1070,زاهدان,نشست | پایان دریافت بار,5,,EPMOS,RJ85,فرودگاه مهرآباد,Domestic Arrival
2025-06-04 07:10:00,ماهان,IRM1036,مشهد,نشست | پایان دریافت بار,3,,EPMEE,747,فرودگاه مهرآباد,Domestic Arrival
2025-06-04 07:30:00,آتا,TBZ5609,تبریز,نشست | پایان دریافت بار,5,,EPTAZ,md88,فرودگاه مهرآباد,Domestic Arrival
2025-06-04 07:35:00,آتا,TBZ5694,اهواز,نشست | پایان دریافت بار,4,,EPTAL,MD82,فرودگاه مهرآباد,Domestic Arrival
2025-06-04 07:35:00,ایران ایرتور,IRB985,شیراز,باطل شد,,,EPMDF,MD83,فرودگاه مهرآباد,Domestic Arrival
2025-06-04 07:45:00,فلای پرشیا,FPI7439,مشهد,نشست | پایان دریافت بار,5,,EPFPC,737-700,فرودگاه مهرآباد,Domestic Arrival
2025-06-04 07:45:00,آسمان,IRC841,ایلام,باطل شد,,,,F100,فرودگاه مهرآباد,Domestic Arrival
2025-06-04 07:50:00,پويا,PYA2315,یزد,نشست | پایان دریافت بار,7,,EPPUR,EMB145,فرودگاه مهرآباد,Domestic Arrival
2025-06-04 08:10:00,ساها,IRZ159,شیراز,نشست | پایان دریافت بار,3,,EPSII,737-700,فرودگاه مهرآباد,Domestic Arrival
2025-06-04 12:10:00,آساجت,SJT8605,عسلویه,نشست | پایان دریافت بار,1,,EPJEK,EMB145,فرودگاه مهرآباد,Domestic Arrival
2025-06-04 13:00:00,آتا,TBZ5663,کرمان,نشست | پایان دریافت بار,3,,EPTAQ,MD83,فرودگاه مهرآباد,Domestic Arrival
2025-06-04 13:05:00,یزد ایر,DZD9402,رشت,نشست | پایان دریافت بار,7,,EPDZH,146-200,فرودگاه مهرآباد,Domestic Arrival
2025-06-04 13:05:00,زاگرس,IZG4031,كيش,نشست | پایان دریافت بار,3,,EPZAG,MD83,فرودگاه مهرآباد,Domestic Arrival
2025-06-04 13:10:00,آتا,TBZ5630,مشهد,نشست | پایان دریافت بار,6,,EPTAO,MD83,فرودگاه مهرآباد,Domestic Arrival
2025-06-04 13:15:00,اطلس ایر,ATS8291,آبادان,نشست | پایان دریافت بار,5,,EPSAP,MD83,فرودگاه مهرآباد,Domestic Arrival
2025-06-04 13:20:00,قشم ایر,QSM1239,خارگ,نشست | پایان دریافت بار,3,,EPFQV,RJ100,فرودگاه مهرآباد,Domestic Arrival
2025-06-04 13:20:00,ماهان,IRM1054,کرمان,نشست | پایان دریافت بار,5,,EPMEA,rj100,فرودگاه مهرآباد,Domestic Arrival
2025-06-04 13:25:00,رایمون,RAI7511,رشت,نشست | پایان دریافت بار,3,,EPNEA,EMB145,فرودگاه مهرآباد,Domestic Arrival
2025-06-04 13:25:00,پارس ایر,PRS4493,آغاجاری,نشست | پایان دریافت بار,2,,EPPRA,CRJ200,فرودگاه مهرآباد,Domestic Arrival
2025-06-04 13:25:00,آوا,AXV7731,مشهد,نشست | پایان دریافت بار,5,,EPRBC,B737,فرودگاه مهرآباد,Domestic Arrival
2025-06-04 13:45:00,ایران ایر,IRA237,بندرلنگه/شیراز,نشست | پایان دریافت بار,2,,EPCFR,F100,فرودگاه مهرآباد,Domestic Arrival
2025-06-04 13:45:00,چابهار,IRU7661,مشهد,نشست | دریافت بار از نقاله,1,,EPCBI,MD83,فرودگاه مهرآباد,Domestic Arrival
2025-06-04 13:50:00,کارون,KRU2587,سیری,نشست | پایان دریافت بار,1,,EPAWZ,F100,فرودگاه مهرآباد,Domestic Arrival
2025-06-04 13:55:00,ساها,IRZ163,مشهد,نشست | پایان دریافت بار,6,,EPSIJ,737-700,فرودگاه مهرآباد,Domestic Arrival
2025-06-04 14:00:00,ایران ایرتور,IRB947,تبریز,نشست | پایان دریافت بار,4,,EPMDD,MD83,فرودگاه مهرآباد,Domestic Arrival
2025-06-04 14:00:00,کاسپین,CPN6915,عسلویه,نشست | پایان دریافت بار,3,,EPCPD,MD83,فرودگاه مهرآباد,Domestic Arrival
2025-06-04 14:05:00,قشم ایر,QSM1281,اصفهان,نشست | پایان دریافت بار,2,,EPFQI,F100,فرودگاه مهرآباد,Domestic Arrival
2025-06-04 14:05:00,اطلس ایر,ATS8289,مشهد,نشست | دریافت بار از نقاله,3,,EPLEE,737,فرودگاه مهرآباد,Domestic Arrival
2025-06-04 14:10:00,ماهان,IRM4537,اردبیل,نشست | پایان دریافت بار,5,,EPMOH,rj100,فرودگاه مهرآباد,Domestic Arrival
2025-06-04 14:15:00,کارون,KRU2517,لاوان,باطل شد,,,,F100,فرودگاه مهرآباد,Domestic Arrival
2025-06-04 14:20:00,ایران ایر,IRA3311,اصفهان,اعلام ورود,,,EPITM,F100,فرودگاه مهرآباد,Domestic Arrival
2025-06-04 14:45:00,کیش ایر,KIS7128,كيش,نشست | دریافت بار از نقاله,2,,EPLCM,MD82,فرودگاه مهرآباد,Domestic Arrival
2025-06-04 15:00:00,آتا,TBZ5730,مشهد,تاخیر,,,EPTAJ,MD83,فرودگاه مهرآباد,Domestic Arrival
2025-06-04 15:15:00,پارس ایر,PRS5401,مشهد,طبق برنامه,,,EPPAM,B737,فرودگاه مهرآباد,Domestic Arrival
2025-06-04 15:20:00,کاسپین,CPN025,مشهد,طبق برنامه,,,EPCPU,MD83,فرودگاه مهرآباد,Domestic Arrival
2025-06-04 15:25:00,آساجت,SJT8631,گرگان,طبق برنامه,,,EPRHN,EMB145,فرودگاه مهرآباد,Domestic Arrival
2025-06-04 15:30:00,پارس ایر,PRS4481,مشهد,تاخیر,,,EPPAO,B737,فرودگاه مهرآباد,Domestic Arrival
2025-06-04 15:45:00,اروان,INA6751,مشهد,طبق برنامه,,,EPNSR,737-700,فرودگاه مهرآباد,Domestic Arrival
2025-06-04 15:55:00,وارش,VRH5919,عسلویه,طبق برنامه,,,EVAK,737-700,فرودگاه مهرآباد,Domestic Arrival
2025-06-04 16:00:00,زاگرس,IZG4043,مشهد,طبق برنامه,,,EPZAQ,MD83,فرودگاه مهرآباد,Domestic Arrival
2025-06-04 16:00:00,ماهان,IRM1084,زابل,طبق برنامه,,,EPMEU,146-200,فرودگاه مهرآباد,Domestic Arrival
2025-06-04 16:05:00,کاسپین,CPN037,ارومیه,طبق برنامه,,,EPKPC,737,فرودگاه مهرآباد,Domestic Arrival
2025-06-04 16:05:00,کاسپین,CPN017,چابهار,طبق برنامه,,,EPCAS,MD83,فرودگاه مهرآباد,Domestic Arrival
2025-06-04 16:10:00,آتا,TBZ5603,تبریز,طبق برنامه,,,,MD83,فرودگاه مهرآباد,Domestic Arrival
2025-06-04 16:20:00,آتا,TBZ5634,اردبیل,طبق برنامه,,,EPTAZ,MD.88,فرودگاه مهرآباد,Domestic Arrival
2025-06-04 16:30:00,کیش ایر,KIS7092,عسلویه,باطل شد,,,,MD83,فرودگاه مهرآباد,Domestic Arrival
2025-06-04 16:30:00,پويا,PYA2313,مشهد,طبق برنامه,,,EPPUR,EMB145,فرودگاه مهرآباد,Domestic Arrival
2025-06-04 16:50:00,رایمون,RAI7513,اصفهان,طبق برنامه,,,EPNEA,EMB145,فرودگاه مهرآباد,Domestic Arrival
2025-06-04 16:50:00,ایران ایر,IRA310,اهواز,طبق برنامه,,,EPIEP,A319,فرودگاه مهرآباد,Domestic Arrival
2025-06-04 17:00:00,وارش,VRH5877,مشهد,تاخیر,,,EPVAR,B737,فرودگاه مهرآباد,Domestic Arrival
2025-06-04 17:10:00,فلای پرشیا,FPI7441,مشهد,طبق برنامه,,,EPFPA,737-700,فرودگاه مهرآباد,Domestic Arrival
2025-06-04 17:15:00,کاسپین,CPN027,مشهد,طبق برنامه,,,EPCAQ,737,فرودگاه مهرآباد,Domestic Arrival
2025-06-04 17:25:00,ماهان,IRM1005,خرم‌آباد,طبق برنامه,,,EPMEA,rj100,فرودگاه مهرآباد,Domestic Arrival
2025-06-04 17:30:00,ماهان,IRM1009,کرمانشاه,طبق برنامه,,,EPMEA,rj100,فرودگاه مهرآباد,Domestic Arrival
2025-06-04 17:30:00,آسمان,IRC603,مشهد,طبق برنامه,,,,F100,فرودگاه مهرآباد,Domestic Arrival
2025-06-04 17:45:00,یزد ایر,DZD9442,یزد,طبق برنامه,,,EPMOC,146-200,فرودگاه مهرآباد,Domestic Arrival
2025-06-04 17:50:00,یزد ایر,DZD9450,بوشهر,طبق برنامه,,,EPDZH,RJ85,فرودگاه مهرآباد,Domestic Arrival
2025-06-04 17:55:00,آتا,TBZ5624,شیراز,تاخیر,,,,MD83,فرودگاه مهرآباد,Domestic Arrival
2025-06-04 17:55:00,وارش,VRH5857,مشهد,طبق برنامه,,,EPVAF,B737,فرودگاه مهرآباد,Domestic Arrival
2025-06-04 18:20:00,کیش ایر,KIS7192,عسلویه,طبق برنامه,,,EPLCK,MD82,فرودگاه مهرآباد,Domestic Arrival
2025-06-04 18:25:00,آتا,TBZ5660,كيش,طبق برنامه,,,EPTAL,MD83,فرودگاه مهرآباد,Domestic Arrival
2025-06-04 18:30:00,آساجت,SJT8607,کرمانشاه,طبق برنامه,,,,EMB145,فرودگاه مهرآباد,Domestic Arrival
2025-06-04 18:50:00,زاگرس,IZG4041,مشهد,طبق برنامه,,,EPZAG,MD83,فرودگاه مهرآباد,Domestic Arrival
2025-06-04 18:55:00,کارون,KRU2669,اهواز,طبق برنامه,,,,F100,فرودگاه مهرآباد,Domestic Arrival
2025-06-04 18:55:00,آسمان,IRC3776,شیراز,طبق برنامه,,,,F100,فرودگاه مهرآباد,Domestic Arrival
2025-06-04 19:00:00,آتا,TBZ5622,اهواز,طبق برنامه,,,,B737,فرودگاه مهرآباد,Domestic Arrival
2025-06-04 19:00:00,ایران ایرتور,IRB967,مشهد,طبق برنامه,,,,MD83,فرودگاه مهرآباد,Domestic Arrival
2025-06-04 19:15:00,ایران ایر,IRA276,ارومیه,طبق برنامه,,,,F100,فرودگاه مهرآباد,Domestic Arrival
2025-06-04 19:20:00,ایران ایر,IRA3494,عسلویه,تاخیر - 21:20,,,,A319,فرودگاه مهرآباد,Domestic Arrival
2025-06-04 19:30:00,آتا,TBZ5665,کرمان,طبق برنامه,,,,MD83,فرودگاه مهرآباد,Domestic Arrival
2025-06-04 19:30:00,آتا,TBZ5628,اهواز,طبق برنامه,,,,MD83,فرودگاه مهرآباد,Domestic Arrival
2025-06-04 19:50:00,ایران ایر,IRA3430,پارس‌آباد,طبق برنامه,,,,F100,فرودگاه مهرآباد,Domestic Arrival
2025-06-04 20:00:00,آتا,TBZ5667,تبریز,طبق برنامه,,,,MD83,فرودگاه مهرآباد,Domestic Arrival
2025-06-04 20:05:00,ایران ایرتور,IRB981,ارومیه,طبق برنامه,,,,MD83,فرودگاه مهرآباد,Domestic Arrival
2025-06-04 20:15:00,کیش ایر,KIS7024,كيش,طبق برنامه,,,,MD83,فرودگاه مهرآباد,Domestic Arrival
2025-06-04 20:20:00,کاسپین,CPN6983,لارستان,طبق برنامه,,,,MD83,فرودگاه مهرآباد,Domestic Arrival
2025-06-04 20:30:00,اطلس ایر,ATS8275,مشهد,تاخیر - 23:30,,,,RJ85,فرودگاه مهرآباد,Domestic Arrival
2025-06-04 20:30:00,کیش ایر,KIS7054,كيش,طبق برنامه,,,,MD83,فرودگاه مهرآباد,Domestic Arrival
2025-06-04 20:40:00,پويا,PYA2349,بندرعباس,طبق برنامه,,,,EMB145,فرودگاه مهرآباد,Domestic Arrival
2025-06-04 21:00:00,آتا,TBZ5605,تبریز,طبق برنامه,,,,MD83,فرودگاه مهرآباد,Domestic Arrival
2025-06-04 21:05:00,چابهار,IRU7637,کرمانشاه,طبق برنامه,,,,MD83,فرودگاه مهرآباد,Domestic Arrival
2025-06-04 21:20:00,ماهان,IRM4543,شهرکرد,طبق برنامه,,,,146-200,فرودگاه مهرآباد,Domestic Arrival
2025-06-04 21:20:00,ماهان,IRM1066,کرمان,طبق برنامه,,,,AB6,فرودگاه مهرآباد,Domestic Arrival
2025-06-04 21:30:00,رایمون,RAI7527,یزد,باطل شد,,,,EMB145,فرودگاه مهرآباد,Domestic Arrival
2025-06-04 21:30:00,کاسپین,CPN6995,كيش,طبق برنامه,,,,MD82,فرودگاه مهرآباد,Domestic Arrival
2025-06-04 21:50:00,فلای پرشیا,FPI7443,مشهد,طبق برنامه,,,,737-700,فرودگاه مهرآباد,Domestic Arrival
2025-06-04 21:55:00,پارس ایر,PRS4459,كيش,طبق برنامه,,,,CRJ200,فرودگاه مهرآباد,Domestic Arrival
2025-06-04 22:00:00,معراج,MRJ2817,عسلویه,طبق برنامه,,,EPSSN,A321,فرودگاه مهرآباد,Domestic Arrival
2025-06-04 22:00:00,آتا,TBZ5620,مشهد,طبق برنامه,,,,MD83,فرودگاه مهرآباد,Domestic Arrival
2025-06-04 22:00:00,رایمون,RAI7515,عسلویه,طبق برنامه,,,,EMB145,فرودگاه مهرآباد,Domestic Arrival
2025-06-04 22:10:00,تابان,TBN6255,مشهد,طبق برنامه,,,,MD.88,فرودگاه مهرآباد,Domestic Arrival
2025-06-04 22:15:00,آتا,TBZ5680,ارومیه,تاخیر,,,,MD83,فرودگاه مهرآباد,Domestic Arrival
2025-06-04 22:20:00,کاسپین,CPN045,كيش,طبق برنامه,,,,MD83,فرودگاه مهرآباد,Domestic Arrival
2025-06-04 22:30:00,آتا,TBZ5636,اهواز,طبق برنامه,,,,MD83,فرودگاه مهرآباد,Domestic Arrival
2025-06-04 22:30:00,پارس ایر,PRS4401,مشهد,طبق برنامه,,,,B737,فرودگاه مهرآباد,Domestic Arrival
2025-06-04 22:40:00,یزد ایر,DZD6896,یزد,طبق برنامه,,,,BAE146,فرودگاه مهرآباد,Domestic Arrival
2025-06-04 22:45:00,تابان,TBN6325,مشهد,طبق برنامه,,,,MD.88,فرودگاه مهرآباد,Domestic Arrival
2025-06-04 22:50:00,ایران ایر,IRA469,مشهد,طبق برنامه,,,,F100,فرودگاه مهرآباد,Domestic Arrival
2025-06-04 22:55:00,ایران ایرتور,IRB913,بندرعباس,طبق برنامه,,,EPMDD,MD82,فرودگاه مهرآباد,Domestic Arrival
2025-06-04 22:55:00,ایران ایر,IRA247,گرگان,تاخیر - 00:55,,,,F100,فرودگاه مهرآباد,Domestic Arrival
2025-06-04 23:15:00,وارش,VRH5841,مشهد,تاخیر,,,EPVAV,737-700,فرودگاه مهرآباد,Domestic Arrival
2025-06-04 23:15:00,کارون,KRU2509,ماهشهر,طبق برنامه,,,,F100,فرودگاه مهرآباد,Domestic Arrival
2025-06-04 23:20:00,آتا,TBZ5669,یزد,باطل شد,,,,MD83,فرودگاه مهرآباد,Domestic Arrival
2025-06-04 23:25:00,کاسپین,CPN6937A,قشم,طبق برنامه,,,,MD83,فرودگاه مهرآباد,Domestic Arrival
2025-06-04 23:30:00,آتا,TBZ5644,سیرجان,طبق برنامه,,,,B737,فرودگاه مهرآباد,Domestic Arrival
2025-06-04 23:35:00,قشم ایر,QSM1241,قشم,طبق برنامه,,,,F100,فرودگاه مهرآباد,Domestic Arrival
2025-06-04 23:35:00,ایران ایر,IRA3330,رشت,طبق برنامه,,,,ATR-72-500,فرودگاه مهرآباد,Domestic Arrival
2025-06-04 23:40:00,قشم ایر,QSM1295,گرگان,طبق برنامه,,,EPFQI,F100,فرودگاه مهرآباد,Domestic Arrival
2025-06-04 23:45:00,کارون,KRU2677,کرمان,طبق برنامه,,,,F100,فرودگاه مهرآباد,Domestic Arrival
2025-06-04 23:45:00,ساها,IRZ157,شیراز,طبق برنامه,,,,737-700,فرودگاه مهرآباد,Domestic Arrival
2025-06-04 23:50:00,ایران ایر,IRA264,آبادان,طبق برنامه,,,,F100,فرودگاه مهرآباد,Domestic Arrival
2025-06-04 23:55:00,کیش ایر,KIS7028,كيش,طبق برنامه,,,,MD83,فرودگاه مهرآباد,Domestic Arrival
2025-06-04 23:55:00,کارون,KRU2507,ماهشهر,طبق برنامه,,,,F100,فرودگاه مهرآباد,Domestic Arrival
2025-06-04 00:05:00,قشم ایر,QSM1253A,مشهد,طبق برنامه,,,EPFQF,F100,فرودگاه مهرآباد,Domestic Arrival
2025-06-04 00:05:00,یزد ایر,DZD9438,اصفهان,طبق برنامه,,,,146-200,فرودگاه مهرآباد,Domestic Arrival
2025-06-04 00:10:00,آتا,TBZ5689,آبادان,تاخیر,,,,MD83,فرودگاه مهرآباد,Domestic Arrival
2025-06-04 00:15:00,کیش ایر,KIS7104,آبادان,باطل شد,,,,MD82,فرودگاه مهرآباد,Domestic Arrival
2025-06-04 00:15:00,ساها,IRZ171,مشهد,طبق برنامه,,,,737-700,فرودگاه مهرآباد,Domestic Arrival
2025-06-04 00:20:00,زاگرس,IZG4033,كيش,طبق برنامه,,,,MD83,فرودگاه مهرآباد,Domestic Arrival
2025-06-04 00:45:00,ماهان,IRM4526,ایرانشهر,طبق برنامه,,,,146-200,فرودگاه مهرآباد,Domestic Arrival
2025-06-04 00:50:00,وارش,VRH5819A,مشهد,طبق برنامه,,,,737-700,فرودگاه مهرآباد,Domestic Arrival
2025-06-04 00:50:00,آسمان,IRC3751,آبادان,طبق برنامه,,,,F100,فرودگاه مهرآباد,Domestic Arrival
2025-06-04 01:00:00,ماهان,IRM4540,زاهدان,طبق برنامه,,,,146-200,فرودگاه مهرآباد,Domestic Arrival
2025-06-04 01:05:00,کاسپین,CPN6901A,بوشهر,طبق برنامه,,,,MD83,فرودگاه مهرآباد,Domestic Arrival
2025-06-04 01:10:00,ایران ایر,IRA418,اهواز,طبق برنامه,,,,A319,فرودگاه مهرآباد,Domestic Arrival
2025-06-04 01:15:00,اطلس ایر,ATS8279,مشهد,طبق برنامه,,,,MD83,فرودگاه مهرآباد,Domestic Arrival
2025-06-04 01:15:00,چابهار,IRU7615,چابهار,طبق برنامه,,,,MD83,فرودگاه مهرآباد,Domestic Arrival
2025-06-04 01:20:00,قشم ایر,QSM1261,شیراز,طبق برنامه,,,,F100,فرودگاه مهرآباد,Domestic Arrival
2025-06-04 01:20:00,چابهار,IRU7643,اهواز,طبق برنامه,,,,MD83,فرودگاه مهرآباد,Domestic Arrival
2025-06-04 01:25:00,اطلس ایر,ATS8283,مشهد,تاخیر - 04:00,,,,RJ85,فرودگاه مهرآباد,Domestic Arrival
2025-06-04 01:25:00,اطلس ایر,ATS8285,مشهد,طبق برنامه,,,,B737,فرودگاه مهرآباد,Domestic Arrival
2025-06-04 01:40:00,ایران ایرتور,IRB997,كيش,طبق برنامه,,,,MD83,فرودگاه مهرآباد,Domestic Arrival
2025-06-04 01:45:00,زاگرس,IZG4051,بندرعباس,طبق برنامه,,,,MD83,فرودگاه مهرآباد,Domestic Arrival
2025-06-04 02:00:00,آتا,TBZ5626,اهواز,طبق برنامه,,,,MD83,فرودگاه مهرآباد,Domestic Arrival
2025-06-04 02:05:00,کیش ایر,KIS7080,كيش,طبق برنامه,,,,MD83,فرودگاه مهرآباد,Domestic Arrival
2025-06-04 02:10:00,فلای پرشیا,FPI7404,شیراز,طبق برنامه,,,,B737,فرودگاه مهرآباد,Domestic Arrival
2025-06-04 04:15:00,کیش ایر,KIS7150,شیراز,طبق برنامه,,,,MD82,فرودگاه مهرآباد,Domestic Arrival
2025-06-04 06:25:00,آسمان,IRC3770,شیراز,طبق برنامه,,,,F100,فرودگاه مهرآباد,Domestic Arrival
2025-06-04 06:30:00,زاگرس,IZG4043,مشهد,طبق برنامه,,,,MD83,فرودگاه مهرآباد,Domestic Arrival
2025-06-04 06:55:00,ماهان,IRM1050,کرمان,طبق برنامه,,,,AB6,فرودگاه مهرآباد,Domestic Arrival
2025-06-04 07:00:00,آتا,TBZ5601,تبریز,طبق برنامه,,,,MD83,فرودگاه مهرآباد,Domestic Arrival
2025-06-04 07:15:00,یزد ایر,DZD9440,یزد,طبق برنامه,,,,146-200,فرودگاه مهرآباد,Domestic Arrival
2025-06-04 07:40:00,ماهان,IRM1036,مشهد,طبق برنامه,,,,AB6,فرودگاه مهرآباد,Domestic Arrival
2025-06-04 08:30:00,وارش,VRH5853,اهواز,طبق برنامه,,,,B737,فرودگاه مهرآباد,Domestic Arrival
2025-06-04 08:35:00,ایران ایر,IRA284,کرمانشاه,طبق برنامه,,,,F100,فرودگاه مهرآباد,Domestic Arrival
2025-06-04 08:40:00,آسمان,IRC611,مشهد,طبق برنامه,,,,F100,فرودگاه مهرآباد,Domestic Arrival
2025-06-04 08:45:00,فلای پرشیا,FPI7441,مشهد,طبق برنامه,,,,737-700,فرودگاه مهرآباد,Domestic Arrival
2025-06-04 08:50:00,رایمون,RAI7511,رشت,طبق برنامه,,,,EMB145,فرودگاه مهرآباد,Domestic Arrival
2025-06-04 09:00:00,آتا,TBZ5678,ارومیه,طبق برنامه,,,,MD83,فرودگاه مهرآباد,Domestic Arrival
2025-06-04 09:00:00,ایران ایرتور,IRB931,بیرجند,طبق برنامه,,,,MD83,فرودگاه مهرآباد,Domestic Arrival
2025-06-04 09:35:00,ایران ایر,IRA3404,سقز,طبق برنامه,,,,F100,فرودگاه مهرآباد,Domestic Arrival
2025-06-04 09:40:00,چابهار,IRU7625,آبادان,طبق برنامه,,,,MD83,فرودگاه مهرآباد,Domestic Arrival
2025-06-04 09:45:00,آتا,TBZ5620,مشهد,طبق برنامه,,,,MD83,فرودگاه مهرآباد,Domestic Arrival
2025-06-04 10:10:00,آتا,TBZ5636,اهواز,طبق برنامه,,,,MD83,فرودگاه مهرآباد,Domestic Arrival
2025-06-04 10:20:00,ماهان,IRM1009,کرمانشاه,طبق برنامه,,,,146-200,فرودگاه مهرآباد,Domestic Arrival
2025-06-04 11:10:00,ماهان,IRM4537,اردبیل,طبق برنامه,,,,146-200,فرودگاه مهرآباد,Domestic Arrival
2025-06-04 11:15:00,آسمان,IRC601,مشهد,طبق برنامه,,,,F100,فرودگاه مهرآباد,Domestic Arrival
2025-06-04 11:35:00,کارون,KRU2519,بهرگان/اصفهان,طبق برنامه,,,,F100,فرودگاه مهرآباد,Domestic Arrival
2025-06-04 11:45:00,یزد ایر,DZD6892,بجنورد,طبق برنامه,,,,146-200,فرودگاه مهرآباد,Domestic Arrival
2025-06-04 11:55:00,آتا,TBZ5699,مشهد,طبق برنامه,,,,md83,فرودگاه مهرآباد,Domestic Arrival
2025-06-04 12:00:00,اطلس ایر,ATS8290,چابهار,طبق برنامه,,,,737-700,فرودگاه مهرآباد,Domestic Arrival
2025-06-04 12:15:00,اطلس ایر,ATS8291,آبادان,طبق برنامه,,,,MD83,فرودگاه مهرآباد,Domestic Arrival
2025-06-04 12:20:00,آسمان,IRC3711,اردبیل,طبق برنامه,,,,F100,فرودگاه مهرآباد,Domestic Arrival
2025-06-04 12:35:00,ماهان,IRM1054,کرمان,طبق برنامه,,,,AB6,فرودگاه مهرآباد,Domestic Arrival
2025-06-04 12:45:00,کاسپین,CPN049,شیراز,طبق برنامه,,,,MD83,فرودگاه مهرآباد,Domestic Arrival
2025-06-04 12:50:00,پارس ایر,PRS4407,شیراز,طبق برنامه,,,,B737,فرودگاه مهرآباد,Domestic Arrival
2025-06-04 13:00:00,زاگرس,IZG4031,كيش,طبق برنامه,,,,MD83,فرودگاه مهرآباد,Domestic Arrival
2025-06-04 13:05:00,یزد ایر,DZD6898,مشهد,طبق برنامه,,,,RJ85,فرودگاه مهرآباد,Domestic Arrival
2025-06-04 13:10:00,آساجت,SJT8635,رشت,طبق برنامه,,,,EMB145,فرودگاه مهرآباد,Domestic Arrival
2025-06-04 13:15:00,ایران ایر,IRA406,بوشهر,طبق برنامه,,,,F100,فرودگاه مهرآباد,Domestic Arrival
2025-06-04 13:20:00,فلای پرشیا,FPI7439,مشهد,طبق برنامه,,,,737-700,فرودگاه مهرآباد,Domestic Arrival
2025-06-04 13:50:00,رایمون,RAI7523,مشهد,طبق برنامه,,,,EMB145,فرودگاه مهرآباد,Domestic Arrival
2025-06-04 13:55:00,قشم ایر,QSM1239,خارگ,طبق برنامه,,,,F100,فرودگاه مهرآباد,Domestic Arrival
2025-06-04 14:00:00,آتا,TBZ5630,مشهد,طبق برنامه,,,,MD83,فرودگاه مهرآباد,Domestic Arrival
2025-06-04 14:00:00,یزد ایر,DZD9418,یزد,طبق برنامه,,,,146-200,فرودگاه مهرآباد,Domestic Arrival
2025-06-04 14:20:00,کارون,KRU2507,ماهشهر,طبق برنامه,,,,F100,فرودگاه مهرآباد,Domestic Arrival
2025-06-04 14:20:00,چابهار,IRU7611,مشهد,طبق برنامه,,,,MD83,فرودگاه مهرآباد,Domestic Arrival
2025-06-04 14:25:00,طوس ایر,IRT8180,بندرعباس,طبق برنامه,,,,EMB145,فرودگاه مهرآباد,Domestic Arrival
2025-06-04 14:35:00,ماهان,IRM1042,كيش,طبق برنامه,,,,AB6,فرودگاه مهرآباد,Domestic Arrival
2025-06-04 14:40:00,آتا,TBZ5682,بندرعباس,طبق برنامه,,,,MD83,فرودگاه مهرآباد,Domestic Arrival
2025-06-04 14:40:00,پويا,PYA2324,رشت,طبق برنامه,,,,EMB145,فرودگاه مهرآباد,Domestic Arrival
2025-06-04 14:55:00,ساها,IRZ161,لاوان,طبق برنامه,,,,737-700,فرودگاه مهرآباد,Domestic Arrival
2025-06-04 15:00:00,وارش,VRH5919,عسلویه,طبق برنامه,,,,737-700,فرودگاه مهرآباد,Domestic Arrival
2025-06-04 15:00:00,وارش,VRH5903,مشهد,طبق برنامه,,,,B737,فرودگاه مهرآباد,Domestic Arrival
2025-06-04 15:10:00,کاسپین,CPN027,مشهد,طبق برنامه,,,,MD83,فرودگاه مهرآباد,Domestic Arrival
2025-06-04 15:20:00,آتا,TBZ5660,كيش,طبق برنامه,,,,MD83,فرودگاه مهرآباد,Domestic Arrival
2025-06-04 15:30:00,زاگرس,IZG4041,مشهد,طبق برنامه,,,,MD83,فرودگاه مهرآباد,Domestic Arrival
2025-06-04 15:50:00,اروان,INA6751,مشهد,طبق برنامه,,,,737-700,فرودگاه مهرآباد,Domestic Arrival
2025-06-04 15:55:00,چابهار,IRU7661,مشهد,طبق برنامه,,,,MD83,فرودگاه مهرآباد,Domestic Arrival
2025-06-04 16:00:00,قشم ایر,QSM1290,کرمانشاه,طبق برنامه,,,,F100,فرودگاه مهرآباد,Domestic Arrival
2025-06-04 16:05:00,کارون,KRU2585,عسلویه,طبق برنامه,,,,F100,فرودگاه مهرآباد,Domestic Arrival
2025-06-04 16:15:00,کیش ایر,KIS7054,كيش,طبق برنامه,,,,MD83,فرودگاه مهرآباد,Domestic Arrival
2025-06-04 16:25:00,آتا,TBZ5720,مشهد,طبق برنامه,,,,MD83,فرودگاه مهرآباد,Domestic Arrival
2025-06-04 16:25:00,کاسپین,CPN015,عسلویه,طبق برنامه,,,,MD83,فرودگاه مهرآباد,Domestic Arrival
2025-06-04 16:30:00,قشم ایر,QSM1271,زاهدان,طبق برنامه,,,,F100,فرودگاه مهرآباد,Domestic Arrival
2025-06-04 16:45:00,ماهان,IRM4573,ایلام,طبق برنامه,,,,146-200,فرودگاه مهرآباد,Domestic Arrival
2025-06-04 17:00:00,آتا,TBZ5645,تبریز,طبق برنامه,,,,MD83,فرودگاه مهرآباد,Domestic Arrival
2025-06-04 17:35:00,رایمون,RAI7513,اصفهان,طبق برنامه,,,,EMB145,فرودگاه مهرآباد,Domestic Arrival
2025-06-04 17:40:00,یزد ایر,DZD9430,شیراز,طبق برنامه,,,,146-200,فرودگاه مهرآباد,Domestic Arrival
2025-06-04 17:45:00,کیش ایر,KIS7024,كيش,طبق برنامه,,,,MD83,فرودگاه مهرآباد,Domestic Arrival
2025-06-04 18:10:00,ایران ایرتور,IRB917,كيش,طبق برنامه,,,,MD83,فرودگاه مهرآباد,Domestic Arrival
2025-06-04 18:15:00,تابان,TBN6251,مشهد,طبق برنامه,,,,MD.88,فرودگاه مهرآباد,Domestic Arrival
2025-06-04 18:30:00,آتا,TBZ5639,تبریز,طبق برنامه,,,,MD83,فرودگاه مهرآباد,Domestic Arrival
2025-06-04 18:40:00,وارش,VRH5819,مشهد,طبق برنامه,,,,B737,فرودگاه مهرآباد,Domestic Arrival
2025-06-04 18:50:00,قشم ایر,QSM1253,مشهد,طبق برنامه,,,,F100,فرودگاه مهرآباد,Domestic Arrival
2025-06-04 18:50:00,کاسپین,CPN045,كيش,طبق برنامه,,,,MD83,فرودگاه مهرآباد,Domestic Arrival
2025-06-04 19:00:00,ایران ایرتور,IRB963,مشهد,طبق برنامه,,,,MD83,فرودگاه مهرآباد,Domestic Arrival
2025-06-04 19:10:00,یزد ایر,DZD9406,زاهدان,طبق برنامه,,,,RJ85,فرودگاه مهرآباد,Domestic Arrival
2025-06-04 19:25:00,آتا,TBZ5665,کرمان,طبق برنامه,,,,MD83,فرودگاه مهرآباد,Domestic Arrival
2025-06-04 19:25:00,آتا,TBZ5614,مشهد,طبق برنامه,,,,MD83,فرودگاه مهرآباد,Domestic Arrival
2025-06-04 19:50:00,ایران ایر,IRA351,كيش,طبق برنامه,,,,F100,فرودگاه مهرآباد,Domestic Arrival
2025-06-04 19:55:00,کاسپین,CPN6901,بوشهر,طبق برنامه,,,,MD83,فرودگاه مهرآباد,Domestic Arrival
2025-06-04 20:00:00,زاگرس,IZG4021,اهواز,طبق برنامه,,,,MD83,فرودگاه مهرآباد,Domestic Arrival
2025-06-04 20:05:00,آتا,TBZ5667,تبریز,طبق برنامه,,,,MD83,فرودگاه مهرآباد,Domestic Arrival
2025-06-04 20:15:00,کیش ایر,KIS7052,كيش,طبق برنامه,,,,MD83,فرودگاه مهرآباد,Domestic Arrival
2025-06-04 20:35:00,اطلس ایر,ATS8289,مشهد,طبق برنامه,,,,737-700,فرودگاه مهرآباد,Domestic Arrival
2025-06-04 20:35:00,آتا,TBZ5624,شیراز,طبق برنامه,,,,MD83,فرودگاه مهرآباد,Domestic Arrival
2025-06-04 20:40:00,آسمان,IRC3855,ارومیه,طبق برنامه,,,,F100,فرودگاه مهرآباد,Domestic Arrival
2025-06-04 20:50:00,پويا,PYA2341,شیراز,طبق برنامه,,,,EMB145,فرودگاه مهرآباد,Domestic Arrival
2025-06-04 21:00:00,وارش,VRH5851,اهواز,طبق برنامه,,,,B737,فرودگاه مهرآباد,Domestic Arrival
2025-06-04 21:25:00,چابهار,IRU7651,مشهد,طبق برنامه,,,,MD83,فرودگاه مهرآباد,Domestic Arrival
2025-06-04 21:30:00,ماهان,IRM1027,اردبیل,طبق برنامه,,,,146-200,فرودگاه مهرآباد,Domestic Arrival
2025-06-04 21:45:00,کارون,KRU2609,یزد,طبق برنامه,,,,B737,فرودگاه مهرآباد,Domestic Arrival
2025-06-04 22:00:00,کاسپین,CPN6937,قشم,طبق برنامه,,,,MD83,فرودگاه مهرآباد,Domestic Arrival
2025-06-04 22:10:00,ماهان,IRM1001,تبریز,طبق برنامه,,,,146-200,فرودگاه مهرآباد,Domestic Arrival
2025-06-04 22:30:00,ایران ایرتور,IRB989,اهواز,طبق برنامه,,,,MD83,فرودگاه مهرآباد,Domestic Arrival
2025-06-04 22:35:00,قشم ایر,QSM1211,اهواز,طبق برنامه,,,,F100,فرودگاه مهرآباد,Domestic Arrival
2025-06-04 22:35:00,ماهان,IRM1052,کرمان,طبق برنامه,,,,AB6,فرودگاه مهرآباد,Domestic Arrival
2025-06-04 22:40:00,آساجت,SJT8617,اصفهان,طبق برنامه,,,,EMB145,فرودگاه مهرآباد,Domestic Arrival
2025-06-04 22:45:00,ماهان,IRM1032,مشهد,طبق برنامه,,,,AB6,فرودگاه مهرآباد,Domestic Arrival
2025-06-04 22:50:00,فلای پرشیا,FPI7400,شیراز,طبق برنامه,,,,737-700,فرودگاه مهرآباد,Domestic Arrival
2025-06-04 23:00:00,تابان,TBN6325,مشهد,طبق برنامه,,,,MD.88,فرودگاه مهرآباد,Domestic Arrival
2025-06-04 23:05:00,آتا,TBZ5713,آبادان,طبق برنامه,,,,MD83,فرودگاه مهرآباد,Domestic Arrival
2025-06-04 23:25:00,ساها,IRZ157,شیراز,طبق برنامه,,,,737-700,فرودگاه مهرآباد,Domestic Arrival
2025-06-04 23:30:00,وارش,VRH5815,بندرعباس,طبق برنامه,,,,737-700,فرودگاه مهرآباد,Domestic Arrival
2025-06-04 23:35:00,وارش,VRH5841,مشهد,طبق برنامه,,,,737-700,فرودگاه مهرآباد,Domestic Arrival
2025-06-04 11:00:00,کیش ایر,KIS7146,عسلویه,باطل شد,,,,MD82,فرودگاه مشهد,Domestic Arrival
2025-06-04 11:00:00,کیش ایر,KIS7072,كيش,نشست | پایان دریافت بار,5,2025-06-04 10:55:00,,MD82,فرودگاه مشهد,Domestic Arrival
2025-06-04 11:05:00,سپهران,SHI4359,کرمانشاه,نشست | پایان دریافت بار,2,2025-06-04 10:55:00,,B737,فرودگاه مشهد,Domestic Arrival
2025-06-04 11:30:00,ایران ایرتور,IRB901,تبریز,نشست | پایان دریافت بار,6,2025-06-04 11:10:00,,MD82,فرودگاه مشهد,Domestic Arrival
2025-06-04 11:30:00,چابهار,IRU7605,كاشان,نشست | پایان دریافت بار,8,2025-06-04 11:30:00,,MD83,فرودگاه مشهد,Domestic Arrival
2025-06-04 11:30:00,ساها,IRZ199,اصفهان,نشست | پایان دریافت بار,3,2025-06-04 11:20:00,,B737,فرودگاه مشهد,Domestic Arrival
2025-06-04 12:45:00,هواپیمایی پارس,PRS4457,آبادان,نشست | پایان دریافت بار,3,2025-06-04 12:55:00,,B737,فرودگاه مشهد,Domestic Arrival
2025-06-04 12:55:00,کاسپین,CPN4923,همدان,نشست | پایان دریافت بار,4,2025-06-04 13:10:00,,MD83,فرودگاه مشهد,Domestic Arrival
2025-06-04 13:30:00,زاگرس,IZG4042,تهران,نشست | پایان دریافت بار,7,2025-06-04 13:25:00,,MD82,فرودگاه مشهد,Domestic Arrival
2025-06-04 13:30:00,ایران ایرتور,IRB951,تبریز,نشست | پایان دریافت بار,5,2025-06-04 13:05:00,,MD82,فرودگاه مشهد,Domestic Arrival
2025-06-04 14:00:00,هواپیمایی پارس,PRS4478,اهواز,نشست | دریافت بار از نقاله,3,2025-06-04 14:30:00,,B737,فرودگاه مشهد,Domestic Arrival
2025-06-04 14:30:00,پويا,PYA2312,تهران,نشست | دریافت بار از نقاله,2,2025-06-04 14:40:00,,EMB145,فرودگاه مشهد,Domestic Arrival
2025-06-04 14:40:00,فلای پرشیا,FPI7440,تهران,نشست | دریافت بار از نقاله,5,2025-06-04 14:40:00,,B737,فرودگاه مشهد,Domestic Arrival
2025-06-04 14:45:00,کاسپین,CPN026,تهران,نشست | دریافت بار از نقاله,4,2025-06-04 14:50:00,,B737,فرودگاه مشهد,Domestic Arrival
2025-06-04 15:10:00,آسمان,IRC602,تهران,اعلام ورود,,2025-06-04 15:10:00,,F100,فرودگاه مشهد,Domestic Arrival
2025-06-04 15:20:00,آتا,TBZ5613,تهران,طبق برنامه,,,,MD80,فرودگاه مشهد,Domestic Arrival
2025-06-04 15:30:00,قشم ایر,QSM1252,تهران,اعلام ورود,,2025-06-04 15:20:00,,F100,فرودگاه مشهد,Domestic Arrival
2025-06-04 15:30:00,زاگرس,IZG4131,كيش,طبق برنامه,,,,MD82,فرودگاه مشهد,Domestic Arrival
2025-06-04 15:40:00,آتا,TBZ5629,تهران,طبق برنامه,,,,MD80,فرودگاه مشهد,Domestic Arrival
2025-06-04 15:50:00,زاگرس,IZG4040,تهران,طبق برنامه,,,,md88,فرودگاه مشهد,Domestic Arrival
2025-06-04 16:00:00,سپهران,SHI4344,كيش,طبق برنامه,,,,B737,فرودگاه مشهد,Domestic Arrival
2025-06-04 16:20:00,سپهران,SHI4327,رشت,طبق برنامه,,,,B737,فرودگاه مشهد,Domestic Arrival
2025-06-04 17:00:00,هواپیمایی اطلس,ATS8292,تهران,طبق برنامه,,,,B737,فرودگاه مشهد,Domestic Arrival
2025-06-04 17:00:00,کیش ایر,KIS7106,بندرعباس,طبق برنامه,,,,MD82,فرودگاه مشهد,Domestic Arrival
2025-06-04 17:40:00,آتا,TBZ5719,تهران,طبق برنامه,,,,MD80,فرودگاه مشهد,Domestic Arrival
2025-06-04 19:00:00,کیش ایر,KIS7069,تهران,باطل شد,,,,MD82,فرودگاه مشهد,Domestic Arrival
2025-06-04 19:15:00,هواپیمایی پارس,PRS4454,تهران,طبق برنامه,,,,B737,فرودگاه مشهد,Domestic Arrival
2025-06-04 19:20:00,فلای پرشیا,FPI7442,تهران,طبق برنامه,,,,B737,فرودگاه مشهد,Domestic Arrival
2025-06-04 19:50:00,آتا,TBZ5619,تهران,طبق برنامه,,,,MD80,فرودگاه مشهد,Domestic Arrival
2025-06-04 20:00:00,آتا,TBZ5749,اصفهان,طبق برنامه,,,,MD80,فرودگاه مشهد,Domestic Arrival
2025-06-04 20:05:00,تابان,TBN6314,رشت,طبق برنامه,,,,MD.88,فرودگاه مشهد,Domestic Arrival
2025-06-04 20:15:00,هواپیمایی پارس,PRS4400,تهران,طبق برنامه,,,,B737,فرودگاه مشهد,Domestic Arrival
2025-06-04 20:20:00,ایران ایر,IRA468,تهران,طبق برنامه,,,,A319,فرودگاه مشهد,Domestic Arrival
2025-06-04 20:50:00,آتا,TBZ5728,کرمان,طبق برنامه,,,,MD80,فرودگاه مشهد,Domestic Arrival
2025-06-04 21:15:00,وارش,VRH5803,ساری,طبق برنامه,,,,B737,فرودگاه مشهد,Domestic Arrival
2025-06-04 21:15:00,زاگرس,IZG4121,اهواز,طبق برنامه,,,,MD82,فرودگاه مشهد,Domestic Arrival
2025-06-04 21:25:00,قشم ایر,QSM1274,تبریز,طبق برنامه,,,,F100,فرودگاه مشهد,Domestic Arrival
2025-06-04 21:30:00,وارش,VRH5805,ساری,طبق برنامه,,,,B737,فرودگاه مشهد,Domestic Arrival
2025-06-04 21:30:00,آوا,AXV7730,تهران,طبق برنامه,,,,B737,فرودگاه مشهد,Domestic Arrival
2025-06-04 21:30:00,ایران ایرتور,IRB966,تهران,طبق برنامه,,,,MD82,فرودگاه مشهد,Domestic Arrival
2025-06-04 21:50:00,سپهران,SHI4339,اهواز,طبق برنامه,,,,B737,فرودگاه مشهد,Domestic Arrival
2025-06-04 22:00:00,ساها,IRZ170,تهران,طبق برنامه,,,,B737,فرودگاه مشهد,Domestic Arrival
2025-06-04 22:10:00,ماهان,IRM1037,تهران,طبق برنامه,,,,747,فرودگاه مشهد,Domestic Arrival
2025-06-04 23:00:00,هواپیمایی اطلس,ATS8287,آبادان,طبق برنامه,,,,B737,فرودگاه مشهد,Domestic Arrival
2025-06-04 23:00:00,هواپیمایی اطلس,ATS8297,آبادان,طبق برنامه,,,,MD83,فرودگاه مشهد,Domestic Arrival
2025-06-04 23:00:00,سپهران,SHI 4367,آبادان,طبق برنامه,,,,B737,فرودگاه مشهد,Domestic Arrival
2025-06-04 23:20:00,آتا,TBZ5706,شیراز,طبق برنامه,,,,MD80,فرودگاه مشهد,Domestic Arrival
2025-06-04 23:30:00,ایران ایرتور,IRB925,شیراز,طبق برنامه,,,,MD82,فرودگاه مشهد,Domestic Arrival
2025-06-04 00:30:00,تابان,TBN6256,تهران,طبق برنامه,,,,MD.88,فرودگاه مشهد,Domestic Arrival
2025-06-04 01:00:00,تابان,TBN6252,تهران,طبق برنامه,,,,MD.88,فرودگاه مشهد,Domestic Arrival
2025-06-04 01:00:00,زاگرس,IZG4111,شیراز,طبق برنامه,,,,MD82,فرودگاه مشهد,Domestic Arrival
2025-06-04 01:15:00,هواپیمایی پارس,PRS4414,آبادان,طبق برنامه,,,,B737,فرودگاه مشهد,Domestic Arrival
2025-06-04 01:40:00,آتا,TBZ5649,اصفهان,طبق برنامه,,,,MD80,فرودگاه مشهد,Domestic Arrival
2025-06-04 01:50:00,آتا,TBZ5648,آبادان,طبق برنامه,,,,MD80,فرودگاه مشهد,Domestic Arrival
2025-06-04 03:50:00,آوا,AXV7749,اهواز,طبق برنامه,,,,B737,فرودگاه مشهد,Domestic Arrival
2025-06-04 06:20:00,فلای پرشیا,FPI7440,تهران,طبق برنامه,,,,B737,فرودگاه مشهد,Domestic Arrival
2025-06-04 06:25:00,آسمان,IRC610,تهران,طبق برنامه,,,,F100,فرودگاه مشهد,Domestic Arrival
2025-06-04 06:45:00,هواپیمایی اطلس,ATS8278,تهران,طبق برنامه,,,,MD83,فرودگاه مشهد,Domestic Arrival
2025-06-04 07:00:00,وارش,VRH5805,ساری,طبق برنامه,,,,B737,فرودگاه مشهد,Domestic Arrival
2025-06-04 07:20:00,آتا,TBZ 5619,تهران,طبق برنامه,,,,MD80,فرودگاه مشهد,Domestic Arrival
2025-06-04 07:45:00,چابهار,IRU7660,تهران,طبق برنامه,,,,MD83,فرودگاه مشهد,Domestic Arrival
2025-06-04 07:45:00,اروان,INA6750,تهران,طبق برنامه,,,,B737,فرودگاه مشهد,Domestic Arrival
2025-06-04 08:00:00,ماهان,IRM1033,تهران,طبق برنامه,,,,BAE100,فرودگاه مشهد,Domestic Arrival
2025-06-04 08:20:00,کاسپین,CPN026,تهران,طبق برنامه,,,,B737,فرودگاه مشهد,Domestic Arrival
2025-06-04 08:55:00,آسمان,IRC600,تهران,طبق برنامه,,,,F100,فرودگاه مشهد,Domestic Arrival
2025-06-04 09:00:00,وارش,VRH5818,تهران,طبق برنامه,,,,B737,فرودگاه مشهد,Domestic Arrival
2025-06-04 09:00:00,زاگرس,IZG4042,تهران,طبق برنامه,,,,MD82,فرودگاه مشهد,Domestic Arrival
2025-06-04 09:35:00,کارون,KRU2554,ماهشهر,طبق برنامه,,,,B737,فرودگاه مشهد,Domestic Arrival
2025-06-04 09:40:00,آتا,TBZ5708,یزد,طبق برنامه,,,,MD80,فرودگاه مشهد,Domestic Arrival
2025-06-04 09:50:00,سپهران,SHI4359,کرمانشاه,طبق برنامه,,,,B737,فرودگاه مشهد,Domestic Arrival
2025-06-04 09:55:00,تابان,TBN6210,اصفهان,طبق برنامه,,,,MD.88,فرودگاه مشهد,Domestic Arrival
2025-06-04 10:40:00,هواپیمایی یزد,DZD6899,تهران,طبق برنامه,,,,BAE100,فرودگاه مشهد,Domestic Arrival
2025-06-04 10:50:00,چابهار,IRU7640,تهران,طبق برنامه,,,,MD83,فرودگاه مشهد,Domestic Arrival
2025-06-04 10:55:00,کاسپین,CPN6927,عسلویه,طبق برنامه,,,,MD83,فرودگاه مشهد,Domestic Arrival
2025-06-04 11:00:00,فلای پرشیا,FPI7438,تهران,طبق برنامه,,,,B737,فرودگاه مشهد,Domestic Arrival
2025-06-04 11:00:00,ایران ایرتور,IRB983,بوشهر,طبق برنامه,,,,MD82,فرودگاه مشهد,Domestic Arrival
2025-06-04 11:20:00,هواپیمایی رایمون,RAI7522,تهران,طبق برنامه,,,,EMB145,فرودگاه مشهد,Domestic Arrival
2025-06-04 11:30:00,قشم ایر,QSM1209,زاهدان,طبق برنامه,,,,F100,فرودگاه مشهد,Domestic Arrival
2025-06-04 11:30:00,وارش,VRH5840,تهران,طبق برنامه,,,,B737,فرودگاه مشهد,Domestic Arrival
2025-06-04 11:30:00,ایران ایرتور,IRB962,تهران,طبق برنامه,,,,MD82,فرودگاه مشهد,Domestic Arrival
2025-06-04 11:40:00,هواپیمایی رایمون,RAI7530,رشت,طبق برنامه,,,,EMB145,فرودگاه مشهد,Domestic Arrival
2025-06-04 11:40:00,آتا,TBZ5629,تهران,طبق برنامه,,,,MD80,فرودگاه مشهد,Domestic Arrival
2025-06-04 12:00:00,آوا,AXV7729,کرمانشاه,طبق برنامه,,,,B737,فرودگاه مشهد,Domestic Arrival
2025-06-04 12:00:00,آتا,TBZ5728,کرمان,طبق برنامه,,,,MD80,فرودگاه مشهد,Domestic Arrival
2025-06-04 12:00:00,آتا,TBZ5615,تبریز,طبق برنامه,,,,MD80,فرودگاه مشهد,Domestic Arrival
2025-06-04 12:00:00,وارش,VRH5855,اصفهان,طبق برنامه,,,,B737,فرودگاه مشهد,Domestic Arrival
2025-06-04 12:00:00,چابهار,IRU7610,تهران,طبق برنامه,,,,MD82,فرودگاه مشهد,Domestic Arrival
2025-06-04 12:30:00,زاگرس,IZG4103,تبریز,طبق برنامه,,,,MD82,فرودگاه مشهد,Domestic Arrival
2025-06-04 12:45:00,کاسپین,CPN4929,نوشهر,طبق برنامه,,,,B737,فرودگاه مشهد,Domestic Arrival
2025-06-04 13:00:00,زاگرس,IZG4040,تهران,طبق برنامه,,,,MD82,فرودگاه مشهد,Domestic Arrival
2025-06-04 20:30:00,تابان,TBN6326,تهران,طبق برنامه,,,,MD.88,فرودگاه مشهد,Domestic Arrival
2025-06-04 13:25:00,اروان,INA6753,آبادان,طبق برنامه,,,,B737,فرودگاه مشهد,Domestic Arrival
2025-06-04 13:40:00,چابهار,IRU7655,آبادان,طبق برنامه,,,,MD83,فرودگاه مشهد,Domestic Arrival
2025-06-04 13:55:00,ماهان,IRM1091,زنجان,طبق برنامه,,,,BAE100,فرودگاه مشهد,Domestic Arrival
2025-06-04 14:15:00,هواپیمایی رایمون,RAI7532,کرج,طبق برنامه,,,,EMB145,فرودگاه مشهد,Domestic Arrival
2025-06-04 14:20:00,آتا,TBZ5698,تهران,طبق برنامه,,,,MD80,فرودگاه مشهد,Domestic Arrival
2025-06-04 15:00:00,زاگرس,IZG4149,رشت,طبق برنامه,,,,MD82,فرودگاه مشهد,Domestic Arrival
2025-06-04 15:40:00,آتا,TBZ5649.,اصفهان,طبق برنامه,,,,MD80,فرودگاه مشهد,Domestic Arrival
2025-06-04 16:00:00,وارش,VRH5803,ساری,طبق برنامه,,,,B737,فرودگاه مشهد,Domestic Arrival
2025-06-04 16:30:00,هواپیمایی پارس,PRS4454,تهران,طبق برنامه,,,,B737,فرودگاه مشهد,Domestic Arrival
2025-06-04 16:30:00,ایران ایرتور,IRB901,تبریز,طبق برنامه,,,,MD82,فرودگاه مشهد,Domestic Arrival
2025-06-04 16:30:00,قشم ایر,QSM1252,تهران,طبق برنامه,,,,F100,فرودگاه مشهد,Domestic Arrival
2025-06-04 16:30:00,ایران ایرتور,IRB905,رشت,طبق برنامه,,,,MD82,فرودگاه مشهد,Domestic Arrival
2025-06-04 16:55:00,کاسپین,CPN024,تهران,طبق برنامه,,,,MD82,فرودگاه مشهد,Domestic Arrival
2025-06-04 16:55:00,آوا,AXV7741,رامسر,طبق برنامه,,,,B737,فرودگاه مشهد,Domestic Arrival
2025-06-04 17:00:00,کیش ایر,KIS7072,كيش,طبق برنامه,,,,MD82,فرودگاه مشهد,Domestic Arrival
2025-06-04 17:00:00,ایران ایرتور,IRB953,ارومیه,طبق برنامه,,,,MD82,فرودگاه مشهد,Domestic Arrival
2025-06-04 17:10:00,آتا,TBZ5613,تهران,طبق برنامه,,,,MD80,فرودگاه مشهد,Domestic Arrival
2025-06-04 17:25:00,سپهران,SHI4327,رشت,طبق برنامه,,,,B737,فرودگاه مشهد,Domestic Arrival
2025-06-04 18:15:00,هواپیمایی اطلس,ATS8270,تهران,طبق برنامه,,,,ERJ190,فرودگاه مشهد,Domestic Arrival
2025-06-04 18:15:00,هواپیمایی اطلس,ATS8288,تهران,طبق برنامه,,,,B737,فرودگاه مشهد,Domestic Arrival
2025-06-04 18:40:00,آتا,TBZ5719,تهران,طبق برنامه,,,,MD80,فرودگاه مشهد,Domestic Arrival
2025-06-04 18:45:00,آسمان,IRC3850,شیراز,طبق برنامه,,,,F100,فرودگاه مشهد,Domestic Arrival
2025-06-04 19:05:00,چابهار,IRU7650,تهران,طبق برنامه,,,,MD83,فرودگاه مشهد,Domestic Arrival
2025-06-04 19:30:00,آتا,TBZ5696,اهواز,طبق برنامه,,,,MD80,فرودگاه مشهد,Domestic Arrival
2025-06-04 19:45:00,ماهان,IRM1077,کرمان,طبق برنامه,,,,BAE100,فرودگاه مشهد,Domestic Arrival
2025-06-04 19:55:00,ایران ایر,IRA258,شیراز,طبق برنامه,,,,A319,فرودگاه مشهد,Domestic Arrival
2025-06-04 20:15:00,ماهان,IRM1099,اردبیل,طبق برنامه,,,,BAE100,فرودگاه مشهد,Domestic Arrival
2025-06-04 20:30:00,آتا,TBZ5749,اصفهان,طبق برنامه,,,,MD80,فرودگاه مشهد,Domestic Arrival
2025-06-04 21:15:00,وارش,VRH5902,تهران,طبق برنامه,,,,B737,فرودگاه مشهد,Domestic Arrival
2025-06-04 21:30:00,زاگرس,IZG4121,اهواز,طبق برنامه,,,,MD82,فرودگاه مشهد,Domestic Arrival
2025-06-04 21:30:00,کیش ایر,KIS7169,تهران,طبق برنامه,,,,MD82,فرودگاه مشهد,Domestic Arrival
2025-06-04 21:40:00,آوا,AXV7730,تهران,باطل شد,,,,B737,فرودگاه مشهد,Domestic Arrival
2025-06-04 21:45:00,وارش,VRH5811,اهواز,طبق برنامه,,,,B737,فرودگاه مشهد,Domestic Arrival
2025-06-04 21:55:00,تابان,TBN6202,آبادان,طبق برنامه,,,,MD.88,فرودگاه مشهد,Domestic Arrival
2025-06-04 22:05:00,سپهران,SHI4357,تبریز,طبق برنامه,,,,B737,فرودگاه مشهد,Domestic Arrival
2025-06-04 22:30:00,آوا,AXV7702,تهران,طبق برنامه,,,,B737,فرودگاه مشهد,Domestic Arrival
2025-06-04 22:30:00,آتا,TBZ5652,اصفهان,طبق برنامه,,,,MD80,فرودگاه مشهد,Domestic Arrival
2025-06-04 22:30:00,ایران ایرتور,IRB909,کرمانشاه,طبق برنامه,,,,MD82,فرودگاه مشهد,Domestic Arrival
2025-06-04 22:40:00,کاسپین,CPN6941,خرم‌آباد,طبق برنامه,,,,MD82,فرودگاه مشهد,Domestic Arrival
2025-06-04 22:45:00,هواپیمایی اطلس,ATS8284,تهران,طبق برنامه,,,,ERJ190,فرودگاه مشهد,Domestic Arrival
2025-06-04 22:50:00,هواپیمایی اطلس,ATS8297,آبادان,طبق برنامه,,,,MD83,فرودگاه مشهد,Domestic Arrival
2025-06-04 22:50:00,سپهران,SHI4339,اهواز,طبق برنامه,,,,B737,فرودگاه مشهد,Domestic Arrival
2025-06-04 23:00:00,هواپیمایی پارس,PRS4457,آبادان,طبق برنامه,,,,B737,فرودگاه مشهد,Domestic Arrival
2025-06-04 23:30:00,کیش ایر,KIS7069,تهران,طبق برنامه,,,,MD82,فرودگاه مشهد,Domestic Arrival
2025-06-04 11:00:00,سپهران,SHI7305,بغداد,نشست,4,2025-06-04 10:30:00,,B737,فرودگاه مشهد,International Arrival
2025-06-04 11:05:00,سپهران,SHI7311,نجف,نشست,2,2025-06-04 10:40:00,,B737,فرودگاه مشهد,International Arrival
2025-06-04 11:30:00,تابان,TBN7208,لاهور,نشست,5,2025-06-04 11:50:00,,MD.88,فرودگاه مشهد,International Arrival
2025-06-04 12:30:00,معراج,MRJ4814,بغداد,نشست,1,2025-06-04 12:15:00,,A320,فرودگاه مشهد,International Arrival
2025-06-04 13:10:00,کویت,KAC511,کویت,نشست,1,2025-06-04 13:20:00,,A320,فرودگاه مشهد,International Arrival
2025-06-04 14:00:00,وارش,VRH6847,کویت,نشست,5,2025-06-04 13:40:00,,B737,فرودگاه مشهد,International Arrival
2025-06-04 14:45:00,وارش,VRH6816,کویت,نشست,,2025-06-04 15:00:00,,B737,فرودگاه مشهد,International Arrival
2025-06-04 15:15:00,وارش,VRH6834,کویت,تاخیر,,,,B737,فرودگاه مشهد,International Arrival
2025-06-04 15:30:00,سپهران,SHI7307,کویت,اعلام ورود,,2025-06-04 15:25:00,,B737,فرودگاه مشهد,International Arrival
2025-06-04 16:30:00,وارش,VRH6855,کویت,طبق برنامه,,,,B737,فرودگاه مشهد,International Arrival
2025-06-04 16:45:00,سپهران,SHI7309,کویت,طبق برنامه,,,,B737,فرودگاه مشهد,International Arrival
2025-06-04 18:25:00,سپهران,SHI7377,کویت,طبق برنامه,,,,B737,فرودگاه مشهد,International Arrival
2025-06-04 18:35:00,ایران ایر,IRA672,نجف,تاخیر,,,,AB6,فرودگاه مشهد,International Arrival
2025-06-04 22:25:00,العربیه,ABY207,شارجه,طبق برنامه,,,,A321,فرودگاه مشهد,International Arrival
2025-06-04 22:30:00,وارش,VRH6851,کویت,طبق برنامه,,,,B737,فرودگاه مشهد,International Arrival
2025-06-04 22:45:00,سپهران,SHI7347,بغداد,طبق برنامه,,,,B737,فرودگاه مشهد,International Arrival
2025-06-04 23:00:00,معراج,MRJ4822,بغداد,طبق برنامه,,,,A320,فرودگاه مشهد,International Arrival
2025-06-04 23:50:00,آوا,AXV9213,نجف,طبق برنامه,,,,A310,فرودگاه مشهد,International Arrival
2025-06-04 00:45:00,سپهران,SHI7355,بغداد,طبق برنامه,,,,B737,فرودگاه مشهد,International Arrival
2025-06-04 00:50:00,ترکیش,THY888,استانبول,طبق برنامه,,,,A320,فرودگاه مشهد,International Arrival
2025-06-04 01:20:00,سپهران,SHI7331,نجف,طبق برنامه,,,,B737,فرودگاه مشهد,International Arrival
2025-06-04 01:20:00,سپهران,SHI7351,نجف,طبق برنامه,,,,B737,فرودگاه مشهد,International Arrival
2025-06-04 03:50:00,تابان,TBN7264,نجف,طبق برنامه,,,,A320,فرودگاه مشهد,International Arrival
2025-06-04 07:50:00,کام ایر,KMF7701,کابل,طبق برنامه,,,,B737,فرودگاه مشهد,International Arrival
2025-06-04 09:30:00,عراقی,IAW161,بغداد,طبق برنامه,,,,B737,فرودگاه مشهد,International Arrival
2025-06-04 09:45:00,ایران ایرتور,IRB9794,کابل,طبق برنامه,,,,MD82,فرودگاه مشهد,International Arrival
2025-06-04 10:00:00,آریانا افغان,AFG717,هرات,طبق برنامه,,,,A310,فرودگاه مشهد,International Arrival
2025-06-04 10:40:00,آوا,AXV9213,نجف,باطل شد,,,,B737,فرودگاه مشهد,International Arrival
2025-06-04 10:50:00,سپهران,SHI7347,بغداد,طبق برنامه,,,,B737,فرودگاه مشهد,International Arrival
2025-06-04 11:05:00,سپهران,SHI7305,بغداد,طبق برنامه,,,,B737,فرودگاه مشهد,International Arrival
2025-06-04 11:35:00,سپهران,SHI7311,نجف,طبق برنامه,,,,B737,فرودگاه مشهد,International Arrival
2025-06-04 11:55:00,زاگرس,IZG3041,نجف,طبق برنامه,,,,A319,فرودگاه مشهد,International Arrival
2025-06-04 12:15:00,سپهران,SHI7301,نجف,طبق برنامه,,,,B737,فرودگاه مشهد,International Arrival
2025-06-04 12:30:00,کاسپین,CPN7907,نجف,طبق برنامه,,,,B737,فرودگاه مشهد,International Arrival
2025-06-04 12:45:00,معراج,MRJ4800,نجف,طبق برنامه,,,,A320,فرودگاه مشهد,International Arrival
2025-06-04 13:20:00,آوا,AXV9205,نجف,طبق برنامه,,,,A310,فرودگاه مشهد,International Arrival
2025-06-04 13:45:00,ایران ایر,IRA602,کویت,طبق برنامه,,,,A319,فرودگاه مشهد,International Arrival
2025-06-04 13:45:00,العربیه,ABY205,شارجه,طبق برنامه,,,,A321,فرودگاه مشهد,International Arrival
2025-06-04 13:55:00,جزیره,JZR151,کویت,طبق برنامه,,,,A320,فرودگاه مشهد,International Arrival
2025-06-04 14:35:00,فلای دبی,FDB253,دبی,طبق برنامه,,,,737-800,فرودگاه مشهد,International Arrival
2025-06-04 16:00:00,هواپیمایی پارس,PRS5491,نجف,طبق برنامه,,,,B737,فرودگاه مشهد,International Arrival
2025-06-04 16:00:00,وارش,VRH6847,نجف,طبق برنامه,,,,B737,فرودگاه مشهد,International Arrival
2025-06-04 18:20:00,سپهران,SHI7357,دبی,طبق برنامه,,,,B737,فرودگاه مشهد,International Arrival
2025-06-04 18:35:00,فلای دبی,FDB251,دبی,طبق برنامه,,,,737-800,فرودگاه مشهد,International Arrival
2025-06-04 21:30:00,آوا,AXV9221,بغداد,طبق برنامه,,,,A310,فرودگاه مشهد,International Arrival
2025-06-04 22:55:00,ایران ایر,IRA688,دمام,طبق برنامه,,,,A319,فرودگاه مشهد,International Arrival
2025-06-04 23:00:00,هواپیمایی پارس,PRS6473,نجف,طبق برنامه,,,,B737,فرودگاه مشهد,International Arrival
2025-06-04 01:45:00,کیش ایر,KIS7059,مشهد,نشست03:55 | پایان دریافت بار,,2025-06-04 03:50:00,,MD82,فرودگاه شيراز,Domestic Arrival
2025-06-04 05:45:00,ساها,IRZ158,تهران,نشست05:47 | پایان دریافت بار,,2025-06-04 05:47:00,,737,فرودگاه شيراز,Domestic Arrival
2025-06-04 06:35:00,تابان,TBN6233,مشهد,نشست06:46 | پایان دریافت بار,,2025-06-04 06:46:00,,md88,فرودگاه شيراز,Domestic Arrival
2025-06-04 07:30:00,ایران ایرتور,IRB924,مشهد,نشست07:34 | پایان دریافت بار,,2025-06-04 07:34:00,,MD82,فرودگاه شيراز,Domestic Arrival
2025-06-04 08:05:00,ایران ایر,IRA236,تهران,نشست07:49 | پایان دریافت بار,,2025-06-04 07:50:00,,100,فرودگاه شيراز,Domestic Arrival
2025-06-04 08:50:00,آساجت,SJT8646,عسلویه,نشست08:59 | پایان دریافت بار,,2025-06-04 08:59:00,,EMB145,فرودگاه شيراز,Domestic Arrival
2025-06-04 08:50:00,قشم,QSM1233,خارگ,نشست09:05 | پایان دریافت بار,,2025-06-04 08:55:00,,100,فرودگاه شيراز,Domestic Arrival
2025-06-04 08:50:00,آسمان,IRC3771,تهران,نشست08:49 | پایان دریافت بار,,2025-06-04 08:49:00,,100,فرودگاه شيراز,Domestic Arrival
2025-06-04 09:30:00,کارون,KRU2592,سیری,نشست09:29 | پایان دریافت بار,,2025-06-04 09:29:00,,100,فرودگاه شيراز,Domestic Arrival
2025-06-04 09:50:00,کاسپین,CPN6949,عسلویه,نشست09:41 | پایان دریافت بار,,2025-06-04 09:41:00,,MD82,فرودگاه شيراز,Domestic Arrival
2025-06-04 10:35:00,کارون,KRU2578,لاوان,باطل شد,,,,100,فرودگاه شيراز,Domestic Arrival
2025-06-04 11:30:00,ایران ایر,IRA237b,بندرلنگه,نشست11:12 | پایان دریافت بار,,2025-06-04 11:15:00,,100,فرودگاه شيراز,Domestic Arrival
2025-06-04 14:00:00,آسمان,IRC3813,تبریز,نشست13:38 | پایان دریافت بار,,2025-06-04 13:38:00,,100,فرودگاه شيراز,Domestic Arrival
2025-06-04 15:30:00,آتا,TBZ5623,تهران,تاخیردارد18:30,,2025-06-04 18:30:00,,MD83,فرودگاه شيراز,Domestic Arrival
2025-06-04 17:15:00,قشم,QSM1260,تهران,طبق برنامه,,,,100,فرودگاه شيراز,Domestic Arrival
2025-06-04 20:40:00,آتا,TBZ5705,مشهد,طبق برنامه,,,,MD83,فرودگاه شيراز,Domestic Arrival
2025-06-04 20:45:00,کارون,KRU2534,ماهشهر,طبق برنامه,,,,100,فرودگاه شيراز,Domestic Arrival
2025-06-04 21:00:00,ایران ایرتور,IRB910,تبریز,طبق برنامه,,,,MD82,فرودگاه شيراز,Domestic Arrival
2025-06-04 21:20:00,آسمان,IRC3777,تهران,طبق برنامه,,,,100,فرودگاه شيراز,Domestic Arrival
2025-06-04 21:30:00,ساها,IRZ156,تهران,طبق برنامه,,,,737,فرودگاه شيراز,Domestic Arrival
2025-06-04 21:45:00,کیش ایر,KIS7060,كيش,طبق برنامه,,,,MD83,فرودگاه شيراز,Domestic Arrival
2025-06-04 22:15:00,زاگرس,IZG4110,مشهد,طبق برنامه,,,,MD82,فرودگاه شيراز,Domestic Arrival
2025-06-04 22:40:00,قشم,QSM1264,رشت,طبق برنامه,,,,100,فرودگاه شيراز,Domestic Arrival
2025-06-04 23:59:00,فلای پرشیا,FPI7405,تهران,طبق برنامه,,,,737,فرودگاه شيراز,Domestic Arrival
2025-06-05 00:30:00,پارس,PRS4406,تهران,طبق برنامه,,,,737,فرودگاه شيراز,Domestic Arrival
2025-06-05 01:00:00,آسمان,IRC3793,بندرعباس,طبق برنامه,,,,,فرودگاه شيراز,Domestic Arrival
2025-06-05 01:15:00,پارس,PRS4426a,تهران,طبق برنامه,,,,737,فرودگاه شيراز,Domestic Arrival
2025-06-05 02:00:00,کیش ایر,KIS7151,تهران,طبق برنامه,,,,MD83,فرودگاه شيراز,Domestic Arrival
2025-06-05 06:15:00,چابهار,IRU7646,تهران,طبق برنامه,,,,MD83,فرودگاه شيراز,Domestic Arrival
2025-06-05 06:30:00,ماهان,IRM4562,کرمان,طبق برنامه,,,,146-300,فرودگاه شيراز,Domestic Arrival
2025-06-05 07:20:00,کاسپین,CPN048,تهران,طبق برنامه,,,,MD83,فرودگاه شيراز,Domestic Arrival
2025-06-04 07:55:00,العربیه,ABY213,شارجه,نشست07:57 | پایان دریافت بار,,2025-06-04 07:55:00,,A320,فرودگاه شيراز,International Arrival
2025-06-04 09:45:00,سلام ایر,OMS553,مسقط,نشست09:34 | پایان دریافت بار,,2025-06-04 09:35:00,,A320,فرودگاه شيراز,International Arrival
2025-06-04 11:35:00,قشم,QSM2205,دبی,نشست12:17 | پایان دریافت بار,,2025-06-04 12:25:00,,A320,فرودگاه شيراز,International Arrival
2025-06-04 11:55:00,فلای دبی,FDB241,دبی,نشست12:00 | پایان دریافت بار,,2025-06-04 12:05:00,,737,فرودگاه شيراز,International Arrival
2025-06-04 16:10:00,جزیره,JZR181,کویت,طبق برنامه,,,,A320,فرودگاه شيراز,International Arrival
2025-06-05 03:40:00,قطر,QTR476,دوحه,طبق برنامه,,,,A320,فرودگاه شيراز,International Arrival
2025-06-04 05:30:00,آتا,TBZ5610,تهران,نشست05:30 | پایان دریافت بار,,2025-06-04 05:30:00,,MD83,فرودگاه تبريز,Domestic Arrival
2025-06-04 08:30:00,ایران ایرتور,IRB900,مشهد,نشست08:30 | پایان دریافت بار,,2025-06-04 08:25:00,,MDC-DC-9-82,فرودگاه تبريز,Domestic Arrival
2025-06-04 08:30:00,آتا,TBZ5602,تهران,نشست08:45 | پایان دریافت بار,,2025-06-04 08:40:00,,MD83,فرودگاه تبريز,Domestic Arrival
2025-06-04 10:00:00,ماهان,IRM4560,اصفهان,نشست09:50 | پایان دریافت بار,,2025-06-04 09:40:00,,BAE100,فرودگاه تبريز,Domestic Arrival
2025-06-04 10:10:00,معراج,MRJ2883,عسلویه,نشست11:15 | پایان دریافت بار,,2025-06-04 11:00:00,,A320,فرودگاه تبريز,Domestic Arrival
2025-06-04 10:30:00,ایران ایرتور,IRB911,شیراز,نشست10:25 | پایان دریافت بار,,2025-06-04 10:35:00,,MD83,فرودگاه تبريز,Domestic Arrival
2025-06-04 11:35:00,آسمان,IRC3812,شیراز,نشست11:25 | پایان دریافت بار,,2025-06-04 11:30:00,,100,فرودگاه تبريز,Domestic Arrival
2025-06-04 11:45:00,ایران ایرتور,IRB907,بندرعباس,نشست12:00 | پایان دریافت بار,,2025-06-04 11:55:00,,MDC-DC-9-82,فرودگاه تبريز,Domestic Arrival
2025-06-04 14:00:00,آتا,TBZ5604,تهران,نشست14:30 | پایان دریافت بار,,2025-06-04 14:20:00,,MD83,فرودگاه تبريز,Domestic Arrival
2025-06-04 15:00:00,آتا,TBZ5616,مشهد,طبق برنامه,,2025-06-04 15:00:00,,MD83,فرودگاه تبريز,Domestic Arrival
2025-06-04 17:00:00,ایران ایرتور,IRB946,تهران,طبق برنامه,,,,MD80,فرودگاه تبريز,Domestic Arrival
2025-06-04 18:00:00,ایران ایرتور,IRB950,مشهد,طبق برنامه,,,,MDC-DC-9-82,فرودگاه تبريز,Domestic Arrival
2025-06-04 18:00:00,آتا,TBZ5668,تهران,طبق برنامه,,,,MD83,فرودگاه تبريز,Domestic Arrival
2025-06-04 18:35:00,قشم,QSM1275,مشهد,طبق برنامه,,,,100,فرودگاه تبريز,Domestic Arrival
2025-06-04 19:00:00,آتا,TBZ5646,تهران,طبق برنامه,,,,MD83,فرودگاه تبريز,Domestic Arrival
2025-06-04 20:05:00,قشم,QSM1273,تهران,باطل شد,,,,100,فرودگاه تبريز,Domestic Arrival
2025-06-04 23:00:00,آتا,TBZ5606,تهران,طبق برنامه,,,,MD83,فرودگاه تبريز,Domestic Arrival
2025-06-05 00:30:00,آتا,TBZ5640,تهران,طبق برنامه,,,,MD83,فرودگاه تبريز,Domestic Arrival
2025-06-05 07:00:00,آتا,TBZ5610,تهران,طبق برنامه,,,,MD83,فرودگاه تبريز,Domestic Arrival
2025-06-05 08:30:00,کارون,KRU2657,اهواز,طبق برنامه,,,,737,فرودگاه تبريز,Domestic Arrival
2025-06-05 09:00:00,آتا,TBZ5602,تهران,طبق برنامه,,,,MD83,فرودگاه تبريز,Domestic Arrival
2025-06-04 06:20:00,ترکیش,TK882,استانبول,نشست06:00 | پایان دریافت بار,,2025-06-04 06:00:00,,A320,فرودگاه تبريز,International Arrival
2025-06-04 09:40:00,آتا,TBZ6638,نجف,نشست10:00,,2025-06-04 09:55:00,,MD83,فرودگاه تبريز,International Arrival
2025-06-04 13:00:00,آتا,TBZ6602,استانبول,نشست13:00 | پایان دریافت بار,,2025-06-04 13:00:00,,MD83,فرودگاه تبريز,International Arrival
2025-06-05 02:50:00,پگاسوس,PGT508,استانبول,طبق برنامه,,,,A320,فرودگاه تبريز,International Arrival
2025-06-05 06:20:00,ترکیش,TK882,استانبول,طبق برنامه,,,,A320,فرودگاه تبريز,International Arrival
2025-06-04 07:10:00,ماهان,IRM04560,کرمان,نشست07:00 | پایان دریافت بار,,2025-06-04 07:00:00,,BAE146,فرودگاه اصفهان,Domestic Arrival
2025-06-04 07:35:00,قشم,QSM1280,تهران,نشست07:40 | پایان دریافت بار,,2025-06-04 07:35:00,,f100,فرودگاه اصفهان,Domestic Arrival
2025-06-04 08:00:00,زاگرس,IZG4140,مشهد,نشست08:15 | پایان دریافت بار,,2025-06-04 08:05:00,,MD83,فرودگاه اصفهان,Domestic Arrival
2025-06-04 09:10:00,ساها,IRZ198,مشهد,نشست09:05 | پایان دریافت بار,,2025-06-04 09:10:00,,B737-400,فرودگاه اصفهان,Domestic Arrival
2025-06-04 09:15:00,کیش ایر,KIS7022,كيش,نشست08:55 | پایان دریافت بار,,2025-06-04 09:10:00,,MD83,فرودگاه اصفهان,Domestic Arrival
2025-06-04 10:45:00,کارون,KRU2563,عسلویه,نشست10:25 | پایان دریافت بار,,2025-06-04 10:40:00,,737,فرودگاه اصفهان,Domestic Arrival
2025-06-04 11:05:00,قشم,QSM1235,خارگ,نشست10:55 | پایان دریافت بار,,2025-06-04 11:10:00,,CRJ200,فرودگاه اصفهان,Domestic Arrival
2025-06-04 12:25:00,ایران ایر,IRA3383,بندرعباس,نشست13:15 | پایان دریافت بار,,2025-06-04 13:15:00,,ATR,فرودگاه اصفهان,Domestic Arrival
2025-06-04 12:30:00,ماهان,IRM04561,تبریز,نشست12:15 | پایان دریافت بار,,2025-06-04 12:20:00,,BAE146,فرودگاه اصفهان,Domestic Arrival
2025-06-04 15:05:00,رایمون,RAI7512,تهران,نشست14:55 | دریافت بار,,2025-06-04 14:55:00,,EMB145,فرودگاه اصفهان,Domestic Arrival
2025-06-04 15:15:00,کیش ایر,KIS7139,بندرعباس,باطل شد,,,,MD83,فرودگاه اصفهان,Domestic Arrival
2025-06-04 17:30:00,آتا,TBZ5750,مشهد,طبق برنامه,,,,MD83,فرودگاه اصفهان,Domestic Arrival
2025-06-04 18:15:00,قشم,QSM1309,قشم,طبق برنامه,,,,CRJ200,فرودگاه اصفهان,Domestic Arrival
2025-06-04 20:00:00,کارون,KRU2544,ماهشهر,طبق برنامه,,,,,فرودگاه اصفهان,Domestic Arrival
2025-06-04 21:10:00,آسمان,IRC3758,آبادان,تاخیردارد22:25,,2025-06-04 22:25:00,,100,فرودگاه اصفهان,Domestic Arrival
2025-06-04 22:00:00,یزد ایر,DZD9439,تهران,باطل شد,,,,RJ100,فرودگاه اصفهان,Domestic Arrival
2025-06-04 23:20:00,آتا,TBZ5650,مشهد,طبق برنامه,,,,MD83,فرودگاه اصفهان,Domestic Arrival
2025-06-05 07:30:00,تابان,TBN6209,مشهد,طبق برنامه,,,,MD80,فرودگاه اصفهان,Domestic Arrival
2025-06-05 08:00:00,ایران ایر,IRA252,تهران,طبق برنامه,,,,A319,فرودگاه اصفهان,Domestic Arrival
2025-06-05 08:30:00,آتا,TBZ5650,مشهد,طبق برنامه,,,,MD83,فرودگاه اصفهان,Domestic Arrival
2025-06-04 10:05:00,کاسپین,CPN7929,نجف,باطل شد,,,,B737-400,فرودگاه اصفهان,International Arrival
2025-06-04 16:45:00,عراقی,IAW171,نجف,طبق برنامه,,,,B737-400,فرودگاه اصفهان,International Arrival
2025-06-05 01:10:00,ترکیش,THY892,استانبول,طبق برنامه,,,,B737-400,فرودگاه اصفهان,International Arrival
2025-06-05 07:00:00,عراقی,IAW171,بغداد,طبق برنامه,,,,B737-400,فرودگاه اصفهان,International Arrival
2025-06-04 00:45:00,کارون,KRU2624,اصفهان,نشست00:50 | پایان دریافت بار,,2025-06-04 00:50:00,,,فرودگاه اهواز,Domestic Arrival
2025-06-04 02:00:00,کارون,KRU2674,تهران,نشست03:00 | پایان دریافت بار,,2025-06-04 03:00:00,,,فرودگاه اهواز,Domestic Arrival
2025-06-04 05:30:00,آتا,TBZ5693,تهران,نشست05:42 | پایان دریافت بار,,2025-06-04 05:42:00,,,فرودگاه اهواز,Domestic Arrival
2025-06-04 05:30:00,زاگرس,IZG4022,تهران,باطل شد,,,,,فرودگاه اهواز,Domestic Arrival
2025-06-04 08:30:00,ایران ایر,IRA311,تهران,نشست08:10 | پایان دریافت بار,,2025-06-04 08:10:00,,,فرودگاه اهواز,Domestic Arrival
2025-06-04 11:00:00,پارس,PRS4479,مشهد,نشست11:55 | پایان دریافت بار,,2025-06-04 11:55:00,,,فرودگاه اهواز,Domestic Arrival
2025-06-04 14:50:00,کارون,KRU2574,عسلویه,طبق برنامه,,,,,فرودگاه اهواز,Domestic Arrival
2025-06-04 16:30:00,آتا,TBZ5621,تهران,طبق برنامه,,,,,فرودگاه اهواز,Domestic Arrival
2025-06-04 17:30:00,آتا,TBZ5627,تهران,طبق برنامه,,,,MD.88,فرودگاه اهواز,Domestic Arrival
2025-06-04 18:00:00,زاگرس,IZG4020,تهران,طبق برنامه,,,,,فرودگاه اهواز,Domestic Arrival
2025-06-04 18:30:00,زاگرس,IZG4120,مشهد,طبق برنامه,,,,,فرودگاه اهواز,Domestic Arrival
2025-06-04 19:00:00,سپهران,SHI4338,مشهد,طبق برنامه,,,,MD.88,فرودگاه اهواز,Domestic Arrival
2025-06-04 20:30:00,آتا,TBZ5635,تهران,طبق برنامه,,,,MD.88,فرودگاه اهواز,Domestic Arrival
2025-06-04 22:30:00,ایران ایرتور,IRB954,مشهد,باطل شد,,,,MD.88,فرودگاه اهواز,Domestic Arrival
2025-06-04 23:05:00,ایران ایر,IRA335,مشهد,طبق برنامه,,,,A319,فرودگاه اهواز,Domestic Arrival
2025-06-04 23:10:00,چابهار ایر,IRU7642,تهران,طبق برنامه,,,,,فرودگاه اهواز,Domestic Arrival
2025-06-04 23:59:00,آتا,TBZ5625,تهران,طبق برنامه,,,,MD.88,فرودگاه اهواز,Domestic Arrival
2025-06-05 00:55:00,آوا ایرلاین,AXV7748,مشهد,طبق برنامه,,,,MD.88,فرودگاه اهواز,Domestic Arrival
2025-06-05 06:30:00,وارش,VRH5852,عسلویه,طبق برنامه,,,,,فرودگاه اهواز,Domestic Arrival
2025-06-05 08:00:00,آتا,TBZ5635,تهران,طبق برنامه,,,,,فرودگاه اهواز,Domestic Arrival
2025-06-05 08:35:00,ماهان,IRM4562,شیراز,طبق برنامه,,,,146-100,فرودگاه اهواز,Domestic Arrival
2025-06-04 14:30:00,ایران ایر,IRA649,دبی,طبق برنامه,,,,,فرودگاه اهواز,International Arrival
2025-06-04 15:30:00,یزد ایر,DZD9449,تهران,طبق برنامه,,,,,فرودگاه بوشهر,Domestic Arrival
2025-06-04 22:40:00,کاسپین,CPN6900,تهران,طبق برنامه,,,,,فرودگاه بوشهر,Domestic Arrival
2025-06-05 08:00:00,ایران ایرتور,IRB982,مشهد,طبق برنامه,,,,,فرودگاه بوشهر,Domestic Arrival
2025-06-05 08:00:00,فلای دبی,FDB281,دبی,طبق برنامه,,,,,فرودگاه بوشهر,International Arrival
2025-06-04 01:05:00,ایران ایر,IRA3366,یزد,نشست02:44 | پایان دریافت بار,,2025-06-04 02:30:00,,ATR,فرودگاه بندرعباس,Domestic Arrival
2025-06-04 08:30:00,ایران ایرتور,IRB912,تهران,نشست08:10 | پایان دریافت بار,,2025-06-04 08:10:00,,,فرودگاه بندرعباس,Domestic Arrival
2025-06-04 08:55:00,ماهان,IRM1095,تهران,باطل شد,,,,A340,فرودگاه بندرعباس,Domestic Arrival
2025-06-04 09:40:00,ایران ایر,IRA3457,چابهار,نشست09:40 | پایان دریافت بار,,2025-06-04 09:40:00,,,فرودگاه بندرعباس,Domestic Arrival
2025-06-04 12:45:00,کیش ایر,KIS7138,اصفهان,باطل شد,,,,MD.88,فرودگاه بندرعباس,Domestic Arrival
2025-06-04 14:00:00,کیش ایر,KIS7107,مشهد,نشست13:42 | پایان دریافت بار,,2025-06-04 13:40:00,,A321,فرودگاه بندرعباس,Domestic Arrival
2025-06-04 17:50:00,پويا,PYA2348,تهران,طبق برنامه,,,,EMB145,فرودگاه بندرعباس,Domestic Arrival
2025-06-04 20:00:00,ایران ایرتور,IRB906,تبریز,طبق برنامه,,,,MD83,فرودگاه بندرعباس,Domestic Arrival
2025-06-04 20:45:00,وارش,VRH5814,تهران,طبق برنامه,,,,737-500,فرودگاه بندرعباس,Domestic Arrival
2025-06-04 22:45:00,زاگرس,IZG4050,تهران,طبق برنامه,,,,,فرودگاه بندرعباس,Domestic Arrival
2025-06-04 23:15:00,آسمان,IRC3792,شیراز,طبق برنامه,,,,100,فرودگاه بندرعباس,Domestic Arrival
2025-06-05 06:45:00,پارس,PRS4486,شیراز,طبق برنامه,,,,CRJ200,فرودگاه بندرعباس,Domestic Arrival
2025-06-05 09:00:00,پارس,PRS4485,جزیره ابوموسی,طبق برنامه,,,,CRJ200,فرودگاه بندرعباس,Domestic Arrival
2025-06-04 17:30:00,فلای دبی,FDB243,دبی,طبق برنامه,,,,737,فرودگاه بندرعباس,International Arrival
2025-06-04 08:30:00,آتا,TBZ5662,تهران,نشست09:07 | پایان دریافت بار,,2025-06-04 09:10:00,,MD83,فرودگاه کرمان,Domestic Arrival
2025-06-04 08:50:00,ماهان,IRM1051,تهران,نشست08:37 | پایان دریافت بار,,2025-06-04 08:40:00,,BAE146,فرودگاه کرمان,Domestic Arrival
2025-06-04 14:30:00,ماهان,IRM4561,تبریز,نشست14:13 | پایان دریافت بار,,2025-06-04 14:15:00,,BAE146,فرودگاه کرمان,Domestic Arrival
2025-06-04 18:10:00,ماهان,IRM1067,تهران,طبق برنامه,,,,BAE146,فرودگاه کرمان,Domestic Arrival
2025-06-04 18:30:00,آتا,TBZ5727,مشهد,طبق برنامه,,,,MD83,فرودگاه کرمان,Domestic Arrival
2025-06-04 19:20:00,آتا,TBZ5664,تهران,طبق برنامه,,,,MD83,فرودگاه کرمان,Domestic Arrival
2025-06-04 19:55:00,ماهان,IRM1055,تهران,طبق برنامه,,,,BAE146,فرودگاه کرمان,Domestic Arrival
2025-06-04 21:40:00,کارون,KRU2676,تهران,طبق برنامه,,,,737-300,فرودگاه کرمان,Domestic Arrival
2025-06-04 22:30:00,ماهان,IRM1079,تهران,باطل شد,,,,BAE146,فرودگاه کرمان,Domestic Arrival
2025-06-05 01:25:00,ماهان,IRM1053,تهران,طبق برنامه,,,,BAE146,فرودگاه کرمان,Domestic Arrival
2025-06-04 18:30:00,وارش,VRH5804,مشهد,طبق برنامه,,,,737,فرودگاه ساري,Domestic Arrival
2025-06-04 19:15:00,وارش,VRH5800,تهران,طبق برنامه,,,,737,فرودگاه ساري,Domestic Arrival
2025-06-04 23:15:00,وارش,VRH5802,مشهد,طبق برنامه,,,,737,فرودگاه ساري,Domestic Arrival
2025-06-04 04:40:00,کیش ایر,KIS7085,تهران,نشست04:25 | پایان دریافت بار,,2025-06-04 04:25:00,,MD83,فرودگاه يزد,Domestic Arrival
2025-06-04 07:20:00,آتا,TBZ5709,مشهد,نشست07:25 | پایان دریافت بار,,2025-06-04 07:25:00,,MD83,فرودگاه يزد,Domestic Arrival
2025-06-04 08:45:00,یزد ایر,DZD9419,تهران,نشست08:40 | پایان دریافت بار,,2025-06-04 08:40:00,,146-100,فرودگاه يزد,Domestic Arrival
2025-06-04 15:25:00,یزد ایر,DZD9441,تهران,اعلام ورود,,2025-06-04 15:45:00,,146-100,فرودگاه يزد,Domestic Arrival
2025-06-04 19:20:00,رایمون,RAI7526,تهران,باطل شد,,,,EMB145,فرودگاه يزد,Domestic Arrival
2025-06-04 19:55:00,یزد ایر,DZD6897,تهران,طبق برنامه,,,,BAE146,فرودگاه يزد,Domestic Arrival
2025-06-04 21:30:00,آتا,TBZ5670,تهران,باطل شد,,,,MD83,فرودگاه يزد,Domestic Arrival
2025-06-04 23:40:00,یزد ایر,DZD9443,تهران,طبق برنامه,,,,146-100,فرودگاه يزد,Domestic Arrival
2025-06-05 06:10:00,کیش ایر,KIS7085,تهران,باطل شد,,,,MD83,فرودگاه يزد,Domestic Arrival
2025-06-05 07:20:00,آتا,TBZ5709,مشهد,طبق برنامه,,,,MD83,فرودگاه يزد,Domestic Arrival
2025-06-04 05:30:00,آتا,TBZ5677,تهران,باطل شد,,,,,فرودگاه اروميه,Domestic Arrival
2025-06-04 16:35:00,کاسپین,CPN036,تهران,طبق برنامه,,,,,فرودگاه اروميه,Domestic Arrival
2025-06-04 16:45:00,ایران ایر,IRA277,تهران,طبق برنامه,,,,,فرودگاه اروميه,Domestic Arrival
2025-06-04 18:00:00,ایران ایرتور,IRB980,تهران,طبق برنامه,,,,,فرودگاه اروميه,Domestic Arrival
2025-06-04 20:30:00,آتا,TBZ5679,تهران,تاخیردارد23:40,,2025-06-04 23:40:00,,,فرودگاه اروميه,Domestic Arrival
2025-06-05 07:00:00,آتا,TBZ5677,تهران,طبق برنامه,,,,,فرودگاه اروميه,Domestic Arrival
2025-06-04 13:50:00,کاسپین,CPN7979,استانبول,نشست13:57 | پایان دریافت بار,,2025-06-04 13:57:00,,,فرودگاه اروميه,International Arrival
2025-06-04 08:15:00,سپهران,SHI4358,مشهد,نشست08:18 | پایان دریافت بار,,2025-06-04 08:18:00,,,فرودگاه کرمانشاه,Domestic Arrival
2025-06-04 15:25:00,ماهان,IRM1010,تهران,طبق برنامه,,,,,فرودگاه کرمانشاه,Domestic Arrival
2025-06-04 17:00:00,آساجت,SJT8606,تهران,طبق برنامه,,,,,فرودگاه کرمانشاه,Domestic Arrival
2025-06-04 19:05:00,چابهار ایر,IRU7636,تهران,طبق برنامه,,,,,فرودگاه کرمانشاه,Domestic Arrival
2025-06-05 06:50:00,ایران ایر,IRA285,تهران,طبق برنامه,,,,,فرودگاه کرمانشاه,Domestic Arrival
2025-06-05 07:00:00,سپهران,SHI4358,مشهد,طبق برنامه,,,,,فرودگاه کرمانشاه,Domestic Arrival
2025-06-05 07:50:00,قشم,QSM1291,تهران,طبق برنامه,,,,,فرودگاه کرمانشاه,Domestic Arrival
2025-06-05 08:15:00,ماهان,IRM1010,تهران,طبق برنامه,,,,,فرودگاه کرمانشاه,Domestic Arrival
2025-06-05 09:00:00,آوا,AXV7728,مشهد,طبق برنامه,,,,,فرودگاه کرمانشاه,Domestic Arrival
2025-06-04 09:35:00,یزد ایر,DZD9446,یزد,نشست11:38 | پایان دریافت بار,,2025-06-04 11:30:00,,,فرودگاه رشت,Domestic Arrival
2025-06-04 10:45:00,وارش,VRH5906,عسلویه,نشست10:23 | پایان دریافت بار,,2025-06-04 10:20:00,,,فرودگاه رشت,Domestic Arrival
2025-06-04 13:45:00,سپهران,SHI4326,مشهد,نشست14:01 | پایان دریافت بار,,2025-06-04 14:05:00,,,فرودگاه رشت,Domestic Arrival
2025-06-04 14:00:00,ایران ایرتور,IRB904,مشهد,نشست14:20 | پایان دریافت بار,,2025-06-04 14:15:00,,,فرودگاه رشت,Domestic Arrival
2025-06-04 17:30:00,تابان,TBN6313,مشهد,طبق برنامه,,,,,فرودگاه رشت,Domestic Arrival
2025-06-04 19:55:00,قشم,QSM1264,شیراز,طبق برنامه,,,,,فرودگاه رشت,Domestic Arrival
2025-06-04 21:50:00,ایران ایر,IRA3331,تهران,طبق برنامه,,,,,فرودگاه رشت,Domestic Arrival
2025-06-04 23:40:00,رایمون,RAI7510,تهران,طبق برنامه,,,,,فرودگاه رشت,Domestic Arrival
2025-06-04 12:45:00,عراقی,IAW1199,بغداد,نشست12:58 | پایان دریافت بار,,2025-06-04 12:35:00,,,فرودگاه رشت,International Arrival
2025-06-04 12:00:00,ماهان,IRM4558,چابهار,باطل شد,,,,,فرودگاه زاهدان,Domestic Arrival
2025-06-04 19:00:00,قشم,QSM1297,گرگان,طبق برنامه,,,,,فرودگاه زاهدان,Domestic Arrival
2025-06-04 21:45:00,ماهان,IRM4541,تهران,طبق برنامه,,,,,فرودگاه زاهدان,Domestic Arrival
2025-06-04 07:00:00,زاگرس,IZG4106,مشهد,تخمین نشست 07:15 | نشست07:15 | پایان دریافت بار,,2025-06-04 07:15:00,,MD83,فرودگاه آبادان,Domestic Arrival
2025-06-04 09:45:00,اطلس ایر,ATS8296,مشهد,تخمین نشست 10:25 | نشست10:23,,2025-06-04 10:25:00,,MD83,فرودگاه آبادان,Domestic Arrival
2025-06-04 10:00:00,پارس,PRS4456,مشهد,تخمین نشست 10:15 | نشست10:17 | پایان دریافت بار,,2025-06-04 10:15:00,,737,فرودگاه آبادان,Domestic Arrival
2025-06-04 10:35:00,ایر وان,INA6752,مشهد,تخمین نشست 11:20 | نشست11:16 | پایان دریافت بار,,2025-06-04 11:20:00,,MD82,فرودگاه آبادان,Domestic Arrival
2025-06-04 19:30:00,آسمان,IRC3750,تهران,طبق برنامه,,,,,فرودگاه آبادان,Domestic Arrival
2025-06-04 20:00:00,اطلس ایر,ATS8273,تهران,طبق برنامه,,,,MD83,فرودگاه آبادان,Domestic Arrival
2025-06-04 20:00:00,اطلس ایر,ATS8286,مشهد,طبق برنامه,,,,737,فرودگاه آبادان,Domestic Arrival
2025-06-04 20:00:00,سپهران,SHI4366,مشهد,طبق برنامه,,,,737,فرودگاه آبادان,Domestic Arrival
2025-06-04 21:45:00,ایران ایر,IRA265,تهران,طبق برنامه,,,,,فرودگاه آبادان,Domestic Arrival
2025-06-04 21:50:00,آتا,TBZ5690,تهران,تاخیردارد23:00,,2025-06-04 23:00:00,,,فرودگاه آبادان,Domestic Arrival
2025-06-04 22:00:00,کیش ایر,KIS7105,تهران,باطل شد,,,,MD82,فرودگاه آبادان,Domestic Arrival
2025-06-04 22:15:00,پارس,PRS4415,مشهد,طبق برنامه,,,,737,فرودگاه آبادان,Domestic Arrival
2025-06-04 22:45:00,آسمان,IRC3759,اصفهان,طبق برنامه,,,,,فرودگاه آبادان,Domestic Arrival
2025-06-04 23:00:00,آتا,TBZ5647,مشهد,طبق برنامه,,,,MD82,فرودگاه آبادان,Domestic Arrival
2025-06-04 09:05:00,یزد ایر,DZD9413,تهران,باطل شد,,,,CRJ200,فرودگاه گرگان,Domestic Arrival
2025-06-04 10:40:00,آسمان,IRC630,تهران,باطل شد,,,,100,فرودگاه گرگان,Domestic Arrival
2025-06-04 13:45:00,آساجت,SJT8630,تهران,نشست14:05 | پایان دریافت بار,,2025-06-04 14:05:00,,EMB145,فرودگاه گرگان,Domestic Arrival
2025-06-04 16:10:00,قشم,QSM1294,تهران,طبق برنامه,,,,f100,فرودگاه گرگان,Domestic Arrival
2025-06-04 17:15:00,ایران ایر,IRA246,تهران,تاخیردارد22:55,,2025-06-04 22:55:00,,100,فرودگاه گرگان,Domestic Arrival
2025-06-04 21:45:00,قشم,QSM1296,زاهدان,طبق برنامه,,,,f100,فرودگاه گرگان,Domestic Arrival
2025-06-04 10:25:00,کاسپین,CPN4922,مشهد,اعلام ورود | نشست10:55,,2025-06-04 10:25:00,,,فرودگاه همدان,Domestic Arrival
2025-06-04 08:40:00,ماهان,IRM4536,تهران,نشست08:27 | پایان دریافت بار,,2025-06-04 08:27:00,,RJ100,فرودگاه اردبيل,Domestic Arrival
2025-06-04 14:20:00,آتا,TBZ5633,تهران,نشست14:40 | پایان دریافت بار,,2025-06-04 14:40:00,,MD83,فرودگاه اردبيل,Domestic Arrival
2025-06-04 19:20:00,ماهان,IRM1026,تهران,طبق برنامه,,,,RJ100,فرودگاه اردبيل,Domestic Arrival
2025-06-04 06:05:00,آسمان,IRC840,تهران,باطل شد,,,,,فرودگاه ايلام,Domestic Arrival
2025-06-04 19:10:00,ماهان,IRM4542,تهران,طبق برنامه,,,,,فرودگاه شهرکرد,Domestic Arrival
2025-06-04 17:40:00,کاسپین,CPN6982,تهران,طبق برنامه,,,,MD83,فرودگاه لارستان,Domestic Arrival
2025-06-04 11:15:00,فلای دبی,FDB267,دبی,نشست11:30 | پایان دریافت بار,,2025-06-04 11:30:00,,737,فرودگاه لارستان,International Arrival
2025-06-04 13:30:00,العربیه,ABY217,شارجه,نشست13:15,,2025-06-04 13:15:00,,A321,فرودگاه لارستان,International Arrival
2025-06-04 15:15:00,ماهان,IRM1006,تهران,طبق برنامه,,,,,فرودگاه خرم آباد,Domestic Arrival
2025-06-04 08:15:00,ماهان,IRM1085,تهران,نشست08:10 | پایان دریافت بار,,2025-06-04 08:10:00,,BAE146,فرودگاه زابل,Domestic Arrival
2025-06-04 13:05:00,ماهان,IRM1041,مشهد,نشست13:10 | پایان دریافت بار,,2025-06-04 13:10:00,,,فرودگاه زابل,Domestic Arrival
2025-05-28 06:50:00,کاسپین,CPN024,مشهد,پرواز كرد,"12, 13",2025-05-28 07:21:00,EPCPU,MD83,فرودگاه مهرآباد,Domestic Departure
2025-05-28 07:00:00,اطلس ایر,ATS8271,كيش,پرواز كرد,"16, 17",2025-05-28 07:39:00,EPSAP,MD83,فرودگاه مهرآباد,Domestic Departure
2025-05-28 07:00:00,آتا,TBZ5700,سیرجان,پرواز كرد,"26, 27",2025-05-28 07:27:00,EPTAH,737-700,فرودگاه مهرآباد,Domestic Departure
2025-05-28 07:05:00,پويا,PYA2350,اصفهان,پرواز كرد,14,2025-05-28 07:23:00,EPPUN,EMB145,فرودگاه مهرآباد,Domestic Departure
2025-05-28 07:05:00,ایران ایر,IRA311,اهواز,پرواز كرد,"5, 6",2025-05-28 07:29:00,EPIEQ,A319,فرودگاه مهرآباد,Domestic Departure
2025-05-28 07:10:00,ماهان,IRM4525,چابهار,پرواز كرد,25,2025-05-28 07:32:00,EPMEU,rj100,فرودگاه مهرآباد,Domestic Departure
2025-05-28 07:30:00,کارون,KRU2516,لاوان,پرواز كرد,"18, 19",2025-05-28 08:10:00,EPMIS,F100,فرودگاه مهرآباد,Domestic Departure
2025-05-28 07:35:00,معراج,MRJ2816,عسلویه,پرواز كرد,"14, 15",2025-05-28 07:45:00,EPSSN,A321,فرودگاه مهرآباد,Domestic Departure
2025-05-28 07:35:00,کاسپین,CPN016,چابهار,پرواز كرد,"8, 9",2025-05-28 07:47:00,EPCPD,MD83,فرودگاه مهرآباد,Domestic Departure
2025-05-28 08:30:00,وارش,VRH5876,مشهد,پرواز كرد,7,2025-05-28 09:00:00,EPVAF,B737,فرودگاه مهرآباد,Domestic Departure
2025-05-28 08:45:00,وارش,VRH5856,مشهد,پرواز كرد,6,2025-05-28 08:54:00,EPVBM,B737,فرودگاه مهرآباد,Domestic Departure
2025-05-28 09:00:00,رایمون,RAI7512,اصفهان,پرواز كرد,"3, 4",2025-05-28 09:09:00,EPNEA,EMB145,فرودگاه مهرآباد,Domestic Departure
2025-05-28 09:05:00,آتا,TBZ5655,سبزوار,پرواز كرد,"28, 29",2025-05-28 09:34:00,EPTAR,MD83,فرودگاه مهرآباد,Domestic Departure
2025-05-28 09:10:00,ساها,IRZ170,مشهد,پرواز كرد,"8, 9",2025-05-28 10:01:00,EPSII,737-700,فرودگاه مهرآباد,Domestic Departure
2025-05-28 09:20:00,فلای پرشیا,FPI7440,مشهد,پرواز كرد,"18, 19",2025-05-28 10:56:00,EPFPA,B737,فرودگاه مهرآباد,Domestic Departure
2025-05-28 09:25:00,آتا,TBZ5623,شیراز,پرواز كرد,"12, 13",2025-05-28 09:50:00,EPTAM,MD83,فرودگاه مهرآباد,Domestic Departure
2025-05-28 09:30:00,آساجت,SJT8660,رشت,پرواز كرد,14,2025-05-28 09:30:00,EPJEK,EMB145,فرودگاه مهرآباد,Domestic Departure
2025-05-28 09:30:00,پويا,PYA2312,مشهد,پرواز كرد,14,2025-05-28 09:56:00,EPPUO,EMB145,فرودگاه مهرآباد,Domestic Departure
2025-05-28 09:30:00,ماهان,IRM1095,بندرعباس,پرواز كرد,"21, 22, 23",2025-05-28 09:46:00,EPMEE,146-200,فرودگاه مهرآباد,Domestic Departure
2025-05-28 09:35:00,چابهار,IRU7640,مشهد,پرواز كرد,3,2025-05-28 09:41:00,EPSEB,MD83,فرودگاه مهرآباد,Domestic Departure
2025-05-28 09:40:00,آسمان,IRC630,گرگان,پرواز كرد,28,2025-05-28 09:55:00,EPASR,F100,فرودگاه مهرآباد,Domestic Departure
2025-05-28 09:50:00,وارش,VRH5840,مشهد,پرواز كرد,5,2025-05-28 10:13:00,EPVAR,B737,فرودگاه مهرآباد,Domestic Departure
2025-05-28 09:50:00,کاسپین,CPN044,كيش,پرواز كرد,"12, 13",2025-05-28 10:17:00,EPCAQ,737,فرودگاه مهرآباد,Domestic Departure
2025-05-28 10:00:00,آتا,TBZ5631,اهواز,پرواز كرد,"24, 25",2025-05-28 11:02:00,EPTAJ,MD83,فرودگاه مهرآباد,Domestic Departure
2025-05-28 10:00:00,کیش ایر,KIS7053,كيش,پرواز كرد,"11, 12",2025-05-28 10:08:00,EPLCK,MD83,فرودگاه مهرآباد,Domestic Departure
2025-05-28 10:05:00,اطلس ایر,ATS8291,بوشهر,باطل شد,,,,RJ85,فرودگاه مهرآباد,Domestic Departure
2025-05-28 10:10:00,کارون,KRU2520,ماهشهر,پرواز كرد,"21, 22",2025-05-28 10:19:00,EPJIB,737,فرودگاه مهرآباد,Domestic Departure
2025-05-28 10:10:00,آسمان,IRC602,مشهد,پرواز كرد,29,2025-05-28 10:32:00,EPATE,F100,فرودگاه مهرآباد,Domestic Departure
2025-05-28 10:20:00,قشم ایر,QSM1252,مشهد,پرواز كرد,"16, 17",2025-05-28 10:28:00,EPFQI,F100,فرودگاه مهرآباد,Domestic Departure
2025-05-28 10:30:00,آتا,TBZ5729,مشهد,پرواز كرد,"28, 29",2025-05-28 11:00:00,EPTAZ,MD83,فرودگاه مهرآباد,Domestic Departure
2025-05-28 10:30:00,ایران ایرتور,IRB996,كيش,پرواز كرد,"5, 6",2025-05-28 10:51:00,EPMDC,MD83,فرودگاه مهرآباد,Domestic Departure
2025-05-28 10:45:00,کارون,KRU2604,اهواز,پرواز كرد,"14, 15",2025-05-28 12:05:00,EPJIA,737,فرودگاه مهرآباد,Domestic Departure
2025-05-28 11:10:00,آتا,TBZ5659,كيش,پرواز كرد,"12, 13",2025-05-28 11:16:00,EPTAO,MD83,فرودگاه مهرآباد,Domestic Departure
2025-05-28 11:50:00,یزد ایر,DZD9441,یزد,پرواز كرد,"6, 7",2025-05-28 13:04:00,EPMOC,146-200,فرودگاه مهرآباد,Domestic Departure
2025-05-28 11:50:00,کاسپین,CPN6914,عسلویه,پرواز كرد,"8, 9",2025-05-28 12:08:00,EPCAS,MD83,فرودگاه مهرآباد,Domestic Departure
2025-05-28 12:05:00,آتا,TBZ5633,اردبیل,پرواز كرد,"24, 25",2025-05-28 12:12:00,EPTAH,MD83,فرودگاه مهرآباد,Domestic Departure
2025-05-28 12:30:00,یزد ایر,DZD9449,بوشهر,پرواز كرد,"10, 11",2025-05-28 13:05:00,EPDZH,146-200,فرودگاه مهرآباد,Domestic Departure
2025-05-28 12:50:00,رایمون,RAI7514,عسلویه,پرواز كرد,"3, 4",2025-05-28 12:42:00,EPNEA,EMB145,فرودگاه مهرآباد,Domestic Departure
2025-05-28 13:00:00,ماهان,IRM1010,کرمانشاه,پرواز كرد,"22, 23",2025-05-28 13:18:00,EPMOS,146-200,فرودگاه مهرآباد,Domestic Departure
2025-05-28 13:00:00,آتا,TBZ5604,تبریز,پرواز كرد,"26, 27",2025-05-28 13:39:00,EPTAR,MD83,فرودگاه مهرآباد,Domestic Departure
2025-05-28 13:10:00,آتا,TBZ5629,مشهد,پرواز كرد,"12, 13",2025-05-28 13:40:00,EPTAQ,MD83,فرودگاه مهرآباد,Domestic Departure
2025-05-28 13:30:00,ماهان,IRM4522,یاسوج,پرواز كرد,21,2025-05-28 13:25:00,EPMEI,146-200,فرودگاه مهرآباد,Domestic Departure
2025-05-28 13:50:00,قشم ایر,QSM1240,قشم,پرواز كرد,"18, 19",2025-05-28 14:31:00,EPFQV,RJ100,فرودگاه مهرآباد,Domestic Departure
2025-05-28 14:10:00,آتا,TBZ5613,مشهد,پرواز كرد,"24, 25",2025-05-28 14:49:00,EPTAM,MD83,فرودگاه مهرآباد,Domestic Departure
2025-05-28 14:15:00,ماهان,IRM1006,خرم‌آباد,پرواز كرد,23,2025-05-28 14:40:00,EPMEI,146-200,فرودگاه مهرآباد,Domestic Departure
2025-05-28 14:30:00,اطلس ایر,ATS8281,بوشهر,باطل شد,,,,RJ85,فرودگاه مهرآباد,Domestic Departure
2025-05-28 14:50:00,ایران ایر,IRA3495,عسلویه,پرواز كرد,"7, 8",2025-05-28 15:19:00,EPIEP,A319,فرودگاه مهرآباد,Domestic Departure
2025-05-28 15:40:00,ایران ایر,IRA3431,پارس‌آباد,پرواز كرد,4,2025-05-28 16:03:00,EPITM,F100,فرودگاه مهرآباد,Domestic Departure
2025-05-28 15:45:00,ایران ایر,IRA277,ارومیه,پرواز كرد,3,2025-05-28 16:24:00,EPCFR,F100,فرودگاه مهرآباد,Domestic Departure
2025-05-28 15:55:00,آساجت,SJT8634,رشت,پرواز كرد,18,2025-05-28 16:28:00,EPJEK,EMB145,فرودگاه مهرآباد,Domestic Departure
2025-05-28 15:55:00,پويا,PYA2348,بندرعباس,پرواز كرد,14,2025-05-28 16:12:00,EPPUO,EMB145,فرودگاه مهرآباد,Domestic Departure
2025-05-28 16:00:00,آتا,TBZ5627,اهواز,پرواز كرد,"28, 29",2025-05-28 16:07:00,EPTAJ,md88,فرودگاه مهرآباد,Domestic Departure
2025-05-28 16:05:00,ایران ایر,IRA246,گرگان,پرواز كرد,"5, 6",2025-05-28 16:10:00,EPCFM,F100,فرودگاه مهرآباد,Domestic Departure
2025-05-28 16:10:00,آوا,AXV7702,مشهد,پرواز كرد,"14, 15",2025-05-28 16:46:00,EPRBC,B737,فرودگاه مهرآباد,Domestic Departure
2025-05-28 16:10:00,ایران ایرتور,IRB946,تبریز,پرواز كرد,"7, 8",2025-05-28 16:21:00,EPMDD,MD83,فرودگاه مهرآباد,Domestic Departure
2025-05-28 16:15:00,کاسپین,CPN6982,لارستان,پرواز كرد,"8, 9",2025-05-28 17:10:00,EPCPU,MD83,فرودگاه مهرآباد,Domestic Departure
2025-05-28 16:20:00,آتا,TBZ5719,مشهد,پرواز كرد,"26, 27",2025-05-28 16:34:00,EPTAO,MD83,فرودگاه مهرآباد,Domestic Departure
2025-05-28 16:45:00,اطلس ایر,ATS8288,مشهد,پرواز كرد,"21, 22",2025-05-28 16:54:00,EPLEE,737-700,فرودگاه مهرآباد,Domestic Departure
2025-05-28 16:55:00,ایران ایرتور,IRB980,ارومیه,پرواز كرد,"9, 10",2025-05-28 17:13:00,EPMDC,MD83,فرودگاه مهرآباد,Domestic Departure
2025-05-28 16:55:00,کارون,KRU2628,شیراز,پرواز كرد,"16, 17",2025-05-28 17:05:00,EPJIB,737,فرودگاه مهرآباد,Domestic Departure
2025-05-25 06:25:00,اطلس ایر,ATS8278,مشهد,پرواز كرد,17,2025-05-25 08:07:00,EPSAP,MD83,فرودگاه مهرآباد,Domestic Departure
2025-05-28 17:00:00,آتا,TBZ5668,تبریز,پرواز كرد,11,2025-05-28 17:40:00,EPTAZ,MD83,فرودگاه مهرآباد,Domestic Departure
2025-05-28 17:05:00,قشم ایر,QSM1220,بندرعباس,پرواز كرد,"18, 19",2025-05-28 17:16:00,EPFQU,F100,فرودگاه مهرآباد,Domestic Departure
2025-05-28 17:10:00,آتا,TBZ5619,مشهد,پرواز كرد,"28, 29",2025-05-28 17:36:00,EPTAH,737,فرودگاه مهرآباد,Domestic Departure
2025-05-28 17:20:00,اطلس ایر,ATS8270,مشهد,پرواز كرد,14,2025-05-28 19:20:00,EPTHI,RJ85,فرودگاه مهرآباد,Domestic Departure
2025-05-28 17:20:00,کارون,KRU2508,ماهشهر,پرواز كرد,15,2025-05-28 17:33:00,EPMIS,F100,فرودگاه مهرآباد,Domestic Departure
2025-05-28 17:35:00,پارس ایر,PRS4454,مشهد,پرواز كرد,21,2025-05-28 18:13:00,EPPAM,CRJ200,فرودگاه مهرآباد,Domestic Departure
2025-05-28 17:45:00,کیش ایر,KIS7069,مشهد,پرواز كرد,"9, 10",2025-05-28 18:24:00,EPLCL,MD83,فرودگاه مهرآباد,Domestic Departure
2025-05-28 17:50:00,ماهان,IRM4542,شهرکرد,پرواز كرد,25,2025-05-28 17:57:00,EPMEA,146-200,فرودگاه مهرآباد,Domestic Departure
2025-05-28 17:55:00,فلای پرشیا,FPI7442,مشهد,پرواز كرد,"18, 19",2025-05-28 18:17:00,EPFPA,B737,فرودگاه مهرآباد,Domestic Departure
2025-05-28 17:55:00,آسمان,IRC3750,آبادان,پرواز كرد,28,2025-05-28 23:08:00,EPASR,F100,فرودگاه مهرآباد,Domestic Departure
2025-05-28 18:00:00,آتا,TBZ5646,تبریز,پرواز كرد,"26, 27",2025-05-28 19:11:00,EPTAN,MD83,فرودگاه مهرآباد,Domestic Departure
2025-05-28 18:05:00,کارون,KRU2506,ماهشهر,پرواز كرد,"16, 17",2025-05-28 18:09:00,EPAWZ,F100,فرودگاه مهرآباد,Domestic Departure
2025-05-28 18:10:00,رایمون,RAI7526,یزد,پرواز كرد,"3, 4",2025-05-28 18:31:00,EPNEA,EMB145,فرودگاه مهرآباد,Domestic Departure
2025-05-28 18:15:00,چابهار,IRU7636,کرمانشاه,پرواز كرد,3,2025-05-28 18:58:00,EPSEB,MD83,فرودگاه مهرآباد,Domestic Departure
2025-05-28 18:30:00,وارش,VRH5800,ساری,پرواز كرد,5,2025-05-28 21:08:00,EPVBM,B737,فرودگاه مهرآباد,Domestic Departure
2025-05-28 18:35:00,ایران ایرتور,IRB974,زاهدان,پرواز كرد,"9, 10",2025-05-28 21:54:00,EPMDC,MD83,فرودگاه مهرآباد,Domestic Departure
2025-05-28 18:40:00,ماهان,IRM4527,ایرانشهر,پرواز كرد,20,2025-05-28 19:00:00,EPMEI,146-200,فرودگاه مهرآباد,Domestic Departure
2025-05-28 18:50:00,ایران ایر,IRA468,مشهد,پرواز كرد,"9, 10",2025-05-28 19:14:00,EPIEQ,A319,فرودگاه مهرآباد,Domestic Departure
2025-05-28 18:50:00,کیش ایر,KIS7081,كيش,پرواز كرد,"11, 12",2025-05-28 19:03:00,EPLCK,MD83,فرودگاه مهرآباد,Domestic Departure
2025-05-28 18:55:00,کاسپین,CPN6936,قشم,پرواز كرد,"10, 11",2025-05-28 20:17:00,EPCPD,MD83,فرودگاه مهرآباد,Domestic Departure
2025-05-28 19:00:00,اطلس ایر,ATS8278,مشهد,پرواز كرد,"18, 19",2025-05-28 19:40:00,EPSAP,MD83,فرودگاه مهرآباد,Domestic Departure
2025-05-28 19:10:00,آتا,TBZ5679,ارومیه,پرواز كرد,26,2025-05-28 21:49:00,EPTAZ,MD83,فرودگاه مهرآباد,Domestic Departure
2025-05-28 19:15:00,آساجت,SJT8624,یزد,پرواز كرد,22,2025-05-28 19:22:00,EPJEK,EMB145,فرودگاه مهرآباد,Domestic Departure
2025-05-28 19:20:00,کیش ایر,KIS7029,كيش,پرواز كرد,"9, 10",2025-05-28 19:33:00,EPLCM,MD83,فرودگاه مهرآباد,Domestic Departure
2025-05-28 19:30:00,آتا,TBZ5635,اهواز,پرواز كرد,"24, 25",2025-05-28 20:28:00,EPTAL,MD83,فرودگاه مهرآباد,Domestic Departure
2025-05-28 19:30:00,ماهان,IRM4541,زاهدان,پرواز كرد,25,2025-05-28 19:42:00,EPMEU,146-200,فرودگاه مهرآباد,Domestic Departure
2025-05-28 19:35:00,آتا,TBZ5643,سیرجان,پرواز كرد,27,2025-05-28 22:42:00,EPTAE,737-700,فرودگاه مهرآباد,Domestic Departure
2025-05-28 19:55:00,آسمان,IRC3777,شیراز,پرواز كرد,28,2025-05-28 20:56:00,EPATE,F100,فرودگاه مهرآباد,Domestic Departure
2025-05-28 20:05:00,چابهار,IRU7614,چابهار,پرواز كرد,4,2025-05-28 20:09:00,EPCBD,MD83,فرودگاه مهرآباد,Domestic Departure
2025-05-28 20:15:00,ساها,IRZ156,شیراز,پرواز كرد,"8, 9",2025-05-28 20:25:00,EPSIJ,737-700,فرودگاه مهرآباد,Domestic Departure
2025-05-28 20:15:00,ایران ایر,IRA265,آبادان,پرواز كرد,3,2025-05-28 21:17:00,EPCFR,F100,فرودگاه مهرآباد,Domestic Departure
2025-05-28 20:20:00,آتا,TBZ5670,یزد,پرواز كرد,"28, 29",2025-05-28 20:33:00,EPTAJ,MD83,فرودگاه مهرآباد,Domestic Departure
2025-05-28 20:25:00,پارس ایر,PRS4404,شیراز,پرواز كرد,"18, 19",2025-05-28 20:36:00,EPPAO,737-700,فرودگاه مهرآباد,Domestic Departure
2025-05-28 20:30:00,آتا,TBZ5690,آبادان,پرواز كرد,"12, 13",2025-05-28 22:56:00,EPTAH,737,فرودگاه مهرآباد,Domestic Departure
2025-05-28 20:30:00,ماهان,IRM1037,مشهد,پرواز كرد,"20, 21, 22",2025-05-28 20:50:00,EPMEE,747,فرودگاه مهرآباد,Domestic Departure
2025-05-28 20:35:00,ساها,IRZ172,بوشهر,پرواز كرد,"6, 7",2025-05-28 20:53:00,EPSII,737-700,فرودگاه مهرآباد,Domestic Departure
2025-05-28 20:40:00,ماهان,IRM1079,کرمان,پرواز كرد,23,2025-05-28 21:02:00,EPMEB,RJ100,فرودگاه مهرآباد,Domestic Departure
2025-05-28 20:45:00,ایران ایر,IRA3331,رشت,پرواز كرد,1,2025-05-28 22:06:00,EPITM,F100,فرودگاه مهرآباد,Domestic Departure
2025-05-28 21:00:00,وارش,VRH5872,بوشهر,پرواز كرد,3,2025-05-28 22:50:00,EPVAF,B737,فرودگاه مهرآباد,Domestic Departure
2025-05-28 21:05:00,یزد ایر,DZD9439,اصفهان,پرواز كرد,"10, 11",2025-05-28 21:21:00,EPDZH,146-200,فرودگاه مهرآباد,Domestic Departure
2025-05-28 21:20:00,کاسپین,CPN6900,بوشهر,پرواز كرد,"12, 13",2025-05-28 22:39:00,EPCPU',MD83,فرودگاه مهرآباد,Domestic Departure
2025-05-28 21:35:00,کارون,KRU2610,دزفول,پرواز كرد,"18, 19",2025-05-28 21:59:00,EPJIB,737,فرودگاه مهرآباد,Domestic Departure
2025-05-28 22:00:00,آتا,TBZ5606,تبریز,پرواز كرد,"24, 25",2025-05-28 23:12:00,EPTAN,MD83,فرودگاه مهرآباد,Domestic Departure
2025-05-28 22:05:00,اطلس ایر,ATS8284,مشهد,پایان پذیرش مسافر,"14, 15",,,RJ85,فرودگاه مهرآباد,Domestic Departure
2025-05-28 22:05:00,چابهار,IRU7642,اهواز,آماده پرواز,5,,EPSEB,MD83,فرودگاه مهرآباد,Domestic Departure
2025-05-28 22:25:00,معراج,MRJ2804,مشهد,پرواز كرد,"16, 17",2025-05-28 22:53:00,EPSSP,A320,فرودگاه مهرآباد,Domestic Departure
2025-05-28 22:25:00,رایمون,RAI7510,رشت,پرواز كرد,"3, 4",2025-05-28 22:27:00,EPNEA,EMB145,فرودگاه مهرآباد,Domestic Departure
2025-05-28 22:30:00,یزد ایر,DZD9443,یزد,پرواز كرد,"10, 11",2025-05-28 22:44:00,EPMOC,146-200,فرودگاه مهرآباد,Domestic Departure
2025-05-28 22:40:00,فلای پرشیا,FPI7405,شیراز,آماده پرواز,"18, 19",,EPFPA,B737,فرودگاه مهرآباد,Domestic Departure
2025-05-28 23:15:00,پارس ایر,PRS4406,شیراز,باطل شد,,,,CRJ200,فرودگاه مهرآباد,Domestic Departure
2025-05-28 23:30:00,آتا,TBZ5640,تبریز,پایان پذیرش مسافر,11,,,MD83,فرودگاه مهرآباد,Domestic Departure
2025-05-31 01:15:00,تابان,TBN6224,مشهد,باطل شد,,,,MD83,فرودگاه مهرآباد,Domestic Departure
2025-05-31 02:55:00,ایران ایر,IRA236,شیراز/بندرلنگه,پرواز كرد,"3, 4",2025-05-31 03:13:00,EPCFR,F100,فرودگاه مهرآباد,Domestic Departure
2025-05-28 00:45:00,پارس ایر,PRS4460,شیراز,طبق برنامه,"18, 19",,,737-700,فرودگاه مهرآباد,Domestic Departure
2025-05-28 00:55:00,کیش ایر,KIS7151,شیراز,طبق برنامه,,,,MD83,فرودگاه مهرآباد,Domestic Departure
2025-05-28 02:00:00,ماهان,IRM0000,نا مشخص,دريافت كارت پرواز,33,,,747,فرودگاه مهرآباد,Domestic Departure
2025-05-28 04:30:00,زاگرس,IZG4022,اهواز,طبق برنامه,,,,MD83,فرودگاه مهرآباد,Domestic Departure
2025-05-28 04:55:00,کیش ایر,KIS7085,یزد,طبق برنامه,,,,MD82,فرودگاه مهرآباد,Domestic Departure
2025-05-28 05:00:00,ایران ایر,IRA285,کرمانشاه,طبق برنامه,,,,F100,فرودگاه مهرآباد,Domestic Departure
2025-05-28 05:00:00,چابهار,IRU7646,شیراز,طبق برنامه,,,,MD83,فرودگاه مهرآباد,Domestic Departure
2025-05-25 14:30:00,اطلس ایر,ATS8280,آبادان,باطل شد,,,,RJ85,فرودگاه مهرآباد,Domestic Departure
2025-05-28 04:30:00,ساها,IRZ158,شیراز,پرواز كرد,"8, 9",2025-05-28 05:01:00,EPSII,737-700,فرودگاه مهرآباد,Domestic Departure
2025-05-28 04:45:00,فلای پرشیا,FPI7438,مشهد,پرواز كرد,,2025-05-28 06:16:00,EPFPA,B737,فرودگاه مهرآباد,Domestic Departure
2025-05-28 04:55:00,آتا,TBZ5693,اهواز,پرواز كرد,"12, 13",2025-05-28 05:41:00,EPTAR,MD83,فرودگاه مهرآباد,Domestic Departure
2025-05-28 05:00:00,ماهان,IRM4597,زاهدان,پرواز كرد,,2025-05-28 05:06:00,EPMMV,BAE146,فرودگاه مهرآباد,Domestic Departure
2025-05-28 05:05:00,چابهار,IRU7652,اهواز,پرواز كرد,5,2025-05-28 05:31:00,EPSEB,MD83,فرودگاه مهرآباد,Domestic Departure
2025-05-28 05:05:00,آسمان,IRC3914,بوشهر,پرواز كرد,28,2025-05-28 05:19:00,EPASR,F100,فرودگاه مهرآباد,Domestic Departure
2025-05-28 05:10:00,چابهار,IRU7660,مشهد,پرواز كرد,7,2025-05-28 05:21:00,EPCBI,MD83,فرودگاه مهرآباد,Domestic Departure
2025-05-28 05:15:00,کیش ایر,KIS7093,عسلویه,پرواز كرد,9,2025-05-28 06:58:00,EPLCL,MD83,فرودگاه مهرآباد,Domestic Departure
2025-05-28 05:20:00,وارش,VRH5918,عسلویه,پرواز كرد,4,2025-05-28 07:16:00,EPVAA,737-700,فرودگاه مهرآباد,Domestic Departure
2025-05-28 05:20:00,ساها,IRZ162,مشهد,پرواز كرد,"10, 11",2025-05-28 05:44:00,EPSIJ,737-700,فرودگاه مهرآباد,Domestic Departure
2025-05-28 05:25:00,پارس ایر,PRS5400,مشهد,پرواز كرد,"20, 21",2025-05-28 06:00:00,EPPAM,B737,فرودگاه مهرآباد,Domestic Departure
2025-05-28 05:25:00,پويا,PYA2314,یزد,پرواز كرد,14,2025-05-28 05:36:00,EPPUO,EMB145,فرودگاه مهرآباد,Domestic Departure
2025-05-28 05:35:00,ایران ایرتور,IRB984,شیراز,پرواز كرد,"5, 6",2025-05-28 05:54:00,EPMDC,MD83,فرودگاه مهرآباد,Domestic Departure
2025-05-28 05:35:00,کارون,KRU2590,ماهشهر,پرواز كرد,15,2025-05-28 05:46:00,EPJIB,737,فرودگاه مهرآباد,Domestic Departure
2025-05-28 05:40:00,آساجت,SJT8604,عسلویه,پرواز كرد,22,2025-05-28 06:11:00,EPRHO,EMB145,فرودگاه مهرآباد,Domestic Departure
2025-05-28 05:40:00,کیش ایر,KIS7085,یزد,پرواز كرد,12,2025-05-28 05:57:00,EPLCK,MD82,فرودگاه مهرآباد,Domestic Departure
2025-05-28 05:45:00,پارس ایر,PRS4480,مشهد,پرواز كرد,"18, 19",2025-05-28 06:56:00,EPPAO,B737,فرودگاه مهرآباد,Domestic Departure
2025-05-28 05:45:00,کارون,KRU2676,کرمان,پرواز كرد,14,2025-05-28 07:18:00,EPJIA,737,فرودگاه مهرآباد,Domestic Departure
2025-05-28 05:50:00,اطلس ایر,ATS8295,بندرعباس,پرواز كرد,"18, 19",2025-05-28 06:26:00,EPLEE,737-700,فرودگاه مهرآباد,Domestic Departure
2025-05-28 05:50:00,چابهار,IRU7626,شیراز,پرواز كرد,3,2025-05-28 06:21:00,EPCBD,MD83,فرودگاه مهرآباد,Domestic Departure
2025-05-28 05:55:00,قشم ایر,QSM1238,خارگ,پرواز كرد,17,2025-05-28 06:19:00,EPFQV,rj100,فرودگاه مهرآباد,Domestic Departure
2025-05-28 06:00:00,کارون,KRU2586,سیری,پرواز كرد,16,2025-05-28 08:13:00,EPAWZ,F100,فرودگاه مهرآباد,Domestic Departure
2025-05-28 06:05:00,کیش ایر,KIS7193,عسلویه,پرواز كرد,11,2025-05-28 06:39:00,EPLCM,MD83,فرودگاه مهرآباد,Domestic Departure
2025-05-28 06:05:00,ماهان,IRM1085,زابل,پرواز كرد,25,2025-05-28 06:27:00,EPMEA,146-200,فرودگاه مهرآباد,Domestic Departure
2025-05-28 06:10:00,قشم ایر,QSM1293,سنندج,پرواز كرد,21,2025-05-28 06:52:00,EPFQI,F100,فرودگاه مهرآباد,Domestic Departure
2025-05-28 06:10:00,یزد ایر,DZD9419,یزد,پرواز كرد,"6, 7",2025-05-28 06:30:00,EPDZH,146-200,فرودگاه مهرآباد,Domestic Departure
2025-05-28 06:15:00,ماهان,IRM1083,جاسک,پرواز كرد,24,2025-05-28 06:46:00,EPMOH,146-200,فرودگاه مهرآباد,Domestic Departure
2025-05-28 06:15:00,ایران ایرتور,IRB962,مشهد,پرواز كرد,"7, 8",2025-05-28 06:41:00,EPMDF,MD83,فرودگاه مهرآباد,Domestic Departure
2025-05-31 04:30:00,ساها,IRZ158,شیراز,پرواز كرد,"10, 11",2025-05-31 04:39:00,EPSIJ,737-700,فرودگاه مهرآباد,Domestic Departure
2025-05-31 04:35:00,زاگرس,IZG4022,اهواز,پرواز كرد,3,2025-05-31 04:51:00,EPZAG,MD83,فرودگاه مهرآباد,Domestic Departure
2025-05-31 04:50:00,چابهار,IRU7660,مشهد,پرواز كرد,5,2025-05-31 05:07:00,EPCBI,MD83,فرودگاه مهرآباد,Domestic Departure
2025-05-31 04:55:00,وارش,VRH5818,مشهد,پرواز كرد,7,2025-05-31 06:25:00,EPVAA,B737,فرودگاه مهرآباد,Domestic Departure
2025-05-31 04:55:00,پارس ایر,PRS4492,آغاجاری,پرواز كرد,20,2025-05-31 04:59:00,EPPRA,CRJ200,فرودگاه مهرآباد,Domestic Departure
2025-05-31 05:00:00,کاسپین,CPN048,شیراز,پرواز كرد,"6, 7",2025-05-31 05:09:00,EPCPD,MD83,فرودگاه مهرآباد,Domestic Departure
2025-05-25 19:30:00,ماهان,IRM4541,زاهدان,پرواز كرد,24,2025-05-25 19:45:00,EPMOH,rj100,فرودگاه مهرآباد,Domestic Departure
2025-05-25 19:35:00,ایران ایرتور,IRB980,ارومیه,پرواز كرد,"9, 10",2025-05-25 19:55:00,EPMDD,MD83,فرودگاه مهرآباد,Domestic Departure
2025-05-25 19:50:00,ساها,IRZ156,شیراز,پرواز كرد,"10, 11",2025-05-25 20:01:00,EPSII,737-700,فرودگاه مهرآباد,Domestic Departure
2025-05-25 21:00:00,آتا,TBZ5690,آبادان,پرواز كرد,"12, 13",2025-05-25 21:34:00,EPTAH,737,فرودگاه مهرآباد,Domestic Departure
2025-05-31 05:05:00,ایران ایرتور,IRB930,بیرجند,پرواز كرد,"9, 10",2025-05-31 05:19:00,EPMDE,MD83,فرودگاه مهرآباد,Domestic Departure
2025-05-31 05:10:00,چابهار,IRU7646,شیراز,پرواز كرد,4,2025-05-31 05:21:00,EPSEB,MD83,فرودگاه مهرآباد,Domestic Departure
2025-05-31 05:10:00,کیش ایر,KIS7169,مشهد,پرواز كرد,"9, 10",2025-05-31 05:16:00,EPLCO,MD83,فرودگاه مهرآباد,Domestic Departure
2025-05-31 05:20:00,اطلس ایر,ATS8278,مشهد,پرواز كرد,15,2025-05-31 05:23:00,EPSAP,MD83,فرودگاه مهرآباد,Domestic Departure
2025-05-31 05:20:00,آسمان,IRC840,ایلام,پرواز كرد,"26, 27",2025-05-31 05:36:00,EPATE,F100,فرودگاه مهرآباد,Domestic Departure
2025-05-31 05:25:00,فلای پرشیا,FPI7405,شیراز,پرواز كرد,"18, 19",2025-05-31 06:06:00,EPFPA,737-700,فرودگاه مهرآباد,Domestic Departure
2025-05-31 05:25:00,کارون,KRU2508,ماهشهر,پرواز كرد,14,2025-05-31 06:01:00,EPJIA,737-700,فرودگاه مهرآباد,Domestic Departure
2025-05-31 05:30:00,وارش,VRH5852,اهواز,پرواز كرد,6,2025-05-31 05:40:00,EPVAR,B737,فرودگاه مهرآباد,Domestic Departure
2025-05-31 05:30:00,پويا,PYA2340,شیراز,پرواز كرد,14,2025-05-31 05:50:00,EPPUN,EMB145,فرودگاه مهرآباد,Domestic Departure
2025-05-31 05:35:00,کیش ایر,KIS7093,عسلویه,پرواز كرد,"11, 12",2025-05-31 05:54:00,EPLCK,MD83,فرودگاه مهرآباد,Domestic Departure
2025-05-31 05:35:00,آتا,TBZ5643,سیرجان,پرواز كرد,"12, 13",2025-05-31 05:57:00,EPTAE,B737,فرودگاه مهرآباد,Domestic Departure
2025-05-31 05:40:00,پارس ایر,PRS4480,مشهد,پرواز كرد,"21, 22",2025-05-31 06:07:00,EPPAM,737,فرودگاه مهرآباد,Domestic Departure
2025-05-31 05:40:00,ایران ایر,IRA407,بوشهر,پرواز كرد,"3, 4",2025-05-31 06:03:00,EPIEP,A319,فرودگاه مهرآباد,Domestic Departure
2025-05-31 05:45:00,ماهان,IRM1010,کرمانشاه,پرواز كرد,25,2025-05-31 06:22:00,EPMEI,146-200,فرودگاه مهرآباد,Domestic Departure
2025-05-31 05:50:00,معراج,MRJ2816,عسلویه,پرواز كرد,"21, 22",2025-05-31 06:09:00,EPSSN,A321,فرودگاه مهرآباد,Domestic Departure
2025-05-31 05:50:00,ماهان,IRM4527,ایرانشهر,پرواز كرد,24,2025-05-31 06:15:00,EPMEA,rj100,فرودگاه مهرآباد,Domestic Departure
2025-05-31 05:55:00,چابهار,IRU7624,آبادان,پرواز كرد,3,2025-05-31 06:10:00,EPCBD,MD83,فرودگاه مهرآباد,Domestic Departure
2025-05-31 06:00:00,اطلس ایر,ATS8291,یزد,پرواز كرد,"18, 19",2025-05-31 06:12:00,EPTHI,RJ85,فرودگاه مهرآباد,Domestic Departure
2025-05-31 06:00:00,آتا,TBZ5677,ارومیه,پرواز كرد,"26, 27",2025-05-31 06:28:00,EPTAJ,MD82,فرودگاه مهرآباد,Domestic Departure
2025-05-31 06:05:00,ایران ایرتور,IRB912,بندرعباس,پرواز كرد,"9, 10",2025-05-31 06:36:00,EPMDF,MD83,فرودگاه مهرآباد,Domestic Departure
2025-05-31 06:05:00,کارون,KRU2584,عسلویه,پرواز كرد,17,2025-05-31 06:39:00,EPNFC,737,فرودگاه مهرآباد,Domestic Departure
2025-05-28 06:20:00,آتا,TBZ5610,تبریز,پرواز كرد,11,2025-05-28 06:49:00,EPTAZ,MD83,فرودگاه مهرآباد,Domestic Departure
2025-05-31 06:10:00,آتا,TBZ5617,مشهد,پرواز كرد,"28, 29",2025-05-31 06:53:00,EPTAH,B737,فرودگاه مهرآباد,Domestic Departure
2025-05-31 06:10:00,یزد ایر,DZD9419,یزد,پرواز كرد,"12, 13",2025-05-31 06:35:00,EPMEU,RJ85,فرودگاه مهرآباد,Domestic Departure
2025-05-31 06:15:00,آتا,TBZ5610,تبریز,پرواز كرد,11,2025-05-31 06:44:00,EPTAZ,MD.88,فرودگاه مهرآباد,Domestic Departure
2025-05-31 06:20:00,کیش ایر,KIS7055,كيش,پرواز كرد,"9, 10",2025-05-31 06:31:00,EPLCL,MD83,فرودگاه مهرآباد,Domestic Departure
2025-05-31 06:25:00,اروان,INA6750,مشهد,پرواز كرد,5,2025-05-31 06:42:00,EPNSR,B737,فرودگاه مهرآباد,Domestic Departure
2025-05-31 06:25:00,ماهان,IRM1085,زابل,پرواز كرد,23,2025-05-31 06:50:00,EPMOH,RJ85,فرودگاه مهرآباد,Domestic Departure
2025-05-31 06:30:00,زاگرس,IZG4060,بوشهر,پرواز كرد,7,2025-05-31 06:55:00,EPZAQ,MD83,فرودگاه مهرآباد,Domestic Departure
2025-05-31 06:35:00,ماهان,IRM1033,مشهد,پرواز كرد,26,2025-05-31 06:59:00,EPMOC,BAE146,فرودگاه مهرآباد,Domestic Departure
2025-05-31 06:35:00,کاسپین,CPN6982,لارستان,پرواز كرد,"6, 7",2025-05-31 06:34:00,EPCAS,MD83,فرودگاه مهرآباد,Domestic Departure
2025-05-28 06:25:00,آسمان,IRC840,ایلام,پرواز كرد,28,2025-05-28 07:01:00,EPATE,F100,فرودگاه مهرآباد,Domestic Departure
2025-05-28 06:30:00,ایران ایر,IRA236,شیراز/بندرلنگه,پرواز كرد,3,2025-05-28 07:08:00,EPCFM,F100,فرودگاه مهرآباد,Domestic Departure
2025-05-28 06:30:00,ایران ایرتور,IRB912,بندرعباس,پرواز كرد,"9, 10",2025-05-28 07:05:00,EPMDD,MD83,فرودگاه مهرآباد,Domestic Departure
2025-05-31 06:40:00,قشم ایر,QSM1212,دزفول,پرواز كرد,16,2025-05-31 07:06:00,EPFQV,rj100,فرودگاه مهرآباد,Domestic Departure
2025-05-28 06:35:00,اروان,INA6750,مشهد,پرواز كرد,5,2025-05-28 07:41:00,EPNSR,737-700,فرودگاه مهرآباد,Domestic Departure
2025-05-31 06:40:00,ماهان,IRM4520,گچساران,پرواز كرد,21,2025-05-31 07:11:00,EPMOS,RJ85,فرودگاه مهرآباد,Domestic Departure
2025-05-31 06:45:00,وارش,VRH5918,عسلویه,پرواز كرد,4,2025-05-31 07:03:00,EPVAK,737-700,فرودگاه مهرآباد,Domestic Departure
2025-05-28 06:40:00,قشم ایر,QSM1280,اصفهان,پرواز كرد,22,2025-05-28 07:34:00,EPFQF,F100,فرودگاه مهرآباد,Domestic Departure
2025-05-31 06:55:00,آتا,TBZ5662,کرمان,پرواز كرد,"12, 13",2025-05-31 07:26:00,EPTAL,MD83,فرودگاه مهرآباد,Domestic Departure
2025-05-31 06:55:00,کارون,KRU2576,سیری,پرواز كرد,"14, 15",2025-05-31 07:31:00,EPAWZ,F100,فرودگاه مهرآباد,Domestic Departure
2025-05-31 07:00:00,قدر ایر,SEP2702,شیراز,پرواز كرد,"14, 15",2025-05-31 07:15:00,152282,IL76,فرودگاه مهرآباد,Domestic Departure
2025-05-31 07:00:00,اطلس ایر,ATS8295,بندرعباس,پرواز كرد,"21, 22",2025-05-31 07:08:00,EPLEE,737,فرودگاه مهرآباد,Domestic Departure
2025-05-31 07:00:00,ساها,IRZ166,آبادان,پرواز كرد,"10, 11",2025-05-31 07:14:00,EPSII,737-700,فرودگاه مهرآباد,Domestic Departure
2025-05-31 07:05:00,قشم ایر,QSM1277,ارومیه,پرواز كرد,18,2025-05-31 07:20:00,EPFQF,F100,فرودگاه مهرآباد,Domestic Departure
2025-05-31 07:10:00,کاسپین,CPN044,كيش,پرواز كرد,"8, 9",2025-05-31 07:39:00,EPKPC,737,فرودگاه مهرآباد,Domestic Departure
2025-05-31 07:15:00,کیش ایر,KIS7117,چابهار,پرواز كرد,"11, 12",2025-05-31 07:35:00,EPLCM,MD83,فرودگاه مهرآباد,Domestic Departure
2025-05-31 07:15:00,کارون,KRU2504,خارگ,پرواز كرد,19,2025-05-31 07:47:00,EPMIS,F100,فرودگاه مهرآباد,Domestic Departure
2025-05-31 07:20:00,آساجت,SJT8634,رشت,پرواز كرد,17,2025-05-31 07:43:00,EPJEK,EMB145,فرودگاه مهرآباد,Domestic Departure
2025-05-31 08:00:00,ماهان,IRM4536,اردبیل,پرواز كرد,19,2025-05-31 08:20:00,EPMOI,rj100,فرودگاه مهرآباد,Domestic Departure
2025-05-31 08:05:00,آتا,TBZ5602,تبریز,پرواز كرد,11,2025-05-31 08:17:00,EPTAU,md88,فرودگاه مهرآباد,Domestic Departure
2025-05-31 08:20:00,آتا,TBZ5625,اهواز,پرواز كرد,"12, 13",2025-05-31 09:14:00,EPTAM,MD83,فرودگاه مهرآباد,Domestic Departure
2025-05-31 08:20:00,قشم ایر,QSM1224,كيش,پرواز كرد,"16, 17",2025-05-31 08:35:00,EPFQI,F100,فرودگاه مهرآباد,Domestic Departure
2025-05-31 08:25:00,پويا,PYA2330,تبریز,پرواز كرد,14,2025-05-31 08:33:00,EPPUR,EMB145,فرودگاه مهرآباد,Domestic Departure
2025-05-31 08:30:00,زاگرس,IZG4030,كيش,پرواز كرد,6,2025-05-31 09:04:00,EPZAG,MD82,فرودگاه مهرآباد,Domestic Departure
2025-05-31 08:35:00,وارش,VRH5876,مشهد,پرواز كرد,3,2025-05-31 08:38:00,EPVAF,B737,فرودگاه مهرآباد,Domestic Departure
2025-05-31 08:45:00,وارش,VRH5856,مشهد,پرواز كرد,5,2025-05-31 08:42:00,EPVBM,B737,فرودگاه مهرآباد,Domestic Departure
2025-05-31 09:00:00,کاسپین,CPN6914,عسلویه,پرواز كرد,"6, 7",2025-05-31 09:42:00,EPKPB,737,فرودگاه مهرآباد,Domestic Departure
2025-05-28 06:45:00,کاسپین,CPN014,عسلویه,پرواز كرد,"10, 11",2025-05-28 07:11:00,EPCAS,MD83,فرودگاه مهرآباد,Domestic Departure
2025-05-31 09:05:00,آوا,AXV7714,بندرعباس,پرواز كرد,"18, 19",2025-05-31 11:32:00,EPSAP,MD83,فرودگاه مهرآباد,Domestic Departure
2025-05-31 09:10:00,ساها,IRZ170,مشهد,پرواز كرد,"10, 11",2025-05-31 09:39:00,EPSIJ,737-700,فرودگاه مهرآباد,Domestic Departure
2025-05-31 09:15:00,ایران ایر,IRA5395,همدان,پرواز كرد,,2025-05-31 09:23:00,EPITM,ATR-72-500,فرودگاه مهرآباد,Domestic Departure
2025-05-31 09:30:00,ماهان,IRM1051,کرمان,پرواز كرد,"23, 24, 25",2025-05-31 09:45:00,EPMEE,747,فرودگاه مهرآباد,Domestic Departure
2025-05-31 09:30:00,آسمان,IRC630,گرگان,پرواز كرد,"28, 29",2025-05-31 09:50:00,EPATE,F100,فرودگاه مهرآباد,Domestic Departure
2025-05-31 09:40:00,چابهار,IRU7640,مشهد,پرواز كرد,4,2025-05-31 10:00:00,EPSEB,MD83,فرودگاه مهرآباد,Domestic Departure
2025-05-31 10:00:00,وارش,VRH5840,مشهد,پرواز كرد,7,2025-05-31 10:19:00,EPVAR,B737,فرودگاه مهرآباد,Domestic Departure
2025-05-31 10:00:00,ایران ایرتور,IRB916,كيش,پرواز كرد,"7, 8",2025-05-31 11:29:00,EPMDE,MD83,فرودگاه مهرآباد,Domestic Departure
2025-05-31 10:05:00,آتا,TBZ5635,اهواز,پرواز كرد,"12, 13",2025-05-31 10:59:00,EPTAZ,MD.88,فرودگاه مهرآباد,Domestic Departure
2025-05-31 10:05:00,پويا,PYA2348,بندرعباس,پرواز كرد,15,2025-05-31 10:16:00,EPPUN,EMB145,فرودگاه مهرآباد,Domestic Departure
2025-05-31 10:10:00,کارون,KRU2644,اهواز,پرواز كرد,"14, 15",2025-05-31 10:32:00,EPJIA,737,فرودگاه مهرآباد,Domestic Departure
2025-05-31 10:30:00,آساجت,SJT8606,کرمانشاه,پرواز كرد,22,2025-05-31 10:37:00,EPJEK,EMB145,فرودگاه مهرآباد,Domestic Departure
2025-05-31 10:30:00,آتا,TBZ5611,شیراز,پرواز كرد,"26, 27",2025-05-31 10:56:00,EPTAJ,MD83,فرودگاه مهرآباد,Domestic Departure
2025-05-31 10:40:00,چابهار,IRU7610,مشهد,پرواز كرد,6,2025-05-31 10:50:00,EPCBD,MD83,فرودگاه مهرآباد,Domestic Departure
2025-05-31 10:50:00,قشم ایر,QSM1273,تبریز,پرواز كرد,"16, 17",2025-05-31 11:09:00,EPFQV,rj100,فرودگاه مهرآباد,Domestic Departure
2025-05-31 11:00:00,ایران ایر,IRA262,مشهد,پرواز كرد,"5, 6",2025-05-31 11:08:00,EPIEQ,A319,فرودگاه مهرآباد,Domestic Departure
2025-05-31 11:05:00,آتا,TBZ5659,كيش,پرواز كرد,"28, 29",2025-05-31 11:16:00,EPTAQ,MD83,فرودگاه مهرآباد,Domestic Departure
2025-05-31 11:20:00,اطلس ایر,ATS8284,مشهد,پرواز كرد,"14, 15",2025-05-31 11:51:00,EPTHI,RJ85,فرودگاه مهرآباد,Domestic Departure
2025-05-31 11:30:00,کاسپین,CPN024,مشهد,پرواز كرد,"8, 9",2025-05-31 11:40:00,EPCAS,MD83,فرودگاه مهرآباد,Domestic Departure
2025-05-31 11:40:00,زاگرس,IZG4040,مشهد,پرواز كرد,3,2025-05-31 12:14:00,EPZAQ,MD83,فرودگاه مهرآباد,Domestic Departure
2025-05-31 11:50:00,تابان,TBN6258,مشهد,پرواز كرد,"3, 4",2025-05-31 15:05:00,EPSMA,MD.88,فرودگاه مهرآباد,Domestic Departure
2025-05-31 11:55:00,ماهان,IRM4578,ماکو,پرواز كرد,22,2025-05-31 12:04:00,EPMEI,RJ85,فرودگاه مهرآباد,Domestic Departure
2025-05-31 12:00:00,ایران ایرتور,IRB970,بوشهر,پرواز كرد,"7, 8",2025-05-31 12:12:00,EPMDF,MD83,فرودگاه مهرآباد,Domestic Departure
2025-05-31 12:05:00,ایران ایر,IRA285,کرمانشاه,پرواز كرد,"5, 6",2025-05-31 12:16:00,EPCFR,F100,فرودگاه مهرآباد,Domestic Departure
2025-05-31 12:15:00,آتا,TBZ5633,اردبیل,پرواز كرد,"12, 13",2025-05-31 13:20:00,EPTAR,MD83,فرودگاه مهرآباد,Domestic Departure
2025-05-31 12:20:00,آتا,TBZ5629,مشهد,پرواز كرد,"26, 27",2025-05-31 13:48:00,EPTAM,MD83,فرودگاه مهرآباد,Domestic Departure
2025-05-31 12:20:00,کاسپین,CPN6936,قشم,پرواز كرد,"6, 7",2025-05-31 12:37:00,EPKPC,737,فرودگاه مهرآباد,Domestic Departure
2025-05-31 13:30:00,ماهان,IRM4522,یاسوج,پرواز كرد,21,2025-05-31 13:52:00,EPMEI,RJ85,فرودگاه مهرآباد,Domestic Departure
2025-05-31 13:45:00,آساجت,SJT8630,گرگان,پرواز كرد,22,2025-05-31 13:56:00,EPJEK,EMB145,فرودگاه مهرآباد,Domestic Departure
2025-05-31 13:50:00,ماهان,IRM1004,ارومیه,پرواز كرد,22,2025-05-31 14:02:00,EPMOS,RJ85,فرودگاه مهرآباد,Domestic Departure
2025-05-31 13:50:00,آسمان,IRC600,مشهد,پرواز كرد,"26, 27",2025-05-31 13:57:00,EPATE,F100,فرودگاه مهرآباد,Domestic Departure
2025-05-31 14:15:00,پارس ایر,PRS5416,چابهار,پرواز كرد,18,2025-05-31 14:37:00,EPPRA,CRJ200,فرودگاه مهرآباد,Domestic Departure
2025-05-31 14:15:00,ماهان,IRM1006,خرم‌آباد,پرواز كرد,19,2025-05-31 14:16:00,EPMEA,RJ85,فرودگاه مهرآباد,Domestic Departure
2025-05-28 14:55:00,وارش,VRH5926,اراک,پرواز كرد,4,2025-05-28 15:20:00,EPVAK,B737,فرودگاه مهرآباد,Domestic Departure
2025-05-31 14:25:00,آتا,TBZ5698,مشهد,پرواز كرد,"12, 13",2025-05-31 15:00:00,EPTAO,MD83,فرودگاه مهرآباد,Domestic Departure
2025-05-31 14:50:00,آوا,AXV7702,مشهد,پرواز كرد,"18, 19",2025-05-31 17:20:00,EPSAP,MD83,فرودگاه مهرآباد,Domestic Departure
2025-05-31 14:50:00,قشم ایر,QSM1240,قشم,پرواز كرد,"16, 17",2025-05-31 15:14:00,EPFQU,rj100,فرودگاه مهرآباد,Domestic Departure
2025-05-31 15:30:00,رایمون,RAI7512,اصفهان,پرواز كرد,"3, 4",2025-05-31 15:39:00,EPNEA,EMB145,فرودگاه مهرآباد,Domestic Departure
2025-05-28 14:55:00,آسمان,IRC3771,شیراز,پرواز كرد,28,2025-05-28 15:57:00,EPATE,F100,فرودگاه مهرآباد,Domestic Departure
2025-05-31 15:50:00,ایران ایرتور,IRB946,تبریز,پرواز كرد,"7, 8",2025-05-31 17:05:00,EPMDE,MD83,فرودگاه مهرآباد,Domestic Departure
2025-05-31 15:50:00,کاسپین,CPN014,عسلویه,پرواز كرد,"8, 9",2025-05-31 16:18:00,EPCPD,MD83,فرودگاه مهرآباد,Domestic Departure
2025-05-31 16:05:00,آتا,TBZ5613,مشهد,پرواز كرد,"24, 25",2025-05-31 17:40:00,ETAR,MD83,فرودگاه مهرآباد,Domestic Departure
2025-05-31 16:10:00,کاسپین,CPN6960,بندرعباس,پرواز كرد,"6, 7",2025-05-31 16:33:00,EPCAS,MD83,فرودگاه مهرآباد,Domestic Departure
2025-05-31 16:25:00,آتا,TBZ5719,مشهد,پرواز كرد,"26, 27",2025-05-31 17:18:00,EPTAQ,MD83,فرودگاه مهرآباد,Domestic Departure
2025-05-31 16:30:00,ماهان,IRM1067,کرمان,پرواز كرد,"23, 24, 25",2025-05-31 16:44:00,EPMEE,747,فرودگاه مهرآباد,Domestic Departure
2025-05-31 16:35:00,ایران ایر,IRA277,ارومیه,پرواز كرد,"5, 6",2025-05-31 16:52:00,EPCFR,F100,فرودگاه مهرآباد,Domestic Departure
2025-05-31 16:40:00,آتا,TBZ5664,کرمان,پرواز كرد,"28, 29",2025-05-31 16:57:00,EPTAJ,MD83,فرودگاه مهرآباد,Domestic Departure
2025-05-31 16:50:00,کاسپین,CPN026,مشهد,پرواز كرد,"8, 9",2025-05-31 17:10:00,EPCAS,MD83,فرودگاه مهرآباد,Domestic Departure
2025-05-31 16:55:00,اطلس ایر,ATS8288,مشهد,پرواز كرد,"21, 22",2025-05-31 17:02:00,EPLEE,737,فرودگاه مهرآباد,Domestic Departure
2025-05-28 15:10:00,قشم ایر,QSM1294,گرگان,پرواز كرد,"21, 22",2025-05-28 15:24:00,EPFQF,F100,فرودگاه مهرآباد,Domestic Departure
2025-05-31 17:00:00,چابهار,IRU7630,مشهد,پرواز كرد,7,2025-05-31 17:33:00,EPCBI,MD83,فرودگاه مهرآباد,Domestic Departure
2025-05-31 17:00:00,زاگرس,IZG4020,اهواز,پرواز كرد,5,2025-05-31 17:24:00,EPZAG,MD83,فرودگاه مهرآباد,Domestic Departure
2025-05-31 17:05:00,پارس ایر,PRS4494,آبادان,پرواز كرد,"18, 19",2025-05-31 17:38:00,EPPAM,737,فرودگاه مهرآباد,Domestic Departure
2025-05-28 15:20:00,کاسپین,CPN026,مشهد,پرواز كرد,"10, 11",2025-05-28 15:44:00,EPCAQ,737,فرودگاه مهرآباد,Domestic Departure
2025-05-28 15:25:00,قشم ایر,QSM1273,تبریز,پرواز كرد,"16, 17",2025-05-28 15:48:00,EPFQI,F100,فرودگاه مهرآباد,Domestic Departure
2025-05-31 17:05:00,آتا,TBZ5668,تبریز,پرواز كرد,11,2025-05-31 17:31:00,EPTAZ,md88,فرودگاه مهرآباد,Domestic Departure
2025-05-31 17:10:00,کارون,KRU2614,اهواز,پرواز كرد,"14, 15",2025-05-31 17:37:00,EPNFC,737,فرودگاه مهرآباد,Domestic Departure
2025-05-31 17:15:00,قشم ایر,QSM1270,زاهدان,پرواز كرد,"16, 17",2025-05-31 17:47:00,EPFQV,rj100,فرودگاه مهرآباد,Domestic Departure
2025-05-31 17:15:00,ایران ایر,IRA3331,رشت,پرواز كرد,3,2025-05-31 17:27:00,EPITM,ATR-42-320,فرودگاه مهرآباد,Domestic Departure
2025-05-31 17:30:00,آتا,TBZ5623,شیراز,پرواز كرد,"12, 13",2025-05-31 18:35:00,EPTAH,737,فرودگاه مهرآباد,Domestic Departure
2025-05-31 17:50:00,ماهان,IRM1049,بیرجند,پرواز كرد,22,2025-05-31 18:10:00,EPMOI,rj100,فرودگاه مهرآباد,Domestic Departure
2025-05-31 17:55:00,چابهار,IRU7650,مشهد,پرواز كرد,4,2025-05-31 18:12:00,EPSEB,MD83,فرودگاه مهرآباد,Domestic Departure
2025-05-28 15:30:00,آتا,TBZ5664,کرمان,پرواز كرد,"24, 25",2025-05-28 18:04:00,EPTAR,MD83,فرودگاه مهرآباد,Domestic Departure
2025-05-31 17:55:00,کارون,KRU2506,ماهشهر,پرواز كرد,"18, 19",2025-05-31 18:49:00,EPMIS,F100,فرودگاه مهرآباد,Domestic Departure
2025-05-31 18:00:00,اطلس ایر,ATS8286,مشهد,پرواز كرد,"21, 22",2025-05-31 22:23:00,EPSAP,MD83,فرودگاه مهرآباد,Domestic Departure
2025-05-28 15:35:00,کاسپین,CPN036,ارومیه,پرواز كرد,"12, 13",2025-05-28 15:52:00,EPKPC,MD83,فرودگاه مهرآباد,Domestic Departure
2025-05-31 18:00:00,یزد ایر,DZD9441,یزد,پرواز كرد,"12, 13",2025-05-31 18:29:00,EPMEA,RJ85,فرودگاه مهرآباد,Domestic Departure
2025-05-31 18:05:00,طوس ایر,IRT8161,سراوان,پرواز كرد,,2025-05-31 18:09:00,EPTOF,ARGOSY,فرودگاه مهرآباد,Domestic Departure
2025-05-31 18:10:00,ماهان,IRM1026,اردبیل,پرواز كرد,21,2025-05-31 18:16:00,EPMOH,rj100,فرودگاه مهرآباد,Domestic Departure
2025-05-31 18:20:00,ماهان,IRM1055,کرمان,پرواز كرد,25,2025-05-31 18:27:00,EPMOS,RJ85,فرودگاه مهرآباد,Domestic Departure
2025-05-31 18:25:00,کیش ایر,KIS7031,اهواز,پرواز كرد,"9, 10",2025-05-31 19:30:00,EPLCK,MD83,فرودگاه مهرآباد,Domestic Departure
2025-05-31 18:35:00,کارون,KRU2628,شیراز,پرواز كرد,"14, 15",2025-05-31 18:42:00,EPJIA,737,فرودگاه مهرآباد,Domestic Departure
2025-05-31 18:40:00,آتا,TBZ5646,تبریز,پرواز كرد,11,2025-05-31 19:56:00,EPTAN,MD83,فرودگاه مهرآباد,Domestic Departure
2025-05-31 18:45:00,آسمان,IRC3908,اصفهان,پرواز كرد,"28, 29",2025-05-31 18:43:00,EPATE,F100,فرودگاه مهرآباد,Domestic Departure
2025-05-31 19:00:00,وارش,VRH5814,بندرعباس,پرواز كرد,6,2025-05-31 19:36:00,EPVAK,B737,فرودگاه مهرآباد,Domestic Departure
2025-05-31 19:10:00,فلای پرشیا,FPI7438,مشهد,پرواز كرد,"18, 19",2025-05-31 19:13:00,EPFPA,737-700,فرودگاه مهرآباد,Domestic Departure
2025-05-31 19:15:00,تابان,TBN6326,مشهد,پرواز كرد,"3, 4",2025-05-31 20:01:00,EPSMA,MD.88,فرودگاه مهرآباد,Domestic Departure
2025-05-31 19:20:00,رایمون,RAI7510,رشت,پرواز كرد,"1, 2",2025-05-31 19:24:00,EPNEA,EMB145,فرودگاه مهرآباد,Domestic Departure
2025-05-25 20:30:00,هواپیمایی پارس,PRS5401,تهران,پرواز كرد,"9, 10",2025-05-25 21:10:00,,B737,فرودگاه مشهد,Domestic Departure
2025-05-25 20:30:00,آتا,TBZ5675,اصفهان,پرواز كرد,"11, 12",2025-05-25 21:36:00,,MD80,فرودگاه مشهد,Domestic Departure
2025-05-25 20:30:00,زاگرس,IZG4140,اصفهان,پرواز كرد,21,2025-05-25 20:53:00,,MD82,فرودگاه مشهد,Domestic Departure
2025-05-25 20:30:00,ایران ایرتور,IRB976,آبادان,پرواز كرد,28,2025-05-25 20:58:00,,MD82,فرودگاه مشهد,Domestic Departure
2025-05-25 20:35:00,ماهان,IRM1076,کرمان,پرواز كرد,"3, 4",2025-05-25 20:47:00,,BAE100,فرودگاه مشهد,Domestic Departure
2025-05-31 19:25:00,کیش ایر,KIS7057,كيش,پرواز كرد,"11, 12",2025-05-31 19:49:00,EPLCL,MD82,فرودگاه مهرآباد,Domestic Departure
2025-05-31 19:30:00,آتا,TBZ5679,ارومیه,پرواز كرد,"24, 25",2025-05-31 22:58:00,EPTAR,MD83,فرودگاه مهرآباد,Domestic Departure
2025-05-31 19:30:00,ایران ایرتور,IRB988,اهواز,پرواز كرد,"7, 8",2025-05-31 19:45:00,EPMDF,MD83,فرودگاه مهرآباد,Domestic Departure
2025-05-31 19:40:00,کارون,KRU2618,اهواز,پرواز كرد,"16, 17",2025-05-31 20:25:00,EPAWZ,F100,فرودگاه مهرآباد,Domestic Departure
2025-05-31 19:50:00,آوا,AXV7730,مشهد,پرواز كرد,"18, 19",2025-05-31 20:04:00,EPRBC,B737,فرودگاه مهرآباد,Domestic Departure
2025-05-31 19:50:00,ساها,IRZ156,شیراز,پرواز كرد,"10, 11",2025-05-31 19:59:00,EPSII,737-700,فرودگاه مهرآباد,Domestic Departure
2025-05-31 20:00:00,زاگرس,IZG4010,شیراز,پرواز كرد,3,2025-05-31 20:23:00,EPZAQ,MD83,فرودگاه مهرآباد,Domestic Departure
2025-05-31 20:05:00,چابهار,IRU7614,چابهار,پرواز كرد,5,2025-05-31 20:19:00,EPCBD,MD82,فرودگاه مهرآباد,Domestic Departure
2025-05-31 20:10:00,کیش ایر,KIS7081,كيش,پرواز كرد,"9, 10",2025-05-31 20:21:00,EPLCJ,MD82,فرودگاه مهرآباد,Domestic Departure
2025-05-31 20:20:00,آتا,TBZ5619,مشهد,پرواز كرد,"26, 27",2025-05-31 21:53:00,EPTAZ,md88,فرودگاه مهرآباد,Domestic Departure
2025-05-31 20:35:00,ساها,IRZ172,بوشهر,باطل شد,,,,737-700,فرودگاه مهرآباد,Domestic Departure
2025-05-31 20:45:00,ایران ایر,IRA458,بندرعباس,پرواز كرد,"5, 6",2025-05-31 20:57:00,EPCFR,F100,فرودگاه مهرآباد,Domestic Departure
2025-05-31 20:50:00,قشم ایر,QSM1216,آبادان,پرواز كرد,"16, 17",2025-05-31 21:20:00,EPFQU,rj100,فرودگاه مهرآباد,Domestic Departure
2025-05-31 20:50:00,ماهان,IRM1079,کرمان,پرواز كرد,24,2025-05-31 21:03:00,EPMEI,RJ85,فرودگاه مهرآباد,Domestic Departure
2025-05-31 20:55:00,وارش,VRH5902,مشهد,پرواز كرد,7,2025-05-31 21:30:00,EPVBM,B737,فرودگاه مهرآباد,Domestic Departure
2025-05-31 21:00:00,زاگرس,IZG4050,بندرعباس,پرواز كرد,4,2025-05-31 21:43:00,EPZAG,MD82,فرودگاه مهرآباد,Domestic Departure
2025-05-31 21:00:00,ماهان,IRM0000,نا مشخص,دريافت كارت پرواز,33,,,747,فرودگاه مهرآباد,Domestic Departure
2025-05-31 21:05:00,یزد ایر,DZD9439,اصفهان,پرواز كرد,"10, 11",2025-05-31 21:12:00,EPMEU,RJ85,فرودگاه مهرآباد,Domestic Departure
2025-05-31 21:05:00,ایران ایر,IRA3320,ساری,پرواز كرد,3,2025-05-31 21:08:00,EPITM,ATR-42-400,فرودگاه مهرآباد,Domestic Departure
2025-05-31 21:10:00,کارون,KRU2608,یزد,پرواز كرد,"14, 15",2025-05-31 21:37:00,EPNFC,737-700,فرودگاه مهرآباد,Domestic Departure
2025-05-31 21:10:00,کاسپین,CPN6900,بوشهر,پرواز كرد,"8, 9",2025-05-31 21:16:00,EPCPD,MD83,فرودگاه مهرآباد,Domestic Departure
2025-05-31 21:15:00,کیش ایر,KIS7105,آبادان,پرواز كرد,"11, 12",2025-05-31 21:32:00,EPLCO,MD83,فرودگاه مهرآباد,Domestic Departure
2025-05-31 21:25:00,اطلس ایر,ATS8280,اهواز,پرواز كرد,"18, 19",2025-05-31 22:00:00,EPLEE,737,فرودگاه مهرآباد,Domestic Departure
2025-05-31 21:30:00,آتا,TBZ5670,یزد,پرواز كرد,"24, 25",2025-05-31 21:39:00,EPTAJ,MD83,فرودگاه مهرآباد,Domestic Departure
2025-05-31 21:30:00,کیش ایر,KIS7025,كيش,پرواز كرد,"9, 10",2025-05-31 21:46:00,EPLCM,MD83,فرودگاه مهرآباد,Domestic Departure
2025-05-31 22:00:00,ایران ایر,IRA260,مشهد,پرواز كرد,"5, 6",2025-05-31 22:13:00,EPIEP,A319,فرودگاه مهرآباد,Domestic Departure
2025-05-31 22:05:00,کارون,KRU2610,دزفول,پرواز كرد,"16, 17",2025-05-31 23:16:00,EPMIS,F100,فرودگاه مهرآباد,Domestic Departure
2025-05-28 20:00:00,ایران ایرتور,IRB966,مشهد,پرواز كرد,"7, 8",2025-05-28 22:35:00,EPMDF,MD83,فرودگاه مهرآباد,Domestic Departure
2025-05-31 22:10:00,آتا,TBZ5627,اهواز,پرواز كرد,"28, 29",2025-05-31 23:27:00,EPTAH,737,فرودگاه مهرآباد,Domestic Departure
2025-05-31 22:20:00,آسمان,IRC824,شیراز,پایان پذیرش مسافر,"26, 27",,,F100,فرودگاه مهرآباد,Domestic Departure
2025-05-31 22:30:00,چابهار,IRU7642,اهواز,پرواز كرد,6,2025-05-31 23:13:00,EPSEB,MD83,فرودگاه مهرآباد,Domestic Departure
2025-05-31 22:30:00,یزد ایر,DZD9443,یزد,پرواز كرد,"12, 13",2025-05-31 22:33:00,EPMOH,rj100,فرودگاه مهرآباد,Domestic Departure
2025-05-31 22:35:00,کیش ایر,KIS7151,شیراز,پرواز كرد,"11, 12",2025-05-31 23:21:00,EPLCK,MD82,فرودگاه مهرآباد,Domestic Departure
2025-05-31 22:35:00,ماهان,IRM1071,زاهدان,پرواز كرد,23,2025-05-31 22:50:00,EPMOC,146-200,فرودگاه مهرآباد,Domestic Departure
2025-05-31 23:25:00,کارون,KRU2620,اهواز,پرواز كرد,"14, 15",2025-05-31 23:39:00,EPJIA,737,فرودگاه مهرآباد,Domestic Departure
2025-05-31 23:40:00,آتا,TBZ5640,تبریز,در حال سوار شدن,"26, 27",,,MD83,فرودگاه مهرآباد,Domestic Departure
2025-05-31 23:45:00,تابان,TBN6252,مشهد,در حال سوار شدن,"3, 4",,EPSMA,MD.88,فرودگاه مهرآباد,Domestic Departure
2025-05-31 23:50:00,فلای پرشیا,FPI7401,شیراز,آماده پرواز,"18, 19",,EPFPA,737-700,فرودگاه مهرآباد,Domestic Departure
2025-05-31 23:50:00,ماهان,IRM1053,کرمان,آماده پرواز,22,,EPMEB,146-200,فرودگاه مهرآباد,Domestic Departure
2025-06-04 01:00:00,کارون,KRU2674,اهواز,پرواز كرد,"16, 17",2025-06-04 02:05:00,EPJIA,737-700,فرودگاه مهرآباد,Domestic Departure
2025-06-04 03:30:00,کیش ایر,KIS7085,یزد,پرواز كرد,"9, 10",2025-06-04 03:41:00,EPLCL,MD82,فرودگاه مهرآباد,Domestic Departure
2025-06-04 04:00:00,فلای پرشیا,FPI7438,مشهد,پرواز كرد,"18, 19",2025-06-04 04:07:00,EPFPC,737-700,فرودگاه مهرآباد,Domestic Departure
2025-06-04 04:00:00,ایران ایرتور,IRB984,شیراز,باطل شد,"9, 10",,EPMDF,MD83,فرودگاه مهرآباد,Domestic Departure
2025-06-04 04:30:00,آتا,TBZ5610,تبریز,پرواز كرد,11,2025-06-04 04:38:00,EPTAZ,MD83,فرودگاه مهرآباد,Domestic Departure
2025-06-04 04:30:00,ساها,IRZ158,شیراز,پرواز كرد,"10, 11",2025-06-04 04:41:00,EPSII,737-700,فرودگاه مهرآباد,Domestic Departure
2025-06-04 04:35:00,آتا,TBZ5693,اهواز,پرواز كرد,"12, 13",2025-06-04 04:47:00,EPTAL,MD83,فرودگاه مهرآباد,Domestic Departure
2025-06-04 04:45:00,پويا,PYA2314,یزد,پرواز كرد,14,2025-06-04 04:54:00,EPPUR,EMB145,فرودگاه مهرآباد,Domestic Departure
2025-06-04 04:50:00,آسمان,IRC840,ایلام,باطل شد,,,,F100,فرودگاه مهرآباد,Domestic Departure
2025-06-04 04:55:00,وارش,VRH5818,مشهد,پرواز كرد,3,2025-06-04 06:20:00,EPVBM,B737,فرودگاه مهرآباد,Domestic Departure
2025-06-04 05:00:00,قدر ایر,SEP2702,اهواز,پرواز كرد,"12, 13",2025-06-04 05:14:00,,AN74,فرودگاه مهرآباد,Domestic Departure
2025-06-04 05:00:00,معراج,MRJ2816,عسلویه,پرواز كرد,"18, 19",2025-06-04 06:03:00,EPSSN,A321,فرودگاه مهرآباد,Domestic Departure
2025-06-04 05:10:00,چابهار,IRU7660,مشهد,پرواز كرد,5,2025-06-04 05:21:00,EPCBI,MD83,فرودگاه مهرآباد,Domestic Departure
2025-06-04 05:20:00,وارش,VRH5918,عسلویه,پرواز كرد,4,2025-06-04 06:30:00,EPVAK,737-700,فرودگاه مهرآباد,Domestic Departure
2025-06-04 05:20:00,ساها,IRZ162,مشهد,پرواز كرد,"6, 7",2025-06-04 05:29:00,EPSIJ,737-700,فرودگاه مهرآباد,Domestic Departure
2025-06-04 05:25:00,پارس ایر,PRS4492,آغاجاری,پرواز كرد,21,2025-06-04 05:31:00,EPPRA,CRJ200,فرودگاه مهرآباد,Domestic Departure
2025-06-04 05:40:00,پارس ایر,PRS5400,مشهد,پرواز كرد,"18, 19",2025-06-04 06:05:00,EPPAM,B737,فرودگاه مهرآباد,Domestic Departure
2025-06-04 05:45:00,پارس ایر,PRS4480,مشهد,پرواز كرد,"20, 21",2025-06-04 07:44:00,EPPAO,B737,فرودگاه مهرآباد,Domestic Departure
2025-06-04 05:45:00,آساجت,SJT8604,عسلویه,پرواز كرد,22,2025-06-04 06:15:00,EPJEK,EMB145,فرودگاه مهرآباد,Domestic Departure
2025-06-04 05:50:00,کاسپین,CPN016,چابهار,پرواز كرد,"10, 11",2025-06-04 06:12:00,EPCAS,MD83,فرودگاه مهرآباد,Domestic Departure
2025-06-04 05:30:00,اطلس ایر,ATS8278,مشهد,طبق برنامه,,,,MD83,فرودگاه مهرآباد,Domestic Departure
2025-06-04 05:55:00,قشم ایر,QSM1238,خارگ,پرواز كرد,15,2025-06-04 06:09:00,EPFQV,RJ100,فرودگاه مهرآباد,Domestic Departure
2025-06-04 06:00:00,کارون,KRU2586,سیری,پرواز كرد,21,2025-06-04 06:17:00,EPAWZ,F100,فرودگاه مهرآباد,Domestic Departure
2025-06-04 06:05:00,ماهان,IRM1085,زابل,پرواز كرد,25,2025-06-04 06:24:00,EPMEU,146-200,فرودگاه مهرآباد,Domestic Departure
2025-06-04 06:10:00,آتا,TBZ5729,مشهد,پرواز كرد,"12, 13",2025-06-04 12:45:00,EPTAJ,MD83,فرودگاه مهرآباد,Domestic Departure
2025-06-04 06:25:00,کیش ایر,KIS7093,عسلویه,باطل شد,,,,MD83,فرودگاه مهرآباد,Domestic Departure
2025-06-04 06:25:00,وارش,VRH5876,مشهد,پرواز كرد,3,2025-06-04 07:30:00,EPVAR,B737,فرودگاه مهرآباد,Domestic Departure
2025-06-04 06:30:00,ایران ایرتور,IRB912,بندرعباس,پرواز كرد,"9, 10",2025-06-04 06:42:00,EPMDD,MD83,فرودگاه مهرآباد,Domestic Departure
2025-06-04 06:30:00,ایران ایر,IRA236,شیراز/بندرلنگه,پرواز كرد,"3, 4",2025-06-04 06:39:00,EPCFR,F100,فرودگاه مهرآباد,Domestic Departure
2025-06-04 06:35:00,اروان,INA6750,مشهد,پرواز كرد,5,2025-06-04 07:02:00,EPNSR,737-700,فرودگاه مهرآباد,Domestic Departure
2025-06-04 06:35:00,زاگرس,IZG4030,كيش,پرواز كرد,4,2025-06-04 06:52:00,EPZAG,MD83,فرودگاه مهرآباد,Domestic Departure
2025-06-04 06:40:00,قشم ایر,QSM1280,اصفهان,پرواز كرد,"16, 17",2025-06-04 07:00:00,EPFQI,F100,فرودگاه مهرآباد,Domestic Departure
2025-06-04 06:45:00,اطلس ایر,ATS8288,مشهد,پرواز كرد,"18, 19",2025-06-04 07:23:00,EPLEE,MD83,فرودگاه مهرآباد,Domestic Departure
2025-06-04 06:45:00,کاسپین,CPN6914,عسلویه,پرواز كرد,"8, 9",2025-06-04 06:55:00,EPCPD,MD83,فرودگاه مهرآباد,Domestic Departure
2025-06-04 06:50:00,کاسپین,CPN024,مشهد,پرواز كرد,"10, 11",2025-06-04 07:06:00,EPCPU,MD83,فرودگاه مهرآباد,Domestic Departure
2025-06-04 07:00:00,وارش,VRH5840,مشهد,پرواز كرد,6,2025-06-04 08:05:00,EPVAV,B737,فرودگاه مهرآباد,Domestic Departure
2025-06-04 07:05:00,آتا,TBZ5662,کرمان,پرواز كرد,"28, 29",2025-06-04 08:00:00,EPTAQ,MD83,فرودگاه مهرآباد,Domestic Departure
2025-06-04 07:05:00,ایران ایر,IRA311,اهواز,پرواز كرد,"1, 2",2025-06-04 07:14:00,EPIEP,A319,فرودگاه مهرآباد,Domestic Departure
2025-06-04 07:10:00,معراج,MRJ2804,مشهد,پرواز كرد,"14, 15",2025-06-04 07:12:00,EPSSM,A320,فرودگاه مهرآباد,Domestic Departure
2025-06-04 07:15:00,ماهان,IRM1051,کرمان,پرواز كرد,25,2025-06-04 07:20:00,EPMEA,146-200,فرودگاه مهرآباد,Domestic Departure
2025-06-04 07:25:00,ماهان,IRM4536,اردبیل,پرواز كرد,23,2025-06-04 07:37:00,EPMOH,146-200,فرودگاه مهرآباد,Domestic Departure
2025-06-04 07:25:00,آسمان,IRC3771,شیراز,پرواز كرد,29,2025-06-04 07:42:00,EPATE,F100,فرودگاه مهرآباد,Domestic Departure
2025-06-04 07:30:00,وارش,VRH5856,مشهد,پرواز كرد,7,2025-06-04 07:56:00,EPVAF,B737,فرودگاه مهرآباد,Domestic Departure
2025-06-04 07:30:00,یزد ایر,DZD9419,یزد,پرواز كرد,"6, 7",2025-06-04 07:40:00,EPDZH,146-200,فرودگاه مهرآباد,Domestic Departure
2025-06-04 07:30:00,کارون,KRU2516,لاوان,باطل شد,,,,F100,فرودگاه مهرآباد,Domestic Departure
2025-06-04 07:35:00,آتا,TBZ5602,تبریز,پرواز كرد,"26, 27",2025-06-04 07:48:00,EPTAR,MD83,فرودگاه مهرآباد,Domestic Departure
2025-05-28 05:05:00,ایران ایرتور,IRB930,بیرجند,طبق برنامه,,,,MD83,فرودگاه مهرآباد,Domestic Departure
2025-05-28 05:10:00,ماهان,IRM4596,ایلام,طبق برنامه,,,,RJ85,فرودگاه مهرآباد,Domestic Departure
2025-05-28 05:20:00,ایران ایر,IRA3405,سقز,طبق برنامه,,,,F100,فرودگاه مهرآباد,Domestic Departure
2025-05-28 05:25:00,آسمان,IRC600,مشهد,طبق برنامه,"26, 27",,,F100,فرودگاه مهرآباد,Domestic Departure
2025-05-28 05:30:00,وارش,VRH5852,اهواز,طبق برنامه,,,,B737,فرودگاه مهرآباد,Domestic Departure
2025-05-28 05:35:00,فلای پرشیا,FPI7426,اهواز,طبق برنامه,"18, 19",,,737-700,فرودگاه مهرآباد,Domestic Departure
2025-05-28 05:40:00,کارون,KRU2506,ماهشهر,طبق برنامه,,,,F100,فرودگاه مهرآباد,Domestic Departure
2025-05-28 05:45:00,وارش,VRH5918,عسلویه,طبق برنامه,,,,737-700,فرودگاه مهرآباد,Domestic Departure
2025-05-28 05:50:00,ماهان,IRM4575,جیرفت,طبق برنامه,25,,,146-200,فرودگاه مهرآباد,Domestic Departure
2025-05-28 06:00:00,آتا,TBZ5677,ارومیه,طبق برنامه,,,,MD83,فرودگاه مهرآباد,Domestic Departure
2025-05-28 06:00:00,کارون,KRU2518,اصفهان/بهرگان,طبق برنامه,,,,F100,فرودگاه مهرآباد,Domestic Departure
2025-05-28 06:05:00,آتا,TBZ5619,مشهد,طبق برنامه,,,,MD83,فرودگاه مهرآباد,Domestic Departure
2025-05-28 06:10:00,کاسپین,CPN048,شیراز,طبق برنامه,"6, 7",,,MD83,فرودگاه مهرآباد,Domestic Departure
2025-05-28 06:10:00,چابهار,IRU7624,آبادان,طبق برنامه,,,,MD83,فرودگاه مهرآباد,Domestic Departure
2025-05-28 06:15:00,ماهان,IRM1033,مشهد,طبق برنامه,24,,,146-200,فرودگاه مهرآباد,Domestic Departure
2025-05-28 06:20:00,کیش ایر,KIS7055,كيش,طبق برنامه,,,,MD83,فرودگاه مهرآباد,Domestic Departure
2025-05-28 06:25:00,چابهار,IRU7660,مشهد,طبق برنامه,,,,MD83,فرودگاه مهرآباد,Domestic Departure
2025-05-28 06:40:00,اروان,INA6750,مشهد,طبق برنامه,,,,737-700,فرودگاه مهرآباد,Domestic Departure
2025-05-28 06:40:00,کاسپین,CPN014,عسلویه,طبق برنامه,"8, 9",,,MD83,فرودگاه مهرآباد,Domestic Departure
2025-05-28 06:45:00,اطلس ایر,ATS8278,مشهد,طبق برنامه,,,,MD83,فرودگاه مهرآباد,Domestic Departure
2025-05-28 06:50:00,قشم ایر,QSM1291,کرمانشاه,طبق برنامه,,,,F100,فرودگاه مهرآباد,Domestic Departure
2025-05-28 06:50:00,ماهان,IRM4589,زاهدان,طبق برنامه,23,,,146-200,فرودگاه مهرآباد,Domestic Departure
2025-05-28 06:55:00,ماهان,IRM1010,کرمانشاه,طبق برنامه,22,,,146-200,فرودگاه مهرآباد,Domestic Departure
2025-05-28 07:00:00,ایران ایر,IRA252,اصفهان,طبق برنامه,,,,F100,فرودگاه مهرآباد,Domestic Departure
2025-05-28 07:00:00,ایران ایرتور,IRB918,چابهار,طبق برنامه,,,,MD83,فرودگاه مهرآباد,Domestic Departure
2025-05-25 18:00:00,آسمان,IRC3904,ساری,پروازکرد18:00,16-17,2025-05-25 18:00:00,,100,فرودگاه شيراز,Domestic Departure
2025-05-25 19:20:00,پويا,PYA2341,تهران,پروازکرد21:02,2,2025-05-25 21:02:00,,EMB145,فرودگاه شيراز,Domestic Departure
2025-05-25 19:20:00,آتا,TBZ5624,تهران,پروازکرد21:19,11-12,2025-05-25 21:19:00,,MD83,فرودگاه شيراز,Domestic Departure
2025-05-25 22:00:00,فلای پرشیا,FPI7400,تهران,پروازکرد22:04,5-6,2025-05-25 22:04:00,,B737-400,فرودگاه شيراز,Domestic Departure
2025-05-25 22:00:00,ساها,IRZ157,تهران,پروازکرد22:14,1-2,2025-05-25 22:14:00,,737,فرودگاه شيراز,Domestic Departure
2025-05-25 23:05:00,آسمان,IRC3818,آبادان,پروازکرد23:04,16-17,2025-05-25 23:04:00,,100,فرودگاه شيراز,Domestic Departure
2025-05-25 23:50:00,تابان,TBN6234,مشهد,آماده پرواز,11-12,,,md88,فرودگاه شيراز,Domestic Departure
2025-05-25 01:30:00,کیش ایر,KIS7058,مشهد,طبق برنامه,,,,MD82,فرودگاه شيراز,Domestic Departure
2025-05-25 05:45:00,پارس,PRS4468,آغاجاری,طبق برنامه,,,,CRJ200,فرودگاه شيراز,Domestic Departure
2025-05-25 07:30:00,کارون,KRU2536a,بهرگان,طبق برنامه,,,,100,فرودگاه شيراز,Domestic Departure
2025-05-25 08:10:00,چابهار,IRU7627,تهران,طبق برنامه,,,,MD82,فرودگاه شيراز,Domestic Departure
2025-05-25 08:30:00,یزد ایر,DZD9409,كيش,طبق برنامه,,,,EMB145,فرودگاه شيراز,Domestic Departure
2025-06-04 12:00:00,زاگرس,IZG4042,مشهد,پرواز كرد,3,2025-06-04 12:25:00,EPZAQ,MD83,فرودگاه مهرآباد,Domestic Departure
2025-05-28 07:05:00,قشم ایر,QSM1238,خارگ,طبق برنامه,,,,F100,فرودگاه مهرآباد,Domestic Departure
2025-05-28 07:10:00,آتا,TBZ5635,اهواز,طبق برنامه,,,,MD83,فرودگاه مهرآباد,Domestic Departure
2025-05-28 07:10:00,ساها,IRZ160,لاوان,طبق برنامه,"10, 11",,,737-700,فرودگاه مهرآباد,Domestic Departure
2025-05-28 07:15:00,کاسپین,CPN026,مشهد,طبق برنامه,"6, 7",,,MD83,فرودگاه مهرآباد,Domestic Departure
2025-05-28 07:15:00,کارون,KRU2584,عسلویه,طبق برنامه,,,,F100,فرودگاه مهرآباد,Domestic Departure
2025-05-28 07:20:00,قشم ایر,QSM1270,زاهدان,طبق برنامه,,,,F100,فرودگاه مهرآباد,Domestic Departure
2025-05-28 07:25:00,اطلس ایر,ATS8293,چابهار,طبق برنامه,,,,737-700,فرودگاه مهرآباد,Domestic Departure
2025-05-28 07:25:00,آسمان,IRC3771,شیراز,طبق برنامه,"28, 29",,,F100,فرودگاه مهرآباد,Domestic Departure
2025-05-28 07:30:00,ایران ایرتور,IRB916,كيش,طبق برنامه,,,,MD83,فرودگاه مهرآباد,Domestic Departure
2025-05-28 07:35:00,پويا,PYA2323,رشت,طبق برنامه,13,,,EMB145,فرودگاه مهرآباد,Domestic Departure
2025-05-28 07:45:00,کیش ایر,KIS7053,كيش,طبق برنامه,,,,MD83,فرودگاه مهرآباد,Domestic Departure
2025-05-28 08:00:00,ماهان,IRM4536,اردبیل,طبق برنامه,21,,,146-200,فرودگاه مهرآباد,Domestic Departure
2025-05-28 08:05:00,آتا,TBZ5602,تبریز,طبق برنامه,,,,MD83,فرودگاه مهرآباد,Domestic Departure
2025-05-28 08:10:00,ماهان,IRM1051,کرمان,طبق برنامه,22,,,146-200,فرودگاه مهرآباد,Domestic Departure
2025-05-28 08:25:00,معراج,MRJ2825,تبریز,طبق برنامه,,,,A320,فرودگاه مهرآباد,Domestic Departure
2025-05-28 08:25:00,کاسپین,CPN044,كيش,طبق برنامه,"6, 7",,,MD83,فرودگاه مهرآباد,Domestic Departure
2025-05-28 08:35:00,زاگرس,IZG4030,كيش,طبق برنامه,,,,MD83,فرودگاه مهرآباد,Domestic Departure
2025-05-28 08:55:00,ایران ایر,IRA407,بوشهر,طبق برنامه,,,,F100,فرودگاه مهرآباد,Domestic Departure
2025-05-28 09:00:00,تابان,TBN6258,مشهد,طبق برنامه,"3, 4",,,MD.88,فرودگاه مهرآباد,Domestic Departure
2025-05-28 09:10:00,یزد ایر,DZD6899,مشهد,طبق برنامه,"10, 11",,,RJ85,فرودگاه مهرآباد,Domestic Departure
2025-05-28 09:15:00,ماهان,IRM1043,كيش,طبق برنامه,"23, 24, 25",,,AB6,فرودگاه مهرآباد,Domestic Departure
2025-05-28 09:20:00,آوا,AXV7702,مشهد,طبق برنامه,,,,B737,فرودگاه مهرآباد,Domestic Departure
2025-05-28 09:30:00,کیش ایر,KIS7015,كيش,طبق برنامه,,,,MD82,فرودگاه مهرآباد,Domestic Departure
2025-05-28 09:30:00,چابهار,IRU7640,مشهد,طبق برنامه,,,,MD83,فرودگاه مهرآباد,Domestic Departure
2025-05-28 09:40:00,فلای پرشیا,FPI7438,مشهد,طبق برنامه,"18, 19",,,737-700,فرودگاه مهرآباد,Domestic Departure
2025-05-28 09:50:00,رایمون,RAI7522,مشهد,طبق برنامه,"1, 2",,,EMB145,فرودگاه مهرآباد,Domestic Departure
2025-05-28 10:00:00,آتا,TBZ5681,بندرعباس,طبق برنامه,,,,MD83,فرودگاه مهرآباد,Domestic Departure
2025-05-28 10:00:00,وارش,VRH5840,مشهد,طبق برنامه,,,,B737,فرودگاه مهرآباد,Domestic Departure
2025-05-28 10:10:00,ایران ایرتور,IRB962,مشهد,طبق برنامه,,,,MD83,فرودگاه مهرآباد,Domestic Departure
2025-05-28 10:20:00,آتا,TBZ5629,مشهد,طبق برنامه,,,,MD83,فرودگاه مهرآباد,Domestic Departure
2025-05-28 10:40:00,چابهار,IRU7610,مشهد,طبق برنامه,,,,MD83,فرودگاه مهرآباد,Domestic Departure
2025-05-28 18:10:00,آسمان,IRC640,تبریز,طبق برنامه,"26, 27",,,F100,فرودگاه مهرآباد,Domestic Departure
2025-05-28 18:15:00,آساجت,SJT8624,یزد,طبق برنامه,,,,EMB145,فرودگاه مهرآباد,Domestic Departure
2025-05-28 18:15:00,ماهان,IRM1026,اردبیل,طبق برنامه,21,,,146-200,فرودگاه مهرآباد,Domestic Departure
2025-05-28 18:20:00,کارون,KRU2602,اصفهان,طبق برنامه,,,,F100,فرودگاه مهرآباد,Domestic Departure
2025-05-28 18:20:00,ماهان,IRM1055,کرمان,طبق برنامه,25,,,AB6,فرودگاه مهرآباد,Domestic Departure
2025-05-28 18:30:00,ماهان,IRM1002,تبریز,طبق برنامه,24,,,146-200,فرودگاه مهرآباد,Domestic Departure
2025-05-28 18:30:00,ایران ایرتور,IRB912,بندرعباس,طبق برنامه,,,,MD83,فرودگاه مهرآباد,Domestic Departure
2025-05-28 18:35:00,رایمون,RAI7510,رشت,طبق برنامه,"1, 2",,,EMB145,فرودگاه مهرآباد,Domestic Departure
2025-05-28 19:00:00,قشم ایر,QSM1210,اهواز,طبق برنامه,,,,F100,فرودگاه مهرآباد,Domestic Departure
2025-05-28 19:00:00,وارش,VRH5814,بندرعباس,طبق برنامه,,,,B737,فرودگاه مهرآباد,Domestic Departure
2025-05-28 19:05:00,اطلس ایر,ATS8291,مشهد,طبق برنامه,,,,MD83,فرودگاه مهرآباد,Domestic Departure
2025-05-28 19:10:00,فلای پرشیا,FPI7405,شیراز,طبق برنامه,"18, 19",,,737-700,فرودگاه مهرآباد,Domestic Departure
2025-05-28 19:15:00,تابان,TBN6326,مشهد,طبق برنامه,"3, 4",,,MD.88,فرودگاه مهرآباد,Domestic Departure
2025-05-28 19:30:00,قشم ایر,QSM1240,قشم,طبق برنامه,,,,F100,فرودگاه مهرآباد,Domestic Departure
2025-05-28 19:30:00,ایران ایرتور,IRB988,اهواز,طبق برنامه,,,,MD83,فرودگاه مهرآباد,Domestic Departure
2025-05-28 19:35:00,آتا,TBZ5712,آبادان,طبق برنامه,,,,MD83,فرودگاه مهرآباد,Domestic Departure
2025-06-04 13:00:00,پويا,PYA2312,مشهد,پرواز كرد,13,2025-06-04 13:25:00,EPPUR,EMB145,فرودگاه مهرآباد,Domestic Departure
2025-06-04 13:00:00,ماهان,IRM0000,نا مشخص,دريافت كارت پرواز,33,,,747,فرودگاه مهرآباد,Domestic Departure
2025-05-25 18:00:00,آتا,TBZ5652,مشهد,پروازکرد18:55,13-14,2025-05-25 18:55:00,,MD83,فرودگاه اصفهان,Domestic Departure
2025-05-25 18:45:00,ایران ایر,IRA3382,بندرعباس,باطل شد,,,,ATR,فرودگاه اصفهان,Domestic Departure
2025-05-25 19:00:00,آتا,TBZ5749,مشهد,پروازکرد18:50,14-15,2025-05-25 18:50:00,,MD83,فرودگاه اصفهان,Domestic Departure
2025-05-25 19:05:00,کارون,KRU2603,تهران,پروازکرد19:00,2-3,2025-05-25 19:00:00,,100,فرودگاه اصفهان,Domestic Departure
2025-05-25 22:00:00,کیش ایر,KIS7034,تهران,پروازکرد22:00,1-2,2025-05-25 22:00:00,,MD83,فرودگاه اصفهان,Domestic Departure
2025-05-25 22:30:00,کارون,KRU2622,اهواز,تاخیردارد00:30 | پذیرش مسافر,3-4,,,100,فرودگاه اصفهان,Domestic Departure
2025-05-25 23:00:00,زاگرس,IZG4141,مشهد,پروازکرد23:30,13-14,2025-05-25 23:30:00,,MD83,فرودگاه اصفهان,Domestic Departure
2025-05-25 23:00:00,آتا,TBZ5676,مشهد,در حال سوار شدن,15-16,,,MD80,فرودگاه اصفهان,Domestic Departure
2025-05-25 07:20:00,یزد ایر,DZD9438,تهران,باطل شد,,,,BAE146,فرودگاه اصفهان,Domestic Departure
2025-05-25 08:10:00,ماهان,IRM04560,تبریز,طبق برنامه,,,,146-300,فرودگاه اصفهان,Domestic Departure
2025-05-25 08:30:00,آتا,TBZ5652,مشهد,طبق برنامه,,,,MD83,فرودگاه اصفهان,Domestic Departure
2025-06-04 13:05:00,آساجت,SJT8630,گرگان,پرواز كرد,22,2025-06-04 13:22:00,EPRHN,EMB145,فرودگاه مهرآباد,Domestic Departure
2025-06-04 13:05:00,آتا,TBZ5604,تبریز,پرواز كرد,11,2025-06-04 13:30:00,EPTAM,MD83,فرودگاه مهرآباد,Domestic Departure
2025-06-04 13:20:00,فلای پرشیا,FPI7440,مشهد,پرواز كرد,"18, 19",2025-06-04 13:34:00,EPFPA,737-700,فرودگاه مهرآباد,Domestic Departure
2025-06-04 13:30:00,کاسپین,CPN026,مشهد,پرواز كرد,"6, 7",2025-06-04 13:45:00,EPCAQ,737,فرودگاه مهرآباد,Domestic Departure
2025-05-28 11:00:00,آتا,TBZ5659,كيش,طبق برنامه,,,,MD83,فرودگاه مهرآباد,Domestic Departure
2025-05-28 11:15:00,ایران ایر,IRA3310,اصفهان,طبق برنامه,,,,ATR-72-500,فرودگاه مهرآباد,Domestic Departure
2025-05-28 12:55:00,آتا,TBZ5698,مشهد,طبق برنامه,,,,MD83,فرودگاه مهرآباد,Domestic Departure
2025-05-28 13:15:00,ماهان,IRM4572,ایلام,طبق برنامه,22,,,146-200,فرودگاه مهرآباد,Domestic Departure
2025-05-28 19:45:00,کاسپین,CPN6900,بوشهر,طبق برنامه,"6, 7",,,MD83,فرودگاه مهرآباد,Domestic Departure
2025-05-28 19:50:00,ساها,IRZ156,شیراز,طبق برنامه,"10, 11",,,737-700,فرودگاه مهرآباد,Domestic Departure
2025-05-28 19:55:00,کیش ایر,KIS7163,کرمان,طبق برنامه,,,,MD82,فرودگاه مهرآباد,Domestic Departure
2025-05-28 20:00:00,وارش,VRH5902,مشهد,طبق برنامه,,,,B737,فرودگاه مهرآباد,Domestic Departure
2025-05-28 20:05:00,کیش ایر,KIS7081,كيش,طبق برنامه,,,,MD83,فرودگاه مهرآباد,Domestic Departure
2025-05-28 20:05:00,چابهار,IRU7612,زاهدان,طبق برنامه,,,,MD83,فرودگاه مهرآباد,Domestic Departure
2025-05-28 20:20:00,کیش ایر,KIS7051,شیراز,طبق برنامه,,,,MD82,فرودگاه مهرآباد,Domestic Departure
2025-05-28 20:50:00,ایران ایر,IRA265,آبادان,طبق برنامه,,,,F100,فرودگاه مهرآباد,Domestic Departure
2025-05-28 21:00:00,زاگرس,IZG4050,بندرعباس,طبق برنامه,,,,MD83,فرودگاه مهرآباد,Domestic Departure
2025-05-28 21:05:00,آتا,TBZ5646,تبریز,طبق برنامه,,,,MD83,فرودگاه مهرآباد,Domestic Departure
2025-05-28 21:05:00,کاسپین,CPN6986,زاهدان,طبق برنامه,"6, 7",,,MD83,فرودگاه مهرآباد,Domestic Departure
2025-05-28 21:15:00,کیش ایر,KIS7025,كيش,طبق برنامه,,,,MD83,فرودگاه مهرآباد,Domestic Departure
2025-05-28 21:15:00,آتا,TBZ5670,یزد,طبق برنامه,,,,MD83,فرودگاه مهرآباد,Domestic Departure
2025-05-28 21:30:00,اطلس ایر,ATS8284,مشهد,باطل شد,,,,RJ85,فرودگاه مهرآباد,Domestic Departure
2025-05-28 21:45:00,پارس ایر,PRS4426,شیراز,طبق برنامه,"18, 19",,,B737,فرودگاه مهرآباد,Domestic Departure
2025-05-28 22:10:00,کارون,KRU2608,یزد,طبق برنامه,,,,737-700,فرودگاه مهرآباد,Domestic Departure
2025-05-28 22:10:00,کارون,KRU2610,دزفول,طبق برنامه,,,,F100,فرودگاه مهرآباد,Domestic Departure
2025-05-28 22:10:00,آسمان,IRC630,گرگان,طبق برنامه,"28, 29",,,F100,فرودگاه مهرآباد,Domestic Departure
2025-05-28 22:15:00,کیش ایر,KIS7069,مشهد,طبق برنامه,,,,MD82,فرودگاه مهرآباد,Domestic Departure
2025-05-28 22:25:00,آساجت,SJT8662,اراک,طبق برنامه,,,,EMB145,فرودگاه مهرآباد,Domestic Departure
2025-05-28 22:30:00,چابهار,IRU7642,اهواز,طبق برنامه,,,,MD83,فرودگاه مهرآباد,Domestic Departure
2025-05-28 23:45:00,آتا,TBZ5640,تبریز,طبق برنامه,,,,MD83,فرودگاه مهرآباد,Domestic Departure
2025-05-28 23:45:00,تابان,TBN6252,مشهد,طبق برنامه,"3, 4",,,MD.88,فرودگاه مهرآباد,Domestic Departure
2025-05-28 23:50:00,ماهان,IRM1053,کرمان,طبق برنامه,23,,,146-200,فرودگاه مهرآباد,Domestic Departure
2025-05-28 19:15:00,وارش,VRH5804,ساری,پرواز كرد,20,2025-05-28 19:52:00,,B737,فرودگاه مشهد,Domestic Departure
2025-05-28 19:20:00,آتا,TBZ5620,تهران,پرواز كرد,"13, 14",2025-05-28 20:02:00,,MD80,فرودگاه مشهد,Domestic Departure
2025-05-28 19:35:00,هواپیمایی اطلس,ATS8275,تهران,پرواز كرد,2,2025-05-28 21:40:00,,RJ85,فرودگاه مشهد,Domestic Departure
2025-05-28 20:00:00,کیش ایر,KIS7010,آبادان,پرواز كرد,"5, 6",2025-05-28 20:47:00,,MD82,فرودگاه مشهد,Domestic Departure
2025-05-28 20:15:00,هواپیمایی پارس,PRS4415,آبادان,پرواز كرد,"9, 10",2025-05-28 20:25:00,,B737,فرودگاه مشهد,Domestic Departure
2025-05-28 20:20:00,فلای پرشیا,FPI7443,تهران,پرواز كرد,"7, 8",2025-05-28 20:37:00,,B737,فرودگاه مشهد,Domestic Departure
2025-05-28 20:20:00,قشم ایر,QSM1275,تبریز,پرواز كرد,"3, 4",2025-05-28 20:31:00,,F100,فرودگاه مشهد,Domestic Departure
2025-05-28 21:00:00,تابان,TBN6215,اهواز,پرواز كرد,17,2025-05-28 21:10:00,,MD.88,فرودگاه مشهد,Domestic Departure
2025-05-28 21:00:00,آتا,TBZ5647,آبادان,پرواز كرد,"11, 12",2025-05-28 21:18:00,,MD80,فرودگاه مشهد,Domestic Departure
2025-05-28 21:05:00,ایران ایر,IRA335,اهواز,پرواز كرد,"25, 26, 27",2025-05-28 21:30:00,,A319,فرودگاه مشهد,Domestic Departure
2025-05-28 21:15:00,هواپیمایی اطلس,ATS8279,تهران,پرواز كرد,"5, 6",2025-05-28 21:54:00,,MD83,فرودگاه مشهد,Domestic Departure
2025-05-28 21:50:00,آتا,TBZ5650,اصفهان,آماده پرواز,"13, 14",,,MD80,فرودگاه مشهد,Domestic Departure
2025-05-28 23:15:00,هواپیمایی اطلس,ATS8289,تهران,پایان پذیرش مسافر,"3, 4",,,B737,فرودگاه مشهد,Domestic Departure
2025-05-28 23:30:00,وارش,VRH5802,ساری,پایان پذیرش مسافر,22,,,B737,فرودگاه مشهد,Domestic Departure
2025-05-28 23:55:00,هواپیمایی اطلس,ATS8283,تهران,تاخیر - 00:55,3,,,RJ85,فرودگاه مشهد,Domestic Departure
2025-05-28 00:55:00,معراج,MRJ2805,تهران,طبق برنامه,"5, 6",,,A321,فرودگاه مشهد,Domestic Departure
2025-06-04 13:35:00,آتا,TBZ5633,اردبیل,پرواز كرد,"28, 29",2025-06-04 13:55:00,EPTAZ,MD.88,فرودگاه مهرآباد,Domestic Departure
2025-06-04 13:40:00,آسمان,IRC602,مشهد,پرواز كرد,26,2025-06-04 13:59:00,EPATE,F100,فرودگاه مهرآباد,Domestic Departure
2025-06-04 13:50:00,قشم ایر,QSM1240,قشم,پرواز كرد,"16, 17",2025-06-04 14:10:00,EPFQU,rj100,فرودگاه مهرآباد,Domestic Departure
2025-05-25 15:00:00,وارش,VRH5827,ساری,طبق برنامه,,,,737-500,فرودگاه بندرعباس,Domestic Departure
2025-05-25 16:20:00,ایران ایر,IRA3361,كيش,طبق برنامه,,,,ATR,فرودگاه بندرعباس,Domestic Departure
2025-05-25 18:15:00,ماهان,IRM1077,مشهد,پروازکرد18:16,3-4,2025-05-25 18:16:00,,BAE146,فرودگاه کرمان,Domestic Departure
2025-05-25 18:30:00,آتا,TBZ5665,تهران,پروازکرد19:08,1-2,2025-05-25 19:08:00,,MD83,فرودگاه کرمان,Domestic Departure
2025-05-25 19:40:00,ماهان,IRM1066,تهران,پروازکرد19:40,3-4,2025-05-25 19:40:00,,BAE146,فرودگاه کرمان,Domestic Departure
2025-05-25 21:00:00,ماهان,IRM1052,تهران,پروازکرد20:56,1-2,2025-05-25 20:56:00,,BAE146,فرودگاه کرمان,Domestic Departure
2025-05-25 21:50:00,قشم,QSM1289,تهران,پروازکرد21:40,3-4,2025-05-25 21:40:00,,f100,فرودگاه کرمان,Domestic Departure
2025-05-25 06:00:00,ماهان,IRM4560,تبریز,طبق برنامه,,,,BAE146,فرودگاه کرمان,Domestic Departure
2025-05-25 07:40:00,چابهار ایر لاین,IRU7673,تهران,طبق برنامه,,,,MD83,فرودگاه کرمان,Domestic Departure
2025-05-25 08:30:00,آتا,TBZ5663,تهران,طبق برنامه,,,,MD83,فرودگاه کرمان,Domestic Departure
2025-05-25 10:55:00,ماهان,IRM1054,تهران,طبق برنامه,,,,BAE146,فرودگاه کرمان,Domestic Departure
2025-05-25 13:00:00,وارش,VRH5805,مشهد,پروازکرد13:04,"1,4",2025-05-25 13:04:00,,,فرودگاه ساري,Domestic Departure
2025-05-25 20:20:00,آسمان,IRC3905,شیراز,پروازکرد20:22,1,2025-05-25 20:22:00,,,فرودگاه ساري,Domestic Departure
2025-05-25 06:30:00,وارش,VRH5801,تهران,طبق برنامه,,,,,فرودگاه ساري,Domestic Departure
2025-05-25 15:00:00,وارش,VRH5803,مشهد,طبق برنامه,,,,,فرودگاه ساري,Domestic Departure
2025-05-25 17:45:00,وارش,VRH5826,بندرعباس,طبق برنامه,,,,,فرودگاه ساري,Domestic Departure
2025-06-04 14:00:00,قشم ایر,QSM1252,مشهد,پرواز كرد,"18, 19",2025-06-04 14:13:00,EPFQF,F100,فرودگاه مهرآباد,Domestic Departure
2025-05-28 06:00:00,آتا,TBZ5709,یزد,طبق برنامه,,,,MD80,فرودگاه مشهد,Domestic Departure
2025-05-28 06:00:00,سپهران,SHI4358,کرمانشاه,طبق برنامه,"3, 4",,,B737,فرودگاه مشهد,Domestic Departure
2025-05-28 06:00:00,تابان,TBN6209,اصفهان,طبق برنامه,23,,,MD.88,فرودگاه مشهد,Domestic Departure
2025-05-28 06:00:00,ماهان,IRM1036,تهران,طبق برنامه,"7, 8, 9, 10",,,747,فرودگاه مشهد,Domestic Departure
2025-05-28 06:00:00,ایران ایرتور,IRB982,بوشهر,طبق برنامه,,,,MD82,فرودگاه مشهد,Domestic Departure
2025-05-28 06:30:00,آوا,AXV7703,تهران,طبق برنامه,"5, 6",,,B737,فرودگاه مشهد,Domestic Departure
2025-05-28 06:30:00,تابان,TBN6257,تهران,طبق برنامه,20,,,MD.88,فرودگاه مشهد,Domestic Departure
2025-05-28 07:00:00,آتا,TBZ5650,اصفهان,طبق برنامه,,,,MD80,فرودگاه مشهد,Domestic Departure
2025-05-28 07:30:00,وارش,VRH5854,اصفهان,طبق برنامه,18,,,B737,فرودگاه مشهد,Domestic Departure
2025-05-28 07:30:00,زاگرس,IZG4102,تبریز,طبق برنامه,22,,,MD82,فرودگاه مشهد,Domestic Departure
2025-05-28 07:50:00,آسمان,IRC3796,رشت,تاخیر - 08:40,,,,F100,فرودگاه مشهد,Domestic Departure
2025-05-28 08:00:00,آتا,TBZ5727,کرمان,طبق برنامه,,,,MD80,فرودگاه مشهد,Domestic Departure
2025-05-28 08:10:00,آتا,TBZ5620,تهران,طبق برنامه,,,,MD80,فرودگاه مشهد,Domestic Departure
2025-05-28 12:30:00,وارش,VRH5819,تهران,طبق برنامه,,,,B737,فرودگاه مشهد,Domestic Departure
2025-05-28 12:30:00,وارش,VRH5802,ساری,طبق برنامه,,,,B737,فرودگاه مشهد,Domestic Departure
2025-05-28 12:30:00,ایران ایرتور,IRB904,رشت,طبق برنامه,,,,MD82,فرودگاه مشهد,Domestic Departure
2025-05-28 12:40:00,آتا,TBZ5630,تهران,طبق برنامه,,,,MD80,فرودگاه مشهد,Domestic Departure
2025-05-28 12:55:00,آسمان,IRC601,تهران,طبق برنامه,,,,F100,فرودگاه مشهد,Domestic Departure
2025-05-28 13:00:00,چابهار,IRU7611,تهران,طبق برنامه,,,,MD82,فرودگاه مشهد,Domestic Departure
2025-05-28 13:10:00,سپهران,SHI4326,رشت,طبق برنامه,,,,B737,فرودگاه مشهد,Domestic Departure
2025-05-28 13:45:00,کاسپین,CPN027,تهران,طبق برنامه,,,,B737,فرودگاه مشهد,Domestic Departure
2025-05-28 14:25:00,اروان,INA6751,تهران,طبق برنامه,,,,B737,فرودگاه مشهد,Domestic Departure
2025-05-28 14:40:00,چابهار,IRU7661,تهران,طبق برنامه,,,,MD83,فرودگاه مشهد,Domestic Departure
2025-05-28 14:55:00,ماهان,IRM1098,اردبیل,طبق برنامه,,,,BAE100,فرودگاه مشهد,Domestic Departure
2025-05-28 15:00:00,آتا,TBZ5720,تهران,طبق برنامه,,,,MD80,فرودگاه مشهد,Domestic Departure
2025-05-28 15:45:00,تابان,TBN6255,تهران,طبق برنامه,,,,MD.88,فرودگاه مشهد,Domestic Departure
2025-05-28 16:30:00,آتا,TBZ5750,اصفهان,طبق برنامه,,,,MD80,فرودگاه مشهد,Domestic Departure
2025-05-28 16:30:00,زاگرس,IZG4120,اهواز,طبق برنامه,,,,MD82,فرودگاه مشهد,Domestic Departure
2025-05-28 17:00:00,وارش,VRH5810,اهواز,طبق برنامه,,,,B737,فرودگاه مشهد,Domestic Departure
2025-05-28 17:00:00,سپهران,SHI4356,تبریز,طبق برنامه,,,,B737,فرودگاه مشهد,Domestic Departure
2025-05-28 17:00:00,تابان,TBN6251,تهران,طبق برنامه,,,,MD.88,فرودگاه مشهد,Domestic Departure
2025-05-28 17:20:00,قشم ایر,QSM1253,تهران,طبق برنامه,,,,F100,فرودگاه مشهد,Domestic Departure
2025-05-28 17:30:00,ایران ایرتور,IRB908,کرمانشاه,طبق برنامه,,,,MD82,فرودگاه مشهد,Domestic Departure
2025-05-28 17:30:00,ایران ایرتور,IRB963,تهران,طبق برنامه,,,,MD82,فرودگاه مشهد,Domestic Departure
2025-05-28 18:00:00,کاسپین,CPN6940,خرم‌آباد,طبق برنامه,,,,MD82,فرودگاه مشهد,Domestic Departure
2025-05-28 18:00:00,سپهران,SHI4338,اهواز,طبق برنامه,,,,B737,فرودگاه مشهد,Domestic Departure
2025-05-26 08:15:00,معراج,MRJ2825,تبریز,طبق برنامه,"21, 22",,,A320,فرودگاه مهرآباد,Domestic Departure
2025-05-28 18:00:00,هواپیمایی پارس,PRS4456,آبادان,طبق برنامه,,,,B737,فرودگاه مشهد,Domestic Departure
2025-05-28 18:10:00,آتا,TBZ5614,تهران,طبق برنامه,,,,MD80,فرودگاه مشهد,Domestic Departure
2025-05-25 01:15:00,پارس,PRS4495,تهران,پذیرش مسافر,4,,,737,فرودگاه آبادان,Domestic Departure
2025-05-25 08:00:00,تابان,IZG6218,مشهد,طبق برنامه,,,,,فرودگاه آبادان,Domestic Departure
2025-05-25 08:00:00,زاگرس,IZG4107,مشهد,طبق برنامه,,,,,فرودگاه آبادان,Domestic Departure
2025-05-25 10:15:00,اطلس ایر,ATS8297,مشهد,طبق برنامه,,,,,فرودگاه آبادان,Domestic Departure
2025-05-25 10:30:00,پارس,PRS4457,مشهد,طبق برنامه,,,,,فرودگاه آبادان,Domestic Departure
2025-05-25 11:30:00,کیش ایر,KIS7104,تهران,طبق برنامه,,,,MD82,فرودگاه آبادان,Domestic Departure
2025-05-25 12:00:00,ایر وان,INA6753,مشهد,طبق برنامه,,,,,فرودگاه آبادان,Domestic Departure
2025-05-25 16:00:00,آتا,TBZ5701,تهران,طبق برنامه,,,,,فرودگاه آبادان,Domestic Departure
2025-05-25 11:55:00,قشم,QSM1204,عسلویه,پروازکرد12:12,4-5,2025-05-25 12:12:00,,f100,فرودگاه گرگان,Domestic Departure
2025-05-25 19:45:00,آسمان,IRC631,تهران,باطل شد,1,,,100,فرودگاه گرگان,Domestic Departure
2025-05-25 20:55:00,کاسپین,CPN4923,مشهد,پروازکرد21:15,1-2,2025-05-25 21:15:00,,,فرودگاه همدان,Domestic Departure
2025-05-25 20:20:00,ماهان,IRM1027,تهران,پروازکرد20:13,2-3,2025-05-25 20:13:00,,RJ100,فرودگاه اردبيل,Domestic Departure
2025-05-25 17:05:00,ایران ایر,IRA496,تهران,طبق برنامه,,,,100,فرودگاه اردبيل,Domestic Departure
2025-05-25 19:15:00,ایران ایر,IRA386,مشهد,پروازکرد19:45,,2025-05-25 19:45:00,,100,فرودگاه بيرجند,Domestic Departure
2025-05-25 22:45:00,ایران ایر,IRA217,تهران,پروازکرد23:53,2-3,2025-05-25 23:53:00,,100,فرودگاه بيرجند,Domestic Departure
2025-05-25 16:15:00,ماهان,IRM1005,تهران,پروازکرد16:30,"1,4",2025-05-25 16:30:00,,,فرودگاه خرم آباد,Domestic Departure
2025-05-25 11:55:00,ماهان,IRM1091,مشهد,طبق برنامه,,,,146-100,فرودگاه زنجان,Domestic Departure
2025-05-25 09:00:00,ماهان,IRM1040,مشهد,طبق برنامه,,,,,فرودگاه زابل,Domestic Departure
2025-05-25 13:50:00,ماهان,IRM1084,تهران,طبق برنامه,,,,BAE146,فرودگاه زابل,Domestic Departure
2025-05-26 08:05:00,آتا,TBZ5602,تبریز,طبق برنامه,"12, 13",,,MD83,فرودگاه مهرآباد,Domestic Departure
2025-05-26 08:10:00,ماهان,IRM1051,کرمان,طبق برنامه,19,,,146-200,فرودگاه مهرآباد,Domestic Departure
2025-05-26 08:20:00,وارش,VRH5902,مشهد,طبق برنامه,6,,,B737,فرودگاه مهرآباد,Domestic Departure
2025-05-26 08:25:00,زاگرس,IZG4030,كيش,طبق برنامه,3,,,MD83,فرودگاه مهرآباد,Domestic Departure
2025-05-26 08:30:00,ایران ایرتور,IRB960,مشهد,طبق برنامه,"9, 10",,,MD83,فرودگاه مهرآباد,Domestic Departure
2025-05-26 08:35:00,کاسپین,CPN044,كيش,طبق برنامه,"12, 13",,,MD83,فرودگاه مهرآباد,Domestic Departure
2025-05-26 08:40:00,آوا,AXV7730,مشهد,طبق برنامه,"14, 15",,,B737,فرودگاه مهرآباد,Domestic Departure
2025-05-26 09:00:00,اطلس ایر,ATS8286,سهند,طبق برنامه,"16, 17",,,RJ85,فرودگاه مهرآباد,Domestic Departure
2025-05-28 18:30:00,آتا,TBZ5651,اصفهان,طبق برنامه,,,,MD80,فرودگاه مشهد,Domestic Departure
2025-05-28 18:30:00,آوا,AXV7710,آبادان,طبق برنامه,,,,B737,فرودگاه مشهد,Domestic Departure
2025-05-28 18:45:00,هواپیمایی اطلس,ATS8281,شیراز,طبق برنامه,,,,B737,فرودگاه مشهد,Domestic Departure
2025-05-28 19:15:00,هواپیمایی اطلس,ATS8275,تهران,طبق برنامه,,,,RJ85,فرودگاه مشهد,Domestic Departure
2025-05-28 19:30:00,وارش,VRH5905,تهران,طبق برنامه,,,,B737,فرودگاه مشهد,Domestic Departure
2025-05-28 19:35:00,آسمان,IRC3851,شیراز,طبق برنامه,,,,F100,فرودگاه مشهد,Domestic Departure
2025-05-28 19:40:00,آتا,TBZ5641,اهواز,طبق برنامه,,,,MD80,فرودگاه مشهد,Domestic Departure
2025-05-28 20:00:00,سپهران,SHI4366,آبادان,طبق برنامه,,,,B737,فرودگاه مشهد,Domestic Departure
2025-05-28 20:05:00,چابهار,IRU7651,تهران,طبق برنامه,,,,MD83,فرودگاه مشهد,Domestic Departure
2025-06-04 14:00:00,یزد ایر,DZD9449,بوشهر,پرواز كرد,"8, 9",2025-06-04 14:45:00,EPDZH,RJ85,فرودگاه مهرآباد,Domestic Departure
2025-06-04 14:05:00,رایمون,RAI7512,اصفهان,پرواز كرد,"3, 4",2025-06-04 14:16:00,EPNEA,EMB145,فرودگاه مهرآباد,Domestic Departure
2025-06-04 14:05:00,ماهان,IRM1010,کرمانشاه,پرواز كرد,20,2025-06-04 14:20:00,EPMEA,rj100,فرودگاه مهرآباد,Domestic Departure
2025-06-04 14:10:00,آتا,TBZ5613,مشهد,پرواز كرد,"12, 13",2025-06-04 14:38:00,EPTAQ,MD83,فرودگاه مهرآباد,Domestic Departure
2025-05-28 17:30:00,قشم,QSM1274,مشهد,پروازکرد17:45,4-5,2025-05-28 17:45:00,,100,فرودگاه تبريز,Domestic Departure
2025-05-28 17:30:00,آتا,TBZ5639,تهران,پروازکرد17:40,8-9,2025-05-28 17:40:00,,MD83,فرودگاه تبريز,Domestic Departure
2025-06-04 14:10:00,آتا,TBZ5623,شیراز,تاخیر - 17:20,"12, 13",,,MD83,فرودگاه مهرآباد,Domestic Departure
2025-06-04 14:15:00,آتا,TBZ5659,كيش,پرواز كرد,"24, 25",2025-06-04 14:24:00,EPTAL,MD83,فرودگاه مهرآباد,Domestic Departure
2025-06-04 14:15:00,ماهان,IRM1006,خرم‌آباد,پرواز كرد,21,2025-06-04 14:40:00,EPMEA,rj100,فرودگاه مهرآباد,Domestic Departure
2025-06-04 14:20:00,کیش ایر,KIS7193,عسلویه,پرواز كرد,"9, 10",2025-06-04 14:35:00,EPLCK,MD82,فرودگاه مهرآباد,Domestic Departure
2025-05-28 14:30:00,تاجیک,TJK1111,آدانا,پایان پذیرش مسافر,,,,2025-05-30,فرودگاه تبريز,International Departure
2025-05-29 04:10:00,پگاسوس,PGT509,استانبول,باطل شد,,,A320,2025-05-30,فرودگاه تبريز,International Departure
2025-05-29 07:00:00,آتا,TBZ6601,استانبول,طبق برنامه,,,MD83,2025-05-30,فرودگاه تبريز,International Departure
2025-05-29 07:15:00,ترکیش,TK883,استانبول,طبق برنامه,,,A320,2025-05-30,فرودگاه تبريز,International Departure
2025-05-29 09:30:00,کارون,KRU5548,نجف,طبق برنامه,,,100,2025-05-30,فرودگاه تبريز,International Departure
2025-06-04 14:20:00,آتا,TBZ5629,مشهد,پرواز كرد,"26, 27",2025-06-04 14:42:00,EPTAO,MD83,فرودگاه مهرآباد,Domestic Departure
2025-06-04 14:25:00,یزد ایر,DZD9441,یزد,پرواز كرد,"10, 11",2025-06-04 14:49:00,EPMOC,146-200,فرودگاه مهرآباد,Domestic Departure
2025-05-28 09:00:00,زاگرس,IZG4141,مشهد,پروازکرد13:30,14-15,2025-05-28 13:30:00,,MD83,فرودگاه اصفهان,Domestic Departure
2025-05-28 11:55:00,قشم,QSM1281,تهران,پروازکرد12:30,3,2025-05-28 12:30:00,,CRJ200,فرودگاه اصفهان,Domestic Departure
2025-05-28 13:00:00,ایران ایر,IRA3311,تهران,پروازکرد13:30,11,2025-05-28 13:30:00,,ATR,فرودگاه اصفهان,Domestic Departure
2025-05-28 13:20:00,ماهان,IRM4561,کرمان,پروازکرد13:35,1,2025-05-28 13:35:00,,BAE146,فرودگاه اصفهان,Domestic Departure
2025-05-28 13:45:00,وارش,VRH5855,مشهد,پروازکرد14:30,15-16,2025-05-28 14:30:00,,B737-400,فرودگاه اصفهان,Domestic Departure
2025-05-28 16:15:00,کیش ایر,KIS7023,كيش,پروازکرد16:10,1-2,2025-05-28 16:10:00,,MD83,فرودگاه اصفهان,Domestic Departure
2025-05-28 16:45:00,وارش,VRH5829,مشهد,پروازکرد16:55,14-15,2025-05-28 16:55:00,,B727,فرودگاه اصفهان,Domestic Departure
2025-05-28 17:00:00,پويا,PYA2351,تهران,پروازکرد17:10,4,2025-05-28 17:10:00,,EMB145,فرودگاه اصفهان,Domestic Departure
2025-05-28 17:35:00,کارون,KRU2562,عسلویه,پروازکرد18:10,1-2,2025-05-28 18:10:00,,737,فرودگاه اصفهان,Domestic Departure
2025-05-28 18:30:00,آتا,TBZ5749,مشهد,پروازکرد18:35,14-15,2025-05-28 18:35:00,,MD83,فرودگاه اصفهان,Domestic Departure
2025-05-28 19:05:00,قشم,QSM1308,قشم,پروازکرد19:35,3-4,2025-05-28 19:35:00,,CRJ200,فرودگاه اصفهان,Domestic Departure
2025-05-28 20:40:00,کارون,KRU2545,ماهشهر,پروازکرد21:05,5,2025-05-28 21:05:00,,,فرودگاه اصفهان,Domestic Departure
2025-05-28 21:00:00,اطلس ایر,ATS8276,مشهد,پروازکرد22:05,3-4,2025-05-28 22:05:00,,,فرودگاه اصفهان,Domestic Departure
2025-05-28 21:40:00,آسمان,IRC3759,آبادان,تاخیردارد01:15,,,,100,فرودگاه اصفهان,Domestic Departure
2025-05-28 23:00:00,یزد ایر,DZD9438,تهران,پروازکرد23:05,1,2025-05-28 23:05:00,,RJ100,فرودگاه اصفهان,Domestic Departure
2025-05-29 00:20:00,آتا,TBZ5649,مشهد,پذیرش مسافر,14-15,,,MD83,فرودگاه اصفهان,Domestic Departure
2025-05-29 07:30:00,کارون,KRU2518,بهرگان,طبق برنامه,,,,f100,فرودگاه اصفهان,Domestic Departure
2025-05-29 08:30:00,تابان,TBN6210,مشهد,طبق برنامه,,,,MD80,فرودگاه اصفهان,Domestic Departure
2025-05-29 09:30:00,آتا,TBZ5654,كيش,طبق برنامه,,,,MD83,فرودگاه اصفهان,Domestic Departure
2025-05-29 10:00:00,وارش,VRH5855,مشهد,طبق برنامه,,,,B737-400,فرودگاه اصفهان,Domestic Departure
2025-05-29 10:45:00,کارون,KRU2519,تهران,طبق برنامه,,,,100,فرودگاه اصفهان,Domestic Departure
2025-05-29 10:45:00,وارش,VRH5865,عسلویه,طبق برنامه,,,,,فرودگاه اصفهان,Domestic Departure
2025-05-29 11:15:00,کیش ایر,KIS7138,بندرعباس,طبق برنامه,,,,MD83,فرودگاه اصفهان,Domestic Departure
2025-06-04 14:30:00,زاگرس,IZG4040,مشهد,پرواز كرد,5,2025-06-04 14:46:00,EPZAG,MD83,فرودگاه مهرآباد,Domestic Departure
2025-06-04 14:50:00,ایران ایر,IRA3495,عسلویه,تاخیر - 16:50,"5, 6",,,A319,فرودگاه مهرآباد,Domestic Departure
2025-06-04 15:10:00,قشم ایر,QSM1294,گرگان,آماده پرواز,"16, 17",,EPFQI,F100,فرودگاه مهرآباد,Domestic Departure
2025-06-04 15:30:00,آتا,TBZ5621,اهواز,پایان پذیرش مسافر,"12, 13",,,B737,فرودگاه مهرآباد,Domestic Departure
2025-05-28 17:45:00,عراقی,IAW172,نجف,پروازکرد17:55,17:55,,B737-400,2025-05-30,فرودگاه اصفهان,International Departure
2025-05-29 02:05:00,ترکیش,THY893,استانبول,طبق برنامه,,,B737-400,2025-05-30,فرودگاه اصفهان,International Departure
2025-05-29 09:00:00,ایران ایر,IRA611,کویت,طبق برنامه,,,A319,2025-05-30,فرودگاه اصفهان,International Departure
2025-05-28 11:30:00,پارس,QFZ4478,مشهد,پروازکرد12:40,10,2025-05-28 12:40:00,,,فرودگاه اهواز,Domestic Departure
2025-05-28 12:00:00,آتا,TBZ5632,تهران,پروازکرد13:45,2,2025-05-28 13:45:00,,,فرودگاه اهواز,Domestic Departure
2025-05-28 13:30:00,کارون,KRU2575,عسلویه,پروازکرد14:20,10,2025-05-28 14:20:00,,,فرودگاه اهواز,Domestic Departure
2025-05-28 15:30:00,ایران ایر,IRA310,تهران,پروازکرد15:39,5,2025-05-28 15:39:00,,,فرودگاه اهواز,Domestic Departure
2025-05-28 17:30:00,آتا,TBZ5628,تهران,پروازکرد17:58,2,2025-05-28 17:58:00,,,فرودگاه اهواز,Domestic Departure
2025-05-28 19:00:00,زاگرس,IZG4021,تهران,پروازکرد19:23,2,2025-05-28 19:23:00,,,فرودگاه اهواز,Domestic Departure
2025-05-28 19:30:00,زاگرس,IZG4121,مشهد,پروازکرد20:00,4,2025-05-28 20:00:00,,MD82,فرودگاه اهواز,Domestic Departure
2025-05-28 20:00:00,سپهران,SHI4339,مشهد,پروازکرد20:12,10,2025-05-28 20:12:00,,,فرودگاه اهواز,Domestic Departure
2025-05-28 21:30:00,آتا,TBZ5636,تهران,پروازکرد22:20,2,2025-05-28 22:20:00,,,فرودگاه اهواز,Domestic Departure
2025-05-28 23:50:00,ایران ایر,IRA418,تهران,ورود به سالن بازرسی | پایان پذیرش مسافر,5-6,,,,فرودگاه اهواز,Domestic Departure
2025-05-28 23:55:00,تابان,TBN6216,مشهد,پذیرش مسافر,1,,,,فرودگاه اهواز,Domestic Departure
2025-05-29 09:00:00,ایران ایرتور,IRB983,مشهد,طبق برنامه,,,,,فرودگاه بوشهر,Domestic Departure
2025-05-29 11:10:00,ایران ایر,IRA406,تهران,طبق برنامه,,,,,فرودگاه بوشهر,Domestic Departure
2025-05-29 09:00:00,فلای دبی,FDB282,دبی,طبق برنامه,,,,2025-05-30,فرودگاه بوشهر,International Departure
2025-05-28 13:30:00,ماهان,IRM1094,تهران,پروازکرد13:56,1-3,2025-05-28 13:56:00,,747-400,فرودگاه بندرعباس,Domestic Departure
2025-05-28 13:45:00,کیش ایر,KIS7139,اصفهان,پروازکرد13:40,4-5,2025-05-28 13:40:00,,MD80,فرودگاه بندرعباس,Domestic Departure
2025-05-28 15:00:00,کیش ایر,KIS7106,مشهد,پروازکرد15:42,1-3,2025-05-28 15:42:00,,A321,فرودگاه بندرعباس,Domestic Departure
2025-05-28 18:50:00,پويا,PYA2349,تهران,پروازکرد18:52,1,2025-05-28 18:52:00,,EMB145,فرودگاه بندرعباس,Domestic Departure
2025-05-28 20:00:00,قشم,QSM1221,تهران,پروازکرد20:07,2-3,2025-05-28 20:07:00,,CRJ200,فرودگاه بندرعباس,Domestic Departure
2025-05-28 21:00:00,ایران ایرتور,IRB913,تهران,پروازکرد21:58,8-10,2025-05-28 21:58:00,,,فرودگاه بندرعباس,Domestic Departure
2025-05-28 21:45:00,وارش,VRH5815,تهران,پروازکرد22:22,6-7,2025-05-28 22:22:00,,737-500,فرودگاه بندرعباس,Domestic Departure
2025-05-28 23:45:00,زاگرس,IZG4051,تهران,ورود به سالن بازرسی | پذیرش مسافر,6-7,,,,فرودگاه بندرعباس,Domestic Departure
2025-05-28 23:55:00,آسمان,IRC3793,شیراز,پذیرش مسافر,2-3,,,100,فرودگاه بندرعباس,Domestic Departure
2025-05-29 06:30:00,پارس,PRS4487,شیراز,باطل شد,,,,CRJ200,فرودگاه بندرعباس,Domestic Departure
2025-05-29 10:45:00,کیش ایر,KIS7108,رشت,طبق برنامه,,,,100,فرودگاه بندرعباس,Domestic Departure
2025-05-29 11:40:00,قشم,QSM1285,کرمانشاه,طبق برنامه,,,,,فرودگاه بندرعباس,Domestic Departure
2025-06-04 15:30:00,آتا,TBZ5664,کرمان,تاخیر - 18:00,"24, 25",,,MD83,فرودگاه مهرآباد,Domestic Departure
2025-06-04 15:35:00,کاسپین,CPN036,ارومیه,دريافت كارت پرواز,"6, 7",,EPKPC,737,فرودگاه مهرآباد,Domestic Departure
2025-06-04 15:40:00,کیش ایر,KIS7129,كيش,دريافت كارت پرواز,"9, 10",,,MD82,فرودگاه مهرآباد,Domestic Departure
2025-06-04 15:40:00,ایران ایر,IRA3431,پارس‌آباد,دريافت كارت پرواز,"1, 2",,,F100,فرودگاه مهرآباد,Domestic Departure
2025-05-28 18:30:00,فلای دبی,FDB244,دبی,پروازکرد18:33,18:33,,737,2025-05-30,فرودگاه بندرعباس,International Departure
2025-05-29 04:15:00,ایران ایر,IRA1550,جده,طبق برنامه,,,A300-600,2025-05-30,فرودگاه بندرعباس,International Departure
2025-06-04 15:45:00,ایران ایر,IRA277,ارومیه,دريافت كارت پرواز,"5, 6",,,F100,فرودگاه مهرآباد,Domestic Departure
2025-05-28 18:00:00,آتا,TBZ5665,تهران,پروازکرد20:15,3-4,2025-05-28 20:15:00,,MD83,فرودگاه کرمان,Domestic Departure
2025-05-28 18:00:00,ماهان,IRM1078,تهران,پروازکرد18:05,3-4,2025-05-28 18:05:00,,BAE146,فرودگاه کرمان,Domestic Departure
2025-05-28 19:30:00,آتا,TBZ5728,مشهد,پروازکرد20:30,3-4,2025-05-28 20:30:00,,,فرودگاه کرمان,Domestic Departure
2025-05-28 19:40:00,ماهان,IRM1066,تهران,پروازکرد19:40,"5-6,12",2025-05-28 19:40:00,,BAE146,فرودگاه کرمان,Domestic Departure
2025-05-28 21:00:00,ماهان,IRM1052,تهران,پروازکرد21:10,1-2,2025-05-28 21:10:00,,BAE146,فرودگاه کرمان,Domestic Departure
2025-05-29 05:15:00,ماهان,IRM4562,اهواز,طبق برنامه,,,,BAE146,فرودگاه کرمان,Domestic Departure
2025-05-29 05:25:00,ماهان,IRM1050,تهران,طبق برنامه,,,,146-100,فرودگاه کرمان,Domestic Departure
2025-05-29 10:30:00,آتا,TBZ5728,مشهد,طبق برنامه,,,,,فرودگاه کرمان,Domestic Departure
2025-05-29 10:55:00,ماهان,IRM1054,تهران,طبق برنامه,,,,BAE146,فرودگاه کرمان,Domestic Departure
2025-06-04 15:50:00,اطلس ایر,ATS8292,مشهد,دريافت كارت پرواز,"14, 15",,,B737,فرودگاه مهرآباد,Domestic Departure
2025-05-29 11:45:00,پارس,PRS5478,نجف,طبق برنامه,,,737,2025-05-30,فرودگاه کرمان,International Departure
2025-05-28 20:15:00,وارش,VRH5805,مشهد,پروازکرد22:40,"1,4",2025-05-28 22:40:00,,,فرودگاه ساري,Domestic Departure
2025-05-28 21:30:00,وارش,VRH5803,مشهد,پروازکرد22:25,"1,4",2025-05-28 22:25:00,,,فرودگاه ساري,Domestic Departure
2025-05-29 06:00:00,وارش,VRH5805,مشهد,طبق برنامه,,,,,فرودگاه ساري,Domestic Departure
2025-06-04 15:50:00,قشم ایر,QSM1260,شیراز,دريافت كارت پرواز,"18, 19",,,F100,فرودگاه مهرآباد,Domestic Departure
2025-06-04 15:55:00,کیش ایر,KIS7053,كيش,دريافت كارت پرواز,"11, 12",,,MD83,فرودگاه مهرآباد,Domestic Departure
2025-06-04 15:55:00,پويا,PYA2348,بندرعباس,دريافت كارت پرواز,13,,,EMB145,فرودگاه مهرآباد,Domestic Departure
2025-05-28 14:05:00,یزد ایر,DZD9442,تهران,پروازکرد14:10,2-3,2025-05-28 14:10:00,,146-100,فرودگاه يزد,Domestic Departure
2025-05-28 20:10:00,رایمون,RAI7527,تهران,پروازکرد20:15,5,2025-05-28 20:15:00,,EMB145,فرودگاه يزد,Domestic Departure
2025-05-28 21:00:00,آسا جت,SJT8625,تهران,پروازکرد20:55,7,2025-05-28 20:55:00,,EMB145,فرودگاه يزد,Domestic Departure
2025-05-28 22:30:00,آتا,TBZ5669,تهران,پروازکرد22:30,6-7,2025-05-28 22:30:00,,MD83,فرودگاه يزد,Domestic Departure
2025-05-29 07:10:00,کیش ایر,KIS7084,تهران,طبق برنامه,,,,MD83,فرودگاه يزد,Domestic Departure
2025-05-29 08:20:00,آتا,TBZ5708,مشهد,طبق برنامه,,,,MD83,فرودگاه يزد,Domestic Departure
2025-05-29 08:30:00,آتا,TBZ5671,تهران,باطل شد,,,,MD83,فرودگاه يزد,Domestic Departure
2025-05-28 17:45:00,کاسپین,CPN037,تهران,پروازکرد18:00,3-4,2025-05-28 18:00:00,,,فرودگاه اروميه,Domestic Departure
2025-05-28 17:55:00,ایران ایر,IRA276,تهران,پروازکرد18:30,,2025-05-28 18:30:00,,,فرودگاه اروميه,Domestic Departure
2025-05-28 19:00:00,ایران ایرتور,IRB981,تهران,پروازکرد19:15,1-2,2025-05-28 19:15:00,,,فرودگاه اروميه,Domestic Departure
2025-05-28 21:10:00,آتا,TBZ5680,تهران,در حال سوار شدن,3-4,,,,فرودگاه اروميه,Domestic Departure
2025-05-29 08:00:00,آتا,TBZ5678,تهران,طبق برنامه,,,,,فرودگاه اروميه,Domestic Departure
2025-06-04 16:10:00,ایران ایرتور,IRB946,تبریز,دريافت كارت پرواز,"9, 10",,,MD83,فرودگاه مهرآباد,Domestic Departure
2025-05-28 15:00:00,ایران ایرتور,IRB905,مشهد,پروازکرد17:34,3-5,2025-05-28 17:34:00,,,فرودگاه رشت,Domestic Departure
2025-05-28 17:30:00,آساجت,SJT8635,تهران,پروازکرد17:36,6-7,2025-05-28 17:36:00,,,فرودگاه رشت,Domestic Departure
2025-05-28 18:30:00,تابان,TBN6314,مشهد,باطل شد,,,,,فرودگاه رشت,Domestic Departure
2025-05-28 22:30:00,ایران ایر,IRA3330,تهران,ورود به سالن بازرسی | پایان پذیرش مسافر,3-4,,,,فرودگاه رشت,Domestic Departure
2025-05-29 07:45:00,رایمون,RAI7511,تهران,طبق برنامه,,,,,فرودگاه رشت,Domestic Departure
2025-05-29 10:15:00,آسمان,IRC3797,مشهد,طبق برنامه,,,,,فرودگاه رشت,Domestic Departure
2025-06-04 16:15:00,کاسپین,CPN6982,لارستان,دريافت كارت پرواز,"8, 9",,,MD83,فرودگاه مهرآباد,Domestic Departure
2025-06-04 16:15:00,آساجت,SJT8606,کرمانشاه,دريافت كارت پرواز,22,,,EMB145,فرودگاه مهرآباد,Domestic Departure
2025-06-04 16:20:00,آتا,TBZ5719,مشهد,تاخیر - 17:00,"28, 29",,,MD83,فرودگاه مهرآباد,Domestic Departure
2025-06-04 16:25:00,آتا,TBZ5627,اهواز,دريافت كارت پرواز,"26, 27",,,MD83,فرودگاه مهرآباد,Domestic Departure
2025-06-04 16:30:00,ماهان,IRM1067,کرمان,دريافت كارت پرواز,18,,,AB6,فرودگاه مهرآباد,Domestic Departure
2025-06-04 16:55:00,اطلس ایر,ATS8270,مشهد,تاخیر - 20:00,"16, 17",,,RJ85,فرودگاه مهرآباد,Domestic Departure
2025-05-29 09:10:00,پويا,PYA2386,نجف,طبق برنامه,,,,2025-05-30,فرودگاه رشت,International Departure
2025-05-28 12:50:00,ماهان,IRM4559,چابهار,پروازکرد12:45,6,2025-05-28 12:45:00,,RJ85,فرودگاه زاهدان,Domestic Departure
2025-05-28 19:45:00,قشم,QSM1296,گرگان,پروازکرد19:51,2,2025-05-28 19:51:00,,f100,فرودگاه زاهدان,Domestic Departure
2025-05-28 21:30:00,ایران ایرتور,IRB975,تهران,تاخیردارد23:45 | پذیرش مسافر,4,,,MD82,فرودگاه زاهدان,Domestic Departure
2025-05-28 22:45:00,ماهان,IRM4540,تهران,پروازکرد22:45,6,2025-05-28 22:45:00,,RJ85,فرودگاه زاهدان,Domestic Departure
2025-05-29 10:00:00,قشم,QSM1209,مشهد,طبق برنامه,,,,100,فرودگاه زاهدان,Domestic Departure
2025-05-29 10:15:00,ماهان,IRM4588,تهران,طبق برنامه,,,,RJ100,فرودگاه زاهدان,Domestic Departure
2025-06-04 16:55:00,ایران ایرتور,IRB980,ارومیه,طبق برنامه,"7, 8",,,MD83,فرودگاه مهرآباد,Domestic Departure
2025-05-28 10:45:00,پارس,PRS4457,مشهد,پروازکرد11:26,4,2025-05-28 11:26:00,,,فرودگاه آبادان,Domestic Departure
2025-05-28 11:35:00,ایر وان,INA6753,مشهد,پروازکرد13:12,3,2025-05-28 13:12:00,,,فرودگاه آبادان,Domestic Departure
2025-05-28 19:55:00,آسمان,IRC3758,اصفهان,تاخیردارد00:30 | پایان پذیرش مسافر,5,,,,فرودگاه آبادان,Domestic Departure
2025-05-28 21:00:00,سپهران,SHI4367,مشهد,پروازکرد22:17,5,2025-05-28 22:17:00,,,فرودگاه آبادان,Domestic Departure
2025-05-28 21:30:00,آوا ایر,AVA7711,مشهد,پروازکرد22:11,2,2025-05-28 22:11:00,,,فرودگاه آبادان,Domestic Departure
2025-05-28 22:25:00,ایران ایر,IRA264,تهران,در حال سوار شدن,6,,,,فرودگاه آبادان,Domestic Departure
2025-05-28 22:50:00,آتا,TBZ5689,تهران,تاخیردارد23:40 | پذیرش مسافر,1,,,,فرودگاه آبادان,Domestic Departure
2025-05-28 23:00:00,کیش ایر,KIS7104,تهران,ورود به سالن بازرسی | پایان پذیرش مسافر,2,,,MDC-DC-9-82,فرودگاه آبادان,Domestic Departure
2025-05-28 23:15:00,پارس,PRS4414,مشهد,پذیرش مسافر | در حال سوار شدن,4,,,737,فرودگاه آبادان,Domestic Departure
2025-05-28 23:30:00,آسمان,IRC3751,تهران,تاخیردارد03:00,,,,100,فرودگاه آبادان,Domestic Departure
2025-05-28 23:55:00,آتا,TBZ5648,مشهد,ورود به سالن بازرسی | پذیرش مسافر,3,,,,فرودگاه آبادان,Domestic Departure
2025-05-29 02:45:00,سپهران,SHI4347,مشهد,طبق برنامه,,,,,فرودگاه آبادان,Domestic Departure
2025-05-29 08:20:00,چابهار ایر,IRU7625,تهران,طبق برنامه,,,,MD83,فرودگاه آبادان,Domestic Departure
2025-06-04 17:00:00,آتا,TBZ5668,تبریز,طبق برنامه,11,,,MD83,فرودگاه مهرآباد,Domestic Departure
2025-05-28 11:20:00,آسمان,IRC631,تهران,پروازکرد11:21,7,2025-05-28 11:21:00,,100,فرودگاه گرگان,Domestic Departure
2025-05-28 17:00:00,قشم,QSM1297,زاهدان,پروازکرد17:07,4-5,2025-05-28 17:07:00,,f100,فرودگاه گرگان,Domestic Departure
2025-05-28 18:10:00,ایران ایر,IRA247,تهران,پروازکرد18:11,3,2025-05-28 18:11:00,,100,فرودگاه گرگان,Domestic Departure
2025-05-28 22:40:00,قشم,QSM1295,تهران,پروازکرد22:47,4-5,2025-05-28 22:47:00,,f100,فرودگاه گرگان,Domestic Departure
2025-06-04 17:05:00,کاسپین,CPN6994,كيش,طبق برنامه,"10, 11",,,MD82,فرودگاه مهرآباد,Domestic Departure
2025-05-28 11:25:00,کاسپین,CPN4923,مشهد,درحال پرواز | پروازکرد11:55,1-2,2025-05-28 11:55:00,,,فرودگاه همدان,Domestic Departure
2025-05-28 18:30:00,ایران ایر,IRA1660,جده,پروازکرد18:44,18:44,,,2025-05-28,فرودگاه همدان,International Departure
2025-05-29 04:45:00,ایران ایر,IRA1554,جده,طبق برنامه,,,,2025-05-28,فرودگاه همدان,International Departure
2025-05-28 14:00:00,آتا,TBZ5634,تهران,پروازکرد14:00,4-5,2025-05-28 14:00:00,,MD83,فرودگاه اردبيل,Domestic Departure
2025-05-28 20:20:00,ماهان,IRM1027,تهران,پروازکرد20:40,2-3,2025-05-28 20:40:00,,RJ100,فرودگاه اردبيل,Domestic Departure
2025-05-29 10:05:00,ماهان,IRM4537,تهران,طبق برنامه,,,,RJ100,فرودگاه اردبيل,Domestic Departure
2025-05-29 11:20:00,آسمان,IRC3711,تهران,باطل شد,,,,100,فرودگاه اردبيل,Domestic Departure
2025-06-04 17:20:00,کارون,KRU2508,ماهشهر,طبق برنامه,"16, 17",,,F100,فرودگاه مهرآباد,Domestic Departure
2025-05-29 07:30:00,ایران ایرتور,IRB931,تهران,طبق برنامه,,,,MD82,فرودگاه بيرجند,Domestic Departure
2025-05-28 20:05:00,ماهان,IRM4543,تهران,پروازکرد20:00,3,2025-05-28 20:00:00,,,فرودگاه شهرکرد,Domestic Departure
2025-05-28 18:40:00,کاسپین,CPN6983,تهران,پروازکرد19:15,,2025-05-28 19:15:00,,MD83,فرودگاه لارستان,Domestic Departure
2025-05-28 12:15:00,فلای دبی,FDB268,دبی,پروازکرد12:15,12:15,,737,2025-05-28,فرودگاه لارستان,International Departure
2025-05-29 13:30:00,زاگرس,IZG4149,مشهد,پروازکرد14:01,2,2025-05-29 14:01:00,,,فرودگاه رشت,Domestic Departure
2025-05-29 13:45:00,کیش ایر,KIS7109,بندرعباس,پروازکرد13:50,7,2025-05-29 13:50:00,,,فرودگاه رشت,Domestic Departure
2025-05-29 14:00:00,پويا,PYA2324,تهران,پروازکرد14:04,6,2025-05-29 14:04:00,,,فرودگاه رشت,Domestic Departure
2025-05-29 15:00:00,ایران ایرتور,IRB905,مشهد,باطل شد,3-4,,,,فرودگاه رشت,Domestic Departure
2025-05-29 15:50:00,سپهران,SHI4327,مشهد,پروازکرد16:07,6-7,2025-05-29 16:07:00,,,فرودگاه رشت,Domestic Departure
2025-05-29 16:30:00,آساجت,SJT8635,تهران,پروازکرد16:33,2,2025-05-29 16:33:00,,,فرودگاه رشت,Domestic Departure
2025-05-29 14:25:00,قشم,QSM1271,تهران,پروازکرد15:40,2,2025-05-29 15:40:00,,100,فرودگاه زاهدان,Domestic Departure
2025-05-29 11:35:00,ایر وان,INA6753,مشهد,پروازکرد12:13,1,2025-05-29 12:13:00,,,فرودگاه آبادان,Domestic Departure
2025-05-29 11:40:00,چابهار ایر,IRU7655,مشهد,پروازکرد12:19,3,2025-05-29 12:19:00,,MD83,فرودگاه آبادان,Domestic Departure
2025-05-29 14:00:00,کاسپین,CPN6997,كيش,پروازکرد13:57,4-5,2025-05-29 13:57:00,,MD83,فرودگاه گرگان,Domestic Departure
2025-05-29 15:30:00,ماهان,IRM4573,تهران,پروازکرد15:40,1-2,2025-05-29 15:40:00,,,فرودگاه ايلام,Domestic Departure
2025-06-04 17:40:00,پارس ایر,PRS4458,كيش,طبق برنامه,20,,,CRJ200,فرودگاه مهرآباد,Domestic Departure
2025-06-04 17:45:00,کیش ایر,KIS7069,مشهد,باطل شد,,,,MD83,فرودگاه مهرآباد,Domestic Departure
2025-06-04 17:45:00,رایمون,RAI7514,عسلویه,طبق برنامه,"3, 4",,,EMB145,فرودگاه مهرآباد,Domestic Departure
2025-06-04 17:50:00,ماهان,IRM4542,شهرکرد,طبق برنامه,23,,,146-200,فرودگاه مهرآباد,Domestic Departure
2025-06-04 17:55:00,پارس ایر,PRS4454,مشهد,طبق برنامه,21,,,CRJ200,فرودگاه مهرآباد,Domestic Departure
2025-05-29 00:45:00,پارس ایر,PRS4460,شیراز,پرواز كرد,"18, 19",2025-05-29 00:59:00,EPPAO,737-700,فرودگاه مهرآباد,Domestic Departure
2025-05-29 00:55:00,کیش ایر,KIS7151,شیراز,پرواز كرد,"11, 12",2025-05-29 01:00:00,EPLCL,MD83,فرودگاه مهرآباد,Domestic Departure
2025-05-29 04:30:00,زاگرس,IZG4022,اهواز,پرواز كرد,3,2025-05-29 05:06:00,EPZAQ,MD83,فرودگاه مهرآباد,Domestic Departure
2025-05-29 04:55:00,کیش ایر,KIS7085,یزد,پرواز كرد,"9, 10",2025-05-29 05:22:00,EPLCK,MD82,فرودگاه مهرآباد,Domestic Departure
2025-05-29 05:00:00,چابهار,IRU7646,شیراز,پرواز كرد,5,2025-05-29 05:02:00,EPSEB,MD83,فرودگاه مهرآباد,Domestic Departure
2025-05-29 05:00:00,ایران ایر,IRA285,کرمانشاه,پرواز كرد,"5, 6",2025-05-29 05:13:00,EPCFR,F100,فرودگاه مهرآباد,Domestic Departure
2025-05-29 05:05:00,ایران ایرتور,IRB930,بیرجند,پرواز كرد,"7, 8",2025-05-29 05:09:00,EPMDD,MD83,فرودگاه مهرآباد,Domestic Departure
2025-05-29 05:10:00,ماهان,IRM4596,ایلام,پرواز كرد,,2025-05-29 04:57:00,EPNOQ,RJ85,فرودگاه مهرآباد,Domestic Departure
2025-05-29 05:20:00,ایران ایر,IRA3405,سقز,باطل شد,3,,EPITM,F100,فرودگاه مهرآباد,Domestic Departure
2025-05-29 05:25:00,آسمان,IRC600,مشهد,پرواز كرد,"26, 27",2025-05-29 07:03:00,EPASR,F100,فرودگاه مهرآباد,Domestic Departure
2025-05-29 05:30:00,وارش,VRH5852,اهواز,پرواز كرد,4,2025-05-29 07:31:00,EPVBM,B737,فرودگاه مهرآباد,Domestic Departure
2025-05-29 05:35:00,فلای پرشیا,FPI7426,اهواز,پرواز كرد,"18, 19",2025-05-29 05:59:00,EPFPA,737-700,فرودگاه مهرآباد,Domestic Departure
2025-05-29 05:40:00,کارون,KRU2506,ماهشهر,پرواز كرد,"21, 22",2025-05-29 05:55:00,EPJIB,737,فرودگاه مهرآباد,Domestic Departure
2025-05-29 05:45:00,وارش,VRH5918,عسلویه,پرواز كرد,6,2025-05-29 07:22:00,EPVAA,737-700,فرودگاه مهرآباد,Domestic Departure
2025-05-29 05:50:00,ماهان,IRM4575,جیرفت,پرواز كرد,25,2025-05-29 06:02:00,EPMEU,146-200,فرودگاه مهرآباد,Domestic Departure
2025-05-29 06:00:00,قدر ایر,SEP2702,یزد,پرواز كرد,,2025-05-29 06:30:00,152286,IL76,فرودگاه مهرآباد,Domestic Departure
2025-05-29 06:00:00,آتا,TBZ5677,ارومیه,پرواز كرد,"12, 13",2025-05-29 06:13:00,EPTAJ,MD83,فرودگاه مهرآباد,Domestic Departure
2025-05-29 06:00:00,کارون,KRU2518,اصفهان/بهرگان,پرواز كرد,"18, 19",2025-05-29 06:18:00,EPMIS,F100,فرودگاه مهرآباد,Domestic Departure
2025-05-29 06:05:00,آتا,TBZ5619,مشهد,پرواز كرد,"24, 25",2025-05-29 06:17:00,EPTAE,737,فرودگاه مهرآباد,Domestic Departure
2025-05-29 06:10:00,کاسپین,CPN048,شیراز,پرواز كرد,"6, 7",2025-05-29 06:23:00,EPCPD,MD83,فرودگاه مهرآباد,Domestic Departure
2025-05-29 06:10:00,چابهار,IRU7624,آبادان,پرواز كرد,5,2025-05-29 06:31:00,EPCBD,MD83,فرودگاه مهرآباد,Domestic Departure
2025-05-29 06:15:00,ماهان,IRM1033,مشهد,پرواز كرد,24,2025-05-29 06:25:00,EPMOI,146-200,فرودگاه مهرآباد,Domestic Departure
2025-05-29 06:20:00,کیش ایر,KIS7055,كيش,پرواز كرد,"9, 10",2025-05-29 06:34:00,EPLCL,MD83,فرودگاه مهرآباد,Domestic Departure
2025-05-29 06:25:00,چابهار,IRU7660,مشهد,پرواز كرد,7,2025-05-29 06:46:00,EPCBI,MD83,فرودگاه مهرآباد,Domestic Departure
2025-05-29 06:40:00,اروان,INA6750,مشهد,پرواز كرد,4,2025-05-29 06:55:00,EPNSR,737-700,فرودگاه مهرآباد,Domestic Departure
2025-05-29 06:40:00,کاسپین,CPN014,عسلویه,پرواز كرد,"8, 9",2025-05-29 06:50:00,EPCAS,MD83,فرودگاه مهرآباد,Domestic Departure
2025-05-29 06:45:00,اطلس ایر,ATS8278,مشهد,پرواز كرد,17,2025-05-29 06:52:00,EPSAP,MD83,فرودگاه مهرآباد,Domestic Departure
2025-05-29 06:50:00,قشم ایر,QSM1291,کرمانشاه,پرواز كرد,16,2025-05-29 07:27:00,EPFQF,F100,فرودگاه مهرآباد,Domestic Departure
2025-05-29 06:50:00,ماهان,IRM4589,زاهدان,پرواز كرد,23,2025-05-29 07:09:00,EPMOS,146-200,فرودگاه مهرآباد,Domestic Departure
2025-05-29 06:55:00,ماهان,IRM1010,کرمانشاه,پرواز كرد,22,2025-05-29 07:05:00,EPMEI,146-200,فرودگاه مهرآباد,Domestic Departure
2025-05-29 07:00:00,ایران ایر,IRA252,اصفهان,پرواز كرد,"5, 6",2025-05-29 07:17:00,EPIEQ,A320,فرودگاه مهرآباد,Domestic Departure
2025-05-29 07:00:00,ایران ایرتور,IRB918,چابهار,پرواز كرد,"9, 10",2025-05-29 07:12:00,EPMDF,MD83,فرودگاه مهرآباد,Domestic Departure
2025-05-29 07:05:00,قشم ایر,QSM1238,خارگ,پرواز كرد,18,2025-05-29 07:25:00,EPFSI,F100,فرودگاه مهرآباد,Domestic Departure
2025-05-29 07:10:00,آتا,TBZ5635,اهواز,پرواز كرد,"26, 27",2025-05-29 07:37:00,EPTAH,737,فرودگاه مهرآباد,Domestic Departure
2025-05-29 07:10:00,ساها,IRZ160,لاوان,پرواز كرد,"10, 11",2025-05-29 07:19:00,EPSII,737-700,فرودگاه مهرآباد,Domestic Departure
2025-05-29 07:15:00,کارون,KRU2584,عسلویه,پرواز كرد,14,2025-05-29 07:34:00,EPAWZ,F100,فرودگاه مهرآباد,Domestic Departure
2025-05-29 07:15:00,کاسپین,CPN026,مشهد,پرواز كرد,"6, 7",2025-05-29 07:29:00,EPKPB,737,فرودگاه مهرآباد,Domestic Departure
2025-05-29 07:20:00,قشم ایر,QSM1270,زاهدان,پرواز كرد,21,2025-05-29 07:54:00,EPFQV,RJ100,فرودگاه مهرآباد,Domestic Departure
2025-05-29 07:25:00,اطلس ایر,ATS8293,چابهار,پرواز كرد,22,2025-05-29 07:51:00,EPLEE,MD83,فرودگاه مهرآباد,Domestic Departure
2025-05-29 07:25:00,آسمان,IRC3771,شیراز,پرواز كرد,"28, 29",2025-05-29 07:41:00,EPATE,F100,فرودگاه مهرآباد,Domestic Departure
2025-05-29 07:30:00,ایران ایرتور,IRB916,كيش,پرواز كرد,"7, 8",2025-05-29 07:58:00,EPMDC,MD82,فرودگاه مهرآباد,Domestic Departure
2025-05-29 07:35:00,پويا,PYA2323,رشت,پرواز كرد,13,2025-05-29 07:43:00,EPPUN,EMB145,فرودگاه مهرآباد,Domestic Departure
2025-05-29 07:45:00,کیش ایر,KIS7053,كيش,پرواز كرد,"9, 10",2025-05-29 08:04:00,EPLCM,MD83,فرودگاه مهرآباد,Domestic Departure
2025-05-29 08:00:00,ماهان,IRM4536,اردبیل,پرواز كرد,21,2025-05-29 08:10:00,EPMEA,RJ85,فرودگاه مهرآباد,Domestic Departure
2025-05-29 08:05:00,آتا,TBZ5602,تبریز,پرواز كرد,11,2025-05-29 08:14:00,EPTAL,MD83,فرودگاه مهرآباد,Domestic Departure
2025-05-29 08:10:00,ماهان,IRM1051,کرمان,پرواز كرد,22,2025-05-29 08:20:00,EPMOC,146-200,فرودگاه مهرآباد,Domestic Departure
2025-05-29 08:25:00,معراج,MRJ2825,تبریز,پرواز كرد,"16, 17",2025-05-29 08:42:00,EPSSN,A320,فرودگاه مهرآباد,Domestic Departure
2025-05-29 08:25:00,کاسپین,CPN044,كيش,پرواز كرد,"6, 7",2025-05-29 08:26:00,EPCPU,MD82,فرودگاه مهرآباد,Domestic Departure
2025-05-29 08:35:00,زاگرس,IZG4030,كيش,پرواز كرد,3,2025-05-29 09:29:00,EPZAQ,MD83,فرودگاه مهرآباد,Domestic Departure
2025-05-29 08:55:00,ایران ایر,IRA407,بوشهر,پرواز كرد,"5, 6",2025-05-29 09:09:00,EPCFR,F100,فرودگاه مهرآباد,Domestic Departure
2025-05-29 09:00:00,تابان,TBN6258,مشهد,پرواز كرد,"3, 4",2025-05-29 09:04:00,EPTBB,MD.88,فرودگاه مهرآباد,Domestic Departure
2025-05-29 09:10:00,یزد ایر,DZD6899,مشهد,پرواز كرد,"10, 11",2025-05-29 09:22:00,EPDZH,RJ85,فرودگاه مهرآباد,Domestic Departure
2025-05-29 09:15:00,ماهان,IRM1043,كيش,پرواز كرد,"23, 24, 25",2025-05-29 09:38:00,EPMEE,747,فرودگاه مهرآباد,Domestic Departure
2025-05-29 09:20:00,آوا,AXV7702,مشهد,پرواز كرد,"14, 15",2025-05-29 09:26:00,EPRBC,B737,فرودگاه مهرآباد,Domestic Departure
2025-05-29 09:30:00,کیش ایر,KIS7015,كيش,پرواز كرد,"9, 10",2025-05-29 09:33:00,EPLCK,MD82,فرودگاه مهرآباد,Domestic Departure
2025-05-29 09:30:00,چابهار,IRU7640,مشهد,پرواز كرد,6,2025-05-29 09:31:00,EPSEB,MD83,فرودگاه مهرآباد,Domestic Departure
2025-05-29 09:40:00,فلای پرشیا,FPI7438,مشهد,پرواز كرد,"18, 19",2025-05-29 09:58:00,EPFPA,737-700,فرودگاه مهرآباد,Domestic Departure
2025-05-29 09:50:00,رایمون,RAI7522,مشهد,پرواز كرد,"1, 2",2025-05-29 09:51:00,EPNEA,EMB145,فرودگاه مهرآباد,Domestic Departure
2025-05-29 10:00:00,آتا,TBZ5681,بندرعباس,پرواز كرد,"12, 13",2025-05-29 10:01:00,EPTAJ,MD82,فرودگاه مهرآباد,Domestic Departure
2025-05-29 10:00:00,وارش,VRH5840,مشهد,پرواز كرد,4,2025-05-29 11:35:00,EPVBM,B737,فرودگاه مهرآباد,Domestic Departure
2025-05-29 10:10:00,ایران ایرتور,IRB962,مشهد,پرواز كرد,"9, 10",2025-05-29 10:29:00,EPMDD,MD83,فرودگاه مهرآباد,Domestic Departure
2025-05-29 10:20:00,آتا,TBZ5629,مشهد,پرواز كرد,"24, 25",2025-05-29 10:32:00,EPTAR,MD83,فرودگاه مهرآباد,Domestic Departure
2025-05-29 10:40:00,چابهار,IRU7610,مشهد,پرواز كرد,5,2025-05-29 11:15:00,EPCBD,MD83,فرودگاه مهرآباد,Domestic Departure
2025-05-29 11:00:00,آتا,TBZ5659,كيش,پرواز كرد,"26, 27",2025-05-29 11:37:00,EPTAH,737,فرودگاه مهرآباد,Domestic Departure
2025-05-29 11:15:00,ایران ایر,IRA3310,اصفهان,پرواز كرد,5,2025-05-29 11:32:00,EPITI,ATR-72-500,فرودگاه مهرآباد,Domestic Departure
2025-05-29 12:55:00,آتا,TBZ5698,مشهد,پرواز كرد,"12, 13",2025-05-29 13:29:00,EPTAQ,MD83,فرودگاه مهرآباد,Domestic Departure
2025-05-29 13:15:00,ماهان,IRM4572,ایلام,پرواز كرد,22,2025-05-29 13:25:00,EPMHO,RJ100,فرودگاه مهرآباد,Domestic Departure
2025-05-29 14:00:00,ایران ایرتور,IRB980,ارومیه,پرواز كرد,"9, 10",2025-05-29 14:11:00,EPMDF,MD83,فرودگاه مهرآباد,Domestic Departure
2025-05-29 14:10:00,یزد ایر,DZD9407,اهواز,پرواز كرد,"10, 11",2025-05-29 14:37:00,EPDZH,RJ85,فرودگاه مهرآباد,Domestic Departure
2025-05-29 14:50:00,رایمون,RAI7512,اصفهان,پرواز كرد,"1, 2",2025-05-29 14:54:00,EPNEA,EMB145,فرودگاه مهرآباد,Domestic Departure
2025-05-29 14:50:00,قشم ایر,QSM1252,مشهد,پرواز كرد,"16, 17",2025-05-29 15:19:00,EPFQU,RJ100,فرودگاه مهرآباد,Domestic Departure
2025-05-29 14:55:00,آساجت,SJT8634,رشت,پرواز كرد,14,2025-05-29 15:10:00,EPJEK,EMB145,فرودگاه مهرآباد,Domestic Departure
2025-05-29 15:05:00,ایران ایر,IRA350,كيش,پرواز كرد,"5, 6",2025-05-29 15:22:00,EPCFR,F100,فرودگاه مهرآباد,Domestic Departure
2025-05-29 15:40:00,کاسپین,CPN024,مشهد,پرواز كرد,"6, 7",2025-05-29 15:48:00,EPCPD,MD83,فرودگاه مهرآباد,Domestic Departure
2025-05-29 15:50:00,آتا,TBZ5613,مشهد,پرواز كرد,"24, 25",2025-05-29 16:08:00,EPTAE,737,فرودگاه مهرآباد,Domestic Departure
2025-05-29 15:55:00,ایران ایر,IRA428,شیراز,پرواز كرد,"7, 8",2025-05-29 16:18:00,EPIEP,A319,فرودگاه مهرآباد,Domestic Departure
2025-05-29 15:55:00,آتا,TBZ5664,کرمان,پرواز كرد,"26, 27",2025-05-29 16:22:00,EPTAJ,MD83,فرودگاه مهرآباد,Domestic Departure
2025-05-29 16:20:00,اطلس ایر,ATS8288,مشهد,پرواز كرد,"14, 15",2025-05-29 16:57:00,EPLEE,737-700,فرودگاه مهرآباد,Domestic Departure
2025-05-29 16:30:00,ماهان,IRM1067,کرمان,پرواز كرد,"23, 24, 25",2025-05-29 16:58:00,EPMEE,747,فرودگاه مهرآباد,Domestic Departure
2025-05-29 16:50:00,آساجت,SJT8616,اصفهان,پرواز كرد,16,2025-05-29 17:00:00,EPRHO,EMB145,فرودگاه مهرآباد,Domestic Departure
2025-05-29 16:55:00,اطلس ایر,ATS8270,مشهد,پرواز كرد,"18, 19",2025-05-29 17:10:00,EPTHI,RJ85,فرودگاه مهرآباد,Domestic Departure
2025-05-29 17:00:00,آتا,TBZ5623,شیراز,پرواز كرد,"12, 13",2025-05-29 17:27:00,EPTAH,737,فرودگاه مهرآباد,Domestic Departure
2025-05-29 17:00:00,زاگرس,IZG4020,اهواز,پرواز كرد,3,2025-05-29 17:16:00,EPZAQ,MD83,فرودگاه مهرآباد,Domestic Departure
2025-05-29 17:05:00,آتا,TBZ5668,تبریز,پرواز كرد,"28, 29",2025-05-29 17:45:00,EPTAL,MD83,فرودگاه مهرآباد,Domestic Departure
2025-05-29 17:10:00,پويا,PYA2340,شیراز,پرواز كرد,14,2025-05-29 17:21:00,EPPUR,EMB145,فرودگاه مهرآباد,Domestic Departure
2025-05-29 17:15:00,وارش,VRH5904,مشهد,پرواز كرد,4,2025-05-29 17:30:00,EPVAR,B737,فرودگاه مهرآباد,Domestic Departure
2025-05-29 17:25:00,آتا,TBZ5719,مشهد,پرواز كرد,"24, 25",2025-05-29 18:41:00,EPTAO,MD83,فرودگاه مهرآباد,Domestic Departure
2025-05-29 17:25:00,کاسپین,CPN6936,قشم,پرواز كرد,"6, 7",2025-05-29 18:44:00,EPCAS,MD83,فرودگاه مهرآباد,Domestic Departure
2025-05-29 17:45:00,چابهار,IRU7650,مشهد,پرواز كرد,6,2025-05-29 19:07:00,EPSEB,MD83,فرودگاه مهرآباد,Domestic Departure
2025-05-29 17:50:00,ماهان,IRM1029,طبس,پرواز كرد,22,2025-05-29 17:53:00,EPMEI,RJ85,فرودگاه مهرآباد,Domestic Departure
2025-05-29 17:50:00,کارون,KRU2660,ارومیه,پرواز كرد,"16, 17",2025-05-29 18:10:00,EPJIB,B737,فرودگاه مهرآباد,Domestic Departure
2025-05-29 18:05:00,تابان,TBN6256,مشهد,پرواز كرد,"3, 4",2025-05-29 18:47:00,EPSMA,MD.88,فرودگاه مهرآباد,Domestic Departure
2025-05-29 18:10:00,آسمان,IRC640,تبریز,پرواز كرد,"26, 27",2025-05-29 18:52:00,EPASR,F100,فرودگاه مهرآباد,Domestic Departure
2025-05-29 18:10:00,کارون,KRU2674,اهواز,تاخیر,22,,EPAWZ,F100,فرودگاه مهرآباد,Domestic Departure
2025-05-29 18:15:00,آساجت,SJT8624,یزد,پرواز كرد,21,2025-05-29 18:57:00,EPJEK,EMB145,فرودگاه مهرآباد,Domestic Departure
2025-05-29 18:15:00,ماهان,IRM1026,اردبیل,پرواز كرد,21,2025-05-29 19:03:00,EPMEA,RJ85,فرودگاه مهرآباد,Domestic Departure
2025-05-29 18:20:00,کارون,KRU2602,اصفهان,پرواز كرد,"14, 15",2025-05-29 19:17:00,EPMIS,F100,فرودگاه مهرآباد,Domestic Departure
2025-05-29 18:20:00,ماهان,IRM1055,کرمان,پرواز كرد,25,2025-05-29 19:23:00,EPMOS,RJ85,فرودگاه مهرآباد,Domestic Departure
2025-05-29 18:30:00,ماهان,IRM1002,تبریز,پرواز كرد,24,2025-05-29 19:28:00,EPMEU,RJ85,فرودگاه مهرآباد,Domestic Departure
2025-05-29 18:30:00,ایران ایرتور,IRB912,بندرعباس,پرواز كرد,"9, 10",2025-05-29 19:09:00,EPMDF,MD83,فرودگاه مهرآباد,Domestic Departure
2025-05-29 18:35:00,رایمون,RAI7510,رشت,پرواز كرد,"1, 2",2025-05-29 19:25:00,EPNEA,EMB145,فرودگاه مهرآباد,Domestic Departure
2025-05-29 19:00:00,قشم ایر,QSM1210,اهواز,پرواز كرد,18,2025-05-29 19:54:00,EPFQV,rj100,فرودگاه مهرآباد,Domestic Departure
2025-05-29 19:00:00,وارش,VRH5814,بندرعباس,پرواز كرد,4,2025-05-29 19:41:00,EPVAF,B737,فرودگاه مهرآباد,Domestic Departure
2025-05-29 19:05:00,اطلس ایر,ATS8291,مشهد,پرواز كرد,19,2025-05-29 20:12:00,EPSAP,MD83,فرودگاه مهرآباد,Domestic Departure
2025-05-29 19:10:00,فلای پرشیا,FPI7405,شیراز,پرواز كرد,"18, 19",2025-05-29 19:23:00,EPFPA,737-700,فرودگاه مهرآباد,Domestic Departure
2025-05-29 19:15:00,تابان,TBN6326,مشهد,پرواز كرد,"3, 4",2025-05-29 20:30:00,,MD.88,فرودگاه مهرآباد,Domestic Departure
2025-05-29 19:30:00,قشم ایر,QSM1240,قشم,پرواز كرد,"16, 17",2025-05-29 20:40:00,EPFQU,rj100,فرودگاه مهرآباد,Domestic Departure
2025-05-29 19:30:00,ایران ایرتور,IRB988,اهواز,پرواز كرد,"9, 10",2025-05-29 20:23:00,,MD83,فرودگاه مهرآباد,Domestic Departure
2025-05-29 19:35:00,آتا,TBZ5712,آبادان,پرواز كرد,"26, 27",2025-05-29 20:15:00,EPTAN,MD83,فرودگاه مهرآباد,Domestic Departure
2025-05-29 19:45:00,کاسپین,CPN6900,بوشهر,پرواز كرد,"6, 7",2025-05-29 20:31:00,EPCPU,MD83,فرودگاه مهرآباد,Domestic Departure
2025-05-29 19:50:00,ساها,IRZ156,شیراز,پرواز كرد,"10, 11",2025-05-29 20:18:00,EPSII,737-700,فرودگاه مهرآباد,Domestic Departure
2025-05-29 19:55:00,کیش ایر,KIS7163,کرمان,پرواز كرد,"9, 10",2025-05-29 20:44:00,EPLCM,MD82,فرودگاه مهرآباد,Domestic Departure
2025-05-29 20:00:00,وارش,VRH5902,مشهد,پرواز كرد,5,2025-05-29 20:37:00,EPVAK,B737,فرودگاه مهرآباد,Domestic Departure
2025-05-29 20:05:00,کیش ایر,KIS7081,كيش,پرواز كرد,11,2025-05-29 20:27:00,EPLCK,MD83,فرودگاه مهرآباد,Domestic Departure
2025-05-29 20:05:00,چابهار,IRU7612,زاهدان,پرواز كرد,4,2025-05-29 20:20:00,EPCBD,MD83,فرودگاه مهرآباد,Domestic Departure
2025-05-29 20:20:00,کیش ایر,KIS7051,شیراز,پرواز كرد,12,2025-05-29 20:47:00,EPLCO,MD82,فرودگاه مهرآباد,Domestic Departure
2025-05-29 20:50:00,ایران ایر,IRA265,آبادان,پرواز كرد,"5, 6",2025-05-29 21:37:00,EPCFR,F100,فرودگاه مهرآباد,Domestic Departure
2025-05-29 21:00:00,زاگرس,IZG4050,بندرعباس,پرواز كرد,3,2025-05-29 21:32:00,EPZAQ,MD83,فرودگاه مهرآباد,Domestic Departure
2025-05-29 21:05:00,آتا,TBZ5646,تبریز,پرواز كرد,"12, 13",2025-05-29 22:12:00,EPTAL,MD83,فرودگاه مهرآباد,Domestic Departure
2025-05-29 21:05:00,کاسپین,CPN6986,زاهدان,آماده پرواز,"21, 22",,EPCAS,MD83,فرودگاه مهرآباد,Domestic Departure
2025-05-29 21:15:00,آتا,TBZ5670,یزد,پرواز كرد,"28, 29",2025-05-29 21:21:00,EPTAJ,MD83,فرودگاه مهرآباد,Domestic Departure
2025-05-29 21:15:00,کیش ایر,KIS7025,كيش,پرواز كرد,"9, 10",2025-05-29 21:27:00,EPLCJ,MD83,فرودگاه مهرآباد,Domestic Departure
2025-05-29 21:30:00,اطلس ایر,ATS8284,مشهد,باطل شد,,,,RJ85,فرودگاه مهرآباد,Domestic Departure
2025-05-29 21:45:00,پارس ایر,PRS4426,شیراز,پرواز كرد,"18, 19",2025-05-29 22:14:00,EPPAO,B737,فرودگاه مهرآباد,Domestic Departure
2025-05-29 22:10:00,کارون,KRU2610,دزفول,پرواز كرد,"18, 19",2025-05-29 23:06:00,EPMIS,F100,فرودگاه مهرآباد,Domestic Departure
2025-05-29 22:10:00,آسمان,IRC630,گرگان,پرواز كرد,"28, 29",2025-05-29 22:53:00,EPASR,F100,فرودگاه مهرآباد,Domestic Departure
2025-05-29 22:10:00,کارون,KRU2608,یزد,تاخیر,"21, 22",,EPJIB,737-700,فرودگاه مهرآباد,Domestic Departure
2025-05-29 22:15:00,کیش ایر,KIS7069,مشهد,پرواز كرد,"11, 12",2025-05-29 23:38:00,EPLCL,MD82,فرودگاه مهرآباد,Domestic Departure
2025-05-29 22:25:00,آساجت,SJT8662,اراک,پرواز كرد,14,2025-05-29 22:23:00,EPJEK,EMB145,فرودگاه مهرآباد,Domestic Departure
2025-05-29 22:30:00,چابهار,IRU7642,اهواز,آماده پرواز,5,,EPSEB,MD83,فرودگاه مهرآباد,Domestic Departure
2025-05-29 23:45:00,آتا,TBZ5640,تبریز,پایان پذیرش مسافر,"12, 13",,,MD83,فرودگاه مهرآباد,Domestic Departure
2025-05-29 23:45:00,تابان,TBN6252,مشهد,دريافت كارت پرواز,"3, 4",,,MD.88,فرودگاه مهرآباد,Domestic Departure
2025-05-29 23:50:00,ماهان,IRM1053,کرمان,آماده پرواز,23,,EPMOH,rj100,فرودگاه مهرآباد,Domestic Departure
2025-05-30 04:30:00,زاگرس,IZG4022,اهواز,تاخیر - 04:45,3,,,MD83,فرودگاه مهرآباد,Domestic Departure
2025-05-30 04:55:00,ایران ایرتور,IRB960,مشهد,طبق برنامه,"9, 10",,,MD83,فرودگاه مهرآباد,Domestic Departure
2025-05-30 05:00:00,چابهار,IRU7646,شیراز,طبق برنامه,5,,,MD83,فرودگاه مهرآباد,Domestic Departure
2025-05-30 05:05:00,ساها,IRZ170,مشهد,طبق برنامه,"6, 7",,,737-700,فرودگاه مهرآباد,Domestic Departure
2025-05-30 05:10:00,کارون,KRU2668,اهواز,طبق برنامه,"14, 15",,,F100,فرودگاه مهرآباد,Domestic Departure
2025-05-30 05:15:00,چابهار,IRU7610,مشهد,طبق برنامه,7,,,MD83,فرودگاه مهرآباد,Domestic Departure
2025-05-30 05:25:00,آتا,TBZ5617,مشهد,تاخیر - 05:40,"12, 13",,,MD83,فرودگاه مهرآباد,Domestic Departure
2025-05-30 05:30:00,ایران ایر,IRA382,زاهدان/چابهار,طبق برنامه,4,,,F100,فرودگاه مهرآباد,Domestic Departure
2025-05-30 05:35:00,کاسپین,CPN016,چابهار,طبق برنامه,"12, 13",,,MD83,فرودگاه مهرآباد,Domestic Departure
2025-05-30 05:45:00,کیش ایر,KIS7197,مشهد,طبق برنامه,"9, 10",,,MD82,فرودگاه مهرآباد,Domestic Departure
2025-05-30 05:45:00,پارس ایر,PRS5454,كيش,طبق برنامه,"20, 21",,,B737,فرودگاه مهرآباد,Domestic Departure
2025-05-30 05:55:00,کاسپین,CPN6986,زاهدان,طبق برنامه,"10, 11",,,MD83,فرودگاه مهرآباد,Domestic Departure
2025-05-30 05:55:00,اطلس ایر,ATS8285,اهواز,طبق برنامه,"16, 17",,,737-700,فرودگاه مهرآباد,Domestic Departure
2025-05-30 06:00:00,وارش,VRH5818,مشهد,طبق برنامه,3,,,B737,فرودگاه مهرآباد,Domestic Departure
2025-05-30 06:00:00,آتا,TBZ5677,ارومیه,طبق برنامه,"24, 25",,,MD83,فرودگاه مهرآباد,Domestic Departure
2025-05-30 06:05:00,یزد ایر,DZD9431,شیراز,طبق برنامه,"14, 15",,,146-200,فرودگاه مهرآباد,Domestic Departure
2025-05-30 06:05:00,ماهان,IRM4551,سراوان,طبق برنامه,25,,,146-200,فرودگاه مهرآباد,Domestic Departure
2025-05-30 06:10:00,کارون,KRU2584,عسلویه,طبق برنامه,"18, 19",,,F100,فرودگاه مهرآباد,Domestic Departure
2025-05-30 06:20:00,کیش ایر,KIS7055,كيش,طبق برنامه,"11, 12",,,MD83,فرودگاه مهرآباد,Domestic Departure
2025-05-30 06:20:00,ماهان,IRM1033,مشهد,طبق برنامه,23,,,146-200,فرودگاه مهرآباد,Domestic Departure
2025-05-30 06:30:00,زاگرس,IZG4060,بوشهر,طبق برنامه,5,,,MD83,فرودگاه مهرآباد,Domestic Departure
2025-05-30 06:30:00,آسمان,IRC600,مشهد,طبق برنامه,26,,,F100,فرودگاه مهرآباد,Domestic Departure
2025-05-30 06:35:00,آتا,TBZ5631,اهواز,طبق برنامه,"26, 27",,,MD83,فرودگاه مهرآباد,Domestic Departure
2025-05-30 06:35:00,معراج,MRJ2816,عسلویه,طبق برنامه,"21, 22",,,A321,فرودگاه مهرآباد,Domestic Departure
2025-05-30 06:40:00,اروان,INA6750,مشهد,طبق برنامه,4,,,737-700,فرودگاه مهرآباد,Domestic Departure
2025-05-30 06:40:00,ساها,IRZ158,شیراز,طبق برنامه,"8, 9",,,737-700,فرودگاه مهرآباد,Domestic Departure
2025-05-30 07:00:00,وارش,VRH5820,كيش,طبق برنامه,7,,,B737,فرودگاه مهرآباد,Domestic Departure
2025-05-30 07:05:00,ماهان,IRM1089,شیراز,طبق برنامه,25,,,146-200,فرودگاه مهرآباد,Domestic Departure
2025-05-30 07:10:00,اطلس ایر,ATS8271,كيش,طبق برنامه,"14, 15",,,MD83,فرودگاه مهرآباد,Domestic Departure
2025-05-30 07:25:00,کاسپین,CPN6936,قشم,طبق برنامه,"6, 7",,,MD83,فرودگاه مهرآباد,Domestic Departure
2025-05-30 07:30:00,قشم ایر,QSM1286,ایلام,طبق برنامه,"16, 17",,,F100,فرودگاه مهرآباد,Domestic Departure
2025-05-30 07:30:00,ایران ایرتور,IRB916,كيش,طبق برنامه,"9, 10",,,MD83,فرودگاه مهرآباد,Domestic Departure
2025-05-30 07:35:00,آساجت,SJT8618,آبادان,طبق برنامه,22,,,EMB145,فرودگاه مهرآباد,Domestic Departure
2025-05-30 07:50:00,ایران ایر,IRA232,شیراز,طبق برنامه,"7, 8",,,A319,فرودگاه مهرآباد,Domestic Departure
2025-05-30 07:55:00,آتا,TBZ5604,تبریز,طبق برنامه,11,,,MD83,فرودگاه مهرآباد,Domestic Departure
2025-05-30 07:55:00,پويا,PYA2316,قشم,طبق برنامه,13,,,EMB145,فرودگاه مهرآباد,Domestic Departure
2025-05-30 08:00:00,ماهان,IRM4536,اردبیل,طبق برنامه,23,,,146-200,فرودگاه مهرآباد,Domestic Departure
2025-05-30 08:10:00,ماهان,IRM4580,شهرکرد,طبق برنامه,25,,,146-200,فرودگاه مهرآباد,Domestic Departure
2025-05-30 08:20:00,قشم ایر,QSM1280,اصفهان,طبق برنامه,"14, 15",,,F100,فرودگاه مهرآباد,Domestic Departure
2025-05-30 08:30:00,زاگرس,IZG4030,كيش,طبق برنامه,7,,,MD83,فرودگاه مهرآباد,Domestic Departure
2025-05-30 08:40:00,فلای پرشیا,FPI7438,مشهد,طبق برنامه,"18, 19",,,737-700,فرودگاه مهرآباد,Domestic Departure
2025-05-30 09:00:00,کیش ایر,KIS7089,بندرعباس,طبق برنامه,"9, 10",,,MD83,فرودگاه مهرآباد,Domestic Departure
2025-05-30 09:05:00,کارون,KRU2628,شیراز,طبق برنامه,"16, 17",,,F100,فرودگاه مهرآباد,Domestic Departure
2025-05-30 09:40:00,چابهار,IRU7640,مشهد,طبق برنامه,6,,,MD83,فرودگاه مهرآباد,Domestic Departure
2025-05-30 09:55:00,ایران ایرتور,IRB940,قشم,طبق برنامه,"9, 10",,,MD83,فرودگاه مهرآباد,Domestic Departure
2025-05-30 10:00:00,چابهار,IRU7616,كيش,طبق برنامه,3,,,MD83,فرودگاه مهرآباد,Domestic Departure
2025-05-30 10:00:00,وارش,VRH5840,مشهد,طبق برنامه,4,,,B737,فرودگاه مهرآباد,Domestic Departure
2025-05-30 10:05:00,ایران ایرتور,IRB970,بوشهر,طبق برنامه,"7, 8",,,MD83,فرودگاه مهرآباد,Domestic Departure
2025-05-30 10:20:00,کیش ایر,KIS7053,كيش,طبق برنامه,"11, 12",,,MD83,فرودگاه مهرآباد,Domestic Departure
2025-05-30 10:30:00,آتا,TBZ5721,كيش,طبق برنامه,"28, 29",,,MD83,فرودگاه مهرآباد,Domestic Departure
2025-05-30 10:40:00,آتا,TBZ5729,مشهد,طبق برنامه,"12, 13",,,MD83,فرودگاه مهرآباد,Domestic Departure
2025-05-30 11:05:00,ماهان,IRM1023,كيش,طبق برنامه,"18, 19, 20",,,146-200,فرودگاه مهرآباد,Domestic Departure
2025-05-30 11:15:00,قشم ایر,QSM1218,بوشهر,طبق برنامه,"14, 15",,,F100,فرودگاه مهرآباد,Domestic Departure
2025-05-30 11:30:00,زاگرس,IZG4040,مشهد,طبق برنامه,4,,,MD83,فرودگاه مهرآباد,Domestic Departure
2025-05-30 11:40:00,کاسپین,CPN044,كيش,طبق برنامه,"10, 11",,,MD83,فرودگاه مهرآباد,Domestic Departure
2025-05-30 11:45:00,کاسپین,CPN046,تبریز,طبق برنامه,"8, 9",,,MD83,فرودگاه مهرآباد,Domestic Departure
2025-05-30 12:00:00,ماهان,IRM0000,نا مشخص,دريافت كارت پرواز,33,,,747,فرودگاه مهرآباد,Domestic Departure
2025-05-30 12:10:00,آتا,TBZ5619,مشهد,طبق برنامه,"24, 25",,,MD83,فرودگاه مهرآباد,Domestic Departure
2025-05-30 12:15:00,قشم ایر,QSM1224,كيش,طبق برنامه,"16, 17",,,F100,فرودگاه مهرآباد,Domestic Departure
2025-05-30 12:30:00,ماهان,IRM1051,کرمان,طبق برنامه,25,,,146-200,فرودگاه مهرآباد,Domestic Departure
2025-05-30 12:35:00,ایران ایر,IRA262,مشهد,طبق برنامه,"9, 10",,,A319,فرودگاه مهرآباد,Domestic Departure
2025-05-30 12:35:00,قشم ایر,QSM1240,قشم,طبق برنامه,"18, 19",,,F100,فرودگاه مهرآباد,Domestic Departure
2025-05-30 13:00:00,کیش ایر,KIS7057,كيش,طبق برنامه,"9, 10",,,MD83,فرودگاه مهرآباد,Domestic Departure
2025-05-30 13:30:00,ماهان,IRM4522,یاسوج,طبق برنامه,20,,,146-200,فرودگاه مهرآباد,Domestic Departure
2025-05-30 13:35:00,رایمون,RAI7518,كيش,طبق برنامه,"3, 4",,,EMB145,فرودگاه مهرآباد,Domestic Departure
2025-05-30 14:00:00,آتا,TBZ5698,مشهد,طبق برنامه,"26, 27",,,MD83,فرودگاه مهرآباد,Domestic Departure
2025-05-30 14:15:00,ماهان,IRM1006,خرم‌آباد,طبق برنامه,25,,,146-200,فرودگاه مهرآباد,Domestic Departure
2025-05-30 15:00:00,ایران ایر,IRA497,اردبیل,طبق برنامه,3,,,F100,فرودگاه مهرآباد,Domestic Departure
2025-05-30 15:30:00,وارش,VRH5814,بندرعباس,طبق برنامه,4,,,B737,فرودگاه مهرآباد,Domestic Departure
2025-05-30 15:35:00,فلای پرشیا,FPI7446,عسلویه,طبق برنامه,"18, 19",,,737-700,فرودگاه مهرآباد,Domestic Departure
2025-05-30 15:45:00,ایران ایرتور,IRB946,تبریز,طبق برنامه,"9, 10",,,MD83,فرودگاه مهرآباد,Domestic Departure
2025-05-30 15:50:00,یزد ایر,DZD9401,ارومیه,طبق برنامه,"6, 7",,,146-200,فرودگاه مهرآباد,Domestic Departure
2025-05-30 15:55:00,آساجت,SJT8634,رشت,طبق برنامه,22,,,EMB145,فرودگاه مهرآباد,Domestic Departure
2025-05-30 15:55:00,آتا,TBZ5664,کرمان,طبق برنامه,"28, 29",,,MD83,فرودگاه مهرآباد,Domestic Departure
2025-05-30 16:00:00,پويا,PYA2310,گرگان,طبق برنامه,13,,,EMB145,فرودگاه مهرآباد,Domestic Departure
2025-05-30 16:05:00,آتا,TBZ5613,مشهد,طبق برنامه,"12, 13",,,MD83,فرودگاه مهرآباد,Domestic Departure
2025-05-30 16:10:00,کاسپین,CPN6960,بندرعباس,طبق برنامه,"10, 11",,,MD83,فرودگاه مهرآباد,Domestic Departure
2025-05-30 16:30:00,پارس ایر,PRS4444,اهواز,طبق برنامه,21,,,CRJ200,فرودگاه مهرآباد,Domestic Departure
2025-05-30 16:35:00,آوا,AXV7702,مشهد,طبق برنامه,"14, 15",,,B737,فرودگاه مهرآباد,Domestic Departure
2025-05-30 16:45:00,آتا,TBZ5668,تبریز,طبق برنامه,11,,,MD83,فرودگاه مهرآباد,Domestic Departure
2025-05-30 16:45:00,اطلس ایر,ATS8288,مشهد,طبق برنامه,"16, 17",,,737-700,فرودگاه مهرآباد,Domestic Departure
2025-05-30 17:00:00,اطلس ایر,ATS8270,مشهد,طبق برنامه,"18, 19",,,RJ85,فرودگاه مهرآباد,Domestic Departure
2025-05-30 17:00:00,زاگرس,IZG4020,اهواز,طبق برنامه,6,,,MD83,فرودگاه مهرآباد,Domestic Departure
2025-05-30 17:05:00,پارس ایر,PRS4494,آبادان,طبق برنامه,18,,,CRJ200,فرودگاه مهرآباد,Domestic Departure
2025-05-30 17:20:00,کاسپین,CPN048,شیراز,طبق برنامه,"6, 7",,,MD83,فرودگاه مهرآباد,Domestic Departure
2025-05-30 17:20:00,کارون,KRU2508,ماهشهر,طبق برنامه,21,,,F100,فرودگاه مهرآباد,Domestic Departure
2025-05-30 17:25:00,چابهار,IRU7660,مشهد,طبق برنامه,5,,,MD83,فرودگاه مهرآباد,Domestic Departure
2025-05-30 17:30:00,آتا,TBZ5623,شیراز,طبق برنامه,"24, 25",,,MD83,فرودگاه مهرآباد,Domestic Departure
2025-05-30 17:35:00,آتا,TBZ5659,كيش,طبق برنامه,"26, 27",,,MD83,فرودگاه مهرآباد,Domestic Departure
2025-05-30 17:40:00,کارون,KRU2610,دزفول,طبق برنامه,"14, 15",,,F100,فرودگاه مهرآباد,Domestic Departure
2025-05-30 17:45:00,قشم ایر,QSM1260,شیراز,طبق برنامه,"16, 17",,,F100,فرودگاه مهرآباد,Domestic Departure
2025-05-30 17:45:00,ماهان,IRM1067,کرمان,طبق برنامه,23,,,AB6,فرودگاه مهرآباد,Domestic Departure
2025-05-30 17:50:00,ماهان,IRM4525,چابهار,طبق برنامه,21,,,146-200,فرودگاه مهرآباد,Domestic Departure
2025-05-30 18:00:00,یزد ایر,DZD9441,یزد,طبق برنامه,"12, 13",,,146-200,فرودگاه مهرآباد,Domestic Departure
2025-05-30 18:05:00,چابهار,IRU7636,کرمانشاه,طبق برنامه,7,,,MD83,فرودگاه مهرآباد,Domestic Departure
2025-05-30 18:05:00,کارون,KRU2506,ماهشهر,طبق برنامه,22,,,F100,فرودگاه مهرآباد,Domestic Departure
2025-05-30 18:10:00,ماهان,IRM1026,اردبیل,طبق برنامه,25,,,146-200,فرودگاه مهرآباد,Domestic Departure
2025-05-30 18:15:00,آتا,TBZ5629,مشهد,طبق برنامه,"28, 29",,,MD83,فرودگاه مهرآباد,Domestic Departure
2025-05-30 18:15:00,معراج,MRJ2818,كيش,طبق برنامه,"18, 19",,,A321,فرودگاه مهرآباد,Domestic Departure
2025-05-30 18:20:00,ماهان,IRM1055,کرمان,طبق برنامه,22,,,AB6,فرودگاه مهرآباد,Domestic Departure
2025-05-30 18:25:00,کیش ایر,KIS7169,مشهد,طبق برنامه,"11, 12",,,MD83,فرودگاه مهرآباد,Domestic Departure
2025-05-30 18:30:00,کیش ایر,KIS7035,اصفهان,طبق برنامه,9,,,MD83,فرودگاه مهرآباد,Domestic Departure
2025-05-30 18:30:00,ایران ایرتور,IRB974,زاهدان,طبق برنامه,"9, 10",,,MD83,فرودگاه مهرآباد,Domestic Departure
2025-05-30 18:35:00,قشم ایر,QSM1252,مشهد,طبق برنامه,21,,,F100,فرودگاه مهرآباد,Domestic Departure
2025-05-30 18:35:00,ماهان,IRM1002,تبریز,طبق برنامه,19,,,146-200,فرودگاه مهرآباد,Domestic Departure
2025-05-30 18:40:00,ماهان,IRM1075,کرمان,طبق برنامه,20,,,AB6,فرودگاه مهرآباد,Domestic Departure
2025-05-30 18:55:00,کیش ایر,KIS7081,كيش,طبق برنامه,10,,,MD83,فرودگاه مهرآباد,Domestic Departure
2025-05-30 18:55:00,اطلس ایر,ATS8278,مشهد,طبق برنامه,"14, 15",,,MD83,فرودگاه مهرآباد,Domestic Departure
2025-05-30 19:05:00,ایران ایر,IRA214,قشم,طبق برنامه,4,,,F100,فرودگاه مهرآباد,Domestic Departure
2025-05-30 19:10:00,تابان,TBN6326,مشهد,طبق برنامه,"1, 2",,,MD.88,فرودگاه مهرآباد,Domestic Departure
2025-05-30 19:15:00,آساجت,SJT8606,کرمانشاه,طبق برنامه,22,,,EMB145,فرودگاه مهرآباد,Domestic Departure
2025-05-30 19:20:00,رایمون,RAI7522,مشهد,طبق برنامه,"3, 4",,,EMB145,فرودگاه مهرآباد,Domestic Departure
2025-05-30 19:25:00,آتا,TBZ5611,شیراز,طبق برنامه,"12, 13",,,MD83,فرودگاه مهرآباد,Domestic Departure
2025-05-30 19:25:00,ایران ایرتور,IRB912,بندرعباس,طبق برنامه,"7, 8",,,MD83,فرودگاه مهرآباد,Domestic Departure
2025-05-30 19:30:00,ماهان,IRM4541,زاهدان,طبق برنامه,25,,,146-200,فرودگاه مهرآباد,Domestic Departure
2025-05-30 19:50:00,ساها,IRZ156,شیراز,طبق برنامه,"12, 13",,,737-700,فرودگاه مهرآباد,Domestic Departure
2025-05-30 20:00:00,آتا,TBZ5643,سیرجان,طبق برنامه,"24, 25",,,B737,فرودگاه مهرآباد,Domestic Departure
2025-05-30 20:00:00,زاگرس,IZG4010,شیراز,طبق برنامه,3,,,MD83,فرودگاه مهرآباد,Domestic Departure
2025-05-30 20:15:00,کیش ایر,KIS7021,كيش,طبق برنامه,"9, 10",,,MD83,فرودگاه مهرآباد,Domestic Departure
2025-05-30 20:20:00,کارون,KRU2660,ارومیه,طبق برنامه,"14, 15",,,F100,فرودگاه مهرآباد,Domestic Departure
2025-05-30 20:30:00,ماهان,IRM1037,مشهد,طبق برنامه,"20, 21, 22",,,AB6,فرودگاه مهرآباد,Domestic Departure
2025-05-30 20:40:00,ایران ایرتور,IRB966,مشهد,طبق برنامه,"9, 10",,,MD83,فرودگاه مهرآباد,Domestic Departure
2025-05-30 20:50:00,فلای پرشیا,FPI7405,شیراز,طبق برنامه,"18, 19",,,737-700,فرودگاه مهرآباد,Domestic Departure
2025-05-30 20:50:00,آتا,TBZ5702,مشهد,طبق برنامه,"26, 27",,,MD83,فرودگاه مهرآباد,Domestic Departure
2025-05-30 21:00:00,وارش,VRH5872,بوشهر,طبق برنامه,6,,,B737,فرودگاه مهرآباد,Domestic Departure
2025-05-30 21:00:00,زاگرس,IZG4050,بندرعباس,طبق برنامه,5,,,MD83,فرودگاه مهرآباد,Domestic Departure
2025-05-30 21:15:00,آتا,TBZ5670,یزد,طبق برنامه,"28, 29",,,MD83,فرودگاه مهرآباد,Domestic Departure
2025-05-30 21:25:00,کاسپین,CPN6900,بوشهر,طبق برنامه,"6, 7",,,MD83,فرودگاه مهرآباد,Domestic Departure
2025-05-30 21:30:00,کارون,KRU2678,کرمان,طبق برنامه,"14, 15",,,F100,فرودگاه مهرآباد,Domestic Departure
2025-05-30 21:35:00,کاسپین,CPN026,مشهد,طبق برنامه,"8, 9",,,MD83,فرودگاه مهرآباد,Domestic Departure
2025-05-30 21:40:00,چابهار,IRU7642,اهواز,طبق برنامه,4,,,MD83,فرودگاه مهرآباد,Domestic Departure
2025-05-30 21:40:00,آسمان,IRC3784,شیراز,طبق برنامه,26,,,F100,فرودگاه مهرآباد,Domestic Departure
2025-05-30 21:45:00,اطلس ایر,ATS8284,مشهد,طبق برنامه,"16, 17",,,RJ85,فرودگاه مهرآباد,Domestic Departure
2025-05-30 21:55:00,پارس ایر,PRS5400,مشهد,طبق برنامه,"20, 21",,,B737,فرودگاه مهرآباد,Domestic Departure
2025-05-30 22:00:00,آتا,TBZ5625,اهواز,طبق برنامه,"12, 13",,,MD83,فرودگاه مهرآباد,Domestic Departure
2025-05-30 22:00:00,کیش ایر,KIS7025,كيش,طبق برنامه,"11, 12",,,MD83,فرودگاه مهرآباد,Domestic Departure
2025-05-30 22:10:00,چابهار,IRU7664,شیراز,طبق برنامه,6,,,MD82,فرودگاه مهرآباد,Domestic Departure
2025-05-30 22:30:00,کیش ایر,KIS7133,اهواز,طبق برنامه,"9, 10",,,MD83,فرودگاه مهرآباد,Domestic Departure
2025-05-30 22:40:00,آتا,TBZ5719,مشهد,طبق برنامه,"24, 25",,,MD83,فرودگاه مهرآباد,Domestic Departure
2025-05-30 22:45:00,آتا,TBZ5646,تبریز,طبق برنامه,11,,,MD83,فرودگاه مهرآباد,Domestic Departure
2025-05-30 23:45:00,تابان,TBN6252,مشهد,طبق برنامه,"1, 2",,,MD.88,فرودگاه مهرآباد,Domestic Departure
2025-05-30 23:50:00,آتا,TBZ5640,تبریز,طبق برنامه,11,,,MD83,فرودگاه مهرآباد,Domestic Departure
2025-05-30 23:50:00,ماهان,IRM1053,کرمان,طبق برنامه,25,,,146-200,فرودگاه مهرآباد,Domestic Departure
2025-05-30 23:55:00,کارون,KRU2616,اهواز,طبق برنامه,"18, 19",,,F100,فرودگاه مهرآباد,Domestic Departure
2025-05-29 20:00:00,سپهران,SHI4366,آبادان,پرواز كرد,"3, 4",2025-05-29 20:30:00,,B737,فرودگاه مشهد,Domestic Departure
2025-05-29 20:05:00,چابهار,IRU7651,تهران,پرواز كرد,22,2025-05-29 21:32:00,,MD83,فرودگاه مشهد,Domestic Departure
2025-05-29 20:30:00,زاگرس,IZG4110,شیراز,پرواز كرد,19,2025-05-29 20:42:00,,MD82,فرودگاه مشهد,Domestic Departure
2025-05-29 20:30:00,ایران ایرتور,IRB976,آبادان,پرواز كرد,"29, 30",2025-05-29 20:36:00,,MD82,فرودگاه مشهد,Domestic Departure
2025-05-29 20:35:00,ماهان,IRM1076,کرمان,پرواز كرد,"5, 6",2025-05-29 20:47:00,,BAE100,فرودگاه مشهد,Domestic Departure
2025-05-29 20:40:00,ایران ایر,IRA259,شیراز,پرواز كرد,"25, 26",2025-05-29 21:05:00,,A319,فرودگاه مشهد,Domestic Departure
2025-05-29 21:05:00,ماهان,IRM1032,تهران,پرواز كرد,"7, 8",2025-05-29 21:22:00,,BAE100,فرودگاه مشهد,Domestic Departure
2025-05-29 21:15:00,هواپیمایی اطلس,ATS8292,تهران,پرواز كرد,"3, 4",2025-05-29 22:37:00,,MD83,فرودگاه مشهد,Domestic Departure
2025-05-29 21:30:00,تابان,TBN6325,تهران,پرواز كرد,18,2025-05-29 22:56:00,,MD.88,فرودگاه مشهد,Domestic Departure
2025-05-29 21:30:00,آتا,TBZ5647,آبادان,پرواز كرد,"11, 12",2025-05-29 21:40:00,,MD80,فرودگاه مشهد,Domestic Departure
2025-05-29 22:15:00,وارش,VRH5841,تهران,آماده پرواز,23,,,B737,فرودگاه مشهد,Domestic Departure
2025-05-29 23:00:00,تابان,TBN6217,آبادان,پرواز كرد,17,2025-05-29 23:14:00,,MD.88,فرودگاه مشهد,Domestic Departure
2025-05-29 23:00:00,وارش,VRH5804,ساری,در حال سوار شدن,21,,,B737,فرودگاه مشهد,Domestic Departure
2025-05-29 23:40:00,کاسپین,CPN025,تهران,پرواز كرد,"5, 6",2025-05-29 23:42:00,,MD82,فرودگاه مشهد,Domestic Departure
2025-05-29 23:45:00,هواپیمایی اطلس,ATS8289,تهران,پایان پذیرش مسافر,"3, 4",,,B737,فرودگاه مشهد,Domestic Departure
2025-05-29 23:45:00,سپهران,SHI4346,آبادان,در حال سوار شدن,"9, 10",,,B737,فرودگاه مشهد,Domestic Departure
2025-05-29 23:55:00,ایران ایر,IRA261,تهران,در حال سوار شدن,"25, 26, 27",,,A319,فرودگاه مشهد,Domestic Departure
2025-05-29 23:59:00,هواپیمایی پارس,PRS4455,تهران,دريافت كارت پرواز,"5, 6",,,B737,فرودگاه مشهد,Domestic Departure
2025-05-30 00:30:00,کیش ایر,KIS7068,تهران,دريافت كارت پرواز,"3, 4",,,MD82,فرودگاه مشهد,Domestic Departure
2025-05-30 04:00:00,زاگرس,IZG4104,ایلام,طبق برنامه,23,,,MD82,فرودگاه مشهد,Domestic Departure
2025-05-30 05:30:00,تابان,TBN6231,شیراز,طبق برنامه,20,,,MD.88,فرودگاه مشهد,Domestic Departure
2025-05-30 05:30:00,تابان,TBN6219,یزد,طبق برنامه,22,,,MD.88,فرودگاه مشهد,Domestic Departure
2025-05-30 06:00:00,سپهران,SHI4358,کرمانشاه,طبق برنامه,"5, 6",,,B737,فرودگاه مشهد,Domestic Departure
2025-05-30 06:40:00,آتا,TBZ5651,اصفهان,طبق برنامه,,,,MD80,فرودگاه مشهد,Domestic Departure
2025-05-30 07:00:00,ایران ایرتور,IRB904,رشت,طبق برنامه,,,,MD82,فرودگاه مشهد,Domestic Departure
2025-05-30 07:15:00,ساها,IRZ181,شیراز,طبق برنامه,"7, 8",,,B737,فرودگاه مشهد,Domestic Departure
2025-05-30 07:30:00,آوا,AXV7750,كيش,طبق برنامه,"3, 4",,,B737,فرودگاه مشهد,Domestic Departure
2025-05-30 07:30:00,ایران ایرتور,IRB961,تهران,طبق برنامه,,,,MD82,فرودگاه مشهد,Domestic Departure
2025-05-30 07:30:00,آتا,TBZ5733,آبادان,طبق برنامه,,,,MD80,فرودگاه مشهد,Domestic Departure
2025-05-30 07:35:00,چابهار,IRU7611,تهران,طبق برنامه,23,,,MD82,فرودگاه مشهد,Domestic Departure
2025-05-30 08:00:00,وارش,VRH5854,اصفهان,طبق برنامه,21,,,B737,فرودگاه مشهد,Domestic Departure
2025-05-30 08:00:00,کیش ایر,KIS7198,تهران,طبق برنامه,"5, 6",,,MDC-DC-3,فرودگاه مشهد,Domestic Departure
2025-05-30 08:00:00,آتا,TBZ5717,رامسر,طبق برنامه,,,,MD80,فرودگاه مشهد,Domestic Departure
2025-05-30 08:00:00,آتا,TBZ5695,اهواز,طبق برنامه,,,,MD80,فرودگاه مشهد,Domestic Departure
2025-05-30 08:45:00,اروان,INA6752,آبادان,طبق برنامه,17,,,B737,فرودگاه مشهد,Domestic Departure
2025-05-30 08:50:00,ماهان,IRM1090,زنجان,طبق برنامه,10,,,BAE100,فرودگاه مشهد,Domestic Departure
2025-05-30 09:00:00,آسمان,IRC853,زاهدان,طبق برنامه,"3, 4",,,F100,فرودگاه مشهد,Domestic Departure
2025-05-30 10:00:00,زاگرس,IZG4108,بوشهر,طبق برنامه,,,,MD82,فرودگاه مشهد,Domestic Departure
2025-05-30 10:55:00,هواپیمایی رایمون,RAI7523,تهران,طبق برنامه,,,,EMB145,فرودگاه مشهد,Domestic Departure
2025-05-30 11:00:00,سپهران,SHI4345,كيش,طبق برنامه,,,,B737,فرودگاه مشهد,Domestic Departure
2025-05-30 11:00:00,ایران ایرتور,IRB950,تبریز,طبق برنامه,,,,MD82,فرودگاه مشهد,Domestic Departure
2025-05-30 11:00:00,فلای پرشیا,FPI7439,تهران,طبق برنامه,,,,B737,فرودگاه مشهد,Domestic Departure
2025-05-30 11:05:00,کاسپین,CPN6922,زاهدان,طبق برنامه,,,,MD82,فرودگاه مشهد,Domestic Departure
2025-05-30 11:30:00,کارون,KRU2588,عسلویه,طبق برنامه,,,,B737,فرودگاه مشهد,Domestic Departure
2025-05-30 11:30:00,هواپیمایی پارس,PRS5447,كيش,طبق برنامه,,,,B737,فرودگاه مشهد,Domestic Departure
2025-05-30 11:40:00,سپهران,SHI4323,بندرعباس,طبق برنامه,,,,B737,فرودگاه مشهد,Domestic Departure
2025-05-30 11:40:00,آتا,TBZ5699,تهران,طبق برنامه,,,,MD80,فرودگاه مشهد,Domestic Departure
2025-05-30 11:45:00,ساها,IRZ171,تهران,طبق برنامه,,,,B737,فرودگاه مشهد,Domestic Departure
2025-05-30 12:00:00,چابهار,IRU7641,تهران,طبق برنامه,,,,MD83,فرودگاه مشهد,Domestic Departure
2025-05-30 12:00:00,ایران ایرتور,IRB900,تبریز,طبق برنامه,,,,MD82,فرودگاه مشهد,Domestic Departure
2025-05-30 12:40:00,ماهان,IRM4553,سراوان,طبق برنامه,,,,BAE100,فرودگاه مشهد,Domestic Departure
2025-05-30 12:45:00,کاسپین,CPN6928,قشم,طبق برنامه,,,,MD83,فرودگاه مشهد,Domestic Departure
2025-05-30 12:50:00,آتا,TBZ5730,تهران,طبق برنامه,,,,MD80,فرودگاه مشهد,Domestic Departure
2025-05-30 13:00:00,وارش,VRH5802,ساری,طبق برنامه,,,,B737,فرودگاه مشهد,Domestic Departure
2025-05-30 13:00:00,وارش,VRH5819,تهران,طبق برنامه,,,,B737,فرودگاه مشهد,Domestic Departure
2025-05-30 13:00:00,آتا,TBZ5618,تهران,طبق برنامه,,,,MD80,فرودگاه مشهد,Domestic Departure
2025-05-30 13:00:00,آتا,TBZ5616,تبریز,طبق برنامه,,,,MD80,فرودگاه مشهد,Domestic Departure
2025-05-30 13:10:00,سپهران,SHI4326,رشت,طبق برنامه,,,,B737,فرودگاه مشهد,Domestic Departure
2025-05-30 13:20:00,آسمان,IRC829,رامسر,طبق برنامه,,,,F100,فرودگاه مشهد,Domestic Departure
2025-05-30 14:00:00,آوا,AXV7703,تهران,طبق برنامه,,,,B737,فرودگاه مشهد,Domestic Departure
2025-05-30 14:00:00,زاگرس,IZG4041,تهران,طبق برنامه,,,,MD82,فرودگاه مشهد,Domestic Departure
2025-05-30 14:20:00,آتا,TBZ5620,تهران,طبق برنامه,,,,MD80,فرودگاه مشهد,Domestic Departure
2025-05-30 14:25:00,اروان,INA6751,تهران,طبق برنامه,,,,B737,فرودگاه مشهد,Domestic Departure
2025-05-30 14:45:00,ماهان,IRM1032,تهران,طبق برنامه,,,,BAE100,فرودگاه مشهد,Domestic Departure
2025-05-30 15:00:00,آتا,TBZ5720,آبادان,طبق برنامه,,,,MD80,فرودگاه مشهد,Domestic Departure
2025-05-30 15:30:00,آتا,TBZ5650,اصفهان,طبق برنامه,,,,MD80,فرودگاه مشهد,Domestic Departure
2025-05-30 15:30:00,زاگرس,IZG4120,اهواز,طبق برنامه,,,,MD82,فرودگاه مشهد,Domestic Departure
2025-05-30 15:45:00,هواپیمایی پارس,PRS4473,شیراز,طبق برنامه,,,,B737,فرودگاه مشهد,Domestic Departure
2025-05-30 16:30:00,آتا,TBZ5675,اصفهان,طبق برنامه,,,,MD80,فرودگاه مشهد,Domestic Departure
2025-05-30 17:00:00,ایران ایرتور,IRB954,اهواز,طبق برنامه,,,,MD82,فرودگاه مشهد,Domestic Departure
2025-05-30 17:00:00,تابان,TBN6251,تهران,طبق برنامه,,,,MD.88,فرودگاه مشهد,Domestic Departure
2025-05-30 17:00:00,سپهران,SHI4366,آبادان,طبق برنامه,,,,B737,فرودگاه مشهد,Domestic Departure
2025-05-30 17:25:00,کاسپین,CPN6944,كيش,طبق برنامه,,,,MD82,فرودگاه مشهد,Domestic Departure
2025-05-30 17:55:00,آسمان,IRC601,تهران,طبق برنامه,,,,F100,فرودگاه مشهد,Domestic Departure
2025-05-30 18:00:00,تابان,TBN6209,اصفهان,طبق برنامه,,,,MD.88,فرودگاه مشهد,Domestic Departure
2025-05-30 18:00:00,ایران ایرتور,IRB967,تهران,طبق برنامه,,,,MD82,فرودگاه مشهد,Domestic Departure
2025-05-30 18:20:00,آتا,TBZ5614,تهران,طبق برنامه,,,,MD80,فرودگاه مشهد,Domestic Departure
2025-05-30 18:45:00,هواپیمایی اطلس,ATS8277,اصفهان,طبق برنامه,,,,B737,فرودگاه مشهد,Domestic Departure
2025-05-30 19:10:00,سپهران,SHI4338,اهواز,طبق برنامه,,,,B737,فرودگاه مشهد,Domestic Departure
2025-05-30 19:15:00,هواپیمایی اطلس,ATS8275,تهران,طبق برنامه,,,,RJ85,فرودگاه مشهد,Domestic Departure
2025-05-30 19:30:00,پويا,PYA2339,گرگان,طبق برنامه,,,,EMB145,فرودگاه مشهد,Domestic Departure
2025-05-30 19:45:00,چابهار,IRU7661,تهران,طبق برنامه,,,,MD83,فرودگاه مشهد,Domestic Departure
2025-05-30 20:20:00,آتا,TBZ5630,تهران,طبق برنامه,,,,MD80,فرودگاه مشهد,Domestic Departure
2025-05-30 20:20:00,قشم ایر,QSM1253,تهران,طبق برنامه,,,,F100,فرودگاه مشهد,Domestic Departure
2025-05-30 20:30:00,زاگرس,IZG4140,اصفهان,طبق برنامه,,,,MD82,فرودگاه مشهد,Domestic Departure
2025-05-30 20:35:00,ماهان,IRM1076,کرمان,طبق برنامه,,,,BAE100,فرودگاه مشهد,Domestic Departure
2025-05-30 20:40:00,کیش ایر,KIS7168,تهران,طبق برنامه,,,,MD82,فرودگاه مشهد,Domestic Departure
2025-05-30 21:15:00,هواپیمایی اطلس,ATS8279,تهران,طبق برنامه,,,,MD83,فرودگاه مشهد,Domestic Departure
2025-05-30 21:30:00,تابان,TBN6325,تهران,طبق برنامه,,,,MD.88,فرودگاه مشهد,Domestic Departure
2025-05-30 21:30:00,آتا,TBZ5647,آبادان,طبق برنامه,,,,MD80,فرودگاه مشهد,Domestic Departure
2025-05-30 21:35:00,هواپیمایی رایمون,RAI7521,رشت,طبق برنامه,,,,EMB145,فرودگاه مشهد,Domestic Departure
2025-05-24 02:55:00,ایران ایر,IRA236,شیراز/بندرلنگه,پرواز كرد,3,2025-05-24 03:32:00,EPCFM,F100,فرودگاه مهرآباد,Domestic Departure
2025-05-24 04:35:00,زاگرس,IZG4022,اهواز,پرواز كرد,3,2025-05-24 05:04:00,EPZAQ,MD83,فرودگاه مهرآباد,Domestic Departure
2025-05-24 04:50:00,چابهار,IRU7660,مشهد,پرواز كرد,5,2025-05-24 04:54:00,EPCBI,MD83,فرودگاه مهرآباد,Domestic Departure
2025-05-24 04:50:00,آسمان,IRC862,یزد,پرواز كرد,26,2025-05-24 04:58:00,EPASR,F100,فرودگاه مهرآباد,Domestic Departure
2025-05-24 04:55:00,پارس ایر,PRS4492,آغاجاری,پرواز كرد,20,2025-05-24 04:56:00,EPPRA,CRJ200,فرودگاه مهرآباد,Domestic Departure
2025-05-24 05:00:00,کاسپین,CPN048,شیراز,پرواز كرد,"10, 11",2025-05-24 05:02:00,EPCAS,MD83,فرودگاه مهرآباد,Domestic Departure
2025-05-24 05:05:00,ایران ایرتور,IRB930,بیرجند,پرواز كرد,"5, 6",2025-05-24 05:12:00,EPMDF,MD83,فرودگاه مهرآباد,Domestic Departure
2025-05-24 05:10:00,چابهار,IRU7646,شیراز,پرواز كرد,7,2025-05-24 05:35:00,EPSEB,MD83,فرودگاه مهرآباد,Domestic Departure
2025-05-24 05:10:00,کیش ایر,KIS7169,مشهد,پرواز كرد,"9, 10",2025-05-24 05:21:00,EPLCO,MD83,فرودگاه مهرآباد,Domestic Departure
2025-05-24 05:15:00,کیش ایر,KIS7093,عسلویه,پرواز كرد,"11, 12",2025-05-24 05:38:00,EPLCM,MD83,فرودگاه مهرآباد,Domestic Departure
2025-05-24 05:25:00,پارس ایر,PRS4480,مشهد,پرواز كرد,"21, 22",2025-05-24 06:18:00,EPPAO,737,فرودگاه مهرآباد,Domestic Departure
2025-05-30 22:15:00,وارش,VRH5841,تهران,طبق برنامه,,,,B737,فرودگاه مشهد,Domestic Departure
2025-05-30 22:15:00,هواپیمایی پارس,PRS4415,آبادان,طبق برنامه,,,,B737,فرودگاه مشهد,Domestic Departure
2025-05-30 23:00:00,تابان,TBN6223,تهران,طبق برنامه,,,,MD.88,فرودگاه مشهد,Domestic Departure
2025-05-30 23:00:00,آتا,TBZ5703,تهران,طبق برنامه,,,,MD80,فرودگاه مشهد,Domestic Departure
2025-05-30 23:15:00,هواپیمایی اطلس,ATS8289,تهران,طبق برنامه,,,,B737,فرودگاه مشهد,Domestic Departure
2025-05-30 23:20:00,ایران ایر,IRA263,تهران,طبق برنامه,,,,A319,فرودگاه مشهد,Domestic Departure
2025-05-30 23:59:00,هواپیمایی پارس,PRS5401,تهران,طبق برنامه,,,,B737,فرودگاه مشهد,Domestic Departure
2025-05-30 02:45:00,قطر,QTR493,دوحه,دريافت كارت پرواز,,,A320,۹ خرداد ۱۴۰۴,فرودگاه مشهد,International Departure
2025-05-30 03:20:00,پگاسوس,PGT521,استانبول,دريافت كارت پرواز,,,A320,۹ خرداد ۱۴۰۴,فرودگاه مشهد,International Departure
2025-05-30 05:10:00,سپهران,SHI7310,نجف,طبق برنامه,,,B737,۹ خرداد ۱۴۰۴,فرودگاه مشهد,International Departure
2025-05-30 05:15:00,سپهران,SHI7304,بغداد,طبق برنامه,,,B737,۹ خرداد ۱۴۰۴,فرودگاه مشهد,International Departure
2025-05-30 05:15:00,تابان,TBN7263,نجف,طبق برنامه,,,A320,۹ خرداد ۱۴۰۴,فرودگاه مشهد,International Departure
2025-05-30 06:00:00,سپهران,SHI7346,بغداد,طبق برنامه,,,B737,۹ خرداد ۱۴۰۴,فرودگاه مشهد,International Departure
2025-05-30 06:30:00,سپهران,SHI7300,نجف,طبق برنامه,,,B737,۹ خرداد ۱۴۰۴,فرودگاه مشهد,International Departure
2025-05-30 07:00:00,آوا,AXV9204,نجف,طبق برنامه,,,B737,۹ خرداد ۱۴۰۴,فرودگاه مشهد,International Departure
2025-05-30 08:45:00,وارش,VRH6815,کویت,طبق برنامه,,,B737,۹ خرداد ۱۴۰۴,فرودگاه مشهد,International Departure
2025-05-30 09:15:00,هواپیمایی پارس,PRS5490,نجف,طبق برنامه,,,B737,۹ خرداد ۱۴۰۴,فرودگاه مشهد,International Departure
2025-05-30 10:30:00,عراقی,IAW162,بغداد,طبق برنامه,,,B737,۹ خرداد ۱۴۰۴,فرودگاه مشهد,International Departure
2025-05-30 12:00:00,عراقی,IAW118,نجف,طبق برنامه,,,B737,۹ خرداد ۱۴۰۴,فرودگاه مشهد,International Departure
2025-05-30 12:00:00,سپهران,SHI7312,مسقط,طبق برنامه,,,B737,۹ خرداد ۱۴۰۴,فرودگاه مشهد,International Departure
2025-05-30 12:55:00,زاگرس,IZG3040,نجف,طبق برنامه,,,A319,۹ خرداد ۱۴۰۴,فرودگاه مشهد,International Departure
2025-05-30 14:25:00,العربیه,ABY206,شارجه,طبق برنامه,,,B737,۹ خرداد ۱۴۰۴,فرودگاه مشهد,International Departure
2025-05-30 14:40:00,آوا,AXV9212,نجف,طبق برنامه,,,B737,۹ خرداد ۱۴۰۴,فرودگاه مشهد,International Departure
2025-05-30 14:45:00,جزیره,JZR152,کویت,طبق برنامه,,,A320,۹ خرداد ۱۴۰۴,فرودگاه مشهد,International Departure
2025-05-30 15:10:00,ایران ایر,IRA689,دمام,طبق برنامه,,,A319,۹ خرداد ۱۴۰۴,فرودگاه مشهد,International Departure
2025-05-30 16:10:00,ایران ایرتور,IRB9722,دبی,طبق برنامه,,,A310,۹ خرداد ۱۴۰۴,فرودگاه مشهد,International Departure
2025-05-30 17:15:00,معراج,MRJ4801,نجف,طبق برنامه,,,A320,۹ خرداد ۱۴۰۴,فرودگاه مشهد,International Departure
2025-05-30 18:00:00,سپهران,SHI7314,مسقط,طبق برنامه,,,B737,۹ خرداد ۱۴۰۴,فرودگاه مشهد,International Departure
2025-05-30 19:00:00,سپهران,SHI7330,نجف,طبق برنامه,,,B737,۹ خرداد ۱۴۰۴,فرودگاه مشهد,International Departure
2025-05-30 19:15:00,سپهران,SHI7354,بغداد,طبق برنامه,,,B737,۹ خرداد ۱۴۰۴,فرودگاه مشهد,International Departure
2025-05-30 19:30:00,سپهران,SHI7350,نجف,طبق برنامه,,,B737,۹ خرداد ۱۴۰۴,فرودگاه مشهد,International Departure
2025-05-30 19:35:00,فلای دبی,FDB252,دبی,طبق برنامه,,,737-800,۹ خرداد ۱۴۰۴,فرودگاه مشهد,International Departure
2025-05-30 23:05:00,العربیه,ABY208,شارجه,طبق برنامه,,,A321,۹ خرداد ۱۴۰۴,فرودگاه مشهد,International Departure
2025-05-29 17:00:00,آسمان,IRC3850,مشهد,پروازکرد17:10,16-17,2025-05-29 17:10:00,,100,فرودگاه شيراز,Domestic Departure
2025-05-29 18:00:00,کیش ایر,KIS7050,تهران,پروازکرد18:06,3-4,2025-05-29 18:06:00,,MD82,فرودگاه شيراز,Domestic Departure
2025-05-29 18:15:00,ایران ایر,IRA258,مشهد,پروازکرد18:34,7-8,2025-05-29 18:34:00,,A319,فرودگاه شيراز,Domestic Departure
2025-05-29 19:15:00,پارس,PRS4407,تهران,پروازکرد19:26,3-4,2025-05-29 19:26:00,,737,فرودگاه شيراز,Domestic Departure
2025-05-29 19:20:00,پويا,PYA2341,تهران,پروازکرد19:29,2,2025-05-29 19:29:00,,EMB145,فرودگاه شيراز,Domestic Departure
2025-05-29 19:20:00,آتا,TBZ5624,تهران,پروازکرد19:35,11-12,2025-05-29 19:35:00,,MD83,فرودگاه شيراز,Domestic Departure
2025-05-29 21:15:00,اطلس,ATS8280,مشهد,پروازکرد21:55,1-2,2025-05-29 21:55:00,,880,فرودگاه شيراز,Domestic Departure
2025-05-29 21:20:00,فلای پرشیا,FPI7404,تهران,پروازکرد21:40,3-4,2025-05-29 21:40:00,,737,فرودگاه شيراز,Domestic Departure
2025-05-29 22:00:00,ساها,IRZ157,تهران,پروازکرد22:28,5-6,2025-05-29 22:28:00,,737,فرودگاه شيراز,Domestic Departure
2025-05-29 22:25:00,آسمان,IRC3820,آبادان,پروازکرد22:34,16-17,2025-05-29 22:34:00,,100,فرودگاه شيراز,Domestic Departure
2025-05-29 22:30:00,کیش ایر,KIS7061,كيش,پروازکرد22:51,1-2,2025-05-29 22:51:00,,MD83,فرودگاه شيراز,Domestic Departure
2025-05-29 23:05:00,ایران ایر,IRA429,تهران,پروازکرد23:28,7-8,2025-05-29 23:28:00,,A319,فرودگاه شيراز,Domestic Departure
2025-05-29 23:15:00,زاگرس,IZG4111,مشهد,پروازکرد23:20,11-13,2025-05-29 23:20:00,,MD82,فرودگاه شيراز,Domestic Departure
2025-05-29 23:59:00,پارس,PRS4474,تبریز,در حال سوار شدن,3-4,,,737-300,فرودگاه شيراز,Domestic Departure
2025-05-30 05:00:00,پارس,PRS5448,رشت,طبق برنامه,,,,CRJ200,فرودگاه شيراز,Domestic Departure
2025-05-30 05:00:00,آسمان,IRC818,زاهدان,طبق برنامه,,,,100,فرودگاه شيراز,Domestic Departure
2025-05-30 06:30:00,پارس,PRS4472,مشهد,طبق برنامه,,,,737,فرودگاه شيراز,Domestic Departure
2025-05-30 07:15:00,چابهار,IRU7647,تهران,طبق برنامه,,,,MD83,فرودگاه شيراز,Domestic Departure
2025-05-30 08:20:00,یزد ایر,DZD9409,كيش,طبق برنامه,,,,EMB145,فرودگاه شيراز,Domestic Departure
2025-05-30 08:50:00,ساها,179a,چابهار,طبق برنامه,,,,MD83,فرودگاه شيراز,Domestic Departure
2025-05-30 09:30:00,ماهان,IRM1088,تهران,طبق برنامه,,,,RJ85,فرودگاه شيراز,Domestic Departure
2025-05-30 09:35:00,ساها,IRZ180,مشهد,طبق برنامه,,,,737,فرودگاه شيراز,Domestic Departure
2025-05-30 09:50:00,آسمان,IRC3940,رشت,طبق برنامه,,,,100,فرودگاه شيراز,Domestic Departure
2025-05-30 10:45:00,کیش ایر,KIS7150,تهران,طبق برنامه,,,,MD82,فرودگاه شيراز,Domestic Departure
2025-05-30 11:10:00,کارون,KRU2629,تهران,طبق برنامه,,,,100,فرودگاه شيراز,Domestic Departure
2025-05-30 12:20:00,یزد ایر,DZD9430,تهران,طبق برنامه,,,,146-100,فرودگاه شيراز,Domestic Departure
2025-05-30 13:00:00,تابان,TBN6232,مشهد,طبق برنامه,,,,md88,فرودگاه شيراز,Domestic Departure
2025-05-30 13:30:00,ساها,IRZ159,تهران,طبق برنامه,,,,737,فرودگاه شيراز,Domestic Departure
2025-05-30 14:15:00,پارس,PRS4407,تهران,طبق برنامه,,,,CRJ200,فرودگاه شيراز,Domestic Departure
2025-05-29 12:00:00,پارس,PRS5470,مسقط,باطل شد,,,CRJ200,2025-05-31,فرودگاه شيراز,International Departure
2025-05-29 12:45:00,العربیه,ABY214,شارجه,پروازکرد12:51,12:51,,A320,2025-05-31,فرودگاه شيراز,International Departure
2025-05-29 12:55:00,فلای دبی,FDB242,دبی,پروازکرد13:19,13:19,,737,2025-05-31,فرودگاه شيراز,International Departure
2025-05-29 13:30:00,ایران ایرتور,IRB972,كيش,پروازکرد13:50,13-14,2025-05-29 13:50:00,,MDC-DC-9-82,فرودگاه تبريز,Domestic Departure
2025-05-29 14:30:00,ایران ایرتور,IRB901,مشهد,پروازکرد16:00,13-14,2025-05-29 16:00:00,,MDC-DC-9-82,فرودگاه تبريز,Domestic Departure
2025-05-29 14:30:00,کارون,KRU2656,اهواز,پروازکرد14:35,4-5,2025-05-29 14:35:00,,737,فرودگاه تبريز,Domestic Departure
2025-05-29 15:00:00,آتا,TBZ5645,تهران,پروازکرد15:40,8-9,2025-05-29 15:40:00,,MD83,فرودگاه تبريز,Domestic Departure
2025-05-29 20:50:00,ماهان,IRM1001,تهران,پروازکرد21:40,2-3,2025-05-29 21:40:00,,RJ100,فرودگاه تبريز,Domestic Departure
2025-05-29 23:59:00,پارس,PRS4475,شیراز,تاخیردارد02:45,,,,737-100,فرودگاه تبريز,Domestic Departure
2025-05-30 06:00:00,آتا,TBZ5601,تهران,باطل شد,,,,MD83,فرودگاه تبريز,Domestic Departure
2025-05-30 08:00:00,آتا,TBZ5609,تهران,باطل شد,,,,MD83,فرودگاه تبريز,Domestic Departure
2025-05-30 10:00:00,آتا,TBZ5603,تهران,طبق برنامه,,,,MD83,فرودگاه تبريز,Domestic Departure
2025-05-30 10:00:00,آتا,TBZ5615,مشهد,طبق برنامه,,,,MD83,فرودگاه تبريز,Domestic Departure
2025-05-30 11:00:00,ایران ایرتور,IRB906,بندرعباس,باطل شد,,,,MDC-DC-9-82,فرودگاه تبريز,Domestic Departure
2025-05-30 13:30:00,ایران ایرتور,IRB972,كيش,طبق برنامه,,,,MDC-DC-9-82,فرودگاه تبريز,Domestic Departure
2025-05-30 13:45:00,کاسپین,CPN047,تهران,طبق برنامه,,,,737,فرودگاه تبريز,Domestic Departure
2025-05-30 14:00:00,ایران ایرتور,IRB951,مشهد,طبق برنامه,,,,MDC-DC-9-82,فرودگاه تبريز,Domestic Departure
2025-05-30 15:00:00,ایران ایرتور,IRB901,مشهد,طبق برنامه,,,,MDC-DC-9-82,فرودگاه تبريز,Domestic Departure
2025-05-30 16:00:00,آتا,TBZ5645,تهران,طبق برنامه,,,,MD83,فرودگاه تبريز,Domestic Departure
2025-05-30 17:30:00,آتا,TBZ5639,تهران,طبق برنامه,,,,MD83,فرودگاه تبريز,Domestic Departure
2025-05-30 17:45:00,ایران ایرتور,IRB947,تهران,طبق برنامه,,,,MD80,فرودگاه تبريز,Domestic Departure
2025-05-29 11:30:00,پارس,PRS6484,نجف,پروازکرد13:45,13:45,,737,2025-05-31,فرودگاه تبريز,International Departure
2025-05-29 17:00:00,فلای دبی,FDB228,دبی,پروازکرد17:00,17:00,,B737-400,2025-05-31,فرودگاه تبريز,International Departure
2025-05-30 05:35:00,پگاسوس,PGT6647,مرسین,طبق برنامه,,,A320,2025-05-31,فرودگاه تبريز,International Departure
2025-05-30 07:00:00,آتا,TBZ6601,استانبول,طبق برنامه,,,MD83,2025-05-31,فرودگاه تبريز,International Departure
2025-05-30 07:15:00,ترکیش,TK883,استانبول,طبق برنامه,,,A320,2025-05-31,فرودگاه تبريز,International Departure
2025-05-30 13:30:00,کاسپین,CPN7908,استانبول,طبق برنامه,,,737,2025-05-31,فرودگاه تبريز,International Departure
2025-05-29 13:15:00,ایران ایر,IRA3382,بندرعباس,پروازکرد13:20,11-12,2025-05-29 13:20:00,,ATR,فرودگاه اصفهان,Domestic Departure
2025-05-29 14:10:00,آتا,TBZ05649,مشهد,پروازکرد14:10,14-15,2025-05-29 14:10:00,,MD83,فرودگاه اصفهان,Domestic Departure
2025-05-29 16:15:00,کیش ایر,KIS7023,كيش,پروازکرد18:20,1-2,2025-05-29 18:20:00,,MD83,فرودگاه اصفهان,Domestic Departure
2025-05-29 16:35:00,رایمون,RAI7513,تهران,پروازکرد16:30,15,2025-05-29 16:30:00,,EMB145,فرودگاه اصفهان,Domestic Departure
2025-05-29 18:30:00,آساجت,SJT8656,رشت,پروازکرد18:25,3,2025-05-29 18:25:00,,EMB145,فرودگاه اصفهان,Domestic Departure
2025-05-29 19:00:00,آتا,TBZ5749,مشهد,پروازکرد19:10,14-15,2025-05-29 19:10:00,,MD83,فرودگاه اصفهان,Domestic Departure
2025-05-29 20:10:00,کارون,KRU2603,تهران,پروازکرد20:55,1-2,2025-05-29 20:55:00,,100,فرودگاه اصفهان,Domestic Departure
2025-05-29 21:00:00,آتا,TBZ5652,مشهد,پروازکرد21:40,14-15,2025-05-29 21:40:00,,MD83,فرودگاه اصفهان,Domestic Departure
2025-05-29 21:45:00,کارون,KRU2622,اهواز,تا اطلاع ثانوی | طبق برنامه,,,,100,فرودگاه اصفهان,Domestic Departure
2025-05-29 22:00:00,آساجت,SJT8617,تهران,پروازکرد22:05,3,2025-05-29 22:05:00,,EMB145,فرودگاه اصفهان,Domestic Departure
2025-05-30 08:20:00,کارون,KRU2622,اهواز,طبق برنامه,,,,B737-400,فرودگاه اصفهان,Domestic Departure
2025-05-30 09:10:00,آتا,TBZ5652,مشهد,طبق برنامه,,,,MD83,فرودگاه اصفهان,Domestic Departure
2025-05-30 10:10:00,قشم,QSM1281,تهران,طبق برنامه,,,,CRJ200,فرودگاه اصفهان,Domestic Departure
2025-05-30 10:15:00,کیش ایر,KIS7023,كيش,طبق برنامه,,,,MD83,فرودگاه اصفهان,Domestic Departure
2025-05-30 10:30:00,وارش,VRH5855,مشهد,طبق برنامه,,,,B737-400,فرودگاه اصفهان,Domestic Departure
2025-05-30 11:15:00,آساجت,SJT8649,آبادان,طبق برنامه,,,,EMB145,فرودگاه اصفهان,Domestic Departure
2025-05-29 13:45:00,فلای دبی,FDB274,دبی,پروازکرد14:40,14:40,,B737-400,2025-05-31,فرودگاه اصفهان,International Departure
2025-05-30 02:05:00,ترکیش,THY893,استانبول,پذیرش مسافر,,,B737-400,2025-05-31,فرودگاه اصفهان,International Departure
2025-05-30 02:35:00,پگاسوس,PGT531,استانبول (صبیحا),پذیرش مسافر,,,A321,2025-05-31,فرودگاه اصفهان,International Departure
2025-05-29 19:00:00,زاگرس,IZG4021,تهران,پروازکرد19:09,2,2025-05-29 19:09:00,,,فرودگاه اهواز,Domestic Departure
2025-05-29 19:30:00,زاگرس,IZG4121,مشهد,پروازکرد19:43,1,2025-05-29 19:43:00,,,فرودگاه اهواز,Domestic Departure
2025-05-29 20:00:00,وارش,VRH5811,مشهد,پروازکرد21:25,4,2025-05-29 21:25:00,,,فرودگاه اهواز,Domestic Departure
2025-05-29 20:10:00,کارون,KRU2623,اصفهان,تا اطلاع ثانوی | پایان پذیرش مسافر,10,,,,فرودگاه اهواز,Domestic Departure
2025-05-29 21:00:00,سپهران,SHI4339,مشهد,پروازکرد21:35,9,2025-05-29 21:35:00,,,فرودگاه اهواز,Domestic Departure
2025-05-29 21:20:00,قشم,QSM1211,تهران,پروازکرد21:54,10,2025-05-29 21:54:00,,,فرودگاه اهواز,Domestic Departure
2025-05-29 22:10:00,کاسپین,CPN6901,تهران,پروازکرد22:33,6,2025-05-29 22:33:00,,,فرودگاه بوشهر,Domestic Departure
2025-05-30 09:00:00,زاگرس,IZG4061,تهران,طبق برنامه,,,,,فرودگاه بوشهر,Domestic Departure
2025-05-30 12:30:00,ایران ایرتور,IRB971,تهران,طبق برنامه,,,,,فرودگاه بوشهر,Domestic Departure
2025-05-30 12:40:00,زاگرس,IZG4109,مشهد,طبق برنامه,,,,,فرودگاه بوشهر,Domestic Departure
2025-05-30 13:45:00,قشم,QSM1219,تهران,طبق برنامه,,,,,فرودگاه بوشهر,Domestic Departure
2025-05-29 12:50:00,آتا,TBZ5682,تهران,پروازکرد12:52,6-7,2025-05-29 12:52:00,,MD83,فرودگاه بندرعباس,Domestic Departure
2025-05-29 13:45:00,کیش ایر,KIS7139,اصفهان,پروازکرد13:47,1-3,2025-05-29 13:47:00,,MD80,فرودگاه بندرعباس,Domestic Departure
2025-05-29 16:45:00,کیش ایر,KIS7063,كيش,پروازکرد16:42,2-3,2025-05-29 16:42:00,,MD80,فرودگاه بندرعباس,Domestic Departure
2025-05-29 17:00:00,ایران ایر,IRA3361,كيش,پروازکرد17:07,8,2025-05-29 17:07:00,,ATR,فرودگاه بندرعباس,Domestic Departure
2025-05-29 21:30:00,ایران ایرتور,IRB913,تهران,پروازکرد21:37,8-10,2025-05-29 21:37:00,,,فرودگاه بندرعباس,Domestic Departure
2025-06-04 18:00:00,آتا,TBZ5646,تبریز,تاخیر - 20:30,11,,,MD83,فرودگاه مهرآباد,Domestic Departure
2025-06-04 18:00:00,کاسپین,CPN044,كيش,طبق برنامه,"6, 7",,,MD83,فرودگاه مهرآباد,Domestic Departure
2025-06-04 18:05:00,کارون,KRU2506,ماهشهر,طبق برنامه,"18, 19",,,F100,فرودگاه مهرآباد,Domestic Departure
2025-06-04 18:10:00,رایمون,RAI7526,یزد,باطل شد,,,,EMB145,فرودگاه مهرآباد,Domestic Departure
2025-06-04 18:15:00,چابهار,IRU7636,کرمانشاه,طبق برنامه,5,,,MD83,فرودگاه مهرآباد,Domestic Departure
2025-05-28 14:00:00,ایران ایرتور,IRB980,ارومیه,طبق برنامه,,,,MD83,فرودگاه مهرآباد,Domestic Departure
2025-05-28 14:10:00,یزد ایر,DZD9407,اهواز,طبق برنامه,"10, 11",,,146-200,فرودگاه مهرآباد,Domestic Departure
2025-05-28 14:50:00,قشم ایر,QSM1252,مشهد,طبق برنامه,,,,F100,فرودگاه مهرآباد,Domestic Departure
2025-05-28 14:50:00,رایمون,RAI7512,اصفهان,طبق برنامه,"1, 2",,,EMB145,فرودگاه مهرآباد,Domestic Departure
2025-05-28 14:55:00,آساجت,SJT8634,رشت,طبق برنامه,,,,EMB145,فرودگاه مهرآباد,Domestic Departure
2025-05-28 15:05:00,ایران ایر,IRA350,كيش,طبق برنامه,,,,F100,فرودگاه مهرآباد,Domestic Departure
2025-05-28 15:40:00,کاسپین,CPN024,مشهد,طبق برنامه,"6, 7",,,MD83,فرودگاه مهرآباد,Domestic Departure
2025-05-28 15:50:00,آتا,TBZ5613,مشهد,طبق برنامه,,,,MD83,فرودگاه مهرآباد,Domestic Departure
2025-05-28 15:55:00,ایران ایر,IRA428,شیراز,طبق برنامه,,,,F100,فرودگاه مهرآباد,Domestic Departure
2025-05-28 15:55:00,آتا,TBZ5664,کرمان,طبق برنامه,,,,MD83,فرودگاه مهرآباد,Domestic Departure
2025-05-28 16:20:00,اطلس ایر,ATS8288,مشهد,طبق برنامه,,,,737-700,فرودگاه مهرآباد,Domestic Departure
2025-05-28 16:30:00,ماهان,IRM1067,کرمان,طبق برنامه,"23, 24, 25",,,AB6,فرودگاه مهرآباد,Domestic Departure
2025-05-28 16:50:00,آساجت,SJT8616,اصفهان,طبق برنامه,,,,EMB145,فرودگاه مهرآباد,Domestic Departure
2025-05-28 16:55:00,اطلس ایر,ATS8270,مشهد,طبق برنامه,,,,RJ85,فرودگاه مهرآباد,Domestic Departure
2025-05-28 17:00:00,آتا,TBZ5623,شیراز,طبق برنامه,,,,MD83,فرودگاه مهرآباد,Domestic Departure
2025-05-28 17:00:00,زاگرس,IZG4020,اهواز,طبق برنامه,,,,MD83,فرودگاه مهرآباد,Domestic Departure
2025-05-28 17:05:00,آتا,TBZ5668,تبریز,طبق برنامه,,,,MD83,فرودگاه مهرآباد,Domestic Departure
2025-05-28 17:10:00,پويا,PYA2340,شیراز,طبق برنامه,14,,,EMB145,فرودگاه مهرآباد,Domestic Departure
2025-05-28 17:15:00,وارش,VRH5904,مشهد,طبق برنامه,,,,B737,فرودگاه مهرآباد,Domestic Departure
2025-05-28 17:25:00,کاسپین,CPN6936,قشم,طبق برنامه,"6, 7",,,MD83,فرودگاه مهرآباد,Domestic Departure
2025-05-28 17:25:00,آتا,TBZ5719,مشهد,طبق برنامه,,,,MD83,فرودگاه مهرآباد,Domestic Departure
2025-05-28 17:45:00,چابهار,IRU7650,مشهد,طبق برنامه,,,,MD83,فرودگاه مهرآباد,Domestic Departure
2025-05-28 17:50:00,ماهان,IRM1029,طبس,طبق برنامه,22,,,146-200,فرودگاه مهرآباد,Domestic Departure
2025-06-04 18:20:00,فلای پرشیا,FPI7442,مشهد,طبق برنامه,"18, 19",,,737-700,فرودگاه مهرآباد,Domestic Departure
2025-05-28 17:50:00,کارون,KRU2660,ارومیه,طبق برنامه,,,,F100,فرودگاه مهرآباد,Domestic Departure
2025-06-04 18:30:00,آسمان,IRC3750,آبادان,طبق برنامه,26,,,F100,فرودگاه مهرآباد,Domestic Departure
2025-06-04 18:30:00,وارش,VRH5800,ساری,طبق برنامه,4,,,B737,فرودگاه مهرآباد,Domestic Departure
2025-06-04 18:35:00,آتا,TBZ5619,مشهد,طبق برنامه,"28, 29",,,MD83,فرودگاه مهرآباد,Domestic Departure
2025-06-04 18:40:00,ماهان,IRM4527,ایرانشهر,طبق برنامه,22,,,146-200,فرودگاه مهرآباد,Domestic Departure
2025-06-04 18:50:00,ایران ایر,IRA468,مشهد,طبق برنامه,"3, 4",,,F100,فرودگاه مهرآباد,Domestic Departure
2025-06-04 18:55:00,کاسپین,CPN6936,قشم,طبق برنامه,"8, 9",,,MD83,فرودگاه مهرآباد,Domestic Departure
2025-06-04 19:00:00,پارس ایر,PRS4400,مشهد,طبق برنامه,23,,,B737,فرودگاه مهرآباد,Domestic Departure
2025-05-28 18:05:00,تابان,TBN6256,مشهد,طبق برنامه,"3, 4",,,MD.88,فرودگاه مهرآباد,Domestic Departure
2025-05-28 18:10:00,کارون,KRU2674,اهواز,طبق برنامه,,,,F100,فرودگاه مهرآباد,Domestic Departure
2025-06-04 19:10:00,آتا,TBZ5679,ارومیه,تاخیر - 22:40,"26, 27",,,MD83,فرودگاه مهرآباد,Domestic Departure
2025-06-04 19:10:00,یزد ایر,DZD6897,یزد,طبق برنامه,"6, 7",,,BAE146,فرودگاه مهرآباد,Domestic Departure
2025-06-04 19:20:00,کیش ایر,KIS7029,كيش,طبق برنامه,"9, 10",,,MD83,فرودگاه مهرآباد,Domestic Departure
2025-06-04 19:30:00,آتا,TBZ5635,اهواز,طبق برنامه,"12, 13",,,MD83,فرودگاه مهرآباد,Domestic Departure
2025-06-04 19:30:00,ماهان,IRM4541,زاهدان,طبق برنامه,21,,,146-200,فرودگاه مهرآباد,Domestic Departure
2025-06-04 19:40:00,آتا,TBZ5643,سیرجان,طبق برنامه,"28, 29",,,B737,فرودگاه مهرآباد,Domestic Departure
2025-06-04 19:50:00,زاگرس,IZG4032,كيش,طبق برنامه,5,,,MD83,فرودگاه مهرآباد,Domestic Departure
2025-06-04 19:55:00,کارون,KRU2676,کرمان,طبق برنامه,"14, 15",,,F100,فرودگاه مهرآباد,Domestic Departure
2025-06-04 19:55:00,آسمان,IRC3777,شیراز,طبق برنامه,26,,,F100,فرودگاه مهرآباد,Domestic Departure
2025-06-04 20:00:00,ایران ایرتور,IRB966,مشهد,طبق برنامه,"9, 10",,,MD83,فرودگاه مهرآباد,Domestic Departure
2025-06-04 20:05:00,چابهار,IRU7614,چابهار,طبق برنامه,3,,,MD83,فرودگاه مهرآباد,Domestic Departure
2025-06-04 20:10:00,آوا,AXV7730,مشهد,طبق برنامه,"18, 19",,,B737,فرودگاه مهرآباد,Domestic Departure
2025-06-04 20:15:00,ساها,IRZ156,شیراز,طبق برنامه,"6, 7",,,737-700,فرودگاه مهرآباد,Domestic Departure
2025-06-04 20:15:00,ایران ایر,IRA265,آبادان,طبق برنامه,"3, 4",,,F100,فرودگاه مهرآباد,Domestic Departure
2025-06-04 20:20:00,آتا,TBZ5670,یزد,باطل شد,,,,MD83,فرودگاه مهرآباد,Domestic Departure
2025-06-04 20:20:00,ایران ایر,IRA246,گرگان,تاخیر - 22:20,"7, 8",,,F100,فرودگاه مهرآباد,Domestic Departure
2025-06-04 20:30:00,آتا,TBZ5690,آبادان,تاخیر - 21:30,"12, 13",,,MD83,فرودگاه مهرآباد,Domestic Departure
2025-06-04 20:30:00,ماهان,IRM1037,مشهد,طبق برنامه,"18, 19, 20",,,AB6,فرودگاه مهرآباد,Domestic Departure
2025-06-04 20:35:00,ساها,IRZ170,مشهد,طبق برنامه,"8, 9",,,B737,فرودگاه مهرآباد,Domestic Departure
2025-06-04 20:45:00,ایران ایر,IRA3331,رشت,طبق برنامه,"5, 6",,,F100,فرودگاه مهرآباد,Domestic Departure
2025-06-04 21:00:00,زاگرس,IZG4050,بندرعباس,طبق برنامه,5,,,MD83,فرودگاه مهرآباد,Domestic Departure
2025-06-04 21:10:00,ایران ایرتور,IRB996,كيش,طبق برنامه,"9, 10",,,MD83,فرودگاه مهرآباد,Domestic Departure
2025-06-04 21:15:00,کیش ایر,KIS7025,كيش,طبق برنامه,"9, 10",,,MD83,فرودگاه مهرآباد,Domestic Departure
2025-06-04 21:20:00,کاسپین,CPN6900,بوشهر,طبق برنامه,"6, 7",,,MD83,فرودگاه مهرآباد,Domestic Departure
2025-06-04 21:30:00,کیش ایر,KIS7081,كيش,طبق برنامه,"11, 12",,,MD83,فرودگاه مهرآباد,Domestic Departure
2025-06-04 22:00:00,آتا,TBZ5606,تبریز,طبق برنامه,11,,,MD83,فرودگاه مهرآباد,Domestic Departure
2025-06-04 22:05:00,چابهار,IRU7642,اهواز,طبق برنامه,3,,,MD83,فرودگاه مهرآباد,Domestic Departure
2025-05-31 20:10:00,چابهار,IRU7651,تهران,پرواز كرد,20,2025-05-31 20:26:00,,MD83,فرودگاه مشهد,Domestic Departure
2025-05-31 20:15:00,هواپیمایی اطلس,ATS8287,تهران,پایان پذیرش مسافر,"3, 4",,,MD83,فرودگاه مشهد,Domestic Departure
2025-05-31 20:30:00,زاگرس,IZG4110,شیراز,پرواز كرد,18,2025-05-31 20:50:00,,MD82,فرودگاه مشهد,Domestic Departure
2025-05-31 20:30:00,ایران ایرتور,IRB954,اهواز,پرواز كرد,"28, 29",2025-05-31 20:43:00,,MD82,فرودگاه مشهد,Domestic Departure
2025-05-31 21:00:00,آتا,TBZ5641,اهواز,پرواز كرد,"11, 12",2025-05-31 21:14:00,,MD80,فرودگاه مشهد,Domestic Departure
2025-05-31 21:15:00,کاسپین,CPN6954,بندرعباس,پرواز كرد,"5, 6",2025-05-31 21:40:00,,MD82,فرودگاه مشهد,Domestic Departure
2025-05-31 21:30:00,فلای پرشیا,FPI7439,تهران,پرواز كرد,"3, 4",2025-05-31 21:30:00,,B737,فرودگاه مشهد,Domestic Departure
2025-05-31 21:30:00,تابان,TBN6325,تهران,پرواز كرد,23,2025-05-31 22:07:00,,MD.88,فرودگاه مشهد,Domestic Departure
2025-05-31 22:00:00,آوا,AXV7705,تهران,پرواز كرد,"7, 8",2025-05-31 22:36:00,,737,فرودگاه مشهد,Domestic Departure
2025-05-31 22:15:00,هواپیمایی پارس,PRS4415,آبادان,پرواز كرد,"9, 10",2025-05-31 22:50:00,,B737,فرودگاه مشهد,Domestic Departure
2025-05-31 22:30:00,وارش,VRH5841,تهران,آماده پرواز,21,,,B737,فرودگاه مشهد,Domestic Departure
2025-05-31 23:00:00,آتا,TBZ5620,تهران,در حال سوار شدن,"11, 12",,,MD80,فرودگاه مشهد,Domestic Departure
2025-05-31 23:30:00,وارش,VRH5877,تهران,در حال سوار شدن,23,,,B737,فرودگاه مشهد,Domestic Departure
2025-05-31 23:45:00,وارش,VRH5819,تهران,آماده پرواز,18,,,B737,فرودگاه مشهد,Domestic Departure
2025-05-31 23:50:00,کاسپین,CPN027,تهران,در حال سوار شدن,"5, 6",,,B737,فرودگاه مشهد,Domestic Departure
2025-06-01 00:15:00,ایران ایر,IRA261,تهران,دريافت كارت پرواز,"24, 25, 26, 27",,,A319,فرودگاه مشهد,Domestic Departure
2025-06-01 00:20:00,سپهران,SHI4386,آبادان,دريافت كارت پرواز,"9, 10",,,737,فرودگاه مشهد,Domestic Departure
2025-06-01 01:45:00,کیش ایر,KIS7068,تهران,طبق برنامه,"5, 6",,,MD82,فرودگاه مشهد,Domestic Departure
2025-06-01 04:00:00,زاگرس,IZG4104,ایلام,طبق برنامه,"22, 23",,,MD82,فرودگاه مشهد,Domestic Departure
2025-06-01 05:30:00,آتا,TBZ5650,اصفهان,طبق برنامه,,,,MD80,فرودگاه مشهد,Domestic Departure
2025-06-01 06:00:00,آتا,TBZ5720,تهران,طبق برنامه,,,,MD80,فرودگاه مشهد,Domestic Departure
2025-06-01 06:00:00,ایران ایرتور,IRB982,بوشهر,طبق برنامه,,,,MD82,فرودگاه مشهد,Domestic Departure
2025-06-01 06:00:00,سپهران,SHI4358,کرمانشاه,طبق برنامه,"5, 6",,,B737,فرودگاه مشهد,Domestic Departure
2025-06-01 06:30:00,تابان,TBN6257,تهران,طبق برنامه,21,,,MD.88,فرودگاه مشهد,Domestic Departure
2025-06-01 06:30:00,آتا,TBZ5620,تهران,طبق برنامه,,,,MD80,فرودگاه مشهد,Domestic Departure
2025-06-01 07:30:00,وارش,VRH5854,اصفهان,طبق برنامه,23,,,B737,فرودگاه مشهد,Domestic Departure
2025-06-01 07:30:00,کاسپین,CPN4916,چابهار,طبق برنامه,"3, 4",,,MD82,فرودگاه مشهد,Domestic Departure
2025-06-01 08:00:00,هواپیمایی پارس,PRS4456,آبادان,طبق برنامه,"5, 6, 7",,,B737,فرودگاه مشهد,Domestic Departure
2025-06-01 08:00:00,ایران ایرتور,IRB950,تبریز,طبق برنامه,,,,MD82,فرودگاه مشهد,Domestic Departure
2025-06-01 08:30:00,وارش,VRH5903,تهران,طبق برنامه,20,,,B737,فرودگاه مشهد,Domestic Departure
2025-06-01 08:30:00,چابهار,IRU7654,آبادان,طبق برنامه,"16, 17",,,MD83,فرودگاه مشهد,Domestic Departure
2025-06-01 08:45:00,آوا,AXV7703,تهران,طبق برنامه,,,,B737,فرودگاه مشهد,Domestic Departure
2025-06-01 08:45:00,اروان,INA6752,آبادان,طبق برنامه,"18, 19",,,B737,فرودگاه مشهد,Domestic Departure
2025-06-01 08:50:00,ماهان,IRM1098,اردبیل,طبق برنامه,"9, 10",,,BAE100,فرودگاه مشهد,Domestic Departure
2025-06-01 09:25:00,آوا,AXV7750,كيش,طبق برنامه,,,,B737,فرودگاه مشهد,Domestic Departure
2025-06-01 10:00:00,سپهران,SHI4336,قشم,طبق برنامه,,,,B737,فرودگاه مشهد,Domestic Departure
2025-06-01 10:20:00,ماهان,IRM1058,کرمان,طبق برنامه,,,,BAE100,فرودگاه مشهد,Domestic Departure
2025-06-01 10:30:00,آتا,TBZ5699,تهران,طبق برنامه,,,,MD80,فرودگاه مشهد,Domestic Departure
2025-06-01 10:30:00,زاگرس,IZG4130,كيش,طبق برنامه,,,,MD82,فرودگاه مشهد,Domestic Departure
2025-06-01 11:30:00,ساها,IRZ171,تهران,طبق برنامه,,,,B737,فرودگاه مشهد,Domestic Departure
2025-06-01 11:40:00,سپهران,SHI4326,رشت,طبق برنامه,,,,B737,فرودگاه مشهد,Domestic Departure
2025-06-01 11:45:00,کارون,KRU2588,عسلویه,طبق برنامه,,,,F100,فرودگاه مشهد,Domestic Departure
2025-06-01 11:50:00,پويا,PYA2313,تهران,طبق برنامه,,,,EMB145,فرودگاه مشهد,Domestic Departure
2025-06-01 12:00:00,کیش ایر,KIS7147,عسلویه,طبق برنامه,,,,MD82,فرودگاه مشهد,Domestic Departure
2025-06-01 12:00:00,چابهار,IRU7641,تهران,طبق برنامه,,,,MD83,فرودگاه مشهد,Domestic Departure
2025-06-01 12:00:00,ایران ایرتور,IRB900,تبریز,طبق برنامه,,,,MD82,فرودگاه مشهد,Domestic Departure
2025-06-01 12:15:00,کیش ایر,KIS7107,بندرعباس,طبق برنامه,,,,MD82,فرودگاه مشهد,Domestic Departure
2025-06-01 12:20:00,آتا,TBZ5614,تهران,طبق برنامه,,,,MD80,فرودگاه مشهد,Domestic Departure
2025-06-01 12:30:00,وارش,VRH5819,تهران,طبق برنامه,,,,B737,فرودگاه مشهد,Domestic Departure
2025-06-01 12:30:00,وارش,VRH5802,ساری,طبق برنامه,,,,B737,فرودگاه مشهد,Domestic Departure
2025-06-01 12:50:00,آتا,TBZ5630,تهران,طبق برنامه,,,,MD80,فرودگاه مشهد,Domestic Departure
2025-06-01 12:50:00,آوا,AXV7731,تهران,طبق برنامه,,,,B737,فرودگاه مشهد,Domestic Departure
2025-06-01 13:00:00,آتا,TBZ5616,تبریز,طبق برنامه,,,,MD80,فرودگاه مشهد,Domestic Departure
2025-06-01 13:00:00,چابهار,IRU7611,تهران,طبق برنامه,,,,MD82,فرودگاه مشهد,Domestic Departure
2025-06-01 13:10:00,کاسپین,CPN027,تهران,طبق برنامه,,,,MD82,فرودگاه مشهد,Domestic Departure
2025-06-01 13:45:00,هواپیمایی اطلس,ATS8283,تهران,طبق برنامه,,,,RJ85,فرودگاه مشهد,Domestic Departure
2025-06-01 14:00:00,هواپیمایی پارس,PRS4455,تهران,طبق برنامه,,,,B737,فرودگاه مشهد,Domestic Departure
2025-06-01 14:00:00,زاگرس,IZG4041,تهران,طبق برنامه,,,,MD82,فرودگاه مشهد,Domestic Departure
2025-06-01 14:25:00,اروان,INA6751,تهران,طبق برنامه,,,,B737,فرودگاه مشهد,Domestic Departure
2025-06-01 14:30:00,چابهار,IRU7661,تهران,طبق برنامه,,,,MD83,فرودگاه مشهد,Domestic Departure
2025-06-01 14:45:00,ماهان,IRM1032,تهران,طبق برنامه,,,,BAE100,فرودگاه مشهد,Domestic Departure
2025-06-01 15:10:00,هواپیمایی رایمون,RAI7529,عسلویه,طبق برنامه,,,,EMB145,فرودگاه مشهد,Domestic Departure
2025-06-01 15:30:00,آتا,TBZ5651,اصفهان,طبق برنامه,,,,MD80,فرودگاه مشهد,Domestic Departure
2025-06-01 15:45:00,تابان,TBN6255,تهران,طبق برنامه,,,,MD.88,فرودگاه مشهد,Domestic Departure
2025-06-01 16:00:00,سپهران,SHI4366,آبادان,طبق برنامه,,,,B737,فرودگاه مشهد,Domestic Departure
2025-06-01 16:15:00,هواپیمایی پارس,PRS4481,تهران,طبق برنامه,,,,CRJ200,فرودگاه مشهد,Domestic Departure
2025-06-01 16:30:00,وارش,VRH5810,اهواز,طبق برنامه,,,,B737,فرودگاه مشهد,Domestic Departure
2025-06-01 16:30:00,زاگرس,IZG4120,اهواز,طبق برنامه,,,,MD82,فرودگاه مشهد,Domestic Departure
2025-06-01 16:30:00,آتا,TBZ5750,اصفهان,طبق برنامه,,,,MD80,فرودگاه مشهد,Domestic Departure
2025-06-01 16:40:00,سپهران,SHI4338,اهواز,طبق برنامه,,,,B737,فرودگاه مشهد,Domestic Departure
2025-06-01 17:00:00,سپهران,SHI4356,تبریز,طبق برنامه,,,,B737,فرودگاه مشهد,Domestic Departure
2025-06-01 17:00:00,آتا,TBZ5717,رشت,طبق برنامه,,,,MD80,فرودگاه مشهد,Domestic Departure
2025-06-01 18:00:00,هواپیمایی اطلس,ATS8286,آبادان,طبق برنامه,,,,B737,فرودگاه مشهد,Domestic Departure
2025-06-01 18:15:00,کیش ایر,KIS7073,كيش,طبق برنامه,,,,MD82,فرودگاه مشهد,Domestic Departure
2025-06-01 18:25:00,کاسپین,CPN4922,همدان,طبق برنامه,,,,MD82,فرودگاه مشهد,Domestic Departure
2025-06-01 18:30:00,ایران ایرتور,IRB967,تهران,طبق برنامه,,,,MD82,فرودگاه مشهد,Domestic Departure
2025-06-04 22:45:00,رایمون,RAI7510,رشت,طبق برنامه,"3, 4",,,EMB145,فرودگاه مهرآباد,Domestic Departure
2025-06-04 22:50:00,فلای پرشیا,FPI7405,شیراز,طبق برنامه,"18, 19",,,B737,فرودگاه مهرآباد,Domestic Departure
2025-06-04 23:00:00,آتا,TBZ5625,اهواز,طبق برنامه,"28, 29",,,MD83,فرودگاه مهرآباد,Domestic Departure
2025-06-04 23:15:00,تابان,TBN6256,مشهد,طبق برنامه,"1, 2",,,MD.88,فرودگاه مهرآباد,Domestic Departure
2025-06-04 23:15:00,پارس ایر,PRS4406,شیراز,طبق برنامه,20,,,CRJ200,فرودگاه مهرآباد,Domestic Departure
2025-06-04 23:30:00,آتا,TBZ5640,تبریز,طبق برنامه,11,,,MD83,فرودگاه مهرآباد,Domestic Departure
2025-06-04 23:55:00,پارس ایر,PRS4426,شیراز,طبق برنامه,"22, 23",,,CRJ200,فرودگاه مهرآباد,Domestic Departure
2025-06-04 00:45:00,کیش ایر,KIS7151,شیراز,طبق برنامه,,,,MD82,فرودگاه مهرآباد,Domestic Departure
2025-06-04 04:55:00,آسمان,IRC610,مشهد,طبق برنامه,,,,F100,فرودگاه مهرآباد,Domestic Departure
2025-06-04 05:05:00,فلای پرشیا,FPI7440,مشهد,طبق برنامه,,,,737-700,فرودگاه مهرآباد,Domestic Departure
2025-06-04 05:05:00,ایران ایرتور,IRB930,بیرجند,طبق برنامه,,,,MD83,فرودگاه مهرآباد,Domestic Departure
2025-05-28 08:15:00,هواپیمایی اطلس,ATS8279,تهران,تاخیر - 09:00,"5, 6",,,MD83,فرودگاه مشهد,Domestic Departure
2025-05-28 08:45:00,چابهار,IRU7654,آبادان,طبق برنامه,17,,,MD83,فرودگاه مشهد,Domestic Departure
2025-05-28 08:45:00,اروان,INA6752,آبادان,طبق برنامه,20,,,B737,فرودگاه مشهد,Domestic Departure
2025-05-28 08:50:00,ماهان,IRM1090,زنجان,طبق برنامه,9,,,BAE100,فرودگاه مشهد,Domestic Departure
2025-05-28 09:20:00,کاسپین,CPN4928,نوشهر,طبق برنامه,,,,B737,فرودگاه مشهد,Domestic Departure
2025-05-28 10:00:00,کیش ایر,KIS7073,كيش,طبق برنامه,,,,MD82,فرودگاه مشهد,Domestic Departure
2025-05-28 10:30:00,کارون,KRU2555,ماهشهر,طبق برنامه,,,,B737,فرودگاه مشهد,Domestic Departure
2025-05-28 10:40:00,آتا,TBZ5699,تهران,طبق برنامه,,,,MD80,فرودگاه مشهد,Domestic Departure
2025-05-28 11:00:00,زاگرس,IZG4148,رشت,طبق برنامه,,,,MD82,فرودگاه مشهد,Domestic Departure
2025-05-28 11:30:00,ایران ایرتور,IRB900,تبریز,طبق برنامه,,,,MD82,فرودگاه مشهد,Domestic Departure
2025-05-28 11:50:00,چابهار,IRU7641,تهران,طبق برنامه,,,,MD83,فرودگاه مشهد,Domestic Departure
2025-05-28 11:55:00,کاسپین,CPN6926,عسلویه,طبق برنامه,,,,MD83,فرودگاه مشهد,Domestic Departure
2025-05-28 12:00:00,فلای پرشیا,FPI7439,تهران,طبق برنامه,,,,B737,فرودگاه مشهد,Domestic Departure
2025-05-28 12:00:00,ایران ایرتور,IRB952,ارومیه,طبق برنامه,,,,MD82,فرودگاه مشهد,Domestic Departure
2025-05-28 12:10:00,هواپیمایی رایمون,RAI7523,تهران,طبق برنامه,,,,EMB145,فرودگاه مشهد,Domestic Departure
2025-06-04 05:20:00,ایران ایر,IRA3405,سقز,طبق برنامه,,,,F100,فرودگاه مهرآباد,Domestic Departure
2025-05-28 12:10:00,قشم ایر,QSM1208,زاهدان,طبق برنامه,,,,F100,فرودگاه مشهد,Domestic Departure
2025-06-04 05:30:00,وارش,VRH5852,اهواز,طبق برنامه,,,,B737,فرودگاه مهرآباد,Domestic Departure
2025-06-04 05:35:00,ایران ایر,IRA285,ارومیه,طبق برنامه,,,,F100,فرودگاه مهرآباد,Domestic Departure
2025-06-04 05:40:00,کارون,KRU2506,ماهشهر,طبق برنامه,,,,F100,فرودگاه مهرآباد,Domestic Departure
2025-06-04 05:45:00,وارش,VRH5918,عسلویه,طبق برنامه,,,,737-700,فرودگاه مهرآباد,Domestic Departure
2025-06-04 06:00:00,آتا,TBZ5677,ارومیه,طبق برنامه,,,,MD83,فرودگاه مهرآباد,Domestic Departure
2025-06-04 06:00:00,کارون,KRU2518,اصفهان/بهرگان,طبق برنامه,,,,F100,فرودگاه مهرآباد,Domestic Departure
2025-05-31 12:50:00,قشم,QSM1228,كيش,پروازکرد12:50,3-4,2025-05-31 12:50:00,,100,فرودگاه شيراز,Domestic Departure
2025-05-31 12:50:00,آتا,TBZ5612,تهران,پروازکرد13:05,11-12,2025-05-31 13:05:00,,MD83,فرودگاه شيراز,Domestic Departure
2025-05-31 13:55:00,کارون,KRU2503,خارگ,پروازکرد14:34,2,2025-05-31 14:34:00,,,فرودگاه شيراز,Domestic Departure
2025-05-31 16:50:00,فلای پرشیا,FPI7404,تهران,پروازکرد16:53,3-4,2025-05-31 16:53:00,,737,فرودگاه شيراز,Domestic Departure
2025-05-31 19:40:00,آتا,TBZ5624,تهران,پروازکرد20:45,11-12,2025-05-31 20:45:00,,MD83,فرودگاه شيراز,Domestic Departure
2025-05-31 21:00:00,کارون,KRU2629,تهران,پروازکرد20:55,3-4,2025-05-31 20:55:00,,100,فرودگاه شيراز,Domestic Departure
2025-05-31 22:00:00,ایران ایرتور,IRB925,مشهد,پروازکرد22:05,7-8,2025-05-31 22:05:00,,MD82,فرودگاه شيراز,Domestic Departure
2025-05-31 22:00:00,ساها,IRZ157,تهران,پروازکرد22:00,1-2,2025-05-31 22:00:00,,737,فرودگاه شيراز,Domestic Departure
2025-05-28 20:30:00,زاگرس,IZG4110,شیراز,طبق برنامه,,,,MD82,فرودگاه مشهد,Domestic Departure
2025-05-28 20:30:00,ایران ایرتور,IRB976,آبادان,طبق برنامه,,,,MD82,فرودگاه مشهد,Domestic Departure
2025-05-28 20:35:00,ماهان,IRM1076,کرمان,طبق برنامه,,,,BAE100,فرودگاه مشهد,Domestic Departure
2025-05-28 20:40:00,ایران ایر,IRA259,شیراز,طبق برنامه,,,,A319,فرودگاه مشهد,Domestic Departure
2025-05-28 21:05:00,ماهان,IRM1032,تهران,طبق برنامه,,,,BAE100,فرودگاه مشهد,Domestic Departure
2025-05-28 21:15:00,هواپیمایی اطلس,ATS8292,تهران,طبق برنامه,,,,MD83,فرودگاه مشهد,Domestic Departure
2025-05-29 21:45:00,وارش,VRH5815,تهران,پروازکرد22:12,6-7,2025-05-29 22:12:00,,737-500,فرودگاه بندرعباس,Domestic Departure
2025-05-29 23:45:00,زاگرس,IZG4051,تهران,آماده پرواز,6-7,,,,فرودگاه بندرعباس,Domestic Departure
2025-05-30 07:15:00,کارون,KRU2684,جزیره ابوموسی,طبق برنامه,,,,100,فرودگاه بندرعباس,Domestic Departure
2025-05-30 08:50:00,آسمان,IRC646,رشت,باطل شد,,,,A320,فرودگاه بندرعباس,Domestic Departure
2025-05-30 10:15:00,کارون,KRU2630,اهواز,طبق برنامه,,,,100,فرودگاه بندرعباس,Domestic Departure
2025-05-30 11:45:00,کیش ایر,KIS7088,تهران,طبق برنامه,,,,MD80,فرودگاه بندرعباس,Domestic Departure
2025-05-30 14:00:00,ایران ایر,IRA3361,كيش,طبق برنامه,,,,ATR,فرودگاه بندرعباس,Domestic Departure
2025-05-30 14:25:00,سپهران,SHI4322,مشهد,طبق برنامه,,,,737,فرودگاه بندرعباس,Domestic Departure
2025-05-30 14:35:00,آسمان,IRC645,تهران,باطل شد,,,,A320,فرودگاه بندرعباس,Domestic Departure
2025-05-30 17:00:00,ایران ایر,IRA3493,یزد,طبق برنامه,,,,ATR,فرودگاه بندرعباس,Domestic Departure
2025-05-29 17:15:00,ایران ایر,IRA1552,جده,پروازکرد17:04,17:04,,A300-600,2025-05-31,فرودگاه بندرعباس,International Departure
2025-05-29 18:30:00,فلای دبی,FDB244,دبی,پروازکرد18:30,18:30,,737,2025-05-31,فرودگاه بندرعباس,International Departure
2025-05-30 14:15:00,ایران ایر,IRA1678,جده,طبق برنامه,,,A300-600,2025-05-31,فرودگاه بندرعباس,International Departure
2025-05-29 13:30:00,ماهان,IRM4594,كيش,پروازکرد13:28,3-4,2025-05-29 13:28:00,,BAE146,فرودگاه کرمان,Domestic Departure
2025-05-29 18:15:00,ماهان,IRM1077,مشهد,پروازکرد18:12,3-4,2025-05-29 18:12:00,,BAE146,فرودگاه کرمان,Domestic Departure
2025-05-29 18:30:00,آتا,TBZ5665,تهران,پروازکرد18:23,1-2,2025-05-29 18:23:00,,MD83,فرودگاه کرمان,Domestic Departure
2025-05-29 20:10:00,ماهان,IRM1066,تهران,پروازکرد20:20,1-5,2025-05-29 20:20:00,,B737-400,فرودگاه کرمان,Domestic Departure
2025-05-29 21:00:00,ماهان,IRM1052,تهران,پروازکرد21:35,1-2,2025-05-29 21:35:00,,BAE146,فرودگاه کرمان,Domestic Departure
2025-05-29 22:15:00,کیش ایر,KIS7162,تهران,پروازکرد22:50,3-4,2025-05-29 22:50:00,,MD83,فرودگاه کرمان,Domestic Departure
2025-05-29 23:00:00,کاسپین,CPN6911,تهران,باطل شد,,,,,فرودگاه کرمان,Domestic Departure
2025-05-30 08:00:00,ماهان,IRM1050,تهران,طبق برنامه,,,,146-100,فرودگاه کرمان,Domestic Departure
2025-05-30 13:30:00,ماهان,IRM4594,كيش,طبق برنامه,,,,BAE146,فرودگاه کرمان,Domestic Departure
2025-05-30 15:40:00,ماهان,IRM1054,تهران,طبق برنامه,,,,BAE146,فرودگاه کرمان,Domestic Departure
2025-05-30 15:10:00,فلای دبی,FDB270,دبی,طبق برنامه,,,737,2025-05-31,فرودگاه کرمان,International Departure
2025-05-29 12:00:00,کارون,KRU2546,عسلویه,پروازکرد12:30,4,2025-05-29 12:30:00,,,فرودگاه ساري,Domestic Departure
2025-05-29 12:10:00,آسمان,IRC3905,شیراز,پروازکرد11:58,1,2025-05-29 11:58:00,,,فرودگاه ساري,Domestic Departure
2025-05-29 15:00:00,وارش,VRH5803,مشهد,پروازکرد16:05,"1,4",2025-05-29 16:05:00,,,فرودگاه ساري,Domestic Departure
2025-05-30 06:00:00,وارش,VRH5805,مشهد,طبق برنامه,,,,,فرودگاه ساري,Domestic Departure
2025-05-30 12:45:00,وارش,VRH5806,كيش,طبق برنامه,,,,,فرودگاه ساري,Domestic Departure
2025-05-30 17:00:00,وارش,VRH5844,شیراز,طبق برنامه,,,,,فرودگاه ساري,Domestic Departure
2025-05-29 20:00:00,آسا جت,SJT8625,تهران,پروازکرد20:25,6,2025-05-29 20:25:00,,EMB145,فرودگاه يزد,Domestic Departure
2025-05-29 20:45:00,تابان,KIS6220,مشهد,باطل شد,,,,MD83,فرودگاه يزد,Domestic Departure
2025-05-29 22:50:00,آتا,TBZ5669,تهران,پروازکرد23:10,5-6,2025-05-29 23:10:00,,MD83,فرودگاه يزد,Domestic Departure
2025-05-29 23:55:00,کارون,KRU2609,تهران,پایان پذیرش مسافر | منتظر اعلام بعدی,7,,,100,فرودگاه يزد,Domestic Departure
2025-05-30 07:45:00,تابان,TBN6220,مشهد,طبق برنامه,,,,MD80,فرودگاه يزد,Domestic Departure
2025-05-30 13:15:00,یزد ایر,DZD9306,نجف,طبق برنامه,,,A310,2025-05-31,فرودگاه يزد,International Departure
2025-05-29 15:00:00,ایران ایرتور,IRB953,مشهد,پروازکرد16:20,1,2025-05-29 16:20:00,ATR-6650,BARON,فرودگاه اروميه,Domestic Departure
2025-05-29 16:00:00,ایران ایرتور,IRB981,تهران,پروازکرد16:15,2,2025-05-29 16:15:00,,,فرودگاه اروميه,Domestic Departure
2025-05-29 19:25:00,آسمان,IRC3855,تهران,باطل شد,,,,,فرودگاه اروميه,Domestic Departure
2025-05-29 19:55:00,کارون,KRU2661,تهران,پروازکرد20:00,3-4,2025-05-29 20:00:00,,,فرودگاه اروميه,Domestic Departure
2025-05-30 08:00:00,آتا,TBZ5678,تهران,طبق برنامه,,,,,فرودگاه اروميه,Domestic Departure
2025-05-29 17:35:00,ایران ایر,IRA1556,جده,پروازکرد17:15,17:15,,,2025-05-31,فرودگاه اروميه,International Departure
2025-05-30 04:35:00,ایران ایر,IRA1680,جده,طبق برنامه,,,,2025-05-31,فرودگاه اروميه,International Departure
2025-05-29 14:45:00,قشم,QSM1290,تهران,پروازکرد14:48,5-6,2025-05-29 14:48:00,,,فرودگاه کرمانشاه,Domestic Departure
2025-05-30 17:30:00,آساجت,SJT8635,تهران,طبق برنامه,,,,,فرودگاه رشت,Domestic Departure
2025-05-29 22:45:00,عراقی,IAW1198,بغداد,پروازکرد22:39,22:39,,,2025-05-31,فرودگاه رشت,International Departure
2025-05-30 08:45:00,عراقی,IAW2000,بغداد,طبق برنامه,,,,2025-05-31,فرودگاه رشت,International Departure
2025-05-30 09:15:00,عراقی,IAW200,بغداد,طبق برنامه,,,,2025-05-31,فرودگاه رشت,International Departure
2025-05-30 13:45:00,عراقی,IAW198,بغداد,طبق برنامه,,,,2025-05-31,فرودگاه رشت,International Departure
2025-05-29 23:00:00,چابهار ایر,IRU7613,تهران,پروازکرد23:00,2,2025-05-29 23:00:00,,MD82,فرودگاه زاهدان,Domestic Departure
2025-05-29 23:40:00,کاسپین,CPN6987,تهران,تاخیردارد02:05 | زمان جدید02:05,,,,,فرودگاه زاهدان,Domestic Departure
2025-05-31 22:30:00,زاگرس,IZG4011,تهران,پروازکرد22:45,11-12,2025-05-31 22:45:00,,MD82,فرودگاه شيراز,Domestic Departure
2025-05-31 23:15:00,زاگرس,IZG4111,مشهد,پروازکرد23:15,14-15,2025-05-31 23:15:00,,MD82,فرودگاه شيراز,Domestic Departure
2025-06-01 00:45:00,کیش ایر,KIS7150,تهران,تاخیردارد01:15 | پذیرش مسافر,3-4,,,MD82,فرودگاه شيراز,Domestic Departure
2025-06-04 06:05:00,آتا,TBZ5619,مشهد,طبق برنامه,,,,MD83,فرودگاه مهرآباد,Domestic Departure
2025-06-01 01:45:00,کیش ایر,KIS7161,كيش,طبق برنامه,,,,MD83,فرودگاه شيراز,Domestic Departure
2025-06-01 06:45:00,ساها,IRZ159,تهران,طبق برنامه,,,,737,فرودگاه شيراز,Domestic Departure
2025-06-01 07:00:00,کاسپین,CPN6948,عسلویه,طبق برنامه,,,,MD82,فرودگاه شيراز,Domestic Departure
2025-06-01 07:25:00,چابهار,IRU7647,تهران,طبق برنامه,,,,MD83,فرودگاه شيراز,Domestic Departure
2025-06-01 08:40:00,فلای پرشیا,FPI7422,عسلویه,طبق برنامه,,,,737,فرودگاه شيراز,Domestic Departure
2025-06-01 09:45:00,کیش ایر,KIS7177,عسلویه,طبق برنامه,,,,MD83,فرودگاه شيراز,Domestic Departure
2025-06-01 10:15:00,کاسپین,CPN049,تهران,طبق برنامه,,,,MD83,فرودگاه شيراز,Domestic Departure
2025-06-01 11:10:00,آتا,TBZ5612,تهران,طبق برنامه,,,,MD83,فرودگاه شيراز,Domestic Departure
2025-05-28 21:30:00,تابان,TBN6325,تهران,طبق برنامه,,,,MD.88,فرودگاه مشهد,Domestic Departure
2025-05-28 21:30:00,آتا,TBZ5647,آبادان,طبق برنامه,,,,MD80,فرودگاه مشهد,Domestic Departure
2025-05-28 22:15:00,وارش,VRH5841,تهران,طبق برنامه,,,,B737,فرودگاه مشهد,Domestic Departure
2025-05-28 23:00:00,وارش,VRH5804,ساری,طبق برنامه,,,,B737,فرودگاه مشهد,Domestic Departure
2025-05-28 23:00:00,تابان,TBN6217,آبادان,طبق برنامه,,,,MD.88,فرودگاه مشهد,Domestic Departure
2025-05-28 23:40:00,کاسپین,CPN025,تهران,طبق برنامه,,,,MD82,فرودگاه مشهد,Domestic Departure
2025-05-28 23:45:00,هواپیمایی اطلس,ATS8289,تهران,طبق برنامه,,,,B737,فرودگاه مشهد,Domestic Departure
2025-05-28 23:45:00,هواپیمایی اطلس,ATS8283,تهران,طبق برنامه,,,,RJ85,فرودگاه مشهد,Domestic Departure
2025-05-28 23:45:00,سپهران,SHI4346,آبادان,طبق برنامه,,,,B737,فرودگاه مشهد,Domestic Departure
2025-05-28 23:55:00,ایران ایر,IRA261,تهران,طبق برنامه,,,,A319,فرودگاه مشهد,Domestic Departure
2025-05-28 23:59:00,هواپیمایی پارس,PRS4455,تهران,طبق برنامه,,,,B737,فرودگاه مشهد,Domestic Departure
2025-05-28 19:30:00,سپهران,SHI7350,نجف,پرواز كرد,1404-03-07 19:48,,B737,۷ خرداد ۱۴۰۴,فرودگاه مشهد,International Departure
2025-05-30 07:10:00,آسمان,IRC819,شیراز,طبق برنامه,,,,,فرودگاه زاهدان,Domestic Departure
2025-05-30 07:40:00,کیش ایر,KIS7070,تهران,طبق برنامه,,,,,فرودگاه زاهدان,Domestic Departure
2025-05-30 08:15:00,ایران ایر,IRA382A,چابهار,طبق برنامه,,,,,فرودگاه زاهدان,Domestic Departure
2025-05-30 08:40:00,کاسپین,CPN6923,مشهد,طبق برنامه,,,,,فرودگاه زاهدان,Domestic Departure
2025-05-30 11:05:00,آسمان,IRC852,مشهد,طبق برنامه,,,,,فرودگاه زاهدان,Domestic Departure
2025-05-30 11:50:00,ایران ایر,IRA383A,تهران,طبق برنامه,,,,,فرودگاه زاهدان,Domestic Departure
2025-05-30 13:30:00,کاسپین,CPN6987,تهران,طبق برنامه,,,,,فرودگاه زاهدان,Domestic Departure
2025-05-29 21:00:00,پارس,PRS4457,مشهد,پروازکرد22:50,5,2025-05-29 22:50:00,,737,فرودگاه آبادان,Domestic Departure
2025-05-29 21:35:00,آوا ایر,AVA7711,مشهد,پروازکرد22:10,2,2025-05-29 22:10:00,,737,فرودگاه آبادان,Domestic Departure
2025-05-29 21:40:00,آتا,TBZ5713,تهران,پروازکرد22:20,3,2025-05-29 22:20:00,,MD83,فرودگاه آبادان,Domestic Departure
2025-05-29 23:10:00,ایران ایر,IRA264,تهران,پروازکرد23:53,6,2025-05-29 23:53:00,,,فرودگاه آبادان,Domestic Departure
2025-05-29 23:15:00,سپهران,SHI4367,مشهد,پروازکرد23:45,2,2025-05-29 23:45:00,,737,فرودگاه آبادان,Domestic Departure
2025-05-29 23:30:00,ایران ایرتور,IRB977,مشهد,پروازکرد23:47,4,2025-05-29 23:47:00,,,فرودگاه آبادان,Domestic Departure
2025-05-29 23:40:00,آسمان,IRC861,تهران,باطل شد,,,,,فرودگاه آبادان,Domestic Departure
2025-05-30 00:10:00,آسمان,IRC3821,شیراز,ورود به سالن بازرسی | پایان پذیرش مسافر,5,,,100,فرودگاه آبادان,Domestic Departure
2025-05-30 00:30:00,آتا,TBZ5648,مشهد,ورود به سالن بازرسی | پذیرش مسافر,3,,,MD82,فرودگاه آبادان,Domestic Departure
2025-05-30 02:00:00,تابان,TBN6218,مشهد,طبق برنامه,,,,MD83,فرودگاه آبادان,Domestic Departure
2025-05-30 03:00:00,سپهران,SHI4347,مشهد,طبق برنامه,,,,737,فرودگاه آبادان,Domestic Departure
2025-05-30 09:30:00,پارس,PRS4452,رشت,طبق برنامه,,,,,فرودگاه آبادان,Domestic Departure
2025-05-30 09:30:00,آساجت,SJT8648,اصفهان,طبق برنامه,,,,,فرودگاه آبادان,Domestic Departure
2025-05-30 10:30:00,آتا,TBZ5734,مشهد,طبق برنامه,,,,MD82,فرودگاه آبادان,Domestic Departure
2025-05-30 11:35:00,ایر وان,INA6753,مشهد,طبق برنامه,,,,,فرودگاه آبادان,Domestic Departure
2025-05-30 13:00:00,آساجت,SJT8619,تهران,طبق برنامه,,,,EMB145,فرودگاه آبادان,Domestic Departure
2025-05-29 23:50:00,آسمان,IRC631,تهران,ورود به سالن بازرسی | پایان پذیرش مسافر,7,,,100,فرودگاه گرگان,Domestic Departure
2025-05-30 12:20:00,یزد ایر,DZD9412,تهران,باطل شد,,,,CRJ200,فرودگاه گرگان,Domestic Departure
2025-05-25 21:30:00,آتا,TBZ5647,آبادان,باطل شد,,,,MD80,فرودگاه مشهد,Domestic Departure
2025-05-30 17:30:00,پويا,PYA2338,مشهد,طبق برنامه,,,,EMB145,فرودگاه گرگان,Domestic Departure
2025-05-29 18:30:00,ایران ایر,IRA1560,جده,پروازکرد18:32,18:32,,,$mDate,فرودگاه همدان,International Departure
2025-05-30 05:30:00,ایران ایر,IRA1684,جده,طبق برنامه,,,,$mDate,فرودگاه همدان,International Departure
2025-05-29 18:05:00,ماهان,IRM1099,مشهد,پروازکرد18:16,2-3,2025-05-29 18:16:00,,146-100,فرودگاه اردبيل,Domestic Departure
2025-05-29 20:20:00,ماهان,IRM1027,تهران,پروازکرد20:42,2-3,2025-05-29 20:42:00,,RJ100,فرودگاه اردبيل,Domestic Departure
2025-05-30 10:05:00,ماهان,IRM4537,تهران,طبق برنامه,,,,RJ100,فرودگاه اردبيل,Domestic Departure
2025-05-25 23:15:00,معراج,MRJ2805,تهران,طبق برنامه,,,,A321,فرودگاه مشهد,Domestic Departure
2025-05-30 17:00:00,ایران ایر,IRA496,تهران,طبق برنامه,,,,100,فرودگاه اردبيل,Domestic Departure
2025-05-30 07:00:00,زاگرس,IZG4105,مشهد,طبق برنامه,,,,,فرودگاه ايلام,Domestic Departure
2025-05-30 09:20:00,قشم,QSM1287,تهران,طبق برنامه,,,,,فرودگاه ايلام,Domestic Departure
2025-05-29 12:15:00,فلای دبی,FDB268,دبی,پروازکرد12:20,12:20,,737,2025-05-31,فرودگاه لارستان,International Departure
2025-05-30 10:15:00,العربیه,ABY218,شارجه,طبق برنامه,,,A321,2025-05-31,فرودگاه لارستان,International Departure
2025-06-04 06:05:00,یزد ایر,DZD9419,یزد,طبق برنامه,,,,146-200,فرودگاه مهرآباد,Domestic Departure
2025-06-04 06:10:00,کاسپین,CPN048,شیراز,طبق برنامه,,,,MD83,فرودگاه مهرآباد,Domestic Departure
2025-06-04 06:10:00,چابهار,IRU7624,آبادان,طبق برنامه,,,,MD83,فرودگاه مهرآباد,Domestic Departure
2025-05-31 11:30:00,ایران ایرتور,IRB951,مشهد,پروازکرد11:50,12-13,2025-05-31 11:50:00,,MDC-DC-9-82,فرودگاه تبريز,Domestic Departure
2025-05-31 12:55:00,قشم,QSM1272,تهران,پروازکرد13:15,4-5,2025-05-31 13:15:00,,100,فرودگاه تبريز,Domestic Departure
2025-05-31 14:35:00,کاسپین,CPN6946,عسلویه,پروازکرد15:15,4-5,2025-05-31 15:15:00,,737,فرودگاه تبريز,Domestic Departure
2025-05-31 16:00:00,پويا,PYA2331,تهران,پروازکرد16:40,4,2025-05-31 16:40:00,,EMB145,فرودگاه تبريز,Domestic Departure
2025-05-31 16:00:00,آتا,TBZ5645,تهران,پروازکرد17:05,8-9,2025-05-31 17:05:00,,MD83,فرودگاه تبريز,Domestic Departure
2025-05-28 23:05:00,العربیه,ABY208,شارجه,پایان پذیرش مسافر | منتظر اعلام باشید,,,A321,۷ خرداد ۱۴۰۴,فرودگاه مشهد,International Departure
2025-05-28 01:50:00,ترکیش,THY889,استانبول,دريافت كارت پرواز,,,A320,۸ خرداد ۱۴۰۴,فرودگاه مشهد,International Departure
2025-05-28 05:00:00,سپهران,SHI7346,بغداد,طبق برنامه,,,B737,۸ خرداد ۱۴۰۴,فرودگاه مشهد,International Departure
2025-05-28 05:00:00,ایران ایرتور,IRB9793,کابل,طبق برنامه,,,MD82,۸ خرداد ۱۴۰۴,فرودگاه مشهد,International Departure
2025-05-28 05:15:00,سپهران,SHI7304,بغداد,طبق برنامه,,,B737,۸ خرداد ۱۴۰۴,فرودگاه مشهد,International Departure
2025-05-28 05:15:00,تابان,TBN7263,نجف,طبق برنامه,,,A320,۸ خرداد ۱۴۰۴,فرودگاه مشهد,International Departure
2025-05-28 05:45:00,سپهران,SHI7310,نجف,طبق برنامه,,,B737,۸ خرداد ۱۴۰۴,فرودگاه مشهد,International Departure
2025-05-28 06:00:00,هواپیمایی پارس,PRS5490,نجف,طبق برنامه,,,B737,۸ خرداد ۱۴۰۴,فرودگاه مشهد,International Departure
2025-05-28 06:30:00,سپهران,SHI7300,نجف,طبق برنامه,,,B737,۸ خرداد ۱۴۰۴,فرودگاه مشهد,International Departure
2025-05-28 07:00:00,آوا,AXV9204,نجف,طبق برنامه,,,B737,۸ خرداد ۱۴۰۴,فرودگاه مشهد,International Departure
2025-05-28 07:00:00,معراج,MRJ4821,نجف,طبق برنامه,,,A320,۸ خرداد ۱۴۰۴,فرودگاه مشهد,International Departure
2025-05-28 08:50:00,کام ایر,KMF7702,کابل,طبق برنامه,,,B737,۸ خرداد ۱۴۰۴,فرودگاه مشهد,International Departure
2025-05-28 10:30:00,عراقی,IAW162,بغداد,طبق برنامه,,,B737,۸ خرداد ۱۴۰۴,فرودگاه مشهد,International Departure
2025-05-28 11:00:00,آریانا افغان,AFG718,هرات,طبق برنامه,,,A310,۸ خرداد ۱۴۰۴,فرودگاه مشهد,International Departure
2025-05-30 11:55:00,فلای دبی,FDB268,دبی,طبق برنامه,,,737,2025-05-31,فرودگاه لارستان,International Departure
2025-05-29 21:00:00,کاسپین,CPN6941,مشهد,پروازکرد21:00,"1,4",2025-05-29 21:00:00,,,فرودگاه خرم آباد,Domestic Departure
2025-05-30 11:55:00,ماهان,IRM1091,مشهد,طبق برنامه,,,,146-100,فرودگاه زنجان,Domestic Departure
2025-05-31 16:30:00,ایران ایرتور,IRB901,مشهد,باطل شد,,,,MDC-DC-9-82,فرودگاه تبريز,Domestic Departure
2025-05-31 17:30:00,آتا,TBZ5639,تهران,پروازکرد19:15,8-9,2025-05-31 19:15:00,,MD83,فرودگاه تبريز,Domestic Departure
2025-05-31 18:00:00,ایران ایرتور,IRB947,تهران,پروازکرد19:25,13-14,2025-05-31 19:25:00,,MD83,فرودگاه تبريز,Domestic Departure
2025-05-31 19:00:00,ایران ایرتور,IRB910,شیراز,پروازکرد19:05,11-12,2025-05-31 19:05:00,,MD83,فرودگاه تبريز,Domestic Departure
2025-05-31 19:00:00,آتا,TBZ5667,تهران,پروازکرد21:55,8-9,2025-05-31 21:55:00,,MD83,فرودگاه تبريز,Domestic Departure
2025-06-04 06:15:00,ماهان,IRM1033,مشهد,طبق برنامه,,,,146-200,فرودگاه مهرآباد,Domestic Departure
2025-06-01 08:00:00,آتا,TBZ5609,تهران,طبق برنامه,,,,MD83,فرودگاه تبريز,Domestic Departure
2025-06-01 08:40:00,کارون,KRU2656,اهواز,طبق برنامه,,,,737,فرودگاه تبريز,Domestic Departure
2025-06-01 09:15:00,ایران ایرتور,IRB906,بندرعباس,طبق برنامه,,,,MDC-DC-9-82,فرودگاه تبريز,Domestic Departure
2025-06-04 06:20:00,کیش ایر,KIS7055,كيش,طبق برنامه,,,,MD83,فرودگاه مهرآباد,Domestic Departure
2025-06-01 10:50:00,ایران ایرتور,IRB972,كيش,طبق برنامه,,,,MDC-DC-9-82,فرودگاه تبريز,Domestic Departure
2025-06-04 06:25:00,چابهار,IRU7660,مشهد,طبق برنامه,,,,MD83,فرودگاه مهرآباد,Domestic Departure
2025-06-04 06:30:00,قشم ایر,QSM1210,اهواز,طبق برنامه,,,,F100,فرودگاه مهرآباد,Domestic Departure
2025-06-04 06:40:00,اروان,INA6750,مشهد,طبق برنامه,,,,737-700,فرودگاه مهرآباد,Domestic Departure
2025-06-04 06:40:00,کاسپین,CPN014,عسلویه,طبق برنامه,,,,MD83,فرودگاه مهرآباد,Domestic Departure
2025-06-04 06:50:00,اطلس ایر,ATS8293,چابهار,طبق برنامه,,,,737-700,فرودگاه مهرآباد,Domestic Departure
2025-06-04 06:50:00,قشم ایر,QSM1291,کرمانشاه,طبق برنامه,,,,F100,فرودگاه مهرآباد,Domestic Departure
2025-06-04 06:55:00,ماهان,IRM1010,کرمانشاه,طبق برنامه,,,,146-200,فرودگاه مهرآباد,Domestic Departure
2025-05-31 11:40:00,کارون,KRU2523,سیری,پروازکرد11:55,6,2025-05-31 11:55:00,,100,فرودگاه اصفهان,Domestic Departure
2025-05-31 14:05:00,ایران ایر,IRA3311,تهران,پروازکرد14:00,11,2025-05-31 14:00:00,,ATR,فرودگاه اصفهان,Domestic Departure
2025-05-31 17:20:00,رایمون,RAI7513,تهران,پروازکرد17:10,14,2025-05-31 17:10:00,,EMB145,فرودگاه اصفهان,Domestic Departure
2025-05-31 18:30:00,آتا,TBZ5676,مشهد,پروازکرد18:40,14-15,2025-05-31 18:40:00,,MD80,فرودگاه اصفهان,Domestic Departure
2025-05-31 20:00:00,ایران ایر,IRA253,تهران,پروازکرد20:10,11-12,2025-05-31 20:10:00,,A319,فرودگاه اصفهان,Domestic Departure
2025-05-31 20:20:00,آسمان,IRC3909,تهران,پروازکرد22:55,2-3,2025-05-31 22:55:00,,100,فرودگاه اصفهان,Domestic Departure
2025-05-31 22:50:00,یزد ایر,DZD9438,تهران,پروازکرد23:15,,2025-05-31 23:15:00,,RJ100,فرودگاه اصفهان,Domestic Departure
2025-05-31 23:05:00,کارون,KRU2622,اهواز,پایان پذیرش مسافر | در حال سوار شدن,1-2,,,100,فرودگاه اصفهان,Domestic Departure
2025-06-01 08:00:00,آتا,TBZ5649,مشهد,طبق برنامه,,,,MD83,فرودگاه اصفهان,Domestic Departure
2025-06-04 07:00:00,ایران ایر,IRA252,اصفهان,طبق برنامه,,,,F100,فرودگاه مهرآباد,Domestic Departure
2025-06-01 10:10:00,ساها,IRZ199,مشهد,باطل شد,,,,B737-400,فرودگاه اصفهان,Domestic Departure
2025-06-01 10:15:00,کیش ایر,KIS7138,بندرعباس,طبق برنامه,,,,MD83,فرودگاه اصفهان,Domestic Departure
2025-06-01 10:25:00,کارون,KRU2569,لاوان,طبق برنامه,,,,100,فرودگاه اصفهان,Domestic Departure
2025-06-04 07:05:00,قشم ایر,QSM1238,خارگ,طبق برنامه,,,,F100,فرودگاه مهرآباد,Domestic Departure
2025-06-04 07:05:00,طوس ایر,IRT8183,بندرعباس,طبق برنامه,,,,EMB145,فرودگاه مهرآباد,Domestic Departure
2025-06-04 07:10:00,آتا,TBZ5635,اهواز,طبق برنامه,,,,MD83,فرودگاه مهرآباد,Domestic Departure
2025-06-04 07:10:00,ساها,IRZ160,لاوان,طبق برنامه,,,,737-700,فرودگاه مهرآباد,Domestic Departure
2025-05-31 19:00:00,کارون,KRU2615,تهران,پروازکرد19:26,10,2025-05-31 19:26:00,,,فرودگاه اهواز,Domestic Departure
2025-05-31 19:00:00,زاگرس,IZG4021,تهران,پروازکرد19:20,4,2025-05-31 19:20:00,,,فرودگاه اهواز,Domestic Departure
2025-05-31 19:30:00,زاگرس,IZG4121,مشهد,پروازکرد19:39,2,2025-05-31 19:39:00,,,فرودگاه اهواز,Domestic Departure
2025-05-31 20:30:00,کیش ایر,KIS7030,تهران,پروازکرد21:17,10,2025-05-31 21:17:00,,,فرودگاه اهواز,Domestic Departure
2025-05-31 21:30:00,کارون,KRU2623,اصفهان,پروازکرد22:29,10,2025-05-31 22:29:00,,,فرودگاه اهواز,Domestic Departure
2025-05-31 21:30:00,سپهران,SHI4339,مشهد,پروازکرد21:35,8,2025-05-31 21:35:00,,,فرودگاه اهواز,Domestic Departure
2025-05-31 21:30:00,ایران ایرتور,IRB989,تهران,پروازکرد21:47,5-6,2025-05-31 21:47:00,,,فرودگاه اهواز,Domestic Departure
2025-05-31 23:30:00,ایران ایرتور,IRB955,مشهد,آماده پرواز,5-6,,,,فرودگاه اهواز,Domestic Departure
2025-05-31 23:50:00,آتا,TBZ5642,مشهد,آماده پرواز,4,,,,فرودگاه اهواز,Domestic Departure
2025-05-28 11:20:00,سپهران,SHI7356,دبی,طبق برنامه,,,B737,۸ خرداد ۱۴۰۴,فرودگاه مشهد,International Departure
2025-05-28 11:40:00,آوا,AXV9220,بغداد,طبق برنامه,,,B737,۸ خرداد ۱۴۰۴,فرودگاه مشهد,International Departure
2025-05-28 12:50:00,کاسپین,CPN7906,نجف,طبق برنامه,,,B737,۸ خرداد ۱۴۰۴,فرودگاه مشهد,International Departure
2025-05-28 12:55:00,زاگرس,IZG3040,نجف,طبق برنامه,,,A319,۸ خرداد ۱۴۰۴,فرودگاه مشهد,International Departure
2025-05-28 14:25:00,العربیه,ABY206,شارجه,طبق برنامه,,,B737,۸ خرداد ۱۴۰۴,فرودگاه مشهد,International Departure
2025-05-28 14:40:00,آوا,AXV9212,نجف,طبق برنامه,,,A310,۸ خرداد ۱۴۰۴,فرودگاه مشهد,International Departure
2025-05-28 14:45:00,جزیره,JZR152,کویت,طبق برنامه,,,A320,۸ خرداد ۱۴۰۴,فرودگاه مشهد,International Departure
2025-05-31 23:50:00,آتا,TBZ5628,تهران,تاخیردارد00:40 | پذیرش مسافر,1,,,,فرودگاه اهواز,Domestic Departure
2025-05-31 23:50:00,اطلس,ATS8281,تهران,آماده پرواز,10,,,,فرودگاه اهواز,Domestic Departure
2025-06-01 00:35:00,چابهار ایر,IRU7643,تهران,پذیرش مسافر,2,,,,فرودگاه اهواز,Domestic Departure
2025-06-01 06:00:00,کارون,KRU2657,تبریز,طبق برنامه,,,,,فرودگاه اهواز,Domestic Departure
2025-06-04 07:15:00,کاسپین,CPN026,مشهد,طبق برنامه,,,,MD83,فرودگاه مهرآباد,Domestic Departure
2025-06-01 07:00:00,آتا,TBZ5626,تهران,طبق برنامه,,,,,فرودگاه اهواز,Domestic Departure
2025-06-01 07:00:00,کارون,KRU2573,عسلویه,طبق برنامه,,,,,فرودگاه اهواز,Domestic Departure
2025-06-01 07:00:00,کارون,KRU2551,خارک,طبق برنامه,,,,,فرودگاه اهواز,Domestic Departure
2025-06-04 07:15:00,کارون,KRU2584,عسلویه,طبق برنامه,,,,F100,فرودگاه مهرآباد,Domestic Departure
2025-06-01 11:00:00,آتا,TBZ5632,تهران,طبق برنامه,,,,,فرودگاه اهواز,Domestic Departure
2025-06-04 07:20:00,آساجت,SJT8634,رشت,طبق برنامه,,,,EMB145,فرودگاه مهرآباد,Domestic Departure
2025-06-01 11:30:00,قشم,QSM1211,تهران,طبق برنامه,,,,,فرودگاه اهواز,Domestic Departure
2025-06-01 14:00:00,آتا,TBZ5628,تهران,طبق برنامه,,,,,فرودگاه اهواز,Domestic Departure
2025-06-04 07:20:00,قشم ایر,QSM1270,زاهدان,طبق برنامه,,,,F100,فرودگاه مهرآباد,Domestic Departure
2025-06-04 07:25:00,آسمان,IRC600,مشهد,طبق برنامه,,,,F100,فرودگاه مهرآباد,Domestic Departure
2025-05-31 14:30:00,ایران ایرتور,IRB971,تهران,پروازکرد14:32,3-5,2025-05-31 14:32:00,,,فرودگاه بوشهر,Domestic Departure
2025-05-31 22:50:00,ساها,IRZ173,تهران,باطل شد,,,,,فرودگاه بوشهر,Domestic Departure
2025-05-31 23:30:00,کاسپین,CPN6901,تهران,پایان پذیرش مسافر,6-8,,,,فرودگاه بوشهر,Domestic Departure
2025-06-01 08:10:00,چابهار,IRU7629,تهران,طبق برنامه,,,,,فرودگاه بوشهر,Domestic Departure
2025-06-04 07:30:00,زاگرس,IZG4042,مشهد,طبق برنامه,,,,MD83,فرودگاه مهرآباد,Domestic Departure
2025-06-01 09:00:00,ایران ایرتور,IRB983,مشهد,طبق برنامه,,,,,فرودگاه بوشهر,Domestic Departure
2025-06-01 09:15:00,کارون,KRU2549,خارگ,طبق برنامه,,,,,فرودگاه بوشهر,Domestic Departure
2025-05-31 11:40:00,آوا ایر,AXV7715,تهران,پروازکرد13:59,1-3,2025-05-31 13:59:00,,,فرودگاه بندرعباس,Domestic Departure
2025-05-31 12:40:00,پويا,PYA2349,تهران,پروازکرد12:47,5,2025-05-31 12:47:00,,EMB145,فرودگاه بندرعباس,Domestic Departure
2025-05-31 18:45:00,کاسپین,CPN6955,مشهد,پروازکرد19:02,2-3,2025-05-31 19:02:00,,,فرودگاه بندرعباس,Domestic Departure
2025-05-31 21:45:00,وارش,VRH5815,تهران,پروازکرد22:00,6-7,2025-05-31 22:00:00,,737-500,فرودگاه بندرعباس,Domestic Departure
2025-05-31 23:40:00,ایران ایر,IRA459,تهران,پروازکرد23:46,8-9,2025-05-31 23:46:00,,100,فرودگاه بندرعباس,Domestic Departure
2025-05-31 23:45:00,زاگرس,IZG4051,تهران,در حال سوار شدن,6-7,,,,فرودگاه بندرعباس,Domestic Departure
2025-05-31 23:50:00,کاسپین,CPN6961,تهران,در حال سوار شدن,1-3,,,,فرودگاه بندرعباس,Domestic Departure
2025-06-01 08:55:00,آسمان,IRC646,رشت,طبق برنامه,,,,A320,فرودگاه بندرعباس,Domestic Departure
2025-06-04 07:30:00,ایران ایرتور,IRB916,كيش,طبق برنامه,,,,MD83,فرودگاه مهرآباد,Domestic Departure
2025-06-04 07:35:00,پويا,PYA2323,رشت,طبق برنامه,,,,EMB145,فرودگاه مهرآباد,Domestic Departure
2025-06-04 07:40:00,وارش,VRH5818,مشهد,طبق برنامه,,,,B737,فرودگاه مهرآباد,Domestic Departure
2025-06-04 08:00:00,ماهان,IRM4536,اردبیل,طبق برنامه,,,,146-200,فرودگاه مهرآباد,Domestic Departure
2025-05-31 13:05:00,ماهان,IRM1054,تهران,پروازکرد13:07,1-5,2025-05-31 13:07:00,,B737-400,فرودگاه کرمان,Domestic Departure
2025-05-31 19:00:00,آتا,TBZ5665,تهران,پروازکرد19:07,,2025-05-31 19:07:00,,MD83,فرودگاه کرمان,Domestic Departure
2025-05-31 19:20:00,آتا,TBZ5728,مشهد,پروازکرد20:15,5-6,2025-05-31 20:15:00,,,فرودگاه کرمان,Domestic Departure
2025-05-31 20:10:00,ماهان,IRM1066,تهران,پروازکرد20:25,1-4,2025-05-31 20:25:00,,747-400,فرودگاه کرمان,Domestic Departure
2025-05-31 21:00:00,ماهان,IRM1052,تهران,باطل شد,,,,BAE146,فرودگاه کرمان,Domestic Departure
2025-05-31 21:45:00,ماهان,IRM1074,تهران,پروازکرد21:40,1-2,2025-05-31 21:40:00,,BAE146,فرودگاه کرمان,Domestic Departure
2025-05-31 23:00:00,کاسپین,CPN6911,تهران,باطل شد,,,,,فرودگاه کرمان,Domestic Departure
2025-06-01 08:00:00,ماهان,IRM1059,مشهد,طبق برنامه,,,,BAE146,فرودگاه کرمان,Domestic Departure
2025-06-01 08:15:00,ایران ایر,IRA473,تهران,طبق برنامه,,,,f100,فرودگاه کرمان,Domestic Departure
2025-06-04 08:05:00,آتا,TBZ5602,تبریز,طبق برنامه,,,,MD83,فرودگاه مهرآباد,Domestic Departure
2025-06-01 11:45:00,ماهان,IRM1054,تهران,طبق برنامه,,,,BAE146,فرودگاه کرمان,Domestic Departure
2025-05-31 21:30:00,وارش,VRH5803,مشهد,پروازکرد22:05,"1,4",2025-05-31 22:05:00,,,فرودگاه ساري,Domestic Departure
2025-05-31 22:50:00,ایران ایر,IRA3321,تهران,پروازکرد22:45,2,2025-05-31 22:45:00,,,فرودگاه ساري,Domestic Departure
2025-06-01 06:30:00,وارش,VRH5805,مشهد,طبق برنامه,,,,,فرودگاه ساري,Domestic Departure
2025-06-04 08:10:00,ماهان,IRM1051,کرمان,طبق برنامه,,,,146-200,فرودگاه مهرآباد,Domestic Departure
2025-06-04 08:15:00,یزد ایر,DZD6893,بجنورد,طبق برنامه,,,,146-200,فرودگاه مهرآباد,Domestic Departure
2025-05-31 12:50:00,یزد ایر,DZD9418,تهران,پروازکرد13:30,2-3,2025-05-31 13:30:00,,146-100,فرودگاه يزد,Domestic Departure
2025-05-31 20:20:00,یزد ایر,DZD9442,تهران,پروازکرد20:20,3,2025-05-31 20:20:00,,146-100,فرودگاه يزد,Domestic Departure
2025-05-31 23:10:00,کارون,KRU2609,تهران,پروازکرد23:20,"5,7",2025-05-31 23:20:00,,100,فرودگاه يزد,Domestic Departure
2025-05-31 23:20:00,آتا,TBZ5669,تهران,پروازکرد23:35,6,2025-05-31 23:35:00,,MD83,فرودگاه يزد,Domestic Departure
2025-06-01 05:30:00,یزد ایر,DZD9440,تهران,طبق برنامه,,,,146-100,فرودگاه يزد,Domestic Departure
2025-06-01 07:30:00,پويا,PYA2315,تهران,طبق برنامه,,,,EMB145,فرودگاه يزد,Domestic Departure
2025-06-04 08:20:00,یزد ایر,DZD9431,شیراز,طبق برنامه,,,,146-200,فرودگاه مهرآباد,Domestic Departure
2025-05-31 16:00:00,ماهان,IRM1003,تهران,پروازکرد16:12,5-6,2025-05-31 16:12:00,,,فرودگاه اروميه,Domestic Departure
2025-05-31 18:40:00,ایران ایر,IRA276,تهران,پروازکرد18:45,1-2,2025-05-31 18:45:00,,,فرودگاه اروميه,Domestic Departure
2025-05-28 15:45:00,معراج,MRJ4801,نجف,طبق برنامه,,,A320,۸ خرداد ۱۴۰۴,فرودگاه مشهد,International Departure
2025-05-28 16:10:00,ایران ایر,IRA689,دمام,طبق برنامه,,,A319,۸ خرداد ۱۴۰۴,فرودگاه مشهد,International Departure
2025-05-28 19:00:00,سپهران,SHI7330,نجف,طبق برنامه,,,B737,۸ خرداد ۱۴۰۴,فرودگاه مشهد,International Departure
2025-05-28 19:15:00,سپهران,SHI7354,بغداد,طبق برنامه,,,B737,۸ خرداد ۱۴۰۴,فرودگاه مشهد,International Departure
2025-05-28 19:20:00,سپهران,SHI7350,نجف,طبق برنامه,,,B737,۸ خرداد ۱۴۰۴,فرودگاه مشهد,International Departure
2025-05-28 19:35:00,فلای دبی,FDB252,دبی,طبق برنامه,,,737-800,۸ خرداد ۱۴۰۴,فرودگاه مشهد,International Departure
2025-05-28 10:15:00,کارون,KRU2593,سیری,پروازکرد12:24,3-4,2025-05-28 12:24:00,,100,فرودگاه شيراز,Domestic Departure
2025-05-28 11:15:00,کارون,KRU2579,لاوان,پروازکرد11:50,2,2025-05-28 11:50:00,,100,فرودگاه شيراز,Domestic Departure
2025-05-28 11:40:00,آتا,TBZ5624,تهران,پروازکرد12:05,11-12,2025-05-28 12:05:00,,MD83,فرودگاه شيراز,Domestic Departure
2025-05-28 12:15:00,ایران ایر,IRA237,تهران,پروازکرد12:53,7,2025-05-28 12:53:00,,100,فرودگاه شيراز,Domestic Departure
2025-05-28 16:00:00,کاسپین,CPN6948,عسلویه,پروازکرد15:58,3-4,2025-05-28 15:58:00,,MD82,فرودگاه شيراز,Domestic Departure
2025-05-28 17:30:00,آسمان,IRC3776,تهران,پروازکرد18:21,16-17,2025-05-28 18:21:00,,100,فرودگاه شيراز,Domestic Departure
2025-05-31 21:30:00,آتا,TBZ5680,تهران,تاخیردارد00:30 | پایان پذیرش مسافر,3-4,,,,فرودگاه اروميه,Domestic Departure
2025-05-28 19:15:00,کارون,KRU2629,تهران,پروازکرد19:21,3-4,2025-05-28 19:21:00,,100,فرودگاه شيراز,Domestic Departure
2025-05-28 21:25:00,کارون,KRU2535,ماهشهر,پروازکرد21:33,2,2025-05-28 21:33:00,,100,فرودگاه شيراز,Domestic Departure
2025-05-28 21:40:00,آتا,TBZ5706,مشهد,پروازکرد22:18,11-13,2025-05-28 22:18:00,,MD83,فرودگاه شيراز,Domestic Departure
2025-06-04 08:25:00,کاسپین,CPN044,كيش,طبق برنامه,,,,MD83,فرودگاه مهرآباد,Domestic Departure
2025-06-04 08:35:00,زاگرس,IZG4030,كيش,طبق برنامه,,,,MD83,فرودگاه مهرآباد,Domestic Departure
2025-05-31 12:00:00,آساجت,SJT8607,تهران,پروازکرد12:00,8,2025-05-31 12:00:00,,,فرودگاه کرمانشاه,Domestic Departure
2025-05-31 12:20:00,فلای پرشیا,FPI7437,عسلویه,پروازکرد12:10,5-6,2025-05-31 12:10:00,,,فرودگاه کرمانشاه,Domestic Departure
2025-05-31 13:55:00,ایران ایر,IRA284,تهران,پروازکرد14:17,1-2,2025-05-31 14:17:00,,,فرودگاه کرمانشاه,Domestic Departure
2025-05-31 21:50:00,آتا,TBZ5711,مشهد,پروازکرد22:30,5-6,2025-05-31 22:30:00,,,فرودگاه کرمانشاه,Domestic Departure
2025-06-01 08:55:00,سپهران,SHI4359,مشهد,طبق برنامه,,,,,فرودگاه کرمانشاه,Domestic Departure
2025-06-01 11:10:00,کارون,KRU2540,عسلویه,طبق برنامه,,,,,فرودگاه کرمانشاه,Domestic Departure
2025-06-04 09:10:00,یزد ایر,DZD6899,مشهد,طبق برنامه,,,,RJ85,فرودگاه مهرآباد,Domestic Departure
2025-06-04 09:15:00,ماهان,IRM1043,كيش,طبق برنامه,,,,AB6,فرودگاه مهرآباد,Domestic Departure
2025-05-31 12:15:00,وارش,VRH5907,عسلویه,پروازکرد12:23,6-7,2025-05-31 12:23:00,,,فرودگاه رشت,Domestic Departure
2025-05-31 13:30:00,زاگرس,IZG4149,مشهد,پروازکرد13:56,6-7,2025-05-31 13:56:00,,,فرودگاه رشت,Domestic Departure
2025-05-31 13:35:00,رایمون,RAI7511,تهران,پروازکرد13:33,2,2025-05-31 13:33:00,,,فرودگاه رشت,Domestic Departure
2025-05-31 14:30:00,ایران ایرتور,IRB905,مشهد,پروازکرد15:02,4-5,2025-05-31 15:02:00,,,فرودگاه رشت,Domestic Departure
2025-05-31 15:25:00,سپهران,SHI4327,مشهد,پروازکرد16:01,6-7,2025-05-31 16:01:00,,,فرودگاه رشت,Domestic Departure
2025-05-31 19:00:00,ایران ایر,IRA3330,تهران,پروازکرد19:03,4,2025-05-31 19:03:00,,,فرودگاه رشت,Domestic Departure
2025-06-04 09:20:00,ایران ایر,IRA407,بوشهر,طبق برنامه,,,,F100,فرودگاه مهرآباد,Domestic Departure
2025-06-01 08:45:00,آساجت,SJT8665,عسلویه,طبق برنامه,,,,,فرودگاه رشت,Domestic Departure
2025-06-04 09:40:00,آسمان,IRC3710,اردبیل,طبق برنامه,,,,F100,فرودگاه مهرآباد,Domestic Departure
2025-06-01 12:10:00,آسمان,IRC3941,شیراز,باطل شد,,,,,فرودگاه رشت,Domestic Departure
2025-06-04 09:45:00,فلای پرشیا,FPI7438,مشهد,طبق برنامه,,,,737-700,فرودگاه مهرآباد,Domestic Departure
2025-06-04 09:50:00,رایمون,RAI7522,مشهد,طبق برنامه,,,,EMB145,فرودگاه مهرآباد,Domestic Departure
2025-06-04 10:00:00,آتا,TBZ5681,بندرعباس,طبق برنامه,,,,MD83,فرودگاه مهرآباد,Domestic Departure
2025-06-04 10:00:00,وارش,VRH5840,مشهد,طبق برنامه,,,,B737,فرودگاه مهرآباد,Domestic Departure
2025-06-01 16:30:00,ایران ایرتور,IRB905,مشهد,باطل شد,,,,,فرودگاه رشت,Domestic Departure
2025-05-31 20:30:00,قشم,QSM1271,تهران,پروازکرد20:45,3,2025-05-31 20:45:00,,,فرودگاه زاهدان,Domestic Departure
2025-05-31 21:30:00,ایران ایرتور,IRB975,تهران,باطل شد | باطل شد | باطل شد,,,,,فرودگاه زاهدان,Domestic Departure
2025-05-31 21:30:00,کاسپین,CPN6923,مشهد,درحال پرواز | پروازکرد21:35,2,2025-05-31 21:35:00,,,فرودگاه زاهدان,Domestic Departure
2025-06-04 10:10:00,ایران ایرتور,IRB962,مشهد,طبق برنامه,,,,MD83,فرودگاه مهرآباد,Domestic Departure
2025-05-31 00:30:00,آتا,TBZ5648,مشهد,پروازکرد02:15,3,2025-05-31 02:15:00,,MD82,فرودگاه آبادان,Domestic Departure
2025-05-31 11:35:00,ایر وان,INA6753,مشهد,پروازکرد12:05,3,2025-05-31 12:05:00,,,فرودگاه آبادان,Domestic Departure
2025-05-31 14:50:00,ساها,IRZ167,تهران,پروازکرد15:37,4,2025-05-31 15:37:00,,,فرودگاه آبادان,Domestic Departure
2025-05-31 19:15:00,پارس,PRS4414,مشهد,پروازکرد19:48,4,2025-05-31 19:48:00,,737,فرودگاه آبادان,Domestic Departure
2025-05-31 22:10:00,سپهران,SHI4367,مشهد,پروازکرد22:09,4,2025-05-31 22:09:00,,737,فرودگاه آبادان,Domestic Departure
2025-05-31 22:20:00,چابهار ایر,IRU7635,تهران,پروازکرد23:06,3,2025-05-31 23:06:00,,MD83,فرودگاه آبادان,Domestic Departure
2025-05-31 23:00:00,کیش ایر,KIS7011,مشهد,پروازکرد23:36,2,2025-05-31 23:36:00,,MDC-DC-9-82,فرودگاه آبادان,Domestic Departure
2025-05-31 23:15:00,قشم,QSM1217,تهران,آماده پرواز,4,,,CRJ200,فرودگاه آبادان,Domestic Departure
2025-06-04 10:20:00,آتا,TBZ5629,مشهد,طبق برنامه,,,,MD83,فرودگاه مهرآباد,Domestic Departure
2025-06-01 03:35:00,سپهران,SHI4387,مشهد,طبق برنامه,,,,737,فرودگاه آبادان,Domestic Departure
2025-06-04 10:40:00,چابهار,IRU7610,مشهد,طبق برنامه,,,,MD83,فرودگاه مهرآباد,Domestic Departure
2025-06-04 11:00:00,آتا,TBZ5659,كيش,طبق برنامه,,,,MD83,فرودگاه مهرآباد,Domestic Departure
2025-06-04 11:15:00,ایران ایر,IRA3310,اصفهان,طبق برنامه,,,,ATR-72-500,فرودگاه مهرآباد,Domestic Departure
2025-05-31 15:15:00,آساجت,SJT8631,تهران,پروازکرد15:21,4-5,2025-05-31 15:21:00,,EMB145,فرودگاه گرگان,Domestic Departure
2025-05-31 19:45:00,پارس,PRS5419,چابهار,پروازکرد20:34,4-5,2025-05-31 20:34:00,,,فرودگاه گرگان,Domestic Departure
2025-06-04 11:30:00,زاگرس,IZG4040,مشهد,طبق برنامه,,,,MD83,فرودگاه مهرآباد,Domestic Departure
2025-05-31 14:00:00,آتا,TBZ5634,تهران,پروازکرد15:09,4-5,2025-05-31 15:09:00,,MD83,فرودگاه اردبيل,Domestic Departure
2025-05-28 22:00:00,ایران ایرتور,IRB925,مشهد,پروازکرد22:06,7-8,2025-05-28 22:06:00,,MD82,فرودگاه شيراز,Domestic Departure
2025-05-28 22:10:00,آسمان,IRC3792,بندرعباس,پروازکرد23:03,16-17,2025-05-28 23:03:00,,100,فرودگاه شيراز,Domestic Departure
2025-05-31 20:20:00,ماهان,IRM1027,تهران,پروازکرد20:12,2-3,2025-05-31 20:12:00,,RJ100,فرودگاه اردبيل,Domestic Departure
2025-06-04 11:45:00,کیش ایر,KIS7053,كيش,طبق برنامه,,,,MD83,فرودگاه مهرآباد,Domestic Departure
2025-06-01 07:00:00,زاگرس,IZG4105,مشهد,طبق برنامه,,,,,فرودگاه ايلام,Domestic Departure
2025-05-31 20:30:00,ماهان,IRM1048,تهران,پروازکرد20:35,4,2025-05-31 20:35:00,,146-100,فرودگاه بيرجند,Domestic Departure
2025-05-31 09:30:00,تابان,TBN6318,تهران,پروازکرد13:00,2,2025-05-31 13:00:00,,,فرودگاه شهرکرد,Domestic Departure
2025-06-01 08:00:00,ایران ایر,IRA3413,تهران,طبق برنامه,,,,ATR,فرودگاه بجنورد,Domestic Departure
2025-06-04 12:15:00,آسمان,IRC3771,شیراز,طبق برنامه,,,,F100,فرودگاه مهرآباد,Domestic Departure
2025-05-31 16:15:00,ماهان,IRM1005,تهران,پروازکرد16:10,"1,4",2025-05-31 16:10:00,,,فرودگاه خرم آباد,Domestic Departure
2025-06-01 11:55:00,ماهان,IRM1099,مشهد,پروازکرد11:45,2-3,2025-06-01 11:45:00,,146-100,فرودگاه اردبيل,Domestic Departure
2025-06-01 10:05:00,ماهان,IRM4537,تهران,طبق برنامه,,,,RJ100,فرودگاه اردبيل,Domestic Departure
2025-06-01 15:00:00,ایران ایر,IRA327,تهران,پروازکرد15:10,1-4,2025-06-01 15:10:00,,A321,فرودگاه لارستان,Domestic Departure
2025-06-04 12:55:00,آتا,TBZ5698,مشهد,طبق برنامه,,,,MD83,فرودگاه مهرآباد,Domestic Departure
2025-06-04 13:15:00,ماهان,IRM4572,ایلام,طبق برنامه,,,,146-200,فرودگاه مهرآباد,Domestic Departure
2025-06-04 14:00:00,یزد ایر,DZD9407,زاهدان,طبق برنامه,,,,RJ85,فرودگاه مهرآباد,Domestic Departure
2025-06-04 14:10:00,یزد ایر,DZD9407,اهواز,طبق برنامه,,,,146-200,فرودگاه مهرآباد,Domestic Departure
2025-06-04 14:50:00,قشم ایر,QSM1252,مشهد,طبق برنامه,,,,F100,فرودگاه مهرآباد,Domestic Departure
2025-06-04 14:50:00,رایمون,RAI7512,اصفهان,طبق برنامه,,,,EMB145,فرودگاه مهرآباد,Domestic Departure
2025-06-04 15:05:00,ایران ایر,IRA350,كيش,طبق برنامه,,,,F100,فرودگاه مهرآباد,Domestic Departure
2025-06-04 15:15:00,پارس ایر,PRS4454,مشهد,طبق برنامه,,,,CRJ200,فرودگاه مهرآباد,Domestic Departure
2025-06-04 15:30:00,آتا,TBZ5625,اهواز,طبق برنامه,,,,B737,فرودگاه مهرآباد,Domestic Departure
2025-06-04 15:40:00,کاسپین,CPN024,مشهد,طبق برنامه,,,,MD83,فرودگاه مهرآباد,Domestic Departure
2025-06-04 15:50:00,آتا,TBZ5613,مشهد,طبق برنامه,,,,MD83,فرودگاه مهرآباد,Domestic Departure
2025-06-04 15:55:00,ایران ایر,IRA428,شیراز,طبق برنامه,,,,F100,فرودگاه مهرآباد,Domestic Departure
2025-06-04 15:55:00,آتا,TBZ5664,کرمان,طبق برنامه,,,,MD83,فرودگاه مهرآباد,Domestic Departure
2025-06-04 16:10:00,کاسپین,CPN6900,بوشهر,طبق برنامه,,,,MD83,فرودگاه مهرآباد,Domestic Departure
2025-06-04 16:50:00,آساجت,SJT8616,اصفهان,طبق برنامه,,,,EMB145,فرودگاه مهرآباد,Domestic Departure
2025-06-04 17:00:00,آتا,TBZ5623,شیراز,طبق برنامه,,,,MD83,فرودگاه مهرآباد,Domestic Departure
2025-06-04 17:00:00,زاگرس,IZG4020,اهواز,طبق برنامه,,,,MD83,فرودگاه مهرآباد,Domestic Departure
2025-06-04 17:05:00,اطلس ایر,ATS8288,مشهد,طبق برنامه,,,,737-700,فرودگاه مهرآباد,Domestic Departure
2025-06-04 17:05:00,آتا,TBZ5668,تبریز,طبق برنامه,,,,MD83,فرودگاه مهرآباد,Domestic Departure
2025-06-04 17:10:00,پويا,PYA2340,شیراز,طبق برنامه,,,,EMB145,فرودگاه مهرآباد,Domestic Departure
2025-06-04 17:15:00,کیش ایر,KIS7081,كيش,طبق برنامه,,,,MD83,فرودگاه مهرآباد,Domestic Departure
2025-06-04 17:25:00,کاسپین,CPN6936,قشم,طبق برنامه,,,,MD83,فرودگاه مهرآباد,Domestic Departure
2025-06-04 17:25:00,آتا,TBZ5719,مشهد,طبق برنامه,,,,MD83,فرودگاه مهرآباد,Domestic Departure
2025-06-04 17:30:00,آسمان,IRC3854,ارومیه,طبق برنامه,,,,F100,فرودگاه مهرآباد,Domestic Departure
2025-06-04 17:45:00,چابهار,IRU7650,مشهد,طبق برنامه,,,,MD83,فرودگاه مهرآباد,Domestic Departure
2025-06-04 18:00:00,وارش,VRH5850,اهواز,طبق برنامه,,,,B737,فرودگاه مهرآباد,Domestic Departure
2025-06-04 18:10:00,کارون,KRU2674,اهواز,طبق برنامه,,,,F100,فرودگاه مهرآباد,Domestic Departure
2025-06-04 18:15:00,کیش ایر,KIS7029,كيش,طبق برنامه,,,,MD83,فرودگاه مهرآباد,Domestic Departure
2025-06-04 18:15:00,ماهان,IRM1026,اردبیل,طبق برنامه,,,,146-200,فرودگاه مهرآباد,Domestic Departure
2025-06-04 18:20:00,ماهان,IRM1055,کرمان,طبق برنامه,,,,AB6,فرودگاه مهرآباد,Domestic Departure
2025-06-04 18:30:00,ماهان,IRM1002,تبریز,طبق برنامه,,,,146-200,فرودگاه مهرآباد,Domestic Departure
2025-06-04 18:35:00,رایمون,RAI7510,رشت,طبق برنامه,,,,EMB145,فرودگاه مهرآباد,Domestic Departure
2025-06-04 18:40:00,اطلس ایر,ATS8273,آبادان,طبق برنامه,,,,MD83,فرودگاه مهرآباد,Domestic Departure
2025-05-26 04:30:00,زاگرس,IZG4022,اهواز,طبق برنامه,5,,,MD83,فرودگاه مهرآباد,Domestic Departure
2025-05-26 04:50:00,کیش ایر,KIS7085,یزد,طبق برنامه,"9, 10",,,MD83,فرودگاه مهرآباد,Domestic Departure
2025-05-26 04:50:00,اطلس ایر,ATS8278,مشهد,طبق برنامه,"14, 15",,,MD83,فرودگاه مهرآباد,Domestic Departure
2025-05-26 04:55:00,چابهار,IRU7658,بوشهر,طبق برنامه,2,,,MD83,فرودگاه مهرآباد,Domestic Departure
2025-05-26 05:10:00,آتا,TBZ5635,اهواز,طبق برنامه,"26, 27",,,MD83,فرودگاه مهرآباد,Domestic Departure
2025-05-26 05:20:00,کاسپین,CPN024,مشهد,تاخیر - 06:00,"12, 13",,,MD83,فرودگاه مهرآباد,Domestic Departure
2025-05-26 05:20:00,چابهار,IRU7672,کرمان,طبق برنامه,4,,,MD83,فرودگاه مهرآباد,Domestic Departure
2025-05-26 05:25:00,کارون,KRU2536,شیراز/بهرگان,طبق برنامه,"18, 19",,,F100,فرودگاه مهرآباد,Domestic Departure
2025-05-26 05:30:00,آتا,TBZ5617,مشهد,طبق برنامه,"12, 13",,,MD83,فرودگاه مهرآباد,Domestic Departure
2025-05-26 05:30:00,وارش,VRH5852,اهواز,طبق برنامه,6,,,B737,فرودگاه مهرآباد,Domestic Departure
2025-05-26 05:35:00,آتا,TBZ5662,کرمان,تاخیر - 06:00,"24, 25",,,MD83,فرودگاه مهرآباد,Domestic Departure
2025-05-26 05:40:00,پارس ایر,PRS5400,مشهد,طبق برنامه,"20, 21",,,737-700,فرودگاه مهرآباد,Domestic Departure
2025-05-26 05:40:00,فلای پرشیا,FPI7426,اهواز,طبق برنامه,"18, 19",,,737-700,فرودگاه مهرآباد,Domestic Departure
2025-05-26 05:45:00,ایران ایر,IRA343,تبریز,طبق برنامه,3,,,F100,فرودگاه مهرآباد,Domestic Departure
2025-05-26 05:45:00,کارون,KRU2506,ماهشهر,طبق برنامه,21,,,F100,فرودگاه مهرآباد,Domestic Departure
2025-05-26 05:50:00,چابهار,IRU7626,شیراز,طبق برنامه,3,,,MD83,فرودگاه مهرآباد,Domestic Departure
2025-05-26 06:00:00,ماهان,IRM0000,نا مشخص,دريافت كارت پرواز,33,,,747,فرودگاه مهرآباد,Domestic Departure
2025-05-26 06:00:00,یزد ایر,DZD6895,شیراز,طبق برنامه,"14, 15",,,MD83,فرودگاه مهرآباد,Domestic Departure
2025-05-26 06:05:00,کیش ایر,KIS7009,عسلویه,طبق برنامه,"11, 12",,,MD83,فرودگاه مهرآباد,Domestic Departure
2025-06-01 00:05:00,طوس ایر,IRT8163,سراوان,پرواز كرد,,2025-06-01 00:43:00,EPTOF,ARGOSY,فرودگاه مهرآباد,Domestic Departure
2025-06-01 04:30:00,ساها,IRZ158,شیراز,پرواز كرد,"6, 7",2025-06-01 04:35:00,EPSII,737-700,فرودگاه مهرآباد,Domestic Departure
2025-06-01 04:30:00,زاگرس,IZG4022,اهواز,پرواز كرد,3,2025-06-01 05:07:00,EPZAQ,MD83,فرودگاه مهرآباد,Domestic Departure
2025-06-01 04:55:00,وارش,VRH5818,مشهد,پرواز كرد,5,2025-06-01 05:30:00,EPVAK,B737,فرودگاه مهرآباد,Domestic Departure
2025-06-01 05:00:00,کاسپین,CPN048,شیراز,پرواز كرد,"8, 9",2025-06-01 05:11:00,EPCAQ,737,فرودگاه مهرآباد,Domestic Departure
2025-06-01 05:05:00,آتا,TBZ5625,اهواز,پرواز كرد,"12, 13",2025-06-01 06:03:00,EPTAH,737,فرودگاه مهرآباد,Domestic Departure
2025-06-01 05:10:00,چابهار,IRU7646,شیراز,پرواز كرد,7,2025-06-01 05:22:00,EPSEB,MD83,فرودگاه مهرآباد,Domestic Departure
2025-06-01 05:10:00,کاسپین,CPN026,مشهد,پرواز كرد,"10, 11",2025-06-01 05:15:00,EPCPU,MD83,فرودگاه مهرآباد,Domestic Departure
2025-06-01 05:15:00,کیش ایر,KIS7193,عسلویه,پرواز كرد,"9, 10",2025-06-01 05:59:00,EPLCK,MD82,فرودگاه مهرآباد,Domestic Departure
2025-06-01 05:20:00,قشم ایر,QSM1293,سنندج,پرواز كرد,"16, 17",2025-06-01 05:32:00,EPFQI,FOKER100,فرودگاه مهرآباد,Domestic Departure
2025-06-01 05:25:00,ایران ایر,IRA3412,بجنورد,پرواز كرد,2,2025-06-01 05:27:00,EPITM,ATR-72-500,فرودگاه مهرآباد,Domestic Departure
2025-06-01 05:30:00,وارش,VRH5852,اهواز,پرواز كرد,4,2025-06-01 05:44:00,EPVBM,B737,فرودگاه مهرآباد,Domestic Departure
2025-06-01 05:30:00,پويا,PYA2314,یزد,پرواز كرد,14,2025-06-01 05:36:00,EPPUR,EMB145,فرودگاه مهرآباد,Domestic Departure
2025-06-01 05:35:00,کارون,KRU2584,عسلویه,پرواز كرد,"14, 15",2025-06-01 06:10:00,EPNFC,737,فرودگاه مهرآباد,Domestic Departure
2025-06-01 05:35:00,پارس ایر,PRS4454,مشهد,پرواز كرد,"18, 19",2025-06-01 12:50:00,EPPAM,737,فرودگاه مهرآباد,Domestic Departure
2025-06-01 05:40:00,آتا,TBZ5643,سیرجان,پرواز كرد,"24, 25",2025-06-01 05:41:00,EPTAE,B737,فرودگاه مهرآباد,Domestic Departure
2025-06-01 05:45:00,ماهان,IRM4525,چابهار,پرواز كرد,25,2025-06-01 05:57:00,EPMEA,RJ85,فرودگاه مهرآباد,Domestic Departure
2025-06-01 05:45:00,چابهار,IRU7628,بوشهر,پرواز كرد,6,2025-06-01 05:51:00,EPCBD,MD82,فرودگاه مهرآباد,Domestic Departure
2025-06-01 05:50:00,آساجت,SJT8604,عسلویه,پرواز كرد,19,2025-06-01 06:08:00,EPRHO,EMB145,فرودگاه مهرآباد,Domestic Departure
2025-06-01 05:55:00,ایران ایر,IRA472,کرمان,پرواز كرد,4,2025-06-01 06:19:00,EPCFR,F100,فرودگاه مهرآباد,Domestic Departure
2025-06-01 05:55:00,کارون,KRU2528,لاوان,پرواز كرد,18,2025-06-01 05:54:00,EPMIS,F100,فرودگاه مهرآباد,Domestic Departure
2025-06-01 06:00:00,وارش,VRH5918,عسلویه,پرواز كرد,3,2025-06-01 06:33:00,EPVAA,737-700,فرودگاه مهرآباد,Domestic Departure
2025-06-01 06:00:00,آتا,TBZ5677,ارومیه,پرواز كرد,"26, 27",2025-06-01 06:13:00,EPTAJ,MD82,فرودگاه مهرآباد,Domestic Departure
2025-06-01 06:05:00,آتا,TBZ5610,تبریز,پرواز كرد,11,2025-06-01 07:08:00,EPTAZ,md88,فرودگاه مهرآباد,Domestic Departure
2025-06-01 06:10:00,چابهار,IRU7660,مشهد,پرواز كرد,5,2025-06-01 06:44:00,EPCBI,MD82,فرودگاه مهرآباد,Domestic Departure
2025-06-01 06:10:00,کاسپین,CPN014,عسلویه,پرواز كرد,"10, 11",2025-06-01 09:57:00,EPCAS,MD83,فرودگاه مهرآباد,Domestic Departure
2025-06-01 06:15:00,ماهان,IRM1033,مشهد,پرواز كرد,24,2025-06-01 06:21:00,EPMOS,RJ85,فرودگاه مهرآباد,Domestic Departure
2025-06-01 06:15:00,آسمان,IRC644,بندرعباس,پرواز كرد,26,2025-06-01 06:27:00,EPATE,F100,فرودگاه مهرآباد,Domestic Departure
2025-06-01 06:20:00,وارش,VRH5924,گناباد,پرواز كرد,7,2025-06-01 06:31:00,EPVAR,737-700,فرودگاه مهرآباد,Domestic Departure
2025-06-01 06:20:00,کیش ایر,KIS7055,كيش,پرواز كرد,"11, 12",2025-06-01 06:48:00,EPLCO,MD83,فرودگاه مهرآباد,Domestic Departure
2025-06-01 06:25:00,پارس ایر,PRS5422,اصفهان,پرواز كرد,"20, 21",2025-06-01 07:03:00,EPPAO,737,فرودگاه مهرآباد,Domestic Departure
2025-06-01 06:25:00,آوا,AXV7702,مشهد,پرواز كرد,"16, 17",2025-06-01 06:36:00,EPSAP,MD83,فرودگاه مهرآباد,Domestic Departure
2025-06-01 06:30:00,کیش ایر,KIS7093,عسلویه,پرواز كرد,"9, 10",2025-06-01 06:56:00,EPLCJ,MD83,فرودگاه مهرآباد,Domestic Departure
2025-06-01 06:35:00,اروان,INA6750,مشهد,پرواز كرد,4,2025-06-01 07:10:00,EPNSR,B737,فرودگاه مهرآباد,Domestic Departure
2025-06-01 06:35:00,زاگرس,IZG4060,بوشهر,پرواز كرد,2,2025-06-01 06:50:00,EPZAG,MD83,فرودگاه مهرآباد,Domestic Departure
2025-06-01 06:40:00,قشم ایر,QSM1202,عسلویه,پرواز كرد,"21, 22",2025-06-01 07:01:00,EPFQF,F100,فرودگاه مهرآباد,Domestic Departure
2025-06-01 06:40:00,کاسپین,CPN6956,جاسک,پرواز كرد,"14, 15",2025-06-01 07:05:00,EPKPC,737,فرودگاه مهرآباد,Domestic Departure
2025-06-01 06:45:00,پارس ایر,PRS4438,گچساران,پرواز كرد,18,2025-06-01 06:53:00,EPPRA,CRJ200,فرودگاه مهرآباد,Domestic Departure
2025-06-01 06:50:00,ایران ایر,IRA311,اهواز,پرواز كرد,"7, 8",2025-06-01 07:17:00,EPIEP,A319,فرودگاه مهرآباد,Domestic Departure
2025-06-01 07:05:00,آتا,TBZ5662,کرمان,پرواز كرد,"12, 13",2025-06-01 07:31:00,EPTAR,MD83,فرودگاه مهرآباد,Domestic Departure
2025-06-01 07:05:00,قشم ایر,QSM1230,ماهشهر,پرواز كرد,"18, 19",2025-06-01 07:24:00,EPFQU,rj100,فرودگاه مهرآباد,Domestic Departure
2025-06-01 07:10:00,ایران ایر,IRA326,لارستان,پرواز كرد,"3, 4",2025-06-01 07:28:00,EPIEQ,A319,فرودگاه مهرآباد,Domestic Departure
2025-06-01 07:15:00,آساجت,SJT8634,رشت,پرواز كرد,14,2025-06-01 07:14:00,EPJEK,EMB145,فرودگاه مهرآباد,Domestic Departure
2025-06-01 07:20:00,ایران ایرتور,IRB946,تبریز,پرواز كرد,"9, 10",2025-06-01 07:33:00,EPMDF,MD83,فرودگاه مهرآباد,Domestic Departure
2025-06-01 07:50:00,قشم ایر,QSM1238,خارگ,پرواز كرد,"21, 22",2025-06-01 08:24:00,EPFQV,RJ100,فرودگاه مهرآباد,Domestic Departure
2025-06-01 07:50:00,ماهان,IRM4575,جیرفت,پرواز كرد,23,2025-06-01 08:29:00,EPMEI,146-200,فرودگاه مهرآباد,Domestic Departure
2025-06-01 08:00:00,اطلس ایر,ATS8293,چابهار,پرواز كرد,"16, 17",2025-06-01 08:15:00,EPLEE,737,فرودگاه مهرآباد,Domestic Departure
2025-06-01 08:00:00,ماهان,IRM4536,اردبیل,پرواز كرد,22,2025-06-01 08:04:00,EPMOH,146-200,فرودگاه مهرآباد,Domestic Departure
2025-06-01 08:05:00,آتا,TBZ5602,تبریز,پرواز كرد,"24, 25",2025-06-01 08:21:00,EPTAL,MD83,فرودگاه مهرآباد,Domestic Departure
2025-06-01 08:10:00,ماهان,IRM1051,کرمان,پرواز كرد,21,2025-06-01 08:14:00,EPMEU,146-200,فرودگاه مهرآباد,Domestic Departure
2025-06-01 08:20:00,آتا,TBZ5659,كيش,پرواز كرد,"26, 27",2025-06-01 08:50:00,EPTAQ,MD83,فرودگاه مهرآباد,Domestic Departure
2025-06-01 08:30:00,زاگرس,IZG4030,كيش,پرواز كرد,3,2025-06-01 09:35:00,EPZAQ,MD83,فرودگاه مهرآباد,Domestic Departure
2025-06-01 08:50:00,آتا,TBZ5611,شیراز,پرواز كرد,"28, 29",2025-06-01 09:17:00,EPTAM,MD83,فرودگاه مهرآباد,Domestic Departure
2025-06-01 09:00:00,تابان,TBN6258,مشهد,پرواز كرد,"1, 2",2025-06-01 09:15:00,EPSMA,MD.88,فرودگاه مهرآباد,Domestic Departure
2025-06-01 09:05:00,آتا,TBZ5631,اهواز,پرواز كرد,"12, 13",2025-06-01 11:08:00,EPTAZ,MD83,فرودگاه مهرآباد,Domestic Departure
2025-06-01 09:10:00,ساها,IRZ170,مشهد,پرواز كرد,"6, 7",2025-06-01 09:19:00,EPSII,737-700,فرودگاه مهرآباد,Domestic Departure
2025-06-01 09:15:00,ماهان,IRM1043,كيش,پرواز كرد,"18, 19, 20",2025-06-01 09:53:00,EPMEE,747,فرودگاه مهرآباد,Domestic Departure
2025-06-01 09:20:00,قشم ایر,QSM1210,اهواز,پرواز كرد,"21, 22",2025-06-01 09:37:00,EPFQV,F100,فرودگاه مهرآباد,Domestic Departure
2025-06-01 09:25:00,رایمون,RAI7514,عسلویه,پرواز كرد,"3, 4",2025-06-01 09:42:00,EPNEA,EMB145,فرودگاه مهرآباد,Domestic Departure
2025-06-01 09:30:00,پويا,PYA2312,مشهد,پرواز كرد,15,2025-06-01 09:56:00,EPPUR,EMB145,فرودگاه مهرآباد,Domestic Departure
2025-06-01 09:40:00,چابهار,IRU7640,مشهد,پرواز كرد,5,2025-06-01 09:59:00,EPSEB,MD83,فرودگاه مهرآباد,Domestic Departure
2025-06-01 10:00:00,وارش,VRH5840,مشهد,پرواز كرد,7,2025-06-01 10:05:00,EPVBM,B737,فرودگاه مهرآباد,Domestic Departure
2025-06-01 10:20:00,آتا,TBZ5613,مشهد,پرواز كرد,"24, 25",2025-06-01 10:25:00,EPTAJ,MD83,فرودگاه مهرآباد,Domestic Departure
2025-06-01 10:30:00,یزد ایر,DZD9403,رشت,پرواز كرد,"14, 15",2025-06-01 10:42:00,EPDZH,146-200,فرودگاه مهرآباد,Domestic Departure
2025-06-01 10:35:00,پارس ایر,PRS4488,طبس,پرواز كرد,19,2025-06-01 10:30:00,EPPRA,CRJ200,فرودگاه مهرآباد,Domestic Departure
2025-06-01 10:40:00,چابهار,IRU7610,مشهد,پرواز كرد,4,2025-06-01 10:45:00,EPCBD,MD83,فرودگاه مهرآباد,Domestic Departure
2025-06-01 10:50:00,آتا,TBZ5629,مشهد,پرواز كرد,"28, 29",2025-06-01 11:52:00,EPTAH,MD83,فرودگاه مهرآباد,Domestic Departure
2025-06-01 10:50:00,ایران ایر,IRA350,كيش,پرواز كرد,"9, 10",2025-06-01 11:19:00,EPCFR,F100,فرودگاه مهرآباد,Domestic Departure
2025-06-01 11:20:00,قشم ایر,QSM1291,کرمانشاه,پرواز كرد,"16, 17",2025-06-01 11:46:00,EPFQU,RJ100,فرودگاه مهرآباد,Domestic Departure
2025-06-01 11:30:00,ایران ایر,IRA3385,سهند,پرواز كرد,2,2025-06-01 11:36:00,EPitm,F100,فرودگاه مهرآباد,Domestic Departure
2025-06-01 11:35:00,زاگرس,IZG4040,مشهد,پرواز كرد,6,2025-06-01 11:45:00,EPZAG,MD83,فرودگاه مهرآباد,Domestic Departure
2025-06-01 11:40:00,اطلس ایر,ATS8284,مشهد,پرواز كرد,"14, 15",2025-06-01 11:54:00,EPTHI,737-700,فرودگاه مهرآباد,Domestic Departure
2025-06-01 11:45:00,کیش ایر,KIS7029,كيش,پرواز كرد,"11, 12",2025-06-01 12:17:00,EPLCO,MD83,فرودگاه مهرآباد,Domestic Departure
2025-06-01 11:55:00,آتا,TBZ5627,اهواز,پرواز كرد,"12, 13",2025-06-01 12:22:00,EPTAR,MD83,فرودگاه مهرآباد,Domestic Departure
2025-06-01 12:50:00,آتا,TBZ5698,مشهد,پرواز كرد,"28, 29",2025-06-01 13:20:00,EPTAO,MD83,فرودگاه مهرآباد,Domestic Departure
2025-06-01 13:00:00,فلای پرشیا,FPI7446,عسلویه,پرواز كرد,"18, 19",2025-06-01 13:15:00,EPFPA,737-700,فرودگاه مهرآباد,Domestic Departure
2025-06-01 13:30:00,آتا,TBZ5619,مشهد,پرواز كرد,"24, 25",2025-06-01 14:00:00,EPTAM,MD83,فرودگاه مهرآباد,Domestic Departure
2025-06-01 13:30:00,ماهان,IRM4522,یاسوج,پرواز كرد,25,2025-06-01 13:34:00,EPMOH,146-200,فرودگاه مهرآباد,Domestic Departure
2025-06-01 13:40:00,آتا,TBZ5719,مشهد,پرواز كرد,"26, 27",2025-06-01 14:13:00,EPTAQ,MD83,فرودگاه مهرآباد,Domestic Departure
2025-06-01 13:55:00,ماهان,IRM1010,کرمانشاه,پرواز كرد,24,2025-06-01 14:18:00,EPMEI,RJ85,فرودگاه مهرآباد,Domestic Departure
2025-06-01 14:00:00,ماهان,IRM1004,ارومیه,پرواز كرد,23,2025-06-01 14:10:00,EPMOC,146-200,فرودگاه مهرآباد,Domestic Departure
2025-06-01 14:15:00,ماهان,IRM1006,خرم‌آباد,پرواز كرد,22,2025-06-01 14:39:00,EPMEU,146-200,فرودگاه مهرآباد,Domestic Departure
2025-06-01 14:25:00,پارس ایر,PRS4480,مشهد,پرواز كرد,18,2025-06-01 14:33:00,EPPRA,CRJ200,فرودگاه مهرآباد,Domestic Departure
2025-06-01 14:40:00,قشم ایر,QSM1240,قشم,پرواز كرد,"18, 19",2025-06-01 14:42:00,EPFQI,F100,فرودگاه مهرآباد,Domestic Departure
2025-06-01 15:50:00,اطلس ایر,ATS8288,مشهد,پرواز كرد,"14, 15",2025-06-01 16:11:00,EPLEE,737-700,فرودگاه مهرآباد,Domestic Departure
2025-06-01 15:50:00,کاسپین,CPN6936,قشم,پرواز كرد,"12, 13",2025-06-01 15:57:00,EPCAQ,MD83,فرودگاه مهرآباد,Domestic Departure
2025-06-01 15:55:00,کاسپین,CPN036,ارومیه,پرواز كرد,"10, 11",2025-06-01 16:06:00,EPKPC,737,فرودگاه مهرآباد,Domestic Departure
2025-06-01 16:00:00,آتا,TBZ5664,کرمان,پرواز كرد,"12, 13",2025-06-01 16:55:00,EPTAH,737,فرودگاه مهرآباد,Domestic Departure
2025-06-01 16:00:00,کاسپین,CPN024,مشهد,پرواز كرد,"8, 9",2025-06-01 16:14:00,EPCPU,MD83,فرودگاه مهرآباد,Domestic Departure
2025-06-01 16:30:00,ماهان,IRM1067,کرمان,پرواز كرد,25,2025-06-01 16:36:00,EPMEA,AB6,فرودگاه مهرآباد,Domestic Departure
2025-06-01 16:40:00,آتا,TBZ5670,یزد,پرواز كرد,"26, 27",2025-06-01 18:09:00,EPTAJ,MD83,فرودگاه مهرآباد,Domestic Departure
2025-05-27 04:25:00,قشم ایر,QSM1218,بوشهر,طبق برنامه,,,,F100,فرودگاه مهرآباد,Domestic Departure
2025-05-27 04:30:00,ساها,IRZ158,شیراز,طبق برنامه,,,,737-700,فرودگاه مهرآباد,Domestic Departure
2025-05-27 04:30:00,زاگرس,IZG4022,اهواز,طبق برنامه,,,,MD83,فرودگاه مهرآباد,Domestic Departure
2025-05-27 04:35:00,وارش,VRH5866,اصفهان,طبق برنامه,,,,B737,فرودگاه مهرآباد,Domestic Departure
2025-05-27 04:55:00,ماهان,IRM4533,اصفهان,طبق برنامه,,,,146-200,فرودگاه مهرآباد,Domestic Departure
2025-05-27 04:55:00,ایران ایرتور,IRB930,بیرجند,طبق برنامه,,,,MD83,فرودگاه مهرآباد,Domestic Departure
2025-05-27 05:00:00,وارش,VRH5858,چابهار,طبق برنامه,,,,B737,فرودگاه مهرآباد,Domestic Departure
2025-05-27 05:00:00,آسمان,IRC3914,بوشهر,طبق برنامه,,,,F100,فرودگاه مهرآباد,Domestic Departure
2025-05-27 05:05:00,کیش ایر,KIS7105,آبادان,طبق برنامه,,,,MD83,فرودگاه مهرآباد,Domestic Departure
2025-05-27 05:05:00,ایران ایرتور,IRB974,زاهدان,طبق برنامه,,,,MD83,فرودگاه مهرآباد,Domestic Departure
2025-05-27 05:10:00,وارش,VRH5818,مشهد,طبق برنامه,,,,B737,فرودگاه مهرآباد,Domestic Departure
2025-05-27 05:10:00,چابهار,IRU7646,شیراز,طبق برنامه,,,,MD83,فرودگاه مهرآباد,Domestic Departure
2025-05-27 05:15:00,پارس ایر,PRS4438,گچساران,طبق برنامه,,,,737-700,فرودگاه مهرآباد,Domestic Departure
2025-05-27 05:15:00,وارش,VRH5816,بندرعباس,طبق برنامه,,,,B737,فرودگاه مهرآباد,Domestic Departure
2025-05-27 05:20:00,کیش ایر,KIS7093,عسلویه,طبق برنامه,,,,MD83,فرودگاه مهرآباد,Domestic Departure
2025-05-27 05:25:00,ایران ایر,IRA382,زاهدان/چابهار,طبق برنامه,,,,F100,فرودگاه مهرآباد,Domestic Departure
2025-05-27 05:30:00,وارش,VRH5852,اهواز,طبق برنامه,,,,B737,فرودگاه مهرآباد,Domestic Departure
2025-05-27 05:35:00,پارس ایر,PRS5454,كيش,طبق برنامه,,,,737-700,فرودگاه مهرآباد,Domestic Departure
2025-05-27 05:35:00,کارون,KRU2676,کرمان,طبق برنامه,,,,F100,فرودگاه مهرآباد,Domestic Departure
2025-05-27 05:40:00,کاسپین,CPN6986,زاهدان,طبق برنامه,,,,MD83,فرودگاه مهرآباد,Domestic Departure
2025-05-27 05:45:00,آتا,TBZ5610,تبریز,طبق برنامه,,,,MD83,فرودگاه مهرآباد,Domestic Departure
2025-05-27 05:45:00,ماهان,IRM4551,سراوان,طبق برنامه,,,,146-200,فرودگاه مهرآباد,Domestic Departure
2025-05-27 05:50:00,آتا,TBZ5672,یزد,طبق برنامه,,,,MD83,فرودگاه مهرآباد,Domestic Departure
2025-05-27 05:55:00,معراج,MRJ2814,چابهار,طبق برنامه,,,,A320,فرودگاه مهرآباد,Domestic Departure
2025-05-27 05:55:00,ماهان,IRM1081,مشهد,طبق برنامه,,,,146-200,فرودگاه مهرآباد,Domestic Departure
2025-05-27 06:00:00,آتا,TBZ5677,ارومیه,طبق برنامه,,,,MD83,فرودگاه مهرآباد,Domestic Departure
2025-05-27 06:00:00,ایران ایرتور,IRB912,بندرعباس,طبق برنامه,,,,MD83,فرودگاه مهرآباد,Domestic Departure
2025-05-27 06:05:00,یزد ایر,DZD9419,یزد,طبق برنامه,,,,146-200,فرودگاه مهرآباد,Domestic Departure
2025-05-27 06:05:00,تابان,TBN6254,مشهد,طبق برنامه,,,,MD.88,فرودگاه مهرآباد,Domestic Departure
2025-05-27 06:10:00,اطلس ایر,ATS8295,بندرعباس,طبق برنامه,,,,737-700,فرودگاه مهرآباد,Domestic Departure
2025-05-27 06:10:00,وارش,VRH5918,عسلویه,طبق برنامه,,,,737-700,فرودگاه مهرآباد,Domestic Departure
2025-05-27 06:10:00,ماهان,IRM1083,جاسک,طبق برنامه,,,,146-200,فرودگاه مهرآباد,Domestic Departure
2025-06-01 16:45:00,ایران ایر,IRA3310,اصفهان,پرواز كرد,5,2025-06-01 17:16:00,EPITM,ATR-72-500,فرودگاه مهرآباد,Domestic Departure
2025-06-01 16:50:00,آتا,TBZ5623,شیراز,پرواز كرد,"24, 25",2025-06-01 18:06:00,EPTAR,MD83,فرودگاه مهرآباد,Domestic Departure
2025-06-01 16:55:00,آتا,TBZ5668,تبریز,پرواز كرد,"28, 29",2025-06-01 17:29:00,EPTAZ,MD83,فرودگاه مهرآباد,Domestic Departure
2025-06-01 17:00:00,ایران ایر,IRA216,بیرجند,پرواز كرد,7,2025-06-01 17:25:00,EPCFR,F100,فرودگاه مهرآباد,Domestic Departure
2025-06-01 17:00:00,زاگرس,IZG4020,اهواز,پرواز كرد,3,2025-06-01 17:21:00,EPZAQ,MD83,فرودگاه مهرآباد,Domestic Departure
2025-06-01 17:05:00,کارون,KRU2608,یزد,پرواز كرد,"14, 15",2025-06-01 17:11:00,EPNFC,737-700,فرودگاه مهرآباد,Domestic Departure
2025-06-01 17:10:00,پارس ایر,PRS4494,آبادان,پرواز كرد,"18, 19",2025-06-01 17:59:00,EPPAO,737,فرودگاه مهرآباد,Domestic Departure
2025-06-01 17:10:00,پويا,PYA2340,شیراز,پرواز كرد,13,2025-06-01 17:28:00,EPPUO,EMB145,فرودگاه مهرآباد,Domestic Departure
2025-06-01 17:15:00,پارس ایر,PRS5416,چابهار,باطل شد,,,,CRJ200,فرودگاه مهرآباد,Domestic Departure
2025-06-01 17:25:00,کاسپین,CPN044,كيش,پرواز كرد,"6, 7",2025-06-01 20:46:00,EPCAS,MD83,فرودگاه مهرآباد,Domestic Departure
2025-06-01 17:25:00,آسمان,IRC600,مشهد,پرواز كرد,27,2025-06-01 18:02:00,EPATE,F100,فرودگاه مهرآباد,Domestic Departure
2025-06-01 17:30:00,آتا,TBZ5673,اهواز,پرواز كرد,"12, 13",2025-06-01 18:51:00,EPTAE,737,فرودگاه مهرآباد,Domestic Departure
2025-06-01 17:40:00,کارون,KRU2668,اهواز,پرواز كرد,"16, 17",2025-06-01 17:50:00,EPMIS,F100,فرودگاه مهرآباد,Domestic Departure
2025-06-01 18:00:00,یزد ایر,DZD9441,یزد,پرواز كرد,"14, 15",2025-06-01 18:25:00,EPMOH,146-200,فرودگاه مهرآباد,Domestic Departure
2025-06-01 18:00:00,تابان,TBN6256,مشهد,پرواز كرد,"3, 4",2025-06-01 18:39:00,EPSMA,MD.88,فرودگاه مهرآباد,Domestic Departure
2025-06-01 18:10:00,چابهار,IRU7636,کرمانشاه,پرواز كرد,5,2025-06-01 18:19:00,EPSEB,MD83,فرودگاه مهرآباد,Domestic Departure
2025-06-01 18:10:00,ایران ایر,IRA262,مشهد,پرواز كرد,"3, 4",2025-06-01 18:28:00,EPIEQ,A320,فرودگاه مهرآباد,Domestic Departure
2025-06-01 18:15:00,ماهان,IRM1026,اردبیل,پرواز كرد,24,2025-06-01 18:21:00,EPMOS,146-200,فرودگاه مهرآباد,Domestic Departure
2025-06-01 18:20:00,ماهان,IRM1055,کرمان,پرواز كرد,23,2025-06-01 19:06:00,EPMOC,BAE146,فرودگاه مهرآباد,Domestic Departure
2025-06-01 18:25:00,ایران ایر,IRA419,اهواز,پرواز كرد,"5, 6",2025-06-01 18:57:00,EPIEP,A319,فرودگاه مهرآباد,Domestic Departure
2025-06-01 18:30:00,ماهان,IRM1081,مشهد,پرواز كرد,22,2025-06-01 18:59:00,EPMEU,146-200,فرودگاه مهرآباد,Domestic Departure
2025-06-01 18:35:00,آتا,TBZ5646,تبریز,پرواز كرد,"28, 29",2025-06-01 19:12:00,EPTAN,MD83,فرودگاه مهرآباد,Domestic Departure
2025-06-01 18:35:00,پارس ایر,PRS4426,شیراز,پرواز كرد,18,2025-06-01 19:22:00,EPPRA,CRJ200,فرودگاه مهرآباد,Domestic Departure
2025-06-01 18:40:00,وارش,VRH5896,ماهشهر,پرواز كرد,7,2025-06-01 19:05:00,EPVAA,B737,فرودگاه مهرآباد,Domestic Departure
2025-06-01 18:50:00,ایران ایرتور,IRB912,بندرعباس,پرواز كرد,"9, 10",2025-06-01 22:32:00,EPMDF,MD83,فرودگاه مهرآباد,Domestic Departure
2025-06-01 18:55:00,قشم ایر,QSM1288,کرمان,پرواز كرد,"21, 22",2025-06-01 19:19:00,EPFQU,rj100,فرودگاه مهرآباد,Domestic Departure
2025-06-01 19:00:00,وارش,VRH5814,بندرعباس,پرواز كرد,4,2025-06-01 19:24:00,EPVAF,B737,فرودگاه مهرآباد,Domestic Departure
2025-06-01 19:25:00,آتا,TBZ5729,مشهد,پرواز كرد,"24, 25",2025-06-01 19:57:00,EPTAL,MD83,فرودگاه مهرآباد,Domestic Departure
2025-06-01 19:30:00,ماهان,IRM4541,زاهدان,پرواز كرد,25,2025-06-01 21:46:00,EPMEI,146-200,فرودگاه مهرآباد,Domestic Departure
2025-06-01 19:40:00,فلای پرشیا,FPI7401,شیراز,پرواز كرد,"18, 19",2025-06-01 20:33:00,EPFPA,737-700,فرودگاه مهرآباد,Domestic Departure
2025-06-01 19:50:00,ساها,IRZ156,شیراز,پرواز كرد,"8, 9",2025-06-01 20:03:00,EPSII,737-700,فرودگاه مهرآباد,Domestic Departure
2025-06-01 19:55:00,وارش,VRH5902,مشهد,پرواز كرد,6,2025-06-01 20:24:00,EPVAR,B737,فرودگاه مهرآباد,Domestic Departure
2025-06-01 20:00:00,معراج,MRJ2804,مشهد,پرواز كرد,"14, 15",2025-06-01 20:14:00,EPSSN,A321,فرودگاه مهرآباد,Domestic Departure
2025-06-01 20:00:00,زاگرس,IZG4010,شیراز,پرواز كرد,3,2025-06-01 21:04:00,EPZAG,MD83,فرودگاه مهرآباد,Domestic Departure
2025-06-01 20:05:00,کیش ایر,KIS7035,اصفهان,پرواز كرد,10,2025-06-01 20:29:00,EPLCJ,MD83,فرودگاه مهرآباد,Domestic Departure
2025-06-01 20:05:00,چابهار,IRU7612,زاهدان,پرواز كرد,5,2025-06-01 21:58:00,EPCBD,MD83,فرودگاه مهرآباد,Domestic Departure
2025-06-01 20:10:00,آوا,AXV7730,مشهد,پرواز كرد,"18, 19",2025-06-01 22:20:00,EPRBC,B737,فرودگاه مهرآباد,Domestic Departure
2025-06-01 20:15:00,کیش ایر,KIS7081,كيش,پرواز كرد,12,2025-06-01 20:26:00,EPLCO,MD83,فرودگاه مهرآباد,Domestic Departure
2025-06-01 20:25:00,کیش ایر,KIS7053,كيش,پرواز كرد,9,2025-06-01 20:37:00,EPLCL,MD83,فرودگاه مهرآباد,Domestic Departure
2025-06-01 20:35:00,ماهان,IRM1037,مشهد,پرواز كرد,"20, 21, 22",2025-06-01 21:28:00,EPMEE,747,فرودگاه مهرآباد,Domestic Departure
2025-06-01 20:40:00,ساها,IRZ172,بوشهر,پرواز كرد,"10, 11",2025-06-01 20:52:00,EPSIJ,737-700,فرودگاه مهرآباد,Domestic Departure
2025-06-01 20:45:00,کیش ایر,KIS7069,مشهد,پرواز كرد,11,2025-06-01 21:37:00,EPLCK,MD83,فرودگاه مهرآباد,Domestic Departure
2025-06-01 20:50:00,کارون,KRU2620,اهواز,پرواز كرد,"21, 22",2025-06-01 21:16:00,EPNFC,737,فرودگاه مهرآباد,Domestic Departure
2025-06-01 20:55:00,کارون,KRU2602,اصفهان,پرواز كرد,"16, 17",2025-06-01 20:59:00,EPAWZ,F100,فرودگاه مهرآباد,Domestic Departure
2025-06-01 21:00:00,وارش,VRH5872,بوشهر,پرواز كرد,4,2025-06-01 21:07:00,EPVAK,B737,فرودگاه مهرآباد,Domestic Departure
2025-06-01 21:00:00,زاگرس,IZG4050,بندرعباس,پرواز كرد,7,2025-06-01 21:33:00,EPZAQ,MD83,فرودگاه مهرآباد,Domestic Departure
2025-06-01 21:05:00,آتا,TBZ5690,آبادان,پرواز كرد,"12, 13",2025-06-01 21:51:00,EPTAH,MD83,فرودگاه مهرآباد,Domestic Departure
2025-06-01 21:05:00,ایران ایرتور,IRB966,مشهد,پرواز كرد,"9, 10",2025-06-01 21:17:00,EPMDC,MD83,فرودگاه مهرآباد,Domestic Departure
2025-06-01 21:10:00,رایمون,RAI7510,رشت,پرواز كرد,"3, 4",2025-06-01 21:13:00,EPNEA,EMB145,فرودگاه مهرآباد,Domestic Departure
2025-06-01 21:20:00,کاسپین,CPN6900,بوشهر,پرواز كرد,"12, 13",2025-06-01 21:31:00,EPCAQ,737,فرودگاه مهرآباد,Domestic Departure
2025-06-01 21:30:00,آسمان,IRC3780,شیراز,باطل شد,,,,F100,فرودگاه مهرآباد,Domestic Departure
2025-06-01 21:35:00,آتا,TBZ5617,مشهد,آماده پرواز,"28, 29",,EPTAE,737,فرودگاه مهرآباد,Domestic Departure
2025-06-01 22:00:00,کارون,KRU2610,دزفول,پرواز كرد,"16, 17",2025-06-01 22:09:00,EPMIS,F100,فرودگاه مهرآباد,Domestic Departure
2025-06-01 22:05:00,آتا,TBZ5635,اهواز,پرواز كرد,"24, 25",2025-06-01 22:16:00,EPTAR,MD83,فرودگاه مهرآباد,Domestic Departure
2025-06-01 22:15:00,آسمان,IRC3784,شیراز,پرواز كرد,28,2025-06-01 22:59:00,EPATE,F100,فرودگاه مهرآباد,Domestic Departure
2025-06-01 22:30:00,یزد ایر,DZD9443,یزد,پرواز كرد,"14, 15",2025-06-01 22:43:00,EPMOH,146-200,فرودگاه مهرآباد,Domestic Departure
2025-06-01 22:35:00,ماهان,IRM1071,زاهدان,پرواز كرد,24,2025-06-01 22:37:00,EPMEA,146-200,فرودگاه مهرآباد,Domestic Departure
2025-06-01 22:55:00,وارش,VRH5850,اهواز,پرواز كرد,6,2025-06-01 23:22:00,EPVAA,B737,فرودگاه مهرآباد,Domestic Departure
2025-06-01 23:15:00,پارس ایر,PRS4460,شیراز,آماده پرواز,"20, 21",,EPPAM,737,فرودگاه مهرآباد,Domestic Departure
2025-06-01 23:30:00,آتا,TBZ5640,تبریز,پایان پذیرش مسافر,11,,,MD83,فرودگاه مهرآباد,Domestic Departure
2025-06-01 23:50:00,ماهان,IRM1053,کرمان,آماده پرواز,23,,EPMOS,146-200,فرودگاه مهرآباد,Domestic Departure
2025-06-04 18:40:00,آتا,TBZ5646,تبریز,طبق برنامه,,,,MD83,فرودگاه مهرآباد,Domestic Departure
2025-06-04 18:45:00,کیش ایر,KIS7025,كيش,طبق برنامه,,,,MD83,فرودگاه مهرآباد,Domestic Departure
2025-06-04 18:50:00,کارون,KRU2608,یزد,طبق برنامه,,,,737-700,فرودگاه مهرآباد,Domestic Departure
2025-06-04 19:00:00,وارش,VRH5814,بندرعباس,طبق برنامه,,,,B737,فرودگاه مهرآباد,Domestic Departure
2025-06-04 19:05:00,فلای پرشیا,FPI7401,شیراز,طبق برنامه,,,,737-700,فرودگاه مهرآباد,Domestic Departure
2025-06-04 19:15:00,تابان,TBN6326,مشهد,طبق برنامه,,,,MD.88,فرودگاه مهرآباد,Domestic Departure
2025-06-04 19:30:00,قشم ایر,QSM1240,قشم,طبق برنامه,,,,F100,فرودگاه مهرآباد,Domestic Departure
2025-06-04 19:30:00,ایران ایرتور,IRB988,اهواز,طبق برنامه,,,,MD83,فرودگاه مهرآباد,Domestic Departure
2025-06-04 19:35:00,آتا,TBZ5712,آبادان,طبق برنامه,,,,MD83,فرودگاه مهرآباد,Domestic Departure
2025-06-04 19:50:00,ساها,IRZ156,شیراز,طبق برنامه,,,,737-700,فرودگاه مهرآباد,Domestic Departure
2025-06-04 19:55:00,زاگرس,IZG4032,كيش,طبق برنامه,,,,MD83,فرودگاه مهرآباد,Domestic Departure
2025-06-04 20:00:00,وارش,VRH5902,مشهد,طبق برنامه,,,,B737,فرودگاه مهرآباد,Domestic Departure
2025-06-04 20:05:00,چابهار,IRU7612,زاهدان,طبق برنامه,,,,MD83,فرودگاه مهرآباد,Domestic Departure
2025-06-04 20:50:00,ایران ایر,IRA265,آبادان,طبق برنامه,,,,F100,فرودگاه مهرآباد,Domestic Departure
2025-06-04 21:05:00,کاسپین,CPN6986,زاهدان,طبق برنامه,,,,MD83,فرودگاه مهرآباد,Domestic Departure
2025-06-04 21:05:00,آوا,AXV7702,مشهد,طبق برنامه,,,,B737,فرودگاه مهرآباد,Domestic Departure
2025-06-04 21:15:00,آتا,TBZ5670,یزد,طبق برنامه,,,,MD83,فرودگاه مهرآباد,Domestic Departure
2025-06-04 21:30:00,اطلس ایر,ATS8284,مشهد,طبق برنامه,,,,RJ85,فرودگاه مهرآباد,Domestic Departure
2025-06-04 21:35:00,اطلس ایر,ATS8280,اهواز,طبق برنامه,,,,737-700,فرودگاه مهرآباد,Domestic Departure
2025-06-04 21:40:00,آسمان,IRC860,آبادان,طبق برنامه,,,,F100,فرودگاه مهرآباد,Domestic Departure
2025-06-04 22:30:00,یزد ایر,DZD9443,یزد,طبق برنامه,,,,146-200,فرودگاه مهرآباد,Domestic Departure
2025-06-04 23:45:00,آتا,TBZ5640,تبریز,طبق برنامه,,,,MD83,فرودگاه مهرآباد,Domestic Departure
2025-06-04 23:45:00,تابان,TBN6252,مشهد,طبق برنامه,,,,MD.88,فرودگاه مهرآباد,Domestic Departure
2025-06-04 23:50:00,ماهان,IRM1053,کرمان,طبق برنامه,,,,146-200,فرودگاه مهرآباد,Domestic Departure
2025-06-04 11:25:00,ماهان,IRM1041,زابل,پرواز كرد,9,2025-06-04 11:39:00,,BAE100,فرودگاه مشهد,Domestic Departure
2025-06-04 11:30:00,کاسپین,CPN4916,چابهار,پرواز كرد,7,2025-06-04 12:23:00,,MD83,فرودگاه مشهد,Domestic Departure
2025-06-04 11:50:00,آتا,TBZ5630,تهران,پرواز كرد,11,2025-06-04 12:00:00,,MD80,فرودگاه مشهد,Domestic Departure
2025-06-04 12:00:00,سپهران,SHI4326,رشت,پرواز كرد,"5, 6",2025-06-04 12:29:00,,B737,فرودگاه مشهد,Domestic Departure
2025-06-04 12:00:00,کیش ایر,KIS7147,عسلویه,باطل شد,,,,MD82,فرودگاه مشهد,Domestic Departure
2025-06-04 12:00:00,کیش ایر,KIS7107,بندرعباس,پرواز كرد,"3, 4",2025-06-04 12:11:00,,MD82,فرودگاه مشهد,Domestic Departure
2025-06-04 12:15:00,هواپیمایی اطلس,ATS8289,تهران,پرواز كرد,"7, 8",2025-06-04 13:00:00,,737-700,فرودگاه مشهد,Domestic Departure
2025-06-04 12:25:00,ساها,IRZ163,تهران,پرواز كرد,"9, 10",2025-06-04 12:34:00,,B737,فرودگاه مشهد,Domestic Departure
2025-06-04 12:30:00,چابهار,IRU7661,تهران,پرواز كرد,"22, 23",2025-06-04 12:49:00,,MD83,فرودگاه مشهد,Domestic Departure
2025-06-02 07:00:00,ماهان,IRM0000,نا مشخص,دريافت كارت پرواز,33,,,747,فرودگاه مهرآباد,Domestic Departure
2025-06-04 12:50:00,آتا,TBZ5730,تهران,در حال سوار شدن,"11, 12",,,MD80,فرودگاه مشهد,Domestic Departure
2025-06-04 13:55:00,کاسپین,CPN025,تهران,پرواز كرد,"3, 4",2025-06-04 14:13:00,,MD83,فرودگاه مشهد,Domestic Departure
2025-06-04 14:30:00,زاگرس,IZG4043,تهران,پرواز كرد,20,2025-06-04 14:55:00,,MD82,فرودگاه مشهد,Domestic Departure
2025-06-04 15:00:00,هواپیمایی پارس,PRS4481,تهران,دريافت كارت پرواز,"1, 2",,,B737,فرودگاه مشهد,Domestic Departure
2025-06-04 15:30:00,پويا,PYA2313,تهران,دريافت كارت پرواز,5,,,EMB145,فرودگاه مشهد,Domestic Departure
2025-06-04 15:40:00,فلای پرشیا,FPI7441,تهران,دريافت كارت پرواز,"9, 10",,,B737,فرودگاه مشهد,Domestic Departure
2025-06-04 15:45:00,وارش,VRH5877,تهران,دريافت كارت پرواز,21,,,B737,فرودگاه مشهد,Domestic Departure
2025-06-04 15:45:00,کاسپین,CPN027,تهران,دريافت كارت پرواز,"7, 8",,,B737,فرودگاه مشهد,Domestic Departure
2025-06-04 16:00:00,آتا,TBZ5750,اصفهان,دريافت كارت پرواز,13,,,MD80,فرودگاه مشهد,Domestic Departure
2025-06-04 16:00:00,آسمان,IRC603,تهران,دريافت كارت پرواز,"3, 4",,,F100,فرودگاه مشهد,Domestic Departure
2025-06-04 16:00:00,تابان,TBN6313,رشت,دريافت كارت پرواز,17,,,MD.88,فرودگاه مشهد,Domestic Departure
2025-06-04 16:00:00,ایران ایرتور,IRB950,تبریز,دريافت كارت پرواز,"29, 30",,,MD82,فرودگاه مشهد,Domestic Departure
2025-06-04 16:20:00,قشم ایر,QSM1275,تبریز,دريافت كارت پرواز,6,,,F100,فرودگاه مشهد,Domestic Departure
2025-06-04 16:30:00,وارش,VRH5857,تهران,طبق برنامه,23,,,B737,فرودگاه مشهد,Domestic Departure
2025-06-04 17:00:00,زاگرس,IZG4041,تهران,طبق برنامه,,,,md88,فرودگاه مشهد,Domestic Departure
2025-06-04 17:00:00,سپهران,SHI4338,اهواز,طبق برنامه,"7, 8",,,B737,فرودگاه مشهد,Domestic Departure
2025-06-04 17:00:00,آتا,TBZ5727,کرمان,طبق برنامه,12,,,MD80,فرودگاه مشهد,Domestic Departure
2025-06-04 17:30:00,وارش,VRH5804,ساری,طبق برنامه,22,,,B737,فرودگاه مشهد,Domestic Departure
2025-06-04 17:30:00,ایران ایرتور,IRB967,تهران,طبق برنامه,,,,MD82,فرودگاه مشهد,Domestic Departure
2025-06-04 17:45:00,سپهران,SHI4366,آبادان,طبق برنامه,"9, 10",,,B737,فرودگاه مشهد,Domestic Departure
2025-06-04 18:00:00,هواپیمایی اطلس,ATS8286,آبادان,طبق برنامه,"5, 6",,,B737,فرودگاه مشهد,Domestic Departure
2025-06-04 18:00:00,کیش ایر,KIS7073,كيش,طبق برنامه,"3, 4",,,MD82,فرودگاه مشهد,Domestic Departure
2025-06-04 19:00:00,آتا,TBZ5705,شیراز,طبق برنامه,"11, 12",,,MD80,فرودگاه مشهد,Domestic Departure
2025-06-04 20:00:00,کیش ایر,KIS7010,آبادان,باطل شد,,,,MD82,فرودگاه مشهد,Domestic Departure
2025-06-04 20:15:00,هواپیمایی پارس,PRS4415,آبادان,طبق برنامه,"9, 10",,,B737,فرودگاه مشهد,Domestic Departure
2025-06-04 20:20:00,فلای پرشیا,FPI7443,تهران,طبق برنامه,"3, 4",,,B737,فرودگاه مشهد,Domestic Departure
2025-06-04 20:40:00,آتا,TBZ5620,تهران,طبق برنامه,"11, 12",,,MD80,فرودگاه مشهد,Domestic Departure
2025-06-04 21:00:00,تابان,TBN6255,تهران,طبق برنامه,,,,MD.88,فرودگاه مشهد,Domestic Departure
2025-06-04 21:00:00,آتا,TBZ5647,آبادان,طبق برنامه,13,,,MD80,فرودگاه مشهد,Domestic Departure
2025-06-04 21:05:00,ایران ایر,IRA335,اهواز,طبق برنامه,,,,A319,فرودگاه مشهد,Domestic Departure
2025-06-04 21:15:00,هواپیمایی پارس,PRS4401,تهران,طبق برنامه,,,,B737,فرودگاه مشهد,Domestic Departure
2025-06-04 21:50:00,آتا,TBZ5650,اصفهان,طبق برنامه,11,,,MD80,فرودگاه مشهد,Domestic Departure
2025-06-04 22:15:00,قشم ایر,QSM1253,تهران,طبق برنامه,,,,F100,فرودگاه مشهد,Domestic Departure
2025-06-04 22:15:00,وارش,VRH5802,ساری,طبق برنامه,,,,B737,فرودگاه مشهد,Domestic Departure
2025-06-04 22:15:00,وارش,VRH5841,تهران,طبق برنامه,,,,B737,فرودگاه مشهد,Domestic Departure
2025-06-04 22:50:00,ساها,IRZ171,تهران,طبق برنامه,,,,B737,فرودگاه مشهد,Domestic Departure
2025-06-04 23:30:00,وارش,VRH5819,تهران,طبق برنامه,,,,B737,فرودگاه مشهد,Domestic Departure
2025-06-04 23:59:00,هواپیمایی اطلس,ATS8285,تهران,طبق برنامه,,,,B737,فرودگاه مشهد,Domestic Departure
2025-06-04 05:00:00,سپهران,SHI4358,کرمانشاه,طبق برنامه,,,,B737,فرودگاه مشهد,Domestic Departure
2025-06-04 05:00:00,زاگرس,IZG4043,تهران,طبق برنامه,,,,MD82,فرودگاه مشهد,Domestic Departure
2025-06-04 06:00:00,آتا,TBZ5709,یزد,طبق برنامه,,,,MD80,فرودگاه مشهد,Domestic Departure
2025-06-04 06:00:00,تابان,TBN6209,اصفهان,طبق برنامه,,,,MD.88,فرودگاه مشهد,Domestic Departure
2025-06-04 06:00:00,ماهان,IRM1036,تهران,طبق برنامه,,,,747,فرودگاه مشهد,Domestic Departure
2025-06-04 06:00:00,ایران ایرتور,IRB982,بوشهر,طبق برنامه,,,,MD82,فرودگاه مشهد,Domestic Departure
2025-06-04 06:45:00,آوا,AXV7728,کرمانشاه,طبق برنامه,,,,B737,فرودگاه مشهد,Domestic Departure
2025-06-04 07:00:00,آتا,TBZ5650,اصفهان,طبق برنامه,,,,MD80,فرودگاه مشهد,Domestic Departure
2025-06-04 07:10:00,آسمان,IRC611,تهران,طبق برنامه,,,,F100,فرودگاه مشهد,Domestic Departure
2025-06-04 07:20:00,فلای پرشیا,FPI7441,تهران,طبق برنامه,,,,B737,فرودگاه مشهد,Domestic Departure
2025-06-04 07:30:00,زاگرس,IZG4102,تبریز,طبق برنامه,,,,MD82,فرودگاه مشهد,Domestic Departure
2025-06-04 07:45:00,هواپیمایی اطلس,ATS8296,آبادان,طبق برنامه,,,,MD83,فرودگاه مشهد,Domestic Departure
2025-06-04 08:00:00,آتا,TBZ5727,کرمان,طبق برنامه,,,,MD80,فرودگاه مشهد,Domestic Departure
2025-06-04 08:00:00,وارش,VRH5854,اصفهان,طبق برنامه,,,,B737,فرودگاه مشهد,Domestic Departure
2025-06-04 08:10:00,آتا,TBZ5620,تهران,طبق برنامه,,,,MD80,فرودگاه مشهد,Domestic Departure
2025-06-04 08:45:00,چابهار,IRU7654,آبادان,طبق برنامه,,,,MD83,فرودگاه مشهد,Domestic Departure
2025-06-04 08:45:00,اروان,INA6752,آبادان,طبق برنامه,,,,B737,فرودگاه مشهد,Domestic Departure
2025-06-04 08:50:00,ماهان,IRM1090,زنجان,طبق برنامه,,,,BAE100,فرودگاه مشهد,Domestic Departure
2025-06-04 09:20:00,کاسپین,CPN4928,نوشهر,طبق برنامه,,,,B737,فرودگاه مشهد,Domestic Departure
2025-06-04 09:45:00,آسمان,IRC601,تهران,طبق برنامه,,,,F100,فرودگاه مشهد,Domestic Departure
2025-06-04 10:30:00,کارون,KRU2555,ماهشهر,طبق برنامه,,,,B737,فرودگاه مشهد,Domestic Departure
2025-06-04 10:40:00,آتا,TBZ5699,تهران,طبق برنامه,,,,MD80,فرودگاه مشهد,Domestic Departure
2025-06-04 11:00:00,زاگرس,IZG4148,رشت,طبق برنامه,,,,MD82,فرودگاه مشهد,Domestic Departure
2025-06-04 11:30:00,ایران ایرتور,IRB900,تبریز,طبق برنامه,,,,MD82,فرودگاه مشهد,Domestic Departure
2025-05-27 20:10:00,تابان,TBN6326,مشهد,طبق برنامه,,,,MD.88,فرودگاه مهرآباد,Domestic Departure
2025-05-27 20:30:00,ماهان,IRM1037,مشهد,طبق برنامه,,,,AB6,فرودگاه مهرآباد,Domestic Departure
2025-05-27 20:40:00,آتا,TBZ5619,مشهد,طبق برنامه,,,,MD83,فرودگاه مهرآباد,Domestic Departure
2025-05-27 20:40:00,آتا,TBZ5635,اهواز,طبق برنامه,,,,MD83,فرودگاه مهرآباد,Domestic Departure
2025-05-27 21:00:00,زاگرس,IZG4050,بندرعباس,طبق برنامه,,,,MD83,فرودگاه مهرآباد,Domestic Departure
2025-05-27 21:10:00,کاسپین,CPN6960,بندرعباس,طبق برنامه,,,,MD83,فرودگاه مهرآباد,Domestic Departure
2025-05-27 21:15:00,کیش ایر,KIS7125,كيش,طبق برنامه,,,,MD83,فرودگاه مهرآباد,Domestic Departure
2025-05-27 21:20:00,آوا,AXV7730,مشهد,طبق برنامه,,,,737-700,فرودگاه مهرآباد,Domestic Departure
2025-05-27 21:20:00,ایران ایر,IRA298,یزد,طبق برنامه,,,,F100,فرودگاه مهرآباد,Domestic Departure
2025-05-27 21:30:00,آتا,TBZ5670,یزد,طبق برنامه,,,,MD83,فرودگاه مهرآباد,Domestic Departure
2025-05-27 21:30:00,آسمان,IRC3784,شیراز,طبق برنامه,,,,F100,فرودگاه مهرآباد,Domestic Departure
2025-05-27 21:35:00,کاسپین,CPN026,مشهد,طبق برنامه,,,,MD83,فرودگاه مهرآباد,Domestic Departure
2025-05-27 21:40:00,کارون,KRU2660,ارومیه,طبق برنامه,,,,F100,فرودگاه مهرآباد,Domestic Departure
2025-05-27 21:45:00,آتا,TBZ5629,مشهد,طبق برنامه,,,,MD83,فرودگاه مهرآباد,Domestic Departure
2025-05-27 21:45:00,کیش ایر,KIS7057,كيش,طبق برنامه,,,,MD83,فرودگاه مهرآباد,Domestic Departure
2025-05-27 22:00:00,آتا,TBZ5606,تبریز,طبق برنامه,,,,MD83,فرودگاه مهرآباد,Domestic Departure
2025-05-27 22:00:00,کارون,KRU2610,دزفول,طبق برنامه,,,,F100,فرودگاه مهرآباد,Domestic Departure
2025-05-27 22:05:00,چابهار,IRU7664,شیراز,طبق برنامه,,,,MD82,فرودگاه مهرآباد,Domestic Departure
2025-05-27 22:10:00,پارس ایر,PRS4488,طبس,طبق برنامه,,,,CRJ200,فرودگاه مهرآباد,Domestic Departure
2025-05-27 22:15:00,کیش ایر,KIS7069,مشهد,طبق برنامه,,,,MD83,فرودگاه مهرآباد,Domestic Departure
2025-05-27 22:30:00,چابهار,IRU7642,اهواز,طبق برنامه,,,,MD83,فرودگاه مهرآباد,Domestic Departure
2025-05-27 22:30:00,یزد ایر,DZD9443,یزد,طبق برنامه,,,,146-200,فرودگاه مهرآباد,Domestic Departure
2025-06-04 11:30:00,هواپیمایی یزد,DZD6898,تهران,طبق برنامه,,,,BAE100,فرودگاه مشهد,Domestic Departure
2025-06-04 11:50:00,آوا,AXV7731,تهران,باطل شد,,,,B737,فرودگاه مشهد,Domestic Departure
2025-06-04 11:50:00,چابهار,IRU7641,تهران,طبق برنامه,,,,MD83,فرودگاه مشهد,Domestic Departure
2025-06-04 11:55:00,کاسپین,CPN6926,عسلویه,طبق برنامه,,,,MD83,فرودگاه مشهد,Domestic Departure
2025-06-04 12:00:00,فلای پرشیا,FPI7439,تهران,طبق برنامه,,,,B737,فرودگاه مشهد,Domestic Departure
2025-06-04 12:00:00,ایران ایرتور,IRB952,ارومیه,طبق برنامه,,,,MD82,فرودگاه مشهد,Domestic Departure
2025-06-04 12:10:00,هواپیمایی رایمون,RAI7523,تهران,طبق برنامه,,,,EMB145,فرودگاه مشهد,Domestic Departure
2025-06-04 12:10:00,قشم ایر,QSM1208,زاهدان,طبق برنامه,,,,F100,فرودگاه مشهد,Domestic Departure
2025-06-04 12:30:00,وارش,VRH5802,ساری,طبق برنامه,,,,B737,فرودگاه مشهد,Domestic Departure
2025-06-04 12:30:00,ایران ایرتور,IRB904,رشت,طبق برنامه,,,,MD82,فرودگاه مشهد,Domestic Departure
2025-06-04 12:40:00,آتا,TBZ5630,تهران,طبق برنامه,,,,MD80,فرودگاه مشهد,Domestic Departure
2025-06-04 12:50:00,آوا,AXV7740,رامسر,طبق برنامه,,,,B737,فرودگاه مشهد,Domestic Departure
2025-06-04 13:00:00,وارش,VRH5903,تهران,طبق برنامه,,,,B737,فرودگاه مشهد,Domestic Departure
2025-06-04 13:00:00,آتا,TBZ5616,تبریز,طبق برنامه,,,,MD80,فرودگاه مشهد,Domestic Departure
2025-06-04 13:00:00,چابهار,IRU7611,تهران,طبق برنامه,,,,MD82,فرودگاه مشهد,Domestic Departure
2025-06-04 13:10:00,سپهران,SHI4326,رشت,طبق برنامه,,,,B737,فرودگاه مشهد,Domestic Departure
2025-06-04 13:45:00,کاسپین,CPN027,تهران,طبق برنامه,,,,B737,فرودگاه مشهد,Domestic Departure
2025-06-04 14:00:00,زاگرس,IZG4041,تهران,طبق برنامه,22,,,MD82,فرودگاه مشهد,Domestic Departure
2025-06-04 14:25:00,اروان,INA6751,تهران,طبق برنامه,,,,B737,فرودگاه مشهد,Domestic Departure
2025-06-04 14:40:00,چابهار,IRU7661,تهران,طبق برنامه,,,,MD83,فرودگاه مشهد,Domestic Departure
2025-06-04 14:55:00,ماهان,IRM1098,اردبیل,طبق برنامه,,,,BAE100,فرودگاه مشهد,Domestic Departure
2025-06-04 15:00:00,هواپیمایی رایمون,RAI7533,کرج,طبق برنامه,,,,EMB145,فرودگاه مشهد,Domestic Departure
2025-06-04 15:00:00,آتا,TBZ5720,تهران,طبق برنامه,,,,MD80,فرودگاه مشهد,Domestic Departure
2025-06-04 16:30:00,زاگرس,IZG4120,اهواز,طبق برنامه,,,,MD82,فرودگاه مشهد,Domestic Departure
2025-06-04 16:30:00,آتا,TBZ5750,اصفهان,طبق برنامه,,,,MD80,فرودگاه مشهد,Domestic Departure
2025-06-04 17:00:00,وارش,VRH5819,تهران,طبق برنامه,,,,B737,فرودگاه مشهد,Domestic Departure
2025-06-04 17:00:00,وارش,VRH5810,اهواز,طبق برنامه,,,,B737,فرودگاه مشهد,Domestic Departure
2025-06-04 17:00:00,سپهران,SHI4356,تبریز,طبق برنامه,,,,B737,فرودگاه مشهد,Domestic Departure
2025-06-04 17:00:00,تابان,TBN6251,تهران,طبق برنامه,,,,MD.88,فرودگاه مشهد,Domestic Departure
2025-06-04 17:20:00,قشم ایر,QSM1253,تهران,طبق برنامه,,,,F100,فرودگاه مشهد,Domestic Departure
2025-06-04 17:25:00,هواپیمایی رایمون,RAI7531,رشت,طبق برنامه,,,,EMB145,فرودگاه مشهد,Domestic Departure
2025-06-04 17:30:00,ایران ایرتور,IRB908,کرمانشاه,طبق برنامه,,,,MD82,فرودگاه مشهد,Domestic Departure
2025-06-04 17:30:00,ایران ایرتور,IRB963,تهران,طبق برنامه,,,,MD82,فرودگاه مشهد,Domestic Departure
2025-06-04 18:00:00,کاسپین,CPN6940,خرم‌آباد,طبق برنامه,,,,MD82,فرودگاه مشهد,Domestic Departure
2025-06-04 18:00:00,تابان,TBN6201,آبادان,طبق برنامه,,,,MD.88,فرودگاه مشهد,Domestic Departure
2025-06-04 18:00:00,سپهران,SHI4338,اهواز,طبق برنامه,,,,B737,فرودگاه مشهد,Domestic Departure
2025-06-04 18:00:00,هواپیمایی پارس,PRS4456,آبادان,طبق برنامه,,,,B737,فرودگاه مشهد,Domestic Departure
2025-06-04 18:00:00,کیش ایر,KIS7168,تهران,طبق برنامه,,,,MD82,فرودگاه مشهد,Domestic Departure
2025-06-04 18:10:00,آتا,TBZ5614,تهران,طبق برنامه,,,,MD80,فرودگاه مشهد,Domestic Departure
2025-06-04 18:30:00,آوا,AXV7703,تهران,باطل شد,,,,B737,فرودگاه مشهد,Domestic Departure
2025-06-04 18:30:00,آتا,TBZ5651,اصفهان,طبق برنامه,,,,MD80,فرودگاه مشهد,Domestic Departure
2025-06-04 19:15:00,هواپیمایی اطلس,ATS8275,تهران,طبق برنامه,,,,ERJ190,فرودگاه مشهد,Domestic Departure
2025-06-04 19:15:00,هواپیمایی اطلس,ATS8289,تهران,طبق برنامه,,,,B737,فرودگاه مشهد,Domestic Departure
2025-06-04 19:35:00,آسمان,IRC3851,شیراز,طبق برنامه,,,,F100,فرودگاه مشهد,Domestic Departure
2025-06-04 19:40:00,آتا,TBZ5641,اهواز,طبق برنامه,,,,MD80,فرودگاه مشهد,Domestic Departure
2025-06-04 20:05:00,چابهار,IRU7651,تهران,طبق برنامه,,,,MD83,فرودگاه مشهد,Domestic Departure
2025-06-04 20:30:00,آتا,TBZ5695,اهواز,طبق برنامه,,,,MD80,فرودگاه مشهد,Domestic Departure
2025-06-04 20:30:00,زاگرس,IZG4110,شیراز,طبق برنامه,,,,MD82,فرودگاه مشهد,Domestic Departure
2025-06-04 20:30:00,ایران ایرتور,IRB976,آبادان,طبق برنامه,,,,MD82,فرودگاه مشهد,Domestic Departure
2025-06-01 19:45:00,آسمان,IRC601,تهران,پرواز كرد,"7, 8",2025-06-01 20:19:00,,F100,فرودگاه مشهد,Domestic Departure
2025-06-01 20:30:00,آتا,TBZ5675,اصفهان,پرواز كرد,11,2025-06-01 21:41:00,,MD80,فرودگاه مشهد,Domestic Departure
2025-06-01 20:30:00,زاگرس,IZG4140,اصفهان,پرواز كرد,20,2025-06-01 20:45:00,,MD82,فرودگاه مشهد,Domestic Departure
2025-06-01 20:30:00,ایران ایرتور,IRB976,آبادان,آماده پرواز,"29, 30",,,MD82,فرودگاه مشهد,Domestic Departure
2025-06-01 20:35:00,ماهان,IRM1076,کرمان,پرواز كرد,"9, 10",2025-06-01 20:50:00,,BAE100,فرودگاه مشهد,Domestic Departure
2025-06-01 21:00:00,تابان,TBN6233,شیراز,پرواز كرد,22,2025-06-01 21:12:00,,MD.88,فرودگاه مشهد,Domestic Departure
2025-06-01 21:00:00,آتا,TBZ5709,یزد,پرواز كرد,14,2025-06-01 22:25:00,,MD80,فرودگاه مشهد,Domestic Departure
2025-05-26 01:30:00,کیش ایر,KIS7058,مشهد,پذیرش مسافر,3-4,,,MD82,فرودگاه شيراز,Domestic Departure
2025-05-26 05:00:00,آسمان,IRC3770,تهران,طبق برنامه,,,,100,فرودگاه شيراز,Domestic Departure
2025-05-26 05:45:00,پارس,PRS4468,آغاجاری,طبق برنامه,,,,CRJ200,فرودگاه شيراز,Domestic Departure
2025-05-26 07:30:00,کارون,KRU2536a,بهرگان,طبق برنامه,,,,100,فرودگاه شيراز,Domestic Departure
2025-05-26 08:10:00,چابهار,IRU7627,تهران,طبق برنامه,,,,MD82,فرودگاه شيراز,Domestic Departure
2025-05-26 08:30:00,یزد ایر,DZD9409,كيش,طبق برنامه,,,,EMB145,فرودگاه شيراز,Domestic Departure
2025-05-26 08:45:00,ساها,IRZ164,لاوان,طبق برنامه,,,,737,فرودگاه شيراز,Domestic Departure
2025-05-26 09:00:00,ماهان,IRM4582,تهران,طبق برنامه,,,,F50,فرودگاه شيراز,Domestic Departure
2025-05-26 09:40:00,آسمان,IRC3812,تبریز,طبق برنامه,,,,100,فرودگاه شيراز,Domestic Departure
2025-06-01 21:00:00,ایران ایر,IRA387,بیرجند,پرواز كرد,"24, 25, 26, 27",2025-06-01 21:32:00,,F100,فرودگاه مشهد,Domestic Departure
2025-06-01 21:00:00,ماهان,IRM1080,تهران,پرواز كرد,"7, 8",2025-06-01 21:53:00,,BAE100,فرودگاه مشهد,Domestic Departure
2025-06-01 21:30:00,آتا,TBZ5647,آبادان,پرواز كرد,13,2025-06-01 21:57:00,,MD80,فرودگاه مشهد,Domestic Departure
2025-06-01 21:50:00,آتا,TBZ5730,تهران,پرواز كرد,12,2025-06-01 22:33:00,,MD80,فرودگاه مشهد,Domestic Departure
2025-06-01 22:15:00,هواپیمایی پارس,PRS4415,آبادان,پرواز كرد,"5, 6",2025-06-01 23:02:00,,B737,فرودگاه مشهد,Domestic Departure
2025-06-01 22:15:00,وارش,VRH5841,تهران,پرواز كرد,21,2025-06-01 22:44:00,,B737,فرودگاه مشهد,Domestic Departure
2025-06-01 22:25:00,سپهران,SHI4346,آبادان,پرواز كرد,"9, 10",2025-06-01 22:55:00,,B737,فرودگاه مشهد,Domestic Departure
2025-06-01 22:30:00,معراج,MRJ2805,تهران,پرواز كرد,"2, 3, 4",2025-06-01 22:36:00,,A321,فرودگاه مشهد,Domestic Departure
2025-06-01 22:30:00,وارش,VRH5804,ساری,پرواز كرد,23,2025-06-01 22:50:00,,B737,فرودگاه مشهد,Domestic Departure
2025-06-01 22:30:00,آوا,AXV7748,اهواز,پایان پذیرش مسافر,"7, 8",,,B737,فرودگاه مشهد,Domestic Departure
2025-06-01 23:00:00,کیش ایر,KIS7059,شیراز,آماده پرواز,"1, 2",,,MD82,فرودگاه مشهد,Domestic Departure
2025-06-01 23:25:00,کاسپین,CPN025,تهران,پرواز كرد,"5, 6",2025-06-01 23:29:00,,MD82,فرودگاه مشهد,Domestic Departure
2025-06-01 23:30:00,ایران ایر,IRA467,تهران,آماده پرواز,"25, 26, 27",,,A319,فرودگاه مشهد,Domestic Departure
2025-06-01 23:50:00,آتا,TBZ5618,تهران,تاخیر - 00:50,,,,MD80,فرودگاه مشهد,Domestic Departure
2025-06-01 23:55:00,هواپیمایی اطلس,ATS8289,تهران,پایان پذیرش مسافر,"9, 10",,,B737,فرودگاه مشهد,Domestic Departure
2025-06-02 04:00:00,کیش ایر,KIS7068,تهران,طبق برنامه,"3, 4",,,MD82,فرودگاه مشهد,Domestic Departure
2025-06-02 05:00:00,زاگرس,IZG4106,آبادان,طبق برنامه,20,,,MD82,فرودگاه مشهد,Domestic Departure
2025-06-02 06:00:00,آتا,TBZ5651,اصفهان,طبق برنامه,,,,MD80,فرودگاه مشهد,Domestic Departure
2025-06-02 06:00:00,تابان,TBN6209,اصفهان,طبق برنامه,22,,,MD.88,فرودگاه مشهد,Domestic Departure
2025-06-02 06:00:00,سپهران,SHI4358,کرمانشاه,طبق برنامه,"3, 4",,,B737,فرودگاه مشهد,Domestic Departure
2025-06-02 06:00:00,ماهان,IRM1036,تهران,طبق برنامه,"7, 8, 9, 10",,,747,فرودگاه مشهد,Domestic Departure
2025-06-02 06:00:00,ایران ایرتور,IRB961,تهران,طبق برنامه,,,,MD82,فرودگاه مشهد,Domestic Departure
2025-06-02 07:00:00,ایران ایرتور,IRB904,رشت,طبق برنامه,,,,MD82,فرودگاه مشهد,Domestic Departure
2025-06-02 07:30:00,وارش,VRH5854,اصفهان,طبق برنامه,23,,,B737,فرودگاه مشهد,Domestic Departure
2025-06-02 07:30:00,زاگرس,IZG4102,تبریز,طبق برنامه,21,,,MD82,فرودگاه مشهد,Domestic Departure
2025-06-02 08:00:00,کاسپین,CPN6940,خرم‌آباد,طبق برنامه,"3, 4",,,MD83,فرودگاه مشهد,Domestic Departure
2025-06-02 08:00:00,هواپیمایی پارس,PRS4456,آبادان,طبق برنامه,"9, 10",,,B737,فرودگاه مشهد,Domestic Departure
2025-06-02 08:00:00,آتا,TBZ5717,رامسر,طبق برنامه,,,,MD80,فرودگاه مشهد,Domestic Departure
2025-06-02 08:00:00,آتا,TBZ5641,اهواز,طبق برنامه,,,,MD80,فرودگاه مشهد,Domestic Departure
2025-06-02 08:40:00,آتا,TBZ5720,تهران,طبق برنامه,11,,,MD80,فرودگاه مشهد,Domestic Departure
2025-06-02 08:45:00,اروان,INA6752,آبادان,طبق برنامه,18,,,B737,فرودگاه مشهد,Domestic Departure
2025-06-02 08:50:00,ماهان,IRM1090,زنجان,طبق برنامه,7,,,BAE100,فرودگاه مشهد,Domestic Departure
2025-06-02 10:30:00,کارون,KRU2555,ماهشهر,طبق برنامه,,,,B737,فرودگاه مشهد,Domestic Departure
2025-06-02 10:45:00,وارش,VRH5903,تهران,طبق برنامه,,,,B737,فرودگاه مشهد,Domestic Departure
2025-06-02 11:00:00,آتا,TBZ5699,تهران,طبق برنامه,,,,MD80,فرودگاه مشهد,Domestic Departure
2025-06-02 11:00:00,ایران ایرتور,IRB900,تبریز,طبق برنامه,,,,MD82,فرودگاه مشهد,Domestic Departure
2025-06-02 11:25:00,ماهان,IRM1041,زابل,طبق برنامه,,,,BAE100,فرودگاه مشهد,Domestic Departure
2025-06-02 11:45:00,سپهران,SHI4323,بندرعباس,طبق برنامه,,,,B737,فرودگاه مشهد,Domestic Departure
2025-06-02 11:50:00,آوا,AXV7731,تهران,طبق برنامه,,,,B737,فرودگاه مشهد,Domestic Departure
2025-06-02 12:00:00,چابهار,IRU7641,تهران,طبق برنامه,,,,MD83,فرودگاه مشهد,Domestic Departure
2025-06-02 12:00:00,ایران ایرتور,IRB952,ارومیه,طبق برنامه,,,,MD82,فرودگاه مشهد,Domestic Departure
2025-06-02 12:05:00,سپهران,SHI4326,رشت,طبق برنامه,,,,B737,فرودگاه مشهد,Domestic Departure
2025-06-02 12:30:00,وارش,VRH5819,تهران,طبق برنامه,,,,B737,فرودگاه مشهد,Domestic Departure
2025-06-02 12:30:00,چابهار,IRU7661,تهران,طبق برنامه,,,,MD83,فرودگاه مشهد,Domestic Departure
2025-06-02 12:30:00,وارش,VRH5802,ساری,طبق برنامه,,,,B737,فرودگاه مشهد,Domestic Departure
2025-06-02 12:40:00,آتا,TBZ5630,تهران,طبق برنامه,,,,MD80,فرودگاه مشهد,Domestic Departure
2025-06-02 13:00:00,آتا,TBZ5616,تبریز,طبق برنامه,,,,MD80,فرودگاه مشهد,Domestic Departure
2025-06-02 13:00:00,آتا,TBZ5618,تهران,طبق برنامه,,,,MD80,فرودگاه مشهد,Domestic Departure
2025-06-02 13:00:00,چابهار,IRU7611,تهران,طبق برنامه,,,,MD82,فرودگاه مشهد,Domestic Departure
2025-06-02 13:10:00,هواپیمایی یزد,DZD9447,شیراز,طبق برنامه,,,,BAE100,فرودگاه مشهد,Domestic Departure
2025-06-02 13:30:00,زاگرس,IZG4108,بوشهر,طبق برنامه,,,,MD82,فرودگاه مشهد,Domestic Departure
2025-06-02 13:35:00,کاسپین,CPN4928,نوشهر,طبق برنامه,,,,B737,فرودگاه مشهد,Domestic Departure
2025-06-02 13:40:00,کاسپین,CPN025,تهران,طبق برنامه,,,,MD83,فرودگاه مشهد,Domestic Departure
2025-06-02 13:45:00,هواپیمایی اطلس,ATS8283,تهران,طبق برنامه,,,,RJ85,فرودگاه مشهد,Domestic Departure
2025-06-02 14:00:00,هواپیمایی پارس,PRS5401,تهران,طبق برنامه,,,,B737,فرودگاه مشهد,Domestic Departure
2025-06-02 14:00:00,زاگرس,IZG4041,تهران,طبق برنامه,,,,MD82,فرودگاه مشهد,Domestic Departure
2025-06-02 14:20:00,آتا,TBZ5614,تهران,طبق برنامه,,,,MD80,فرودگاه مشهد,Domestic Departure
2025-06-02 14:25:00,اروان,INA6751,تهران,طبق برنامه,,,,B737,فرودگاه مشهد,Domestic Departure
2025-05-26 11:45:00,اطلس,ATS8280,مشهد,طبق برنامه,,,,737,فرودگاه شيراز,Domestic Departure
2025-05-26 12:15:00,ساها,IRZ159,تهران,طبق برنامه,,,,737,فرودگاه شيراز,Domestic Departure
2025-05-26 12:30:00,یزد ایر,DZD6894,تهران,طبق برنامه,,,,146-100,فرودگاه شيراز,Domestic Departure
2025-05-26 13:15:00,پارس,PRS4427,تهران,طبق برنامه,,,,CRJ200,فرودگاه شيراز,Domestic Departure
2025-05-26 15:10:00,قشم,QSM1261,تهران,طبق برنامه,,,,100,فرودگاه شيراز,Domestic Departure
2025-05-26 17:30:00,آسمان,IRC3776,تهران,طبق برنامه,,,,100,فرودگاه شيراز,Domestic Departure
2025-05-26 10:15:00,معراج,MRJ2872,مشهد,باطل شد,,,,A320,فرودگاه تبريز,Domestic Departure
2025-05-28 22:15:00,پارس,PRS4405,تهران,پروازکرد22:39,3-4,2025-05-28 22:39:00,,737,فرودگاه شيراز,Domestic Departure
2025-05-28 22:20:00,ساها,IRZ157,تهران,پروازکرد22:28,5-6,2025-05-28 22:28:00,,737,فرودگاه شيراز,Domestic Departure
2025-05-28 22:45:00,کیش ایر,KIS7061,كيش,پروازکرد23:07,1-2,2025-05-28 23:07:00,,MD83,فرودگاه شيراز,Domestic Departure
2025-05-28 23:15:00,زاگرس,IZG4111,مشهد,در حال سوار شدن,11-12,,,MD82,فرودگاه شيراز,Domestic Departure
2025-05-29 01:00:00,فلای پرشیا,FPI7400,تهران,طبق برنامه,,,,737,فرودگاه شيراز,Domestic Departure
2025-05-29 03:00:00,کیش ایر,KIS7150,تهران,طبق برنامه,,,,MD82,فرودگاه شيراز,Domestic Departure
2025-05-29 05:00:00,آسمان,IRC3770,تهران,طبق برنامه,,,,100,فرودگاه شيراز,Domestic Departure
2025-05-29 07:15:00,چابهار,IRU7647,تهران,طبق برنامه,,,,MD83,فرودگاه شيراز,Domestic Departure
2025-05-29 07:20:00,ماهان,4562a,اهواز,طبق برنامه,,,,146-300,فرودگاه شيراز,Domestic Departure
2025-05-29 08:20:00,کاسپین,CPN6948,عسلویه,طبق برنامه,,,,MD82,فرودگاه شيراز,Domestic Departure
2025-05-29 09:50:00,آسمان,IRC3904,ساری,طبق برنامه,,,,100,فرودگاه شيراز,Domestic Departure
2025-05-29 10:50:00,قشم,QSM1232,خارگ,طبق برنامه,,,,100,فرودگاه شيراز,Domestic Departure
2025-05-29 11:10:00,ساها,IRZ164,لاوان,طبق برنامه,,,,737,فرودگاه شيراز,Domestic Departure
2025-05-29 11:25:00,ماهان,4563a,کرمان,طبق برنامه,,,,146-300,فرودگاه شيراز,Domestic Departure
2025-05-29 11:35:00,کاسپین,CPN049,تهران,طبق برنامه,,,,MD83,فرودگاه شيراز,Domestic Departure
2025-05-28 12:55:00,فلای دبی,FDB242,دبی,پروازکرد12:57,12:57,,737,2025-05-30,فرودگاه شيراز,International Departure
2025-05-28 16:55:00,جزیره,JZR182,کویت,پروازکرد17:00,17:00,,A320,2025-05-30,فرودگاه شيراز,International Departure
2025-05-28 20:45:00,سلام ایر,OMS556,مسقط,پروازکرد20:47,20:47,,737,2025-05-30,فرودگاه شيراز,International Departure
2025-05-29 01:55:00,ترکیش,THY885,استانبول,پذیرش مسافر,,,A321,2025-05-30,فرودگاه شيراز,International Departure
2025-05-29 05:10:00,قطر,QTR477,دوحه,طبق برنامه,,,A320,2025-05-30,فرودگاه شيراز,International Departure
2025-05-29 06:00:00,پارس,PRS5472,نجف,طبق برنامه,,,CRJ200,2025-05-30,فرودگاه شيراز,International Departure
2025-05-28 11:30:00,ایران ایرتور,IRB951,مشهد,پروازکرد13:10,11-12,2025-05-28 13:10:00,,MDC-DC-9-82,فرودگاه تبريز,Domestic Departure
2025-05-28 11:40:00,ایران ایرتور,IRB901,مشهد,پروازکرد11:40,12-14,2025-05-28 11:40:00,,MDC-DC-9-82,فرودگاه تبريز,Domestic Departure
2025-05-28 12:05:00,آسمان,IRC3813,شیراز,باطل شد,,,,100,فرودگاه تبريز,Domestic Departure
2025-05-28 13:00:00,ایران ایرتور,IRB947,تهران,پروازکرد13:30,13-14,2025-05-28 13:30:00,,MD80,فرودگاه تبريز,Domestic Departure
2025-05-28 15:00:00,آتا,TBZ5603,تهران,پروازکرد15:20,8-9,2025-05-28 15:20:00,,MD83,فرودگاه تبريز,Domestic Departure
2025-05-28 16:00:00,معراج,MRJ2882,عسلویه,پروازکرد16:00,4-5,2025-05-28 16:00:00,,A320,فرودگاه تبريز,Domestic Departure
2025-05-28 16:00:00,آتا,TBZ5645,تهران,پروازکرد16:10,6-7,2025-05-28 16:10:00,,MD83,فرودگاه تبريز,Domestic Departure
2025-06-02 14:45:00,زاگرس,IZG4120,اهواز,طبق برنامه,,,,MD82,فرودگاه مشهد,Domestic Departure
2025-06-02 14:45:00,ماهان,IRM1032,تهران,طبق برنامه,,,,BAE100,فرودگاه مشهد,Domestic Departure
2025-06-02 15:30:00,کیش ایر,KIS7073,كيش,طبق برنامه,,,,A321,فرودگاه مشهد,Domestic Departure
2025-06-02 15:30:00,آتا,TBZ5675,اصفهان,طبق برنامه,,,,MD80,فرودگاه مشهد,Domestic Departure
2025-06-02 16:00:00,تابان,TBN6313,رشت,طبق برنامه,,,,MD.88,فرودگاه مشهد,Domestic Departure
2025-06-02 16:00:00,ایران ایرتور,IRB963,تهران,طبق برنامه,,,,MD82,فرودگاه مشهد,Domestic Departure
2025-05-26 15:00:00,ایران ایرتور,IRB953,مشهد,طبق برنامه,,,,,فرودگاه اروميه,Domestic Departure
2025-05-26 08:35:00,قشم,QSM1284,بندرعباس,طبق برنامه,,,,,فرودگاه کرمانشاه,Domestic Departure
2025-05-26 09:00:00,سپهران,SHI4359,مشهد,طبق برنامه,,,,,فرودگاه کرمانشاه,Domestic Departure
2025-05-26 14:15:00,آوا,AXV7729,مشهد,طبق برنامه,,,,,فرودگاه کرمانشاه,Domestic Departure
2025-05-26 14:35:00,قشم,QSM1290,تهران,طبق برنامه,,,,,فرودگاه کرمانشاه,Domestic Departure
2025-06-02 17:00:00,تابان,TBN6251,تهران,باطل شد,,,,MD.88,فرودگاه مشهد,Domestic Departure
2025-06-02 17:00:00,وارش,VRH5810,اهواز,طبق برنامه,,,,B737,فرودگاه مشهد,Domestic Departure
2025-06-02 17:00:00,آتا,TBZ5750,اصفهان,طبق برنامه,,,,MD80,فرودگاه مشهد,Domestic Departure
2025-06-02 17:25:00,سپهران,SHI4356,تبریز,طبق برنامه,,,,B737,فرودگاه مشهد,Domestic Departure
2025-06-02 17:30:00,ایران ایرتور,IRB908,کرمانشاه,طبق برنامه,,,,MD82,فرودگاه مشهد,Domestic Departure
2025-06-02 17:40:00,سپهران,SHI4338,اهواز,طبق برنامه,,,,B737,فرودگاه مشهد,Domestic Departure
2025-06-02 18:00:00,کاسپین,CPN027,تهران,طبق برنامه,,,,B737,فرودگاه مشهد,Domestic Departure
2025-06-02 18:10:00,آتا,TBZ5620,تهران,طبق برنامه,,,,MD80,فرودگاه مشهد,Domestic Departure
2025-06-02 19:00:00,آتا,TBZ5727,کرمان,طبق برنامه,,,,MD80,فرودگاه مشهد,Domestic Departure
2025-06-02 19:15:00,هواپیمایی اطلس,ATS8289,تهران,طبق برنامه,,,,B737,فرودگاه مشهد,Domestic Departure
2025-06-02 19:30:00,هواپیمایی پارس,PRS4436,یزد,طبق برنامه,,,,B737,فرودگاه مشهد,Domestic Departure
2025-06-02 19:45:00,قشم ایر,QSM1253,تهران,طبق برنامه,,,,F100,فرودگاه مشهد,Domestic Departure
2025-06-04 20:35:00,ماهان,IRM1076,کرمان,طبق برنامه,,,,BAE100,فرودگاه مشهد,Domestic Departure
2025-06-04 20:40:00,ایران ایر,IRA259,شیراز,طبق برنامه,,,,A319,فرودگاه مشهد,Domestic Departure
2025-06-04 21:05:00,ماهان,IRM1032,تهران,طبق برنامه,,,,BAE100,فرودگاه مشهد,Domestic Departure
2025-06-04 21:30:00,تابان,TBN6325,تهران,طبق برنامه,,,,MD.88,فرودگاه مشهد,Domestic Departure
2025-06-04 21:30:00,آتا,TBZ5647,آبادان,طبق برنامه,,,,MD80,فرودگاه مشهد,Domestic Departure
2025-06-04 22:30:00,کیش ایر,KIS7073,كيش,طبق برنامه,,,,MD82,فرودگاه مشهد,Domestic Departure
2025-06-04 22:30:00,وارش,VRH5841,تهران,طبق برنامه,,,,B737,فرودگاه مشهد,Domestic Departure
2025-06-04 22:30:00,آوا,AXV7748,اهواز,طبق برنامه,,,,B737,فرودگاه مشهد,Domestic Departure
2025-06-04 23:00:00,وارش,VRH5804,ساری,طبق برنامه,,,,B737,فرودگاه مشهد,Domestic Departure
2025-06-04 23:05:00,سپهران,SHI4346,آبادان,طبق برنامه,,,,B737,فرودگاه مشهد,Domestic Departure
2025-06-04 23:30:00,تابان,TBN6217,آبادان,طبق برنامه,,,,MD.88,فرودگاه مشهد,Domestic Departure
2025-06-04 23:40:00,کاسپین,CPN025,تهران,طبق برنامه,,,,MD82,فرودگاه مشهد,Domestic Departure
2025-06-04 23:45:00,هواپیمایی اطلس,ATS8283,تهران,طبق برنامه,,,,ERJ190,فرودگاه مشهد,Domestic Departure
2025-05-28 18:00:00,ایران ایرتور,IRB906,بندرعباس,پروازکرد18:15,14,2025-05-28 18:15:00,,MDC-DC-9-82,فرودگاه تبريز,Domestic Departure
2025-05-28 19:00:00,ایران ایرتور,IRB910,شیراز,پروازکرد19:10,12-13,2025-05-28 19:10:00,,MD83,فرودگاه تبريز,Domestic Departure
2025-05-28 19:00:00,آتا,TBZ5667,تهران,پروازکرد19:25,8-9,2025-05-28 19:25:00,,MD83,فرودگاه تبريز,Domestic Departure
2025-05-28 20:00:00,آتا,TBZ5605,تهران,پروازکرد21:15,8-9,2025-05-28 21:15:00,,MD83,فرودگاه تبريز,Domestic Departure
2025-06-04 23:50:00,هواپیمایی اطلس,ATS8279,تهران,طبق برنامه,,,,MD83,فرودگاه مشهد,Domestic Departure
2025-06-04 23:55:00,ایران ایر,IRA261,تهران,طبق برنامه,,,,A319,فرودگاه مشهد,Domestic Departure
2025-06-04 23:59:00,هواپیمایی پارس,PRS4455,تهران,طبق برنامه,,,,B737,فرودگاه مشهد,Domestic Departure
2025-06-04 23:59:00,هواپیمایی پارس,PRS4473,شیراز,طبق برنامه,,,,B737,فرودگاه مشهد,Domestic Departure
2025-06-04 11:15:00,جزیره,JZR154,کویت,پرواز كرد,1404-03-14 11:17,,A320,۱۴ خرداد ۱۴۰۴,فرودگاه مشهد,International Departure
2025-05-28 23:25:00,قشم,QSM1272,تهران,پروازکرد23:15,4-5,2025-05-28 23:15:00,,100,فرودگاه تبريز,Domestic Departure
2025-06-01 21:30:00,ایران ایر,IRA816,کراچی,پرواز كرد,1404-03-11 21:46,,A319,۱۱ خرداد ۱۴۰۴,فرودگاه مشهد,International Departure
2025-06-02 01:50:00,ترکیش,THY889,استانبول,دريافت كارت پرواز,,,A320,۱۲ خرداد ۱۴۰۴,فرودگاه مشهد,International Departure
2025-06-02 03:20:00,پگاسوس,PGT521,استانبول,طبق برنامه,,,A320,۱۲ خرداد ۱۴۰۴,فرودگاه مشهد,International Departure
2025-06-02 04:50:00,آوا,AXV9220,بغداد,تاخیر - 05:50,,,B737,۱۲ خرداد ۱۴۰۴,فرودگاه مشهد,International Departure
2025-06-02 05:00:00,سپهران,SHI7300,نجف,طبق برنامه,,,B737,۱۲ خرداد ۱۴۰۴,فرودگاه مشهد,International Departure
2025-06-02 05:15:00,سپهران,SHI7310,نجف,باطل شد,,,B737,۱۲ خرداد ۱۴۰۴,فرودگاه مشهد,International Departure
2025-06-02 05:15:00,تابان,TBN7263,نجف,طبق برنامه,,,A320,۱۲ خرداد ۱۴۰۴,فرودگاه مشهد,International Departure
2025-06-02 05:30:00,سپهران,SHI7304,بغداد,طبق برنامه,,,B737,۱۲ خرداد ۱۴۰۴,فرودگاه مشهد,International Departure
2025-06-02 06:00:00,تابان,TBN7207,لاهور,باطل شد,,,A320,۱۲ خرداد ۱۴۰۴,فرودگاه مشهد,International Departure
2025-06-02 06:00:00,سپهران,SHI7346,بغداد,طبق برنامه,,,B737,۱۲ خرداد ۱۴۰۴,فرودگاه مشهد,International Departure
2025-06-02 07:00:00,آوا,AXV9204,نجف,طبق برنامه,,,A310,۱۲ خرداد ۱۴۰۴,فرودگاه مشهد,International Departure
2025-06-02 07:00:00,معراج,MRJ4821,نجف,طبق برنامه,,,A320,۱۲ خرداد ۱۴۰۴,فرودگاه مشهد,International Departure
2025-06-02 10:30:00,عراقی,IAW162,بغداد,طبق برنامه,,,B737,۱۲ خرداد ۱۴۰۴,فرودگاه مشهد,International Departure
2025-06-02 11:00:00,کیش ایر,KIS6018,قندهار,طبق برنامه,,,A321,۱۲ خرداد ۱۴۰۴,فرودگاه مشهد,International Departure
2025-06-02 12:00:00,عراقی,IAW118,نجف,طبق برنامه,,,B737,۱۲ خرداد ۱۴۰۴,فرودگاه مشهد,International Departure
2025-06-02 12:00:00,آریانا افغان,AFG718,هرات,طبق برنامه,,,A310,۱۲ خرداد ۱۴۰۴,فرودگاه مشهد,International Departure
2025-06-02 12:55:00,زاگرس,IZG3040,نجف,طبق برنامه,,,A319,۱۲ خرداد ۱۴۰۴,فرودگاه مشهد,International Departure
2025-06-02 13:00:00,هواپیمایی پارس,PRS5490,نجف,طبق برنامه,,,B737,۱۲ خرداد ۱۴۰۴,فرودگاه مشهد,International Departure
2025-06-02 13:30:00,کاسپین,CPN7906,نجف,طبق برنامه,,,B737,۱۲ خرداد ۱۴۰۴,فرودگاه مشهد,International Departure
2025-06-02 13:45:00,کام ایر,KMF7702,مزارشریف,طبق برنامه,,,B737,۱۲ خرداد ۱۴۰۴,فرودگاه مشهد,International Departure
2025-06-02 14:25:00,العربیه,ABY206,شارجه,طبق برنامه,,,B737,۱۲ خرداد ۱۴۰۴,فرودگاه مشهد,International Departure
2025-06-02 14:45:00,جزیره,JZR152,کویت,طبق برنامه,,,A320,۱۲ خرداد ۱۴۰۴,فرودگاه مشهد,International Departure
2025-06-02 14:50:00,آوا,AXV9212,نجف,طبق برنامه,,,A310,۱۲ خرداد ۱۴۰۴,فرودگاه مشهد,International Departure
2025-05-29 06:00:00,آتا,TBZ5601,تهران,طبق برنامه,,,,MD83,فرودگاه تبريز,Domestic Departure
2025-05-29 08:00:00,آتا,TBZ5609,تهران,باطل شد,,,,MD83,فرودگاه تبريز,Domestic Departure
2025-05-29 10:15:00,معراج,MRJ2872,مشهد,باطل شد,,,,A320,فرودگاه تبريز,Domestic Departure
2025-05-29 10:15:00,معراج,MRJ2824,تهران,طبق برنامه,,,,A319,فرودگاه تبريز,Domestic Departure
2025-06-02 15:35:00,فلای دبی,FDB254,دبی,طبق برنامه,,,737-800,۱۲ خرداد ۱۴۰۴,فرودگاه مشهد,International Departure
2025-06-02 15:45:00,معراج,MRJ4801,نجف,طبق برنامه,,,A320,۱۲ خرداد ۱۴۰۴,فرودگاه مشهد,International Departure
2025-06-02 16:10:00,ایران ایرتور,IRB9722,دبی,طبق برنامه,,,A310,۱۲ خرداد ۱۴۰۴,فرودگاه مشهد,International Departure
2025-05-22 07:10:00,ساها,IRZ160,لاوان,باطل شد,"10, 11",,,737-700,فرودگاه مهرآباد,Domestic Departure
2025-06-02 18:00:00,سپهران,SHI7330,نجف,طبق برنامه,,,B737,۱۲ خرداد ۱۴۰۴,فرودگاه مشهد,International Departure
2025-06-02 19:00:00,سپهران,SHI7354,بغداد,طبق برنامه,,,B737,۱۲ خرداد ۱۴۰۴,فرودگاه مشهد,International Departure
2025-06-02 19:30:00,سپهران,SHI7350,نجف,طبق برنامه,,,B737,۱۲ خرداد ۱۴۰۴,فرودگاه مشهد,International Departure
2025-06-02 19:35:00,ایران ایر,IRA673,نجف,طبق برنامه,,,AB6,۱۲ خرداد ۱۴۰۴,فرودگاه مشهد,International Departure
2025-06-02 19:35:00,فلای دبی,FDB252,دبی,طبق برنامه,,,737-800,۱۲ خرداد ۱۴۰۴,فرودگاه مشهد,International Departure
2025-06-02 23:05:00,العربیه,ABY208,شارجه,طبق برنامه,,,A321,۱۲ خرداد ۱۴۰۴,فرودگاه مشهد,International Departure
2025-06-01 00:45:00,آسمان,IRC825,تهران,پروازکرد03:23,16-17,2025-06-01 03:23:00,,100,فرودگاه شيراز,Domestic Departure
2025-06-01 11:40:00,قشم,QSM1232,خارگ,پروازکرد12:23,3-4,2025-06-01 12:23:00,,100,فرودگاه شيراز,Domestic Departure
2025-06-01 12:25:00,ماهان,IRM1088,تهران,پروازکرد12:41,1-2,2025-06-01 12:41:00,,RJ85,فرودگاه شيراز,Domestic Departure
2025-06-01 17:20:00,فلای پرشیا,FPI7404,تهران,پروازکرد17:35,3-4,2025-06-01 17:35:00,,737,فرودگاه شيراز,Domestic Departure
2025-06-01 19:20:00,پويا,PYA2341,تهران,پروازکرد19:44,1,2025-06-01 19:44:00,,EMB145,فرودگاه شيراز,Domestic Departure
2025-05-29 10:30:00,زاگرس,IZG4103,مشهد,طبق برنامه,,,,MD83,فرودگاه تبريز,Domestic Departure
2025-06-01 19:20:00,آتا,TBZ5624,تهران,پروازکرد20:07,11-13,2025-06-01 20:07:00,,MD83,فرودگاه شيراز,Domestic Departure
2025-06-01 22:00:00,فلای پرشیا,FPI7400,تهران,پروازکرد22:53,5-6,2025-06-01 22:53:00,,737-300,فرودگاه شيراز,Domestic Departure
2025-06-01 22:00:00,ساها,IRZ157,تهران,پروازکرد22:14,3-4,2025-06-01 22:14:00,,737,فرودگاه شيراز,Domestic Departure
2025-06-01 22:30:00,زاگرس,IZG4011,تهران,پروازکرد23:24,11-13,2025-06-01 23:24:00,,MD82,فرودگاه شيراز,Domestic Departure
2025-06-01 23:30:00,کیش ایر,KIS7061,كيش,پروازکرد23:33,3-4,2025-06-01 23:33:00,,MD83,فرودگاه شيراز,Domestic Departure
2025-06-01 23:50:00,تابان,TBN6234,مشهد,آماده پرواز,14-15,,,md88,فرودگاه شيراز,Domestic Departure
2025-06-01 00:40:00,آسمان,IRC3785,تهران,پذیرش مسافر,16-17,,,100,فرودگاه شيراز,Domestic Departure
2025-06-01 01:30:00,کیش ایر,KIS7058,مشهد,طبق برنامه,,,,MD82,فرودگاه شيراز,Domestic Departure
2025-06-01 05:00:00,آسمان,IRC3770,تهران,تاخیردارد11:30,,,,100,فرودگاه شيراز,Domestic Departure
2025-06-01 07:00:00,پارس,PRS4468,آغاجاری,طبق برنامه,,,,CRJ200,فرودگاه شيراز,Domestic Departure
2025-06-01 07:30:00,کارون,2536a,بهرگان,طبق برنامه,,,,100,فرودگاه شيراز,Domestic Departure
2025-06-01 08:10:00,چابهار,IRU7627,تهران,طبق برنامه,,,,MD82,فرودگاه شيراز,Domestic Departure
2025-06-01 08:30:00,یزد ایر,DZD9409,كيش,طبق برنامه,,,,EMB145,فرودگاه شيراز,Domestic Departure
2025-06-01 08:45:00,ساها,IRZ164,لاوان,طبق برنامه,,,,737,فرودگاه شيراز,Domestic Departure
2025-06-01 09:40:00,آسمان,IRC3812,تبریز,باطل شد,,,,100,فرودگاه شيراز,Domestic Departure
2025-06-01 12:15:00,ساها,IRZ159,تهران,طبق برنامه,,,,737,فرودگاه شيراز,Domestic Departure
2025-06-01 12:30:00,یزد ایر,DZD6894,تهران,طبق برنامه,,,,146-100,فرودگاه شيراز,Domestic Departure
2025-06-01 14:30:00,پارس,PRS4427,تهران,طبق برنامه,,,,CRJ200,فرودگاه شيراز,Domestic Departure
2025-06-01 15:10:00,قشم,QSM1261,تهران,طبق برنامه,,,,100,فرودگاه شيراز,Domestic Departure
2025-06-01 17:30:00,آسمان,IRC3776,تهران,باطل شد,,,,100,فرودگاه شيراز,Domestic Departure
2025-05-29 00:10:00,چابهار ایر,IRU7643,تهران,تاخیردارد01:00 | پذیرش مسافر,3,,,,فرودگاه اهواز,Domestic Departure
2025-05-29 06:30:00,زاگرس,IZG4023,تهران,طبق برنامه,,,,,فرودگاه اهواز,Domestic Departure
2025-05-29 07:00:00,کارون,KRU2657,تبریز,طبق برنامه,,,,,فرودگاه اهواز,Domestic Departure
2025-05-29 07:30:00,وارش,VRH5853,تهران,طبق برنامه,,,,,فرودگاه اهواز,Domestic Departure
2025-06-04 12:30:00,سپهران,SHI7376,کویت,پرواز كرد,1404-03-14 12:55,,B737,۱۴ خرداد ۱۴۰۴,فرودگاه مشهد,International Departure
2025-06-01 13:15:00,قشم,QSM2204,دبی,پروازکرد14:02,14:02,,A320,2025-06-03,فرودگاه شيراز,International Departure
2025-05-29 07:40:00,فلای پرشیا,FPI7427,تهران,طبق برنامه,,,,,فرودگاه اهواز,Domestic Departure
2025-06-04 14:10:00,کویت,KAC512,کویت,پرواز كرد,1404-03-14 14:38,,A320,۱۴ خرداد ۱۴۰۴,فرودگاه مشهد,International Departure
2025-06-01 20:45:00,پارس,PRS5470,مسقط,پروازکرد21:18,21:18,,CRJ200,2025-06-03,فرودگاه شيراز,International Departure
2025-06-01 01:55:00,ترکیش,THY885,استانبول,پذیرش مسافر,,,A321,2025-06-03,فرودگاه شيراز,International Departure
2025-06-01 07:00:00,پارس,PRS5472,نجف,طبق برنامه,,,CRJ200,2025-06-03,فرودگاه شيراز,International Departure
2025-06-01 07:00:00,ایران ایرتور,IRB9731,استانبول,طبق برنامه,,,A310,2025-06-03,فرودگاه شيراز,International Departure
2025-06-01 09:30:00,ایران ایر,IRA644,دبی,طبق برنامه,,,A319,2025-06-03,فرودگاه شيراز,International Departure
2025-06-01 12:55:00,فلای دبی,FDB242,دبی,طبق برنامه,,,737,2025-06-03,فرودگاه شيراز,International Departure
2025-06-01 13:55:00,العربیه,ABY214,شارجه,طبق برنامه,,,A320,2025-06-03,فرودگاه شيراز,International Departure
2025-05-29 09:00:00,آتا,TBZ5636,تهران,طبق برنامه,,,,,فرودگاه اهواز,Domestic Departure
2025-06-01 15:35:00,ایران ایر,IRA625,دوحه,طبق برنامه,,,A319,2025-06-03,فرودگاه شيراز,International Departure
2025-06-01 16:55:00,جزیره,JZR182,کویت,طبق برنامه,,,A320,2025-06-03,فرودگاه شيراز,International Departure
2025-06-01 11:50:00,کاسپین,CPN6946,عسلویه,پروازکرد15:20,4-5,2025-06-01 15:20:00,,737,فرودگاه تبريز,Domestic Departure
2025-06-01 15:00:00,ایران ایرتور,IRB901,مشهد,پروازکرد15:15,11-12,2025-06-01 15:15:00,,MDC-DC-9-82,فرودگاه تبريز,Domestic Departure
2025-05-29 09:25:00,ماهان,IRM4563,شیراز,طبق برنامه,,,,146-100,فرودگاه اهواز,Domestic Departure
2025-05-28 14:50:00,یزد ایر,DZD9450,تهران,پروازکرد15:15,6-7,2025-05-28 15:15:00,,,فرودگاه بوشهر,Domestic Departure
2025-05-28 22:50:00,ساها,IRZ173,تهران,پایان پذیرش مسافر,4-5,,,,فرودگاه بوشهر,Domestic Departure
2025-06-01 15:15:00,ایران ایرتور,IRB947,تهران,پروازکرد15:50,13-14,2025-06-01 15:50:00,,MD80,فرودگاه تبريز,Domestic Departure
2025-06-01 15:40:00,سپهران,SHI4357,مشهد,پروازکرد15:45,6-7,2025-06-01 15:45:00,,737,فرودگاه تبريز,Domestic Departure
2025-06-01 16:50:00,ایران ایرتور,IRB951,مشهد,پروازکرد17:20,11-12,2025-06-01 17:20:00,,MD82,فرودگاه تبريز,Domestic Departure
2025-06-01 19:00:00,آتا,TBZ5667,تهران,پروازکرد19:15,8-9,2025-06-01 19:15:00,,MD83,فرودگاه تبريز,Domestic Departure
2025-06-01 06:00:00,آتا,TBZ5601,تهران,طبق برنامه,,,,MD83,فرودگاه تبريز,Domestic Departure
2025-06-01 07:50:00,ایران ایر,IRA342,تهران,طبق برنامه,,,,A319,فرودگاه تبريز,Domestic Departure
2025-06-01 08:10:00,آتا,TBZ5609,تهران,طبق برنامه,,,,MD83,فرودگاه تبريز,Domestic Departure
2025-06-01 09:00:00,معراج,MRJ2824,تهران,طبق برنامه,,,,A319,فرودگاه تبريز,Domestic Departure
2025-06-01 10:00:00,آتا,TBZ5615,مشهد,طبق برنامه,,,,MD80,فرودگاه تبريز,Domestic Departure
2025-06-01 10:15:00,معراج,MRJ2872,مشهد,باطل شد,,,,A320,فرودگاه تبريز,Domestic Departure
2025-05-28 23:15:00,وارش,VRH5873,تهران,تاخیردارد00:15 | پذیرش مسافر,6-7,,,,فرودگاه بوشهر,Domestic Departure
2025-05-28 23:35:00,کاسپین,CPN6901,تهران,تاخیردارد00:15 | پذیرش مسافر,8,,,,فرودگاه بوشهر,Domestic Departure
2025-06-01 10:30:00,زاگرس,IZG4103,مشهد,طبق برنامه,,,,MD83,فرودگاه تبريز,Domestic Departure
2025-06-01 10:50:00,ماهان,IRM04561,کرمان,طبق برنامه,,,,BAE100,فرودگاه تبريز,Domestic Departure
2025-06-01 10:50:00,ماهان,IRM4561,اصفهان,طبق برنامه,,,,BAE100,فرودگاه تبريز,Domestic Departure
2025-06-01 11:00:00,ایران ایرتور,IRB951,مشهد,طبق برنامه,,,,MDC-DC-9-82,فرودگاه تبريز,Domestic Departure
2025-06-01 11:25:00,آسمان,IRC641,تهران,تاخیردارد15:30,,,,100,فرودگاه تبريز,Domestic Departure
2025-06-01 12:05:00,آسمان,IRC3813,شیراز,باطل شد,,,,100,فرودگاه تبريز,Domestic Departure
2025-06-01 13:30:00,ایران ایرتور,IRB972,كيش,طبق برنامه,,,,MDC-DC-9-82,فرودگاه تبريز,Domestic Departure
2025-06-01 14:00:00,ایران ایرتور,IRB901,مشهد,طبق برنامه,,,,MDC-DC-9-82,فرودگاه تبريز,Domestic Departure
2025-06-01 16:00:00,آتا,TBZ5645,تهران,طبق برنامه,,,,MD83,فرودگاه تبريز,Domestic Departure
2025-06-01 17:30:00,آتا,TBZ5639,تهران,طبق برنامه,,,,MD83,فرودگاه تبريز,Domestic Departure
2025-06-01 20:30:00,آتا,TBZ6601,استانبول,پروازکرد21:15,21:15,,MD83,2025-06-03,فرودگاه تبريز,International Departure
2025-05-28 17:35:00,ایران ایر,IRA1656,جده,پروازکرد17:30,17:30,,,2025-05-30,فرودگاه اروميه,International Departure
2025-06-01 04:10:00,پگاسوس,PGT509,استانبول,طبق برنامه,,,A320,2025-06-03,فرودگاه تبريز,International Departure
2025-06-01 07:15:00,ترکیش,THY883,استانبول,طبق برنامه,,,A320,2025-06-03,فرودگاه تبريز,International Departure
2025-06-01 17:00:00,فلای دبی,FDB228,دبی,طبق برنامه,,,B737-400,2025-06-03,فرودگاه تبريز,International Departure
2025-06-01 12:45:00,پارس,PRS5423,تهران,پروازکرد13:05,1-2,2025-06-01 13:05:00,,B737-400,فرودگاه اصفهان,Domestic Departure
2025-06-01 14:50:00,قشم,QSM1234,خارگ,پروازکرد15:20,6,2025-06-01 15:20:00,,CRJ200,فرودگاه اصفهان,Domestic Departure
2025-06-01 15:15:00,کیش ایر,KIS7023,كيش,پروازکرد15:10,1-2,2025-06-01 15:10:00,,MD83,فرودگاه اصفهان,Domestic Departure
2025-05-28 18:10:00,کاسپین,CPN7978,استانبول,پروازکرد18:35,18:35,,,2025-05-30,فرودگاه اروميه,International Departure
2025-05-29 05:05:00,ایران ایر,IRA1558,جده,طبق برنامه,,,,2025-05-30,فرودگاه اروميه,International Departure
2025-05-28 15:10:00,ماهان,IRM1009,تهران,پروازکرد15:10,9-10,2025-05-28 15:10:00,,,فرودگاه کرمانشاه,Domestic Departure
2025-05-28 20:05:00,چابهار ایر,IRU7637,تهران,پروازکرد20:40,5-6,2025-05-28 20:40:00,,,فرودگاه کرمانشاه,Domestic Departure
2025-05-29 06:50:00,ایران ایر,IRA284,تهران,طبق برنامه,,,,,فرودگاه کرمانشاه,Domestic Departure
2025-05-29 08:40:00,قشم,QSM1284,بندرعباس,طبق برنامه,,,,,فرودگاه کرمانشاه,Domestic Departure
2025-06-01 15:55:00,کارون,KRU2562,عسلویه,پروازکرد15:55,3-4,2025-06-01 15:55:00,,737,فرودگاه اصفهان,Domestic Departure
2025-06-01 18:00:00,آتا,TBZ5652,مشهد,پروازکرد18:55,13-14,2025-06-01 18:55:00,,MD83,فرودگاه اصفهان,Domestic Departure
2025-06-01 18:45:00,ایران ایر,IRA3382,بندرعباس,پروازکرد19:20,12,2025-06-01 19:20:00,,ATR,فرودگاه اصفهان,Domestic Departure
2025-06-01 19:00:00,آتا,TBZ5749,مشهد,پروازکرد19:05,15-16,2025-06-01 19:05:00,,MD83,فرودگاه اصفهان,Domestic Departure
2025-06-01 19:05:00,کارون,KRU2603,تهران,پروازکرد19:05,2-3,2025-06-01 19:05:00,,100,فرودگاه اصفهان,Domestic Departure
2025-06-01 22:00:00,کیش ایر,KIS7034,تهران,پروازکرد22:05,1-2,2025-06-01 22:05:00,,MD83,فرودگاه اصفهان,Domestic Departure
2025-06-01 22:30:00,کارون,KRU2622,اهواز,پروازکرد22:40,3-4,2025-06-01 22:40:00,,100,فرودگاه اصفهان,Domestic Departure
2025-05-29 09:00:00,سپهران,SHI4359,مشهد,طبق برنامه,,,,,فرودگاه کرمانشاه,Domestic Departure
2025-06-01 23:00:00,زاگرس,IZG4141,مشهد,پروازکرد23:00,13-14,2025-06-01 23:00:00,,MD83,فرودگاه اصفهان,Domestic Departure
2025-06-01 23:00:00,آتا,TBZ5676,مشهد,ورود به سالن بازرسی | پایان پذیرش مسافر,15-16,,,MD80,فرودگاه اصفهان,Domestic Departure
2025-06-01 08:10:00,ماهان,IRM4560,تبریز,طبق برنامه,,,,BAE146,فرودگاه اصفهان,Domestic Departure
2025-06-01 08:30:00,تابان,TBN6210,مشهد,طبق برنامه,,,,MD80,فرودگاه اصفهان,Domestic Departure
2025-06-01 08:30:00,آتا,TBZ5652,مشهد,طبق برنامه,,,,MD83,فرودگاه اصفهان,Domestic Departure
2025-06-01 09:05:00,آساجت,SJT8656,رشت,طبق برنامه,,,,EMB145,فرودگاه اصفهان,Domestic Departure
2025-06-01 10:00:00,وارش,VRH5855,مشهد,طبق برنامه,,,,B737-400,فرودگاه اصفهان,Domestic Departure
2025-06-01 11:15:00,کیش ایر,KIS7023,كيش,طبق برنامه,,,,MD83,فرودگاه اصفهان,Domestic Departure
2025-06-01 12:35:00,آساجت,SJT8617,تهران,طبق برنامه,,,,EMB145,فرودگاه اصفهان,Domestic Departure
2025-06-01 13:20:00,ماهان,IRM4561,کرمان,طبق برنامه,,,,BAE146,فرودگاه اصفهان,Domestic Departure
2025-06-01 16:35:00,رایمون,RAI7513,تهران,طبق برنامه,,,,EMB145,فرودگاه اصفهان,Domestic Departure
2025-06-01 17:45:00,عراقی,IAW172,نجف,پروازکرد17:40,17:40,,B737-400,2025-06-03,فرودگاه اصفهان,International Departure
2025-06-01 02:05:00,ترکیش,THY893,استانبول,پذیرش مسافر,,,B737-400,2025-06-03,فرودگاه اصفهان,International Departure
2025-05-29 09:05:00,ماهان,IRM1009,تهران,طبق برنامه,,,,,فرودگاه کرمانشاه,Domestic Departure
2025-05-28 11:45:00,وارش,VRH5907,عسلویه,پروازکرد12:16,6-7,2025-05-28 12:16:00,,,فرودگاه رشت,Domestic Departure
2025-06-01 08:00:00,عراقی,IAW172,بغداد,طبق برنامه,,,B737-400,2025-06-03,فرودگاه اصفهان,International Departure
2025-06-01 10:40:00,آتا,TBZ6614,نجف,طبق برنامه,,,MD83,2025-06-03,فرودگاه اصفهان,International Departure
2025-06-01 11:30:00,کارون,KRU2575,عسلویه,پروازکرد11:40,10,2025-06-01 11:40:00,,,فرودگاه اهواز,Domestic Departure
2025-06-01 15:20:00,ایران ایر,IRA310,تهران,پروازکرد15:40,5-6,2025-06-01 15:40:00,,,فرودگاه اهواز,Domestic Departure
2025-05-28 14:45:00,سپهران,SHI4327,مشهد,پروازکرد15:06,6-7,2025-05-28 15:06:00,,,فرودگاه رشت,Domestic Departure
2025-06-01 17:30:00,کارون,KRU2623,اصفهان,پروازکرد17:40,10,2025-06-01 17:40:00,,,فرودگاه اهواز,Domestic Departure
2025-06-01 19:00:00,زاگرس,IZG4021,تهران,پروازکرد19:20,4,2025-06-01 19:20:00,,,فرودگاه اهواز,Domestic Departure
2025-06-01 19:15:00,وارش,VRH5811,مشهد,پروازکرد19:59,3,2025-06-01 19:59:00,,,فرودگاه اهواز,Domestic Departure
2025-06-01 19:30:00,آتا,TBZ5674,تهران,پروازکرد20:52,2,2025-06-01 20:52:00,,,فرودگاه اهواز,Domestic Departure
2025-06-01 19:30:00,زاگرس,IZG4121,مشهد,پروازکرد20:00,1,2025-06-01 20:00:00,,,فرودگاه اهواز,Domestic Departure
2025-06-01 19:45:00,کارون,KRU2669,تهران,پروازکرد19:56,10,2025-06-01 19:56:00,,,فرودگاه اهواز,Domestic Departure
2025-06-01 20:15:00,کارون,KRU2613,تهران,پروازکرد20:08,9,2025-06-01 20:08:00,,,فرودگاه اهواز,Domestic Departure
2025-06-01 20:40:00,ایران ایر,IRA334,مشهد,پروازکرد20:59,5,2025-06-01 20:59:00,,,فرودگاه اهواز,Domestic Departure
2025-06-01 23:10:00,کارون,KRU2621,تهران,پروازکرد23:15,10,2025-06-01 23:15:00,,,فرودگاه اهواز,Domestic Departure
2025-06-01 23:40:00,آتا,TBZ5636,تهران,در حال سوار شدن,3,,,,فرودگاه اهواز,Domestic Departure
2025-06-01 00:45:00,وارش,VRH5851,تهران,پذیرش مسافر,2,,,,فرودگاه اهواز,Domestic Departure
2025-06-01 01:45:00,آوا ایرلاین,AXV7749,مشهد,طبق برنامه,,,,,فرودگاه اهواز,Domestic Departure
2025-06-01 06:00:00,کارون,KRU2531,سیری,طبق برنامه,,,,,فرودگاه اهواز,Domestic Departure
2025-06-01 06:30:00,زاگرس,IZG4023,تهران,طبق برنامه,,,,,فرودگاه اهواز,Domestic Departure
2025-06-01 07:00:00,آتا,TBZ5636,تهران,طبق برنامه,,,,,فرودگاه اهواز,Domestic Departure
2025-06-01 07:30:00,وارش,VRH5853,تهران,طبق برنامه,,,,,فرودگاه اهواز,Domestic Departure
2025-06-01 07:40:00,فلای پرشیا,FPI7427,تهران,طبق برنامه,,,,,فرودگاه اهواز,Domestic Departure
2025-06-01 11:00:00,آتا,TBZ5642,مشهد,طبق برنامه,,,,,فرودگاه اهواز,Domestic Departure
2025-06-01 11:00:00,آتا,TBZ5694,تهران,طبق برنامه,,,,,فرودگاه اهواز,Domestic Departure
2025-06-01 12:50:00,کارون,KRU2643,تهران,طبق برنامه,,,,,فرودگاه اهواز,Domestic Departure
2025-06-01 22:55:00,ساها,IRZ173,تهران,پروازکرد23:05,4-5,2025-06-01 23:05:00,,,فرودگاه بوشهر,Domestic Departure
2025-06-01 23:15:00,وارش,VRH5873,تهران,پروازکرد23:20,6,2025-06-01 23:20:00,,,فرودگاه بوشهر,Domestic Departure
2025-06-01 23:30:00,کاسپین,CPN6901,تهران,پایان پذیرش مسافر,7-8,,,,فرودگاه بوشهر,Domestic Departure
2025-05-28 14:15:00,العربیه,ABY218,شارجه,پروازکرد14:25,14:25,,A321,2025-05-28,فرودگاه لارستان,International Departure
2025-05-29 10:15:00,العربیه,ABY218,شارجه,طبق برنامه,,,A321,2025-05-28,فرودگاه لارستان,International Departure
2025-05-29 11:55:00,فلای دبی,FDB268,دبی,طبق برنامه,,,737,2025-05-28,فرودگاه لارستان,International Departure
2025-05-28 16:15:00,ماهان,IRM1005,تهران,پروازکرد16:20,"1,4",2025-05-28 16:20:00,,,فرودگاه خرم آباد,Domestic Departure
2025-05-29 11:55:00,ماهان,IRM1091,مشهد,طبق برنامه,,,,146-100,فرودگاه زنجان,Domestic Departure
2025-05-28 13:50:00,ماهان,IRM1084,تهران,پروازکرد14:05,2,2025-05-28 14:05:00,,BAE146,فرودگاه زابل,Domestic Departure
2025-06-01 09:00:00,زاگرس,IZG4061,تهران,طبق برنامه,,,,,فرودگاه بوشهر,Domestic Departure
2025-06-01 12:20:00,آتا,TBZ5688,تهران,طبق برنامه,,,,MD83,فرودگاه بوشهر,Domestic Departure
2025-06-01 16:10:00,زاگرس,IZG4109,مشهد,طبق برنامه,,,,,فرودگاه بوشهر,Domestic Departure
2025-06-01 09:00:00,فلای دبی,FDB282,دبی,طبق برنامه,,,,2025-06-03,فرودگاه بوشهر,International Departure
2025-06-01 12:15:00,ایران ایرتور,IRB907,تبریز,پروازکرد12:41,8-10,2025-06-01 12:41:00,,MD83,فرودگاه بندرعباس,Domestic Departure
2025-06-01 12:45:00,کیش ایر,KIS7139,اصفهان,پروازکرد12:45,1-3,2025-06-01 12:45:00,,MD80,فرودگاه بندرعباس,Domestic Departure
2025-06-01 14:40:00,آسمان,IRC645,تهران,پروازکرد14:49,4-5,2025-06-01 14:49:00,,A320,فرودگاه بندرعباس,Domestic Departure
2025-06-01 15:15:00,کیش ایر,KIS7106,مشهد,پروازکرد15:20,1-3,2025-06-01 15:20:00,,A321,فرودگاه بندرعباس,Domestic Departure
2025-06-01 21:30:00,ایران ایرتور,IRB913,تهران,تاخیردارد00:15 | پذیرش مسافر,8-9,,,,فرودگاه بندرعباس,Domestic Departure
2025-06-01 21:35:00,ایران ایر,IRA3353,كيش,پروازکرد22:08,10,2025-06-01 22:08:00,,ATR,فرودگاه بندرعباس,Domestic Departure
2025-06-01 21:45:00,وارش,VRH5815,تهران,پروازکرد21:54,6-7,2025-06-01 21:54:00,,737-500,فرودگاه بندرعباس,Domestic Departure
2025-06-01 23:45:00,زاگرس,IZG4051,تهران,در حال سوار شدن,6-7,,,,فرودگاه بندرعباس,Domestic Departure
2025-06-01 09:00:00,ایران ایرتور,IRB913,تهران,طبق برنامه,,,,,فرودگاه بندرعباس,Domestic Departure
2025-06-01 09:45:00,اطلس ایر,ATS8294,تهران,طبق برنامه,,,,737,فرودگاه بندرعباس,Domestic Departure
2025-06-01 10:10:00,پويا,PYA2358,چابهار,طبق برنامه,,,,EMB145,فرودگاه بندرعباس,Domestic Departure
2025-06-01 10:55:00,کارون,KRU2561,سیری,طبق برنامه,,,,f100,فرودگاه بندرعباس,Domestic Departure
2025-06-01 10:55:00,ماهان,IRM1094,تهران,طبق برنامه,,,,,فرودگاه بندرعباس,Domestic Departure
2025-06-01 11:40:00,قشم,QSM1285,کرمانشاه,طبق برنامه,,,,,فرودگاه بندرعباس,Domestic Departure
2025-06-01 13:20:00,پويا,PYA2349,تهران,طبق برنامه,,,,EMB145,فرودگاه بندرعباس,Domestic Departure
2025-06-01 14:35:00,سپهران,SHI4322,مشهد,طبق برنامه,,,,737,فرودگاه بندرعباس,Domestic Departure
2025-06-01 15:00:00,وارش,VRH5827,ساری,طبق برنامه,,,,737-500,فرودگاه بندرعباس,Domestic Departure
2025-06-01 16:20:00,ایران ایر,IRA3361,كيش,طبق برنامه,,,,ATR,فرودگاه بندرعباس,Domestic Departure
2025-06-01 18:30:00,فلای دبی,FDB244,دبی,پروازکرد18:53,18:53,,737,2025-06-03,فرودگاه بندرعباس,International Departure
2025-06-01 09:50:00,ایران ایر,IRA3511,دوحه,طبق برنامه,,,ATR,2025-06-03,فرودگاه بندرعباس,International Departure
2025-06-01 18:15:00,ماهان,IRM1077,مشهد,پروازکرد18:12,3-4,2025-06-01 18:12:00,,BAE146,فرودگاه کرمان,Domestic Departure
2025-06-01 18:30:00,آتا,TBZ5665,تهران,پروازکرد19:04,1-2,2025-06-01 19:04:00,,MD83,فرودگاه کرمان,Domestic Departure
2025-06-01 19:40:00,ماهان,IRM1066,تهران,پروازکرد19:39,3-4,2025-06-01 19:39:00,,BAE146,فرودگاه کرمان,Domestic Departure
2025-06-01 21:00:00,ماهان,IRM1052,تهران,پروازکرد21:29,3-4,2025-06-01 21:29:00,,BAE146,فرودگاه کرمان,Domestic Departure
2025-06-01 21:50:00,قشم,QSM1289,تهران,پروازکرد21:50,1-2,2025-06-01 21:50:00,,f100,فرودگاه کرمان,Domestic Departure
2025-06-01 09:30:00,آتا,TBZ5663,تهران,طبق برنامه,,,,MD83,فرودگاه کرمان,Domestic Departure
2025-06-01 10:55:00,ماهان,IRM1054,تهران,طبق برنامه,,,,BAE146,فرودگاه کرمان,Domestic Departure
2025-06-01 17:00:00,پويا,PYA2351,تهران,طبق برنامه,,,,EMB145,فرودگاه کرمان,Domestic Departure
2025-06-01 12:55:00,هواپیمایی یزد,DZD9304,نجف,پروازکرد13:03,13:03,,A310,2025-06-03,فرودگاه کرمان,International Departure
2025-06-01 15:10:00,فلای دبی,FDB270,دبی,طبق برنامه,,,737,2025-06-03,فرودگاه کرمان,International Departure
2025-06-01 11:45:00,وارش,VRH5908,عسلویه,پروازکرد12:00,1,2025-06-01 12:00:00,,,فرودگاه ساري,Domestic Departure
2025-06-01 14:30:00,وارش,VRH5803,مشهد,پروازکرد14:55,"1,4",2025-06-01 14:55:00,,,فرودگاه ساري,Domestic Departure
2025-06-01 06:30:00,وارش,VRH5801,تهران,طبق برنامه,,,,,فرودگاه ساري,Domestic Departure
2025-06-01 14:45:00,وارش,VRH5803,مشهد,طبق برنامه,,,,,فرودگاه ساري,Domestic Departure
2025-06-01 15:15:00,یزد ایر,DZD9418,تهران,پروازکرد15:15,2-3,2025-06-01 15:15:00,,146-100,فرودگاه يزد,Domestic Departure
2025-06-01 18:40:00,آتا,TBZ5708,مشهد,پروازکرد20:00,7,2025-06-01 20:00:00,,MD83,فرودگاه يزد,Domestic Departure
2025-06-01 19:00:00,کارون,KRU2609,تهران,پروازکرد19:05,5,2025-06-01 19:05:00,,100,فرودگاه يزد,Domestic Departure
2025-06-01 20:20:00,یزد ایر,DZD9442,تهران,پروازکرد20:20,2-3,2025-06-01 20:20:00,,146-100,فرودگاه يزد,Domestic Departure
2025-06-01 23:10:00,آتا,TBZ5669,تهران,تاخیردارد23:55 | پذیرش مسافر,"5,7",,,MD83,فرودگاه يزد,Domestic Departure
2025-06-01 07:05:00,کیش ایر,KIS7084,تهران,طبق برنامه,,,,MD83,فرودگاه يزد,Domestic Departure
2025-06-01 17:55:00,کاسپین,CPN037,تهران,پروازکرد18:10,3-4,2025-06-01 18:10:00,,,فرودگاه اروميه,Domestic Departure
2025-06-01 21:30:00,ایران ایرتور,IRB981,تهران,باطل شد,,,,,فرودگاه اروميه,Domestic Departure
2025-06-01 21:30:00,آتا,TBZ5680,تهران,باطل شد,,,,,فرودگاه اروميه,Domestic Departure
2025-06-01 08:00:00,آتا,TBZ5678,تهران,طبق برنامه,,,,,فرودگاه اروميه,Domestic Departure
2025-06-01 11:35:00,آسمان,IRC3855,تهران,باطل شد,,,,,فرودگاه اروميه,Domestic Departure
2025-06-01 13:45:00,کاسپین,CPN037,تهران,طبق برنامه,,,,,فرودگاه اروميه,Domestic Departure
2025-06-01 14:00:00,کیش ایر,KIS7149,كيش,طبق برنامه,,,,,فرودگاه اروميه,Domestic Departure
2025-06-01 15:00:00,ایران ایرتور,IRB953,مشهد,طبق برنامه,,,,,فرودگاه اروميه,Domestic Departure
2025-06-01 16:10:00,ماهان,IRM1003,تهران,طبق برنامه,,,,,فرودگاه اروميه,Domestic Departure
2025-06-01 18:10:00,کاسپین,CPN7978,استانبول,پروازکرد18:25,18:25,,,2025-06-03,فرودگاه اروميه,International Departure
2025-06-01 13:15:00,قشم,QSM1290,تهران,پروازکرد13:20,5-6,2025-06-01 13:20:00,,,فرودگاه کرمانشاه,Domestic Departure
2025-06-01 16:10:00,ماهان,IRM1009,تهران,پروازکرد16:15,9-10,2025-06-01 16:15:00,,,فرودگاه کرمانشاه,Domestic Departure
2025-06-01 20:00:00,چابهار ایر,IRU7637,تهران,آماده پرواز,5-6,,,,فرودگاه کرمانشاه,Domestic Departure
2025-06-01 08:35:00,قشم,QSM1284,بندرعباس,طبق برنامه,,,,,فرودگاه کرمانشاه,Domestic Departure
2025-06-01 09:00:00,سپهران,SHI4359,مشهد,طبق برنامه,,,,,فرودگاه کرمانشاه,Domestic Departure
2025-06-01 14:35:00,قشم,QSM1290,تهران,طبق برنامه,,,,,فرودگاه کرمانشاه,Domestic Departure
2025-06-01 15:35:00,ماهان,IRM1009,تهران,طبق برنامه,,,,,فرودگاه کرمانشاه,Domestic Departure
2025-06-01 11:50:00,آسمان,IRC647,بندرعباس,پروازکرد11:54,8-9,2025-06-01 11:54:00,,,فرودگاه رشت,Domestic Departure
2025-06-01 12:30:00,یزد ایر,DZD9445,یزد,پروازکرد12:34,6-7,2025-06-01 12:34:00,,,فرودگاه رشت,Domestic Departure
2025-06-01 13:45:00,آساجت,SJT8635,تهران,پروازکرد13:53,7,2025-06-01 13:53:00,,,فرودگاه رشت,Domestic Departure
2025-06-01 16:10:00,رایمون,RAI7525,تهران,پروازکرد16:42,6-7,2025-06-01 16:42:00,,,فرودگاه رشت,Domestic Departure
2025-06-01 19:40:00,آتا,TBZ5718,مشهد,پروازکرد20:09,6-7,2025-06-01 20:09:00,,,فرودگاه رشت,Domestic Departure
2025-06-01 07:30:00,رایمون,RAI7511,تهران,طبق برنامه,,,,,فرودگاه رشت,Domestic Departure
2025-06-01 09:30:00,ایران ایرتور,IRB905,مشهد,طبق برنامه,,,,,فرودگاه رشت,Domestic Departure
2025-06-01 10:45:00,آساجت,SJT8657,اصفهان,طبق برنامه,,,,,فرودگاه رشت,Domestic Departure
2025-06-01 14:15:00,آساجت,SJT8635,تهران,طبق برنامه,,,,,فرودگاه رشت,Domestic Departure
2025-06-01 14:20:00,سپهران,SHI4327,مشهد,طبق برنامه,,,,,فرودگاه رشت,Domestic Departure
2025-06-01 09:15:00,عراقی,IAW200,بغداد,طبق برنامه,,,,2025-06-03,فرودگاه رشت,International Departure
2025-06-01 10:40:00,آساجت,SJT9612,ایروان,طبق برنامه,,,,2025-06-03,فرودگاه رشت,International Departure
2025-06-01 22:45:00,ماهان,IRM4540,تهران,تاخیردارد00:45 | پایان پذیرش مسافر,6,,,RJ85,فرودگاه زاهدان,Domestic Departure
2025-06-01 23:00:00,چابهار ایر,IRU7613,تهران,تاخیردارد23:55 | پایان پذیرش مسافر,2,,,MD82,فرودگاه زاهدان,Domestic Departure
2025-06-01 04:40:00,ماهان,IRM1070,تهران,طبق برنامه,,,,RJ100,فرودگاه زاهدان,Domestic Departure
2025-06-01 12:50:00,ماهان,IRM4559,چابهار,طبق برنامه,,,,RJ100,فرودگاه زاهدان,Domestic Departure
2025-06-04 16:30:00,وارش,VRH6850,کویت,دريافت كارت پرواز,,,B737,۱۴ خرداد ۱۴۰۴,فرودگاه مشهد,International Departure
2025-06-01 11:30:00,چابهار ایر,IRU7655,مشهد,پروازکرد12:01,3,2025-06-01 12:01:00,,737,فرودگاه آبادان,Domestic Departure
2025-06-04 16:55:00,سپهران,SHI7346,بغداد,دريافت كارت پرواز,,,B737,۱۴ خرداد ۱۴۰۴,فرودگاه مشهد,International Departure
2025-06-01 19:15:00,پارس,PRS4414,مشهد,پروازکرد20:05,4,2025-06-01 20:05:00,,737,فرودگاه آبادان,Domestic Departure
2025-06-01 21:00:00,اطلس ایر,ATS8287,مشهد,پروازکرد21:32,3,2025-06-01 21:32:00,,,فرودگاه آبادان,Domestic Departure
2025-06-01 23:10:00,آتا,TBZ5689,تهران,آماده پرواز,3,,,MD83,فرودگاه آبادان,Domestic Departure
2025-06-01 23:30:00,ایران ایرتور,IRB977,مشهد,تاخیردارد02:15,,,,,فرودگاه آبادان,Domestic Departure
2025-06-01 00:20:00,آتا,TBZ5648,مشهد,پذیرش مسافر,1,,,MD82,فرودگاه آبادان,Domestic Departure
2025-06-01 00:50:00,آسمان,IRC3819,شیراز,باطل شد,,,,,فرودگاه آبادان,Domestic Departure
2025-06-01 01:15:00,پارس,PRS4495,تهران,طبق برنامه,,,,737,فرودگاه آبادان,Domestic Departure
2025-06-01 01:40:00,سپهران,SHI4367,مشهد,طبق برنامه,,,,737,فرودگاه آبادان,Domestic Departure
2025-06-01 07:50:00,زاگرس,IZG4107,مشهد,طبق برنامه,,,,MDC-DC-9-82,فرودگاه آبادان,Domestic Departure
2025-06-01 10:45:00,پارس,PRS4457,مشهد,طبق برنامه,,,,737,فرودگاه آبادان,Domestic Departure
2025-06-01 11:30:00,کیش ایر,KIS7104,تهران,طبق برنامه,,,,MD82,فرودگاه آبادان,Domestic Departure
2025-06-01 11:35:00,ایر وان,INA6753,مشهد,طبق برنامه,,,,737,فرودگاه آبادان,Domestic Departure
2025-06-01 11:55:00,قشم,QSM1204,عسلویه,پروازکرد12:04,5,2025-06-01 12:04:00,,f100,فرودگاه گرگان,Domestic Departure
2025-06-01 19:45:00,آسمان,IRC631,تهران,باطل شد,,,,100,فرودگاه گرگان,Domestic Departure
2025-06-01 14:10:00,کاسپین,CPN6997,كيش,طبق برنامه,,,,MD83,فرودگاه گرگان,Domestic Departure
2025-06-01 20:55:00,کاسپین,CPN4923,مشهد,پروازکرد20:58,1-2,2025-06-01 20:58:00,,,فرودگاه همدان,Domestic Departure
2025-06-01 20:20:00,ماهان,IRM1027,تهران,پروازکرد20:15,2-3,2025-06-01 20:15:00,,RJ100,فرودگاه اردبيل,Domestic Departure
2025-06-01 17:05:00,ایران ایر,IRA496,تهران,طبق برنامه,,,,100,فرودگاه اردبيل,Domestic Departure
2025-06-01 07:20:00,آسمان,IRC841,تهران,طبق برنامه,,,,,فرودگاه ايلام,Domestic Departure
2025-06-01 19:15:00,ایران ایر,IRA386,مشهد,پروازکرد19:35,2-3,2025-06-01 19:35:00,,100,فرودگاه بيرجند,Domestic Departure
2025-06-01 22:45:00,ایران ایر,IRA217,تهران,پروازکرد23:07,2-3,2025-06-01 23:07:00,,100,فرودگاه بيرجند,Domestic Departure
2025-06-01 12:15:00,فلای دبی,FDB268,دبی,پروازکرد11:55,11:55,,737,2025-06-01,فرودگاه لارستان,International Departure
2025-06-01 11:55:00,فلای دبی,FDB268,دبی,طبق برنامه,,,737,2025-06-01,فرودگاه لارستان,International Departure
2025-06-01 14:15:00,العربیه,ABY218,شارجه,طبق برنامه,,,A321,2025-06-01,فرودگاه لارستان,International Departure
2025-06-01 16:15:00,ماهان,IRM1005,تهران,پروازکرد16:20,"1,4",2025-06-01 16:20:00,,,فرودگاه خرم آباد,Domestic Departure
2025-06-01 11:55:00,ماهان,IRM1091,مشهد,طبق برنامه,,,,146-100,فرودگاه زنجان,Domestic Departure
2025-06-01 09:00:00,ماهان,IRM1040,مشهد,طبق برنامه,,,,,فرودگاه زابل,Domestic Departure
2025-06-01 13:50:00,ماهان,IRM1084,تهران,طبق برنامه,,,,BAE146,فرودگاه زابل,Domestic Departure
2025-06-04 17:00:00,معراج,MRJ4815,بغداد,دريافت كارت پرواز,,,A320,۱۴ خرداد ۱۴۰۴,فرودگاه مشهد,International Departure
2025-06-04 17:30:00,آوا,AXV9212,نجف,دريافت كارت پرواز,,,A310,۱۴ خرداد ۱۴۰۴,فرودگاه مشهد,International Departure
2025-06-04 18:55:00,سپهران,SHI7354,بغداد,طبق برنامه,,,B737,۱۴ خرداد ۱۴۰۴,فرودگاه مشهد,International Departure
2025-06-04 19:30:00,سپهران,SHI7330,نجف,طبق برنامه,,,B737,۱۴ خرداد ۱۴۰۴,فرودگاه مشهد,International Departure
2025-06-04 19:30:00,سپهران,SHI7350,نجف,طبق برنامه,,,B737,۱۴ خرداد ۱۴۰۴,فرودگاه مشهد,International Departure
2025-06-04 19:50:00,ایران ایر,IRA673,نجف,تاخیر - 20:50,,,AB6,۱۴ خرداد ۱۴۰۴,فرودگاه مشهد,International Departure
2025-06-04 23:05:00,العربیه,ABY208,شارجه,طبق برنامه,,,A321,۱۴ خرداد ۱۴۰۴,فرودگاه مشهد,International Departure
2025-06-04 01:50:00,ترکیش,THY889,استانبول,طبق برنامه,,,A320,۱۵ خرداد ۱۴۰۴,فرودگاه مشهد,International Departure
2025-06-04 04:50:00,آوا,AXV9212,نجف,باطل شد,,,B737,۱۵ خرداد ۱۴۰۴,فرودگاه مشهد,International Departure
2025-06-04 05:00:00,سپهران,SHI7346,بغداد,طبق برنامه,,,B737,۱۵ خرداد ۱۴۰۴,فرودگاه مشهد,International Departure
2025-06-02 04:30:00,زاگرس,IZG4022,اهواز,پرواز كرد,5,2025-06-02 05:00:00,EPZAG,MD83,فرودگاه مهرآباد,Domestic Departure
2025-06-02 04:50:00,کیش ایر,KIS7085,یزد,پرواز كرد,"11, 12",2025-06-02 05:12:00,EPLCO,MD82,فرودگاه مهرآباد,Domestic Departure
2025-06-02 04:55:00,وارش,VRH5818,مشهد,پرواز كرد,3,2025-06-02 05:08:00,EPVAA,B737,فرودگاه مهرآباد,Domestic Departure
2025-06-02 05:00:00,وارش,VRH5858,چابهار,پرواز كرد,2,2025-06-02 05:29:00,EPVBM,B737,فرودگاه مهرآباد,Domestic Departure
2025-06-02 05:10:00,آتا,TBZ5635,اهواز,پرواز كرد,"26, 27",2025-06-02 05:20:00,EPTAH,737,فرودگاه مهرآباد,Domestic Departure
2025-06-02 05:20:00,چابهار,IRU7672,کرمان,پرواز كرد,7,2025-06-02 05:37:00,EPCBI,MD83,فرودگاه مهرآباد,Domestic Departure
2025-06-02 05:20:00,کاسپین,CPN024,مشهد,پرواز كرد,"6, 7",2025-06-02 05:54:00,EPCAS,MD83,فرودگاه مهرآباد,Domestic Departure
2025-06-02 05:25:00,کارون,KRU2536,شیراز/بهرگان,پرواز كرد,"14, 15",2025-06-02 06:43:00,EPMIS,F100,فرودگاه مهرآباد,Domestic Departure
2025-06-02 05:25:00,آسمان,IRC840,ایلام,پرواز كرد,26,2025-06-02 07:29:00,EPATE,F100,فرودگاه مهرآباد,Domestic Departure
2025-06-02 05:30:00,آتا,TBZ5617,مشهد,پرواز كرد,"12, 13",2025-06-02 05:49:00,EPTAE,737,فرودگاه مهرآباد,Domestic Departure
2025-06-02 05:30:00,وارش,VRH5852,اهواز,پرواز كرد,4,2025-06-02 05:57:00,EPVAF,B737,فرودگاه مهرآباد,Domestic Departure
2025-06-02 05:40:00,پارس ایر,PRS5400,مشهد,پرواز كرد,20,2025-06-02 06:10:00,EPPAO,737-700,فرودگاه مهرآباد,Domestic Departure
2025-06-02 05:40:00,فلای پرشیا,FPI7426,اهواز,پرواز كرد,"18, 19",2025-06-02 05:51:00,EPFPA,B737,فرودگاه مهرآباد,Domestic Departure
2025-06-02 05:45:00,ایران ایر,IRA343,تبریز,پرواز كرد,"3, 4",2025-06-02 06:09:00,EPCFR,F100,فرودگاه مهرآباد,Domestic Departure
2025-06-02 05:45:00,کارون,KRU2506,ماهشهر,پرواز كرد,"16, 17",2025-06-02 06:07:00,EPNFC,737,فرودگاه مهرآباد,Domestic Departure
2025-06-02 05:50:00,چابهار,IRU7626,شیراز,پرواز كرد,5,2025-06-02 06:00:00,EPCBD,MD83,فرودگاه مهرآباد,Domestic Departure
2025-06-02 05:55:00,کارون,KRU2584,عسلویه,پرواز كرد,"18, 19",2025-06-02 06:14:00,EPJIA,B737,فرودگاه مهرآباد,Domestic Departure
2025-06-02 06:00:00,ایران ایرتور,IRB912,بندرعباس,پرواز كرد,"9, 10",2025-06-02 06:25:00,EPMDD,MD83,فرودگاه مهرآباد,Domestic Departure
2025-06-02 06:00:00,آتا,TBZ5677,ارومیه,پرواز كرد,"24, 25",2025-06-02 06:18:00,EPTAJ,MD83,فرودگاه مهرآباد,Domestic Departure
2025-06-02 06:05:00,کیش ایر,KIS7009,عسلویه,پرواز كرد,"11, 12",2025-06-02 06:27:00,EPLCJ,MD83,فرودگاه مهرآباد,Domestic Departure
2025-06-02 06:05:00,ماهان,IRM1085,زابل,پرواز كرد,24,2025-06-02 06:20:00,EPMEU,146-200,فرودگاه مهرآباد,Domestic Departure
2025-06-02 06:10:00,قشم ایر,QSM1202,عسلویه,پرواز كرد,"21, 22",2025-06-02 06:30:00,EPFQV,rj100,فرودگاه مهرآباد,Domestic Departure
2025-06-02 06:15:00,ماهان,IRM1033,مشهد,پرواز كرد,22,2025-06-02 06:36:00,EPMEI,146-200,فرودگاه مهرآباد,Domestic Departure
2025-06-02 06:15:00,کاسپین,CPN6978,لامرد,پرواز كرد,"8, 9",2025-06-02 06:22:00,EPKPB,737,فرودگاه مهرآباد,Domestic Departure
2025-06-02 06:20:00,آتا,TBZ5610,تبریز,پرواز كرد,"26, 27",2025-06-02 06:33:00,EPTAZ,MD83,فرودگاه مهرآباد,Domestic Departure
2025-06-02 06:20:00,کیش ایر,KIS7055,كيش,پرواز كرد,"9, 10",2025-06-02 06:46:00,EPLCL,MD83,فرودگاه مهرآباد,Domestic Departure
2025-06-02 06:25:00,پويا,PYA2350,کرمان,پرواز كرد,15,2025-06-02 06:41:00,EPPUN,EMB145,فرودگاه مهرآباد,Domestic Departure
2025-06-02 06:25:00,یزد ایر,DZD6895,شیراز,پرواز كرد,14,2025-06-02 06:47:00,EPDZH,146-200,فرودگاه مهرآباد,Domestic Departure
2025-06-02 06:30:00,ساها,IRZ158,شیراز,پرواز كرد,"10, 11",2025-06-02 06:59:00,EPSII,737-700,فرودگاه مهرآباد,Domestic Departure
2025-06-02 06:35:00,زاگرس,IZG4060,بوشهر,پرواز كرد,3,2025-06-02 07:05:00,EPZAQ,MD83,فرودگاه مهرآباد,Domestic Departure
2025-06-02 06:40:00,اروان,INA6750,مشهد,پرواز كرد,7,2025-06-02 07:16:00,EPNSR,737-700,فرودگاه مهرآباد,Domestic Departure
2025-06-02 06:40:00,کاسپین,CPN014,عسلویه,پرواز كرد,"12, 13",2025-06-02 06:50:00,EPCAQ,737,فرودگاه مهرآباد,Domestic Departure
2025-06-02 06:45:00,قشم ایر,QSM1291,کرمانشاه,پرواز كرد,"14, 15",2025-06-02 06:54:00,EPFQI,F100,فرودگاه مهرآباد,Domestic Departure
2025-06-02 06:55:00,ایران ایر,IRA232,شیراز,پرواز كرد,"3, 4",2025-06-02 07:10:00,EPIEP,A319,فرودگاه مهرآباد,Domestic Departure
2025-06-02 07:00:00,معراج,MRJ2825,تبریز,پرواز كرد,"18, 19",2025-06-02 07:07:00,EPSSN,A320,فرودگاه مهرآباد,Domestic Departure
2025-06-02 07:05:00,آتا,TBZ5662,کرمان,پرواز كرد,"28, 29",2025-06-02 07:18:00,EPTAR,MD83,فرودگاه مهرآباد,Domestic Departure
2025-06-02 07:10:00,ماهان,IRM4525,چابهار,پرواز كرد,21,2025-06-02 07:21:00,EPMOC,146-200,فرودگاه مهرآباد,Domestic Departure
2025-06-02 07:15:00,اطلس ایر,ATS8295,بندرعباس,باطل شد,,,,737-700,فرودگاه مهرآباد,Domestic Departure
2025-06-02 07:20:00,پويا,PYA2348,بندرعباس,پرواز كرد,16,2025-06-02 07:28:00,EPPUR,EMB145,فرودگاه مهرآباد,Domestic Departure
2025-06-02 07:25:00,آسمان,IRC3771,شیراز,پرواز كرد,"26, 27",2025-06-02 11:48:00,EPATE,F100,فرودگاه مهرآباد,Domestic Departure
2025-06-02 07:30:00,ایران ایرتور,IRB916,كيش,پرواز كرد,"9, 10",2025-06-02 07:47:00,EPMDF,MD83,فرودگاه مهرآباد,Domestic Departure
2025-06-02 07:35:00,آساجت,SJT8616,اصفهان,پرواز كرد,17,2025-06-02 07:59:00,EPRHN,EMB145,فرودگاه مهرآباد,Domestic Departure
2025-06-02 07:40:00,ماهان,IRM1095,بندرعباس,پرواز كرد,22,2025-06-02 07:52:00,EPMOH,rj100,فرودگاه مهرآباد,Domestic Departure
2025-06-02 07:45:00,کیش ایر,KIS7053,كيش,پرواز كرد,"11, 12",2025-06-02 07:58:00,EPLCK,MD83,فرودگاه مهرآباد,Domestic Departure
2025-06-02 08:00:00,ماهان,IRM4536,اردبیل,پرواز كرد,23,2025-06-02 08:16:00,EPMOS,RJ85,فرودگاه مهرآباد,Domestic Departure
2025-06-02 08:05:00,آتا,TBZ5602,تبریز,پرواز كرد,"12, 13",2025-06-02 08:13:00,EPTAL,MD83,فرودگاه مهرآباد,Domestic Departure
2025-06-02 08:10:00,ماهان,IRM1051,کرمان,پرواز كرد,24,2025-06-02 08:11:00,EPMEA,RJ85,فرودگاه مهرآباد,Domestic Departure
2025-06-02 08:20:00,وارش,VRH5902,مشهد,پرواز كرد,3,2025-06-02 08:38:00,EPVAR,B737,فرودگاه مهرآباد,Domestic Departure
2025-06-02 08:25:00,زاگرس,IZG4030,كيش,پرواز كرد,5,2025-06-02 09:14:00,EPZAG,MD83,فرودگاه مهرآباد,Domestic Departure
2025-06-02 08:30:00,قشم ایر,QSM1286,ایلام,پرواز كرد,"21, 22",2025-06-02 08:36:00,EPFQF,F100,فرودگاه مهرآباد,Domestic Departure
2025-06-02 08:30:00,ایران ایرتور,IRB960,مشهد,پرواز كرد,"7, 8",2025-06-02 08:50:00,EPMDC,MD83,فرودگاه مهرآباد,Domestic Departure
2025-06-02 08:35:00,کاسپین,CPN044,كيش,پرواز كرد,"6, 7",2025-06-02 08:56:00,EPCPU,MD83,فرودگاه مهرآباد,Domestic Departure
2025-06-02 09:05:00,آتا,TBZ5693,اهواز,پرواز كرد,"24, 25",2025-06-02 09:29:00,EPTAH,737,فرودگاه مهرآباد,Domestic Departure
2025-06-02 09:10:00,آساجت,SJT8634,رشت,پرواز كرد,14,2025-06-02 09:16:00,EPJEK,EMB145,فرودگاه مهرآباد,Domestic Departure
2025-06-02 09:15:00,کیش ایر,KIS7105,آبادان,پرواز كرد,"9, 10",2025-06-02 09:18:00,EPLCO,MD82,فرودگاه مهرآباد,Domestic Departure
2025-06-02 09:25:00,رایمون,RAI7514,عسلویه,پرواز كرد,3,2025-06-02 09:26:00,EPNEA,EMB145,فرودگاه مهرآباد,Domestic Departure
2025-06-02 09:30:00,آسمان,IRC640,تبریز,پرواز كرد,"28, 29",2025-06-02 16:32:00,EPATE,F100,فرودگاه مهرآباد,Domestic Departure
2025-06-02 09:35:00,پارس ایر,PRS4492,آغاجاری,پرواز كرد,"19, 20",2025-06-02 11:37:00,EPPRA,CRJ200,فرودگاه مهرآباد,Domestic Departure
2025-06-02 09:40:00,چابهار,IRU7640,مشهد,پرواز كرد,3,2025-06-02 09:53:00,EPSEB,MD83,فرودگاه مهرآباد,Domestic Departure
2025-06-02 09:45:00,فلای پرشیا,FPI7424,قشم,پرواز كرد,"18, 19",2025-06-02 09:46:00,EPFPA,B737,فرودگاه مهرآباد,Domestic Departure
2025-06-02 09:55:00,آتا,TBZ5687,بوشهر,پرواز كرد,"26, 27",2025-06-02 10:18:00,EPTAZ,MD83,فرودگاه مهرآباد,Domestic Departure
2025-06-02 10:00:00,وارش,VRH5840,مشهد,پرواز كرد,5,2025-06-02 10:14:00,EPVAF,B737,فرودگاه مهرآباد,Domestic Departure
2025-06-02 10:00:00,ایران ایر,IRA321,خرم‌آباد,پرواز كرد,"3, 4",2025-06-02 10:09:00,EPCFR,F100,فرودگاه مهرآباد,Domestic Departure
2025-06-02 10:10:00,چابهار,IRU7660,مشهد,پرواز كرد,6,2025-06-02 10:30:00,EPCBI,MD82,فرودگاه مهرآباد,Domestic Departure
2025-06-02 10:20:00,آتا,TBZ5629,مشهد,پرواز كرد,"28, 29",2025-06-02 10:49:00,EPTAJ,MD82,فرودگاه مهرآباد,Domestic Departure
2025-06-02 10:40:00,چابهار,IRU7610,مشهد,پرواز كرد,3,2025-06-02 10:55:00,EPCBD,MD82,فرودگاه مهرآباد,Domestic Departure
2025-06-02 11:00:00,آتا,TBZ5659,كيش,پرواز كرد,"13, 14",2025-06-02 11:30:00,EPTAQ,MD83,فرودگاه مهرآباد,Domestic Departure
2025-06-02 11:05:00,کیش ایر,KIS7193,عسلویه,پرواز كرد,"11, 12",2025-06-02 11:40:00,EPLCJ,MD83,فرودگاه مهرآباد,Domestic Departure
2025-06-02 11:20:00,کاسپین,CPN026,مشهد,پرواز كرد,"6, 7",2025-06-02 11:45:00,EPKPB,737,فرودگاه مهرآباد,Domestic Departure
2025-06-02 11:20:00,کارون,KRU2642,اهواز,پرواز كرد,"16, 17",2025-06-02 11:33:00,EPJIA,737,فرودگاه مهرآباد,Domestic Departure
2025-06-02 11:30:00,زاگرس,IZG4040,مشهد,پرواز كرد,5,2025-06-02 12:17:00,EPZAQ,MD83,فرودگاه مهرآباد,Domestic Departure
2025-06-02 11:40:00,اطلس ایر,ATS8284,مشهد,پرواز كرد,"18, 19",2025-06-02 11:42:00,EPTHI,RJ85,فرودگاه مهرآباد,Domestic Departure
2025-06-02 11:40:00,کاسپین,CPN036,ارومیه,پرواز كرد,"8, 9",2025-06-02 12:02:00,EPCAQ,737,فرودگاه مهرآباد,Domestic Departure
2025-06-02 11:55:00,آتا,TBZ5613,مشهد,پرواز كرد,"24, 25",2025-06-02 14:21:00,EPTAR,MD83,فرودگاه مهرآباد,Domestic Departure
2025-06-02 12:00:00,ماهان,IRM4583,زنجان,پرواز كرد,21,2025-06-02 12:46:00,EPMNZ,CITATION,فرودگاه مهرآباد,Domestic Departure
2025-06-02 12:00:00,وارش,VRH5814,بندرعباس,پرواز كرد,7,2025-06-02 12:19:00,EPVBM,B737,فرودگاه مهرآباد,Domestic Departure
2025-06-02 12:15:00,ماهان,IRM1023,كيش,پرواز كرد,"22, 23, 24",2025-06-02 12:40:00,EPMEE,747,فرودگاه مهرآباد,Domestic Departure
2025-06-02 12:30:00,قشم ایر,QSM1260,شیراز,پرواز كرد,"21, 22",2025-06-02 12:49:00,EPFQV,RJ100,فرودگاه مهرآباد,Domestic Departure
2025-06-02 12:45:00,قشم ایر,QSM1212,دزفول,پرواز كرد,"14, 15",2025-06-02 12:55:00,EPFQF,F100,فرودگاه مهرآباد,Domestic Departure
2025-06-02 13:20:00,آتا,TBZ5698,مشهد,پرواز كرد,"26, 27",2025-06-02 14:07:00,EPTAO,MD83,فرودگاه مهرآباد,Domestic Departure
2025-06-02 13:25:00,ماهان,IRM1010,کرمانشاه,پرواز كرد,24,2025-06-02 13:50:00,EPMEA,RJ85,فرودگاه مهرآباد,Domestic Departure
2025-06-02 13:40:00,ایران ایرتور,IRB962,مشهد,پرواز كرد,"5, 6",2025-06-02 19:50:00,EPMDC,MD83,فرودگاه مهرآباد,Domestic Departure
2025-06-02 14:00:00,ماهان,IRM1004,ارومیه,پرواز كرد,22,2025-06-02 14:09:00,EPMOS,RJ85,فرودگاه مهرآباد,Domestic Departure
2025-06-02 14:45:00,رایمون,RAI7512,اصفهان,پرواز كرد,3,2025-06-02 15:20:00,EPNEA,EMB145,فرودگاه مهرآباد,Domestic Departure
2025-06-02 14:55:00,ایران ایر,IRA497,اردبیل,پرواز كرد,"3, 4",2025-06-02 15:16:00,EPCFR,F100,فرودگاه مهرآباد,Domestic Departure
2025-06-02 15:50:00,آتا,TBZ5619,مشهد,پرواز كرد,"28, 29",2025-06-02 16:56:00,EPTAJ,MD82,فرودگاه مهرآباد,Domestic Departure
2025-06-02 15:50:00,کاسپین,CPN6936,قشم,پرواز كرد,"6, 7",2025-06-02 16:46:00,EPCAQ,B737,فرودگاه مهرآباد,Domestic Departure
2025-06-02 15:55:00,آتا,TBZ5664,کرمان,پرواز كرد,"12, 13",2025-06-02 16:59:00,EPTAE,737,فرودگاه مهرآباد,Domestic Departure
2025-06-02 15:55:00,کیش ایر,KIS7029,كيش,پرواز كرد,"9, 10",2025-06-02 17:09:00,EPLCJ,MD83,فرودگاه مهرآباد,Domestic Departure
2025-06-02 16:00:00,آساجت,SJT8624,یزد,پرواز كرد,15,2025-06-02 16:18:00,EPJEK,EMB145,فرودگاه مهرآباد,Domestic Departure
2025-06-02 16:15:00,آسمان,IRC3710,اردبیل,پرواز كرد,29,2025-06-02 20:59:00,EPATE,F100,فرودگاه مهرآباد,Domestic Departure
2025-06-02 16:20:00,کاسپین,CPN6986,زاهدان,پرواز كرد,"8, 9",2025-06-02 17:06:00,EPCAS,MD83,فرودگاه مهرآباد,Domestic Departure
2025-06-02 16:25:00,آتا,TBZ5719,مشهد,پرواز كرد,"26, 27",2025-06-02 17:15:00,EPTAQ,MD83,فرودگاه مهرآباد,Domestic Departure
2025-06-02 16:30:00,ماهان,IRM1067,کرمان,پرواز كرد,22,2025-06-02 16:39:00,EPMOH,RJ100,فرودگاه مهرآباد,Domestic Departure
2025-06-02 16:50:00,رایمون,RAI7524,رشت,پرواز كرد,3,2025-06-02 17:23:00,EPNEB,EMB145,فرودگاه مهرآباد,Domestic Departure
2025-06-02 16:50:00,قشم ایر,QSM1220,بندرعباس,پرواز كرد,"18, 19",2025-06-02 17:24:00,EPFQI,F100,فرودگاه مهرآباد,Domestic Departure
2025-06-02 16:55:00,اطلس ایر,ATS8288,مشهد,پرواز كرد,21,2025-06-02 17:37:00,EPLEE,737-700,فرودگاه مهرآباد,Domestic Departure
2025-06-02 16:55:00,یزد ایر,DZD9401,ارومیه,پرواز كرد,"6, 7",2025-06-02 17:12:00,EPDZH,RJ85,فرودگاه مهرآباد,Domestic Departure
2025-06-02 17:00:00,زاگرس,IZG4020,اهواز,پرواز كرد,3,2025-06-02 17:46:00,EPZAQ,MD83,فرودگاه مهرآباد,Domestic Departure
2025-06-02 17:05:00,آتا,TBZ5668,تبریز,پرواز كرد,"23, 23, 24, 24",2025-06-02 17:39:00,EPTAZ,MD83,فرودگاه مهرآباد,Domestic Departure
2025-06-02 17:05:00,آتا,TBZ5623,شیراز,پرواز كرد,"28, 29",2025-06-02 21:20:00,EPTAH,737,فرودگاه مهرآباد,Domestic Departure
2025-06-02 17:10:00,پارس ایر,PRS4454,مشهد,پرواز كرد,"18, 19",2025-06-02 18:00:00,EPPAO,737,فرودگاه مهرآباد,Domestic Departure
2025-06-02 17:20:00,قشم ایر,QSM1252,مشهد,پرواز كرد,14,2025-06-02 18:15:00,EPFQV,rj100,فرودگاه مهرآباد,Domestic Departure
2025-06-02 17:25:00,کیش ایر,KIS7031,اهواز,پرواز كرد,"11, 12",2025-06-02 17:42:00,EPLCL,MD82,فرودگاه مهرآباد,Domestic Departure
2025-06-02 17:25:00,کارون,KRU2628,شیراز,پرواز كرد,"16, 17",2025-06-02 17:51:00,EPNFC,737,فرودگاه مهرآباد,Domestic Departure
2025-06-02 17:30:00,کارون,KRU2608,یزد,پرواز كرد,22,2025-06-02 17:49:00,EPJIA,737-700,فرودگاه مهرآباد,Domestic Departure
2025-06-02 17:35:00,آتا,TBZ5673,اهواز,پرواز كرد,"12, 13",2025-06-02 19:56:00,EPTAL,MD83,فرودگاه مهرآباد,Domestic Departure
2025-06-02 17:45:00,پارس ایر,PRS4462,سیرجان,پرواز كرد,20,2025-06-02 18:05:00,EPPRA,CRJ200,فرودگاه مهرآباد,Domestic Departure
2025-06-02 17:45:00,چابهار,IRU7650,مشهد,پرواز كرد,6,2025-06-02 18:03:00,EPSEB,MD83,فرودگاه مهرآباد,Domestic Departure
2025-06-02 18:00:00,یزد ایر,DZD9441,یزد,پرواز كرد,"8, 9",2025-06-02 18:24:00,EPMEA,RJ85,فرودگاه مهرآباد,Domestic Departure
2025-06-02 18:05:00,کارون,KRU2508,ماهشهر,دريافت كارت پرواز,15,,EPOPI,F100,فرودگاه مهرآباد,Domestic Departure
2025-06-02 18:10:00,پويا,PYA2318,کرمانشاه,پرواز كرد,13,2025-06-02 18:21:00,EPPUR,EMB145,فرودگاه مهرآباد,Domestic Departure
2025-06-02 18:15:00,ماهان,IRM1026,اردبیل,پرواز كرد,23,2025-06-02 18:43:00,EPMEU,RJ85,فرودگاه مهرآباد,Domestic Departure
2025-06-02 18:20:00,ماهان,IRM1055,کرمان,پرواز كرد,24,2025-06-02 18:45:00,EPMEI,RJ85,فرودگاه مهرآباد,Domestic Departure
2025-06-02 18:25:00,اطلس ایر,ATS8291,یزد,پرواز كرد,21,2025-06-02 18:38:00,EPTHI,RJ85,فرودگاه مهرآباد,Domestic Departure
2025-06-02 18:30:00,قدر ایر,SEP2702,اهواز,پرواز كرد,"14, 15",2025-06-02 19:31:00,152286,IL76,فرودگاه مهرآباد,Domestic Departure
2025-06-02 18:30:00,وارش,VRH5800,ساری,پرواز كرد,8,2025-06-02 20:13:00,EPVAK,B737,فرودگاه مهرآباد,Domestic Departure
2025-06-02 18:30:00,ماهان,IRM1002,تبریز,پرواز كرد,21,2025-06-02 18:49:00,EPMOS,RJ85,فرودگاه مهرآباد,Domestic Departure
2025-06-02 18:35:00,رایمون,RAI7510,رشت,پرواز كرد,3,2025-06-02 18:53:00,EPNEA,EMB145,فرودگاه مهرآباد,Domestic Departure
2025-06-02 18:40:00,آتا,TBZ5646,تبریز,پرواز كرد,"24, 25",2025-06-02 18:57:00,EPTAN,MD83,فرودگاه مهرآباد,Domestic Departure
2025-06-02 19:00:00,ایران ایرتور,IRB970,بوشهر,پرواز كرد,"9, 10",2025-06-02 22:02:00,EPMDD,MD83,فرودگاه مهرآباد,Domestic Departure
2025-05-23 06:05:00,یزد ایر,DZD9431,شیراز,طبق برنامه,"10, 11",,,146-200,فرودگاه مهرآباد,Domestic Departure
2025-05-30 20:10:00,ساها,IRZ174,كيش,طبق برنامه,"6, 7",,,737-700,فرودگاه مهرآباد,Domestic Departure
2025-06-02 19:15:00,تابان,TBN6326,مشهد,پرواز كرد,"1, 2",2025-06-02 19:46:00,EPTBB,MD.88,فرودگاه مهرآباد,Domestic Departure
2025-06-02 19:20:00,ایران ایر,IRA246,گرگان,پرواز كرد,"3, 4",2025-06-02 19:42:00,EPCFR,F100,فرودگاه مهرآباد,Domestic Departure
2025-06-02 19:30:00,ایران ایرتور,IRB946,تبریز,پرواز كرد,"7, 8",2025-06-02 21:58:00,EPMDF,MD83,فرودگاه مهرآباد,Domestic Departure
2025-06-02 19:30:00,ماهان,IRM4541,زاهدان,پرواز كرد,21,2025-06-02 19:39:00,EPMOC,146-200,فرودگاه مهرآباد,Domestic Departure
2025-06-02 19:35:00,آسمان,IRC3777,شیراز,پرواز كرد,"26, 27",2025-06-02 20:32:00,EPASR,F100,فرودگاه مهرآباد,Domestic Departure
2025-06-02 19:35:00,آتا,TBZ5679,ارومیه,پرواز كرد,"28, 29",2025-06-02 21:44:00,EPTAR,MD83,فرودگاه مهرآباد,Domestic Departure
2025-06-02 19:45:00,ساها,IRZ156,شیراز,پرواز كرد,"10, 11",2025-06-02 20:02:00,EPSII,737-700,فرودگاه مهرآباد,Domestic Departure
2025-06-02 19:45:00,آسمان,IRC602,مشهد,پایان پذیرش مسافر,28,,,F100,فرودگاه مهرآباد,Domestic Departure
2025-06-02 19:50:00,معراج,MRJ2818,كيش,پرواز كرد,"18, 19",2025-06-02 20:23:00,EPSSN,A321,فرودگاه مهرآباد,Domestic Departure
2025-06-02 20:00:00,چابهار,IRU7614,چابهار,پرواز كرد,3,2025-06-02 20:29:00,EPCBD,MD83,فرودگاه مهرآباد,Domestic Departure
2025-06-02 20:05:00,زاگرس,IZG4010,شیراز,پرواز كرد,5,2025-06-02 20:38:00,EPZAG,MD83,فرودگاه مهرآباد,Domestic Departure
2025-06-02 20:05:00,کیش ایر,KIS7169,مشهد,تاخیر,"9, 10",,EPLCO,MD83,فرودگاه مهرآباد,Domestic Departure
2025-06-02 20:10:00,ساها,IRZ174,كيش,پرواز كرد,"6, 7",2025-06-02 20:45:00,EPSIJ,737-700,فرودگاه مهرآباد,Domestic Departure
2025-06-02 20:15:00,کاسپین,CPN040,مشهد,پرواز كرد,"8, 9",2025-06-02 20:41:00,EPCPU,MD83,فرودگاه مهرآباد,Domestic Departure
2025-06-02 20:20:00,کیش ایر,KIS7025,كيش,پرواز كرد,"11, 12",2025-06-02 20:51:00,EPLCK,MD83,فرودگاه مهرآباد,Domestic Departure
2025-06-02 20:25:00,فلای پرشیا,FPI7405,شیراز,پرواز كرد,"18, 19",2025-06-02 20:48:00,EPFPA,B737,فرودگاه مهرآباد,Domestic Departure
2025-06-02 20:25:00,ماهان,IRM1037,مشهد,پرواز كرد,"22, 23, 24",2025-06-02 21:07:00,EPMEE,747,فرودگاه مهرآباد,Domestic Departure
2025-06-02 20:30:00,آتا,TBZ5625,اهواز,پرواز كرد,"28, 29",2025-06-02 21:50:00,EPTAJ,MD83,فرودگاه مهرآباد,Domestic Departure
2025-06-02 20:35:00,آوا,AXV7730,مشهد,پرواز كرد,"21, 22",2025-06-02 21:11:00,EPRBC,B737,فرودگاه مهرآباد,Domestic Departure
2025-06-02 20:40:00,ماهان,IRM1079,کرمان,پرواز كرد,21,2025-06-02 20:54:00,EPMEB,RJ85,فرودگاه مهرآباد,Domestic Departure
2025-06-02 21:00:00,وارش,VRH5872,بوشهر,پرواز كرد,7,2025-06-02 21:15:00,EPVAR,B737,فرودگاه مهرآباد,Domestic Departure
2025-06-02 21:00:00,زاگرس,IZG4050,بندرعباس,پرواز كرد,3,2025-06-02 22:34:00,EPZAQ,MD83,فرودگاه مهرآباد,Domestic Departure
2025-06-02 21:10:00,آتا,TBZ5643,سیرجان,پرواز كرد,"24, 25",2025-06-02 21:23:00,EPTAE,B737,فرودگاه مهرآباد,Domestic Departure
2025-06-02 21:10:00,کاسپین,CPN6900,بوشهر,پرواز كرد,"6, 7",2025-06-02 21:25:00,EPKPB,737,فرودگاه مهرآباد,Domestic Departure
2025-06-02 21:15:00,کارون,KRU2610,دزفول,پرواز كرد,"16, 17",2025-06-02 21:46:00,EPJIA,737,فرودگاه مهرآباد,Domestic Departure
2025-06-02 21:30:00,آتا,TBZ5690,آبادان,در حال سوار شدن,"26, 27",,EPTAL,MD83,فرودگاه مهرآباد,Domestic Departure
2025-06-02 21:35:00,کیش ایر,KIS7051,شیراز,پرواز كرد,"9, 10",2025-06-02 22:37:00,EPLCJ,MD82,فرودگاه مهرآباد,Domestic Departure
2025-06-02 21:45:00,کیش ایر,KIS7081,كيش,پرواز كرد,"11, 12",2025-06-02 22:15:00,EPLCL,MD83,فرودگاه مهرآباد,Domestic Departure
2025-06-02 22:00:00,اطلس ایر,ATS8273,اصفهان,پرواز كرد,"21, 22",2025-06-02 22:19:00,EPLEE,737-700,فرودگاه مهرآباد,Domestic Departure
2025-06-02 22:05:00,آتا,TBZ5670,یزد,پرواز كرد,"12, 13",2025-06-02 22:06:00,EPTAZ,MD83,فرودگاه مهرآباد,Domestic Departure
2025-06-02 22:10:00,کارون,KRU2618,اهواز,پرواز كرد,"18, 19",2025-06-02 22:56:00,EPNFC,737,فرودگاه مهرآباد,Domestic Departure
2025-06-02 22:15:00,پارس ایر,PRS4402,بیرجند,پرواز كرد,"18, 19",2025-06-02 22:23:00,EPPRA,CRJ200,فرودگاه مهرآباد,Domestic Departure
2025-06-02 22:15:00,کارون,KRU2602,اصفهان,تاخیر - 01:20,14,,,F100,فرودگاه مهرآباد,Domestic Departure
2025-06-02 22:30:00,چابهار,IRU7642,اهواز,پرواز كرد,3,2025-06-02 22:51:00,EPSEB,MD83,فرودگاه مهرآباد,Domestic Departure
2025-06-02 22:30:00,یزد ایر,DZD9443,یزد,پرواز كرد,14,2025-06-02 22:44:00,EPMEA,RJ85,فرودگاه مهرآباد,Domestic Departure
2025-06-02 23:00:00,ایران ایر,IRA458,بندرعباس,آماده پرواز,"3, 4",,EPIEP,A319,فرودگاه مهرآباد,Domestic Departure
2025-06-02 23:30:00,آتا,TBZ5640,تبریز,دريافت كارت پرواز,"28, 29",,,MD83,فرودگاه مهرآباد,Domestic Departure
2025-06-02 23:30:00,وارش,VRH5850,اهواز,در حال سوار شدن,6,,EPVBM,B737,فرودگاه مهرآباد,Domestic Departure
2025-06-02 23:45:00,تابان,TBN6252,مشهد,پایان پذیرش مسافر,"1, 2",,,MD.88,فرودگاه مهرآباد,Domestic Departure
2025-06-02 23:50:00,ماهان,IRM1053,کرمان,آماده پرواز,21,,EPMEI,RJ85,فرودگاه مهرآباد,Domestic Departure
2025-06-04 05:00:00,ایران ایرتور,IRB9793,کابل,طبق برنامه,,,MD82,۱۵ خرداد ۱۴۰۴,فرودگاه مشهد,International Departure
2025-06-04 05:15:00,سپهران,SHI7304,بغداد,طبق برنامه,,,B737,۱۵ خرداد ۱۴۰۴,فرودگاه مشهد,International Departure
2025-06-04 05:15:00,تابان,TBN7263,نجف,طبق برنامه,,,A320,۱۵ خرداد ۱۴۰۴,فرودگاه مشهد,International Departure
2025-06-04 05:45:00,سپهران,SHI7310,نجف,طبق برنامه,,,B737,۱۵ خرداد ۱۴۰۴,فرودگاه مشهد,International Departure
2025-06-04 06:00:00,هواپیمایی پارس,PRS5490,نجف,طبق برنامه,,,B737,۱۵ خرداد ۱۴۰۴,فرودگاه مشهد,International Departure
2025-06-04 06:30:00,سپهران,SHI7300,نجف,طبق برنامه,,,B737,۱۵ خرداد ۱۴۰۴,فرودگاه مشهد,International Departure
2025-06-04 07:00:00,آوا,AXV9204,نجف,طبق برنامه,,,A310,۱۵ خرداد ۱۴۰۴,فرودگاه مشهد,International Departure
2025-06-04 07:00:00,معراج,MRJ4821,نجف,طبق برنامه,,,A320,۱۵ خرداد ۱۴۰۴,فرودگاه مشهد,International Departure
2025-06-04 08:50:00,کام ایر,KMF7702,کابل,طبق برنامه,,,B737,۱۵ خرداد ۱۴۰۴,فرودگاه مشهد,International Departure
2025-06-04 10:00:00,وارش,VRH6846,کویت,طبق برنامه,,,B737,۱۵ خرداد ۱۴۰۴,فرودگاه مشهد,International Departure
2025-06-04 10:30:00,عراقی,IAW162,بغداد,طبق برنامه,,,B737,۱۵ خرداد ۱۴۰۴,فرودگاه مشهد,International Departure
2025-06-04 11:00:00,آریانا افغان,AFG718,هرات,طبق برنامه,,,A310,۱۵ خرداد ۱۴۰۴,فرودگاه مشهد,International Departure
2025-06-04 11:20:00,سپهران,SHI7356,دبی,طبق برنامه,,,B737,۱۵ خرداد ۱۴۰۴,فرودگاه مشهد,International Departure
2025-06-04 12:55:00,زاگرس,IZG3040,نجف,طبق برنامه,,,A319,۱۵ خرداد ۱۴۰۴,فرودگاه مشهد,International Departure
2025-06-04 13:30:00,کاسپین,CPN7906,نجف,طبق برنامه,,,B737,۱۵ خرداد ۱۴۰۴,فرودگاه مشهد,International Departure
2025-06-04 14:25:00,العربیه,ABY206,شارجه,طبق برنامه,,,B737,۱۵ خرداد ۱۴۰۴,فرودگاه مشهد,International Departure
2025-06-04 14:45:00,جزیره,JZR152,کویت,طبق برنامه,,,A320,۱۵ خرداد ۱۴۰۴,فرودگاه مشهد,International Departure
2025-06-04 15:00:00,آوا,AXV9220,بغداد,طبق برنامه,,,A310,۱۵ خرداد ۱۴۰۴,فرودگاه مشهد,International Departure
2025-06-04 15:35:00,فلای دبی,FDB254,دبی,طبق برنامه,,,737-800,۱۵ خرداد ۱۴۰۴,فرودگاه مشهد,International Departure
2025-06-04 15:45:00,معراج,MRJ4801,نجف,طبق برنامه,,,A320,۱۵ خرداد ۱۴۰۴,فرودگاه مشهد,International Departure
2025-06-04 16:10:00,ایران ایر,IRA689,دمام,طبق برنامه,,,A319,۱۵ خرداد ۱۴۰۴,فرودگاه مشهد,International Departure
2025-06-04 17:30:00,هواپیمایی پارس,PRS6472,نجف,طبق برنامه,,,B737,۱۵ خرداد ۱۴۰۴,فرودگاه مشهد,International Departure
2025-06-04 19:00:00,سپهران,SHI7330,نجف,طبق برنامه,,,B737,۱۵ خرداد ۱۴۰۴,فرودگاه مشهد,International Departure
2025-06-04 19:15:00,سپهران,SHI7354,بغداد,طبق برنامه,,,B737,۱۵ خرداد ۱۴۰۴,فرودگاه مشهد,International Departure
2025-06-04 19:20:00,سپهران,SHI7350,نجف,طبق برنامه,,,B737,۱۵ خرداد ۱۴۰۴,فرودگاه مشهد,International Departure
2025-06-04 19:35:00,فلای دبی,FDB252,دبی,طبق برنامه,,,737-800,۱۵ خرداد ۱۴۰۴,فرودگاه مشهد,International Departure
2025-06-04 02:45:00,کیش ایر,KIS7150,تهران,پروازکرد04:55,3-4,2025-06-04 04:55:00,,MD82,فرودگاه شيراز,Domestic Departure
2025-06-04 05:00:00,آسمان,IRC3770,تهران,پروازکرد05:08,16-17,2025-06-04 05:08:00,,100,فرودگاه شيراز,Domestic Departure
2025-06-04 06:15:00,ایران ایرتور,IRB985,تهران,باطل شد,7-9,,,MD82,فرودگاه شيراز,Domestic Departure
2025-06-04 06:45:00,ساها,IRZ159,تهران,پروازکرد06:50,1-2,2025-06-04 06:50:00,,737,فرودگاه شيراز,Domestic Departure
2025-06-04 07:30:00,تابان,TBN6234,مشهد,پروازکرد07:44,11-13,2025-06-04 07:44:00,,md88,فرودگاه شيراز,Domestic Departure
2025-06-04 08:30:00,ایران ایرتور,IRB911,تبریز,پروازکرد08:42,7-8,2025-06-04 08:42:00,,MD82,فرودگاه شيراز,Domestic Departure
2025-06-04 08:45:00,ایران ایر,IRA236a,بندرلنگه,پروازکرد08:50,9,2025-06-04 08:50:00,,100,فرودگاه شيراز,Domestic Departure
2025-06-04 09:35:00,آساجت,SJT8647,عسلویه,پروازکرد09:46,6,2025-06-04 09:46:00,,EMB145,فرودگاه شيراز,Domestic Departure
2025-06-04 09:40:00,قشم,QSM1232,خارگ,پروازکرد09:58,3,2025-06-04 09:58:00,,100,فرودگاه شيراز,Domestic Departure
2025-06-04 09:40:00,آسمان,IRC3812,تبریز,پروازکرد09:42,16-17,2025-06-04 09:42:00,,100,فرودگاه شيراز,Domestic Departure
2025-06-04 10:15:00,کارون,KRU2593,سیری,پروازکرد10:23,2,2025-06-04 10:23:00,,100,فرودگاه شيراز,Domestic Departure
2025-06-04 10:50:00,کاسپین,CPN6948,عسلویه,پروازکرد10:54,5-6,2025-06-04 10:54:00,,MD82,فرودگاه شيراز,Domestic Departure
2025-06-04 12:15:00,ایران ایر,IRA237,تهران,پروازکرد12:23,7,2025-06-04 12:23:00,,100,فرودگاه شيراز,Domestic Departure
2025-06-04 16:20:00,آتا,TBZ5624,تهران,تاخیردارد19:20,,,,MD83,فرودگاه شيراز,Domestic Departure
2025-06-04 17:30:00,آسمان,IRC3776,تهران,طبق برنامه,,,,100,فرودگاه شيراز,Domestic Departure
2025-06-04 18:00:00,قشم,QSM1265,رشت,طبق برنامه,,,,100,فرودگاه شيراز,Domestic Departure
2025-06-04 21:25:00,کارون,KRU2535,ماهشهر,طبق برنامه,,,,100,فرودگاه شيراز,Domestic Departure
2025-06-04 21:40:00,آتا,TBZ5706,مشهد,طبق برنامه,,,,MD83,فرودگاه شيراز,Domestic Departure
2025-06-04 22:00:00,ایران ایرتور,IRB925,مشهد,طبق برنامه,,,,MD82,فرودگاه شيراز,Domestic Departure
2025-06-04 22:10:00,آسمان,IRC3792,بندرعباس,طبق برنامه,,,,100,فرودگاه شيراز,Domestic Departure
2025-06-04 22:20:00,ساها,IRZ157,تهران,طبق برنامه,,,,737,فرودگاه شيراز,Domestic Departure
2025-06-04 22:45:00,کیش ایر,KIS7061,كيش,طبق برنامه,,,,MD83,فرودگاه شيراز,Domestic Departure
2025-06-04 23:15:00,زاگرس,IZG4111,مشهد,طبق برنامه,,,,MD82,فرودگاه شيراز,Domestic Departure
2025-06-04 23:30:00,قشم,QSM1261,تهران,طبق برنامه,,,,100,فرودگاه شيراز,Domestic Departure
2025-06-05 01:00:00,فلای پرشیا,FPI7404,تهران,طبق برنامه,,,,737,فرودگاه شيراز,Domestic Departure
2025-06-05 03:00:00,کیش ایر,KIS7150,تهران,طبق برنامه,,,,MD82,فرودگاه شيراز,Domestic Departure
2025-06-05 05:00:00,آسمان,IRC3770,تهران,طبق برنامه,,,,100,فرودگاه شيراز,Domestic Departure
2025-06-05 06:00:00,پارس,PRS4486,بندرعباس,طبق برنامه,,,,CRJ200,فرودگاه شيراز,Domestic Departure
2025-06-05 07:15:00,چابهار,IRU7647,تهران,طبق برنامه,,,,MD83,فرودگاه شيراز,Domestic Departure
2025-06-05 07:20:00,ماهان,4562a,اهواز,طبق برنامه,,,,146-300,فرودگاه شيراز,Domestic Departure
2025-06-05 08:20:00,کاسپین,CPN6948,عسلویه,طبق برنامه,,,,MD82,فرودگاه شيراز,Domestic Departure
2025-06-04 08:35:00,العربیه,ABY214,شارجه,منتظر اعلام بعدی | پروازکرد10:03,10:03,,A320,2025-06-06,فرودگاه شيراز,International Departure
2025-06-04 10:30:00,سلام ایر,OMS554,مسقط,پروازکرد10:46,10:46,,A320,2025-06-06,فرودگاه شيراز,International Departure
2025-06-04 12:55:00,فلای دبی,FDB242,دبی,پروازکرد13:04,13:04,,737,2025-06-06,فرودگاه شيراز,International Departure
2025-06-04 13:15:00,قشم,QSM2204,دبی,پروازکرد13:30,13:30,,A320,2025-06-06,فرودگاه شيراز,International Departure
2025-06-04 16:55:00,جزیره,JZR182,کویت,پذیرش مسافر,,,A320,2025-06-06,فرودگاه شيراز,International Departure
2025-06-05 05:10:00,قطر,QTR477,دوحه,طبق برنامه,,,A320,2025-06-06,فرودگاه شيراز,International Departure
2025-06-05 06:00:00,پارس,PRS5472,نجف,طبق برنامه,,,CRJ200,2025-06-06,فرودگاه شيراز,International Departure
2025-06-04 05:30:00,آتا,TBZ5601,تهران,باطل شد,,,,MD83,فرودگاه تبريز,Domestic Departure
2025-06-04 06:30:00,آتا,TBZ5609,تهران,پروازکرد06:20,9,2025-06-04 06:20:00,,MD83,فرودگاه تبريز,Domestic Departure
2025-06-04 09:30:00,ایران ایرتور,IRB901,مشهد,پروازکرد09:40,13-14,2025-06-04 09:40:00,,MDC-DC-9-82,فرودگاه تبريز,Domestic Departure
2025-06-04 10:00:00,آتا,TBZ5615,مشهد,پروازکرد10:00,8-9,2025-06-04 10:00:00,,MD83,فرودگاه تبريز,Domestic Departure
2025-06-04 10:50:00,ماهان,IRM04561,کرمان,پروازکرد11:00,3,2025-06-04 11:00:00,,BAE100,فرودگاه تبريز,Domestic Departure
2025-06-04 10:50:00,ماهان,IRM4561,اصفهان,پروازکرد11:00,2,2025-06-04 11:00:00,,BAE100,فرودگاه تبريز,Domestic Departure
2025-06-04 11:30:00,ایران ایرتور,IRB951,مشهد,پروازکرد11:35,13-14,2025-06-04 11:35:00,,MDC-DC-9-82,فرودگاه تبريز,Domestic Departure
2025-06-04 12:05:00,آسمان,IRC3813,شیراز,پروازکرد12:05,6-7,2025-06-04 12:05:00,,100,فرودگاه تبريز,Domestic Departure
2025-06-04 13:00:00,ایران ایرتور,IRB947,تهران,پروازکرد13:05,13-14,2025-06-04 13:05:00,,MD80,فرودگاه تبريز,Domestic Departure
2025-06-04 15:00:00,آتا,TBZ5603,تهران,طبق برنامه,,,,MD83,فرودگاه تبريز,Domestic Departure
2025-06-04 16:00:00,آتا,TBZ5645,تهران,طبق برنامه,,,,MD83,فرودگاه تبريز,Domestic Departure
2025-06-04 17:30:00,معراج,MRJ2882,عسلویه,طبق برنامه,,,,A320,فرودگاه تبريز,Domestic Departure
2025-06-04 17:30:00,آتا,TBZ5639,تهران,طبق برنامه,,,,MD83,فرودگاه تبريز,Domestic Departure
2025-06-04 18:00:00,ایران ایرتور,IRB906,بندرعباس,طبق برنامه,,,,MDC-DC-9-82,فرودگاه تبريز,Domestic Departure
2025-06-04 19:00:00,ایران ایرتور,IRB910,شیراز,طبق برنامه,,,,MD83,فرودگاه تبريز,Domestic Departure
2025-06-04 19:00:00,آتا,TBZ5667,تهران,طبق برنامه,,,,MD83,فرودگاه تبريز,Domestic Departure
2025-06-04 19:25:00,قشم,QSM1274,مشهد,طبق برنامه,,,,100,فرودگاه تبريز,Domestic Departure
2025-06-04 20:00:00,آتا,TBZ5605,تهران,طبق برنامه,,,,MD83,فرودگاه تبريز,Domestic Departure
2025-06-04 21:00:00,قشم,QSM1272,تهران,باطل شد,,,,100,فرودگاه تبريز,Domestic Departure
2025-06-05 06:00:00,آتا,TBZ5601,تهران,طبق برنامه,,,,MD83,فرودگاه تبريز,Domestic Departure
2025-06-05 08:00:00,آتا,TBZ5609,تهران,طبق برنامه,,,,MD83,فرودگاه تبريز,Domestic Departure
2025-06-04 07:00:00,آتا,TBZ6601,استانبول,پروازکرد07:00,07:00,,MD83,2025-06-06,فرودگاه تبريز,International Departure
2025-06-04 07:15:00,ترکیش,TK883,استانبول,پروازکرد07:10,07:10,,A320,2025-06-06,فرودگاه تبريز,International Departure
2025-06-04 10:40:00,آتا,TBZ6637,نجف,پروازکرد11:00,11:00,,MD83,2025-06-06,فرودگاه تبريز,International Departure
2025-06-04 10:45:00,ایران ایرتور,IRB9709,استانبول,پروازکرد10:55,10:55,,A310,2025-06-06,فرودگاه تبريز,International Departure
2025-06-05 04:10:00,پگاسوس,PGT509,استانبول,طبق برنامه,,,A320,2025-06-06,فرودگاه تبريز,International Departure
2025-06-05 07:00:00,آتا,TBZ6601,استانبول,طبق برنامه,,,MD83,2025-06-06,فرودگاه تبريز,International Departure
2025-06-05 07:15:00,ترکیش,TK883,استانبول,طبق برنامه,,,A320,2025-06-06,فرودگاه تبريز,International Departure
2025-06-04 08:10:00,ماهان,IRM4560,تبریز,پروازکرد08:05,1,2025-06-04 08:05:00,,BAE146,فرودگاه اصفهان,Domestic Departure
2025-06-04 08:25:00,قشم,QSM1234,خارگ,پروازکرد08:30,6,2025-06-04 08:30:00,,CRJ200,فرودگاه اصفهان,Domestic Departure
2025-06-04 09:00:00,زاگرس,IZG4141,مشهد,پروازکرد09:20,14-15,2025-06-04 09:20:00,,MD83,فرودگاه اصفهان,Domestic Departure
2025-06-04 10:10:00,ساها,IRZ199,مشهد,پروازکرد10:10,3-4,2025-06-04 10:10:00,,B737-400,فرودگاه اصفهان,Domestic Departure
2025-06-04 10:15:00,کیش ایر,KIS7023,كيش,پروازکرد10:25,1-2,2025-06-04 10:25:00,,MD83,فرودگاه اصفهان,Domestic Departure
2025-06-04 11:35:00,کارون,KRU2562,عسلویه,پروازکرد11:35,1-2,2025-06-04 11:35:00,,737,فرودگاه اصفهان,Domestic Departure
2025-06-04 11:35:00,کیش ایر,KIS7138,بندرعباس,باطل شد,,,,MD83,فرودگاه اصفهان,Domestic Departure
2025-06-04 12:20:00,قشم,QSM1281,تهران,پروازکرد12:35,4,2025-06-04 12:35:00,,CRJ200,فرودگاه اصفهان,Domestic Departure
2025-06-04 13:00:00,ایران ایر,IRA3311,تهران,پروازکرد14:05,12,2025-06-04 14:05:00,,ATR,فرودگاه اصفهان,Domestic Departure
2025-06-04 13:20:00,ماهان,IRM4561,کرمان,پروازکرد13:15,1,2025-06-04 13:15:00,,BAE146,فرودگاه اصفهان,Domestic Departure
2025-06-04 15:50:00,رایمون,RAI7513,تهران,پذیرش مسافر,14,,,EMB145,فرودگاه اصفهان,Domestic Departure
2025-06-04 18:30:00,آتا,TBZ5749,مشهد,طبق برنامه,,,,MD83,فرودگاه اصفهان,Domestic Departure
2025-06-04 19:05:00,قشم,QSM1308,قشم,طبق برنامه,,,,CRJ200,فرودگاه اصفهان,Domestic Departure
2025-06-04 20:40:00,کارون,KRU2545,ماهشهر,طبق برنامه,,,,,فرودگاه اصفهان,Domestic Departure
2025-06-04 21:40:00,آسمان,IRC3759,آبادان,تاخیردارد22:55,,,,100,فرودگاه اصفهان,Domestic Departure
2025-06-04 23:00:00,یزد ایر,DZD9438,تهران,باطل شد,,,,RJ100,فرودگاه اصفهان,Domestic Departure
2025-06-05 00:20:00,آتا,TBZ5649,مشهد,طبق برنامه,,,,MD83,فرودگاه اصفهان,Domestic Departure
2025-06-05 07:30:00,کارون,KRU2518,بهرگان,طبق برنامه,,,,100,فرودگاه اصفهان,Domestic Departure
2025-06-05 08:30:00,تابان,TBN6210,مشهد,طبق برنامه,,,,MD80,فرودگاه اصفهان,Domestic Departure
2025-06-04 03:05:00,پگاسوس,PGT533,استانبول (صبیحا),پروازکرد03:05,03:05,,A320,2025-06-06,فرودگاه اصفهان,International Departure
2025-06-04 11:05:00,کاسپین,CPN7928,نجف,باطل شد,,,B737-400,2025-06-06,فرودگاه اصفهان,International Departure
2025-06-04 17:45:00,عراقی,IAW172,نجف,پذیرش مسافر,,,737,2025-06-06,فرودگاه اصفهان,International Departure
2025-06-05 02:05:00,ترکیش,THY893,استانبول,طبق برنامه,,,B737-400,2025-06-06,فرودگاه اصفهان,International Departure
2025-06-05 08:00:00,عراقی,IAW172,بغداد,طبق برنامه,,,B737-400,2025-06-06,فرودگاه اصفهان,International Departure
2025-06-05 09:00:00,ایران ایر,IRA611,کویت,طبق برنامه,,,A319,2025-06-06,فرودگاه اصفهان,International Departure
2025-06-04 00:05:00,آسمان,IRC3891,شیراز,پروازکرد00:08,10,2025-06-04 00:08:00,,100,فرودگاه اهواز,Domestic Departure
2025-06-04 00:35:00,چابهار ایر,IRU7643,تهران,پروازکرد00:58,4,2025-06-04 00:58:00,,,فرودگاه اهواز,Domestic Departure
2025-06-04 05:40:00,کارون,KRU2601,تهران,پروازکرد12:15,10-11,2025-06-04 12:15:00,,,فرودگاه اهواز,Domestic Departure
2025-06-04 06:30:00,آتا,TBZ5694,تهران,پروازکرد06:43,3,2025-06-04 06:43:00,,,فرودگاه اهواز,Domestic Departure
2025-06-04 06:30:00,زاگرس,IZG4023,تهران,باطل شد,,,,,فرودگاه اهواز,Domestic Departure
2025-06-04 07:30:00,کارون,KRU2575,عسلویه,پروازکرد07:45,10,2025-06-04 07:45:00,,,فرودگاه اهواز,Domestic Departure
2025-06-04 12:00:00,پارس,PRS4478,مشهد,پروازکرد12:55,9,2025-06-04 12:55:00,,,فرودگاه اهواز,Domestic Departure
2025-06-04 15:30:00,ایران ایر,IRA310,تهران,پذیرش مسافر,6,,,A319,فرودگاه اهواز,Domestic Departure
2025-06-04 17:30:00,آتا,TBZ5622,تهران,طبق برنامه,,,,,فرودگاه اهواز,Domestic Departure
2025-06-04 18:00:00,کارون,KRU2669,تهران,طبق برنامه,,,,,فرودگاه اهواز,Domestic Departure
2025-06-04 18:30:00,آتا,TBZ5628,تهران,طبق برنامه,,,,MD.88,فرودگاه اهواز,Domestic Departure
2025-06-04 19:00:00,زاگرس,IZG4021,تهران,طبق برنامه,,,,,فرودگاه اهواز,Domestic Departure
2025-06-04 19:30:00,زاگرس,IZG4121,مشهد,طبق برنامه,,,,,فرودگاه اهواز,Domestic Departure
2025-06-04 20:00:00,سپهران,SHI4339,مشهد,طبق برنامه,,,,MD.88,فرودگاه اهواز,Domestic Departure
2025-06-04 21:30:00,آتا,TBZ5636,تهران,طبق برنامه,,,,,فرودگاه اهواز,Domestic Departure
2025-06-04 23:30:00,ایران ایرتور,IRB955,مشهد,باطل شد,,,,MD.88,فرودگاه اهواز,Domestic Departure
2025-06-04 23:50:00,ایران ایر,IRA418,تهران,طبق برنامه,,,,A319,فرودگاه اهواز,Domestic Departure
2025-06-05 00:10:00,چابهار ایر,IRU7643,تهران,طبق برنامه,,,,,فرودگاه اهواز,Domestic Departure
2025-06-05 01:00:00,آتا,TBZ5626,تهران,طبق برنامه,,,,MD.88,فرودگاه اهواز,Domestic Departure
2025-06-05 01:45:00,آوا ایرلاین,AXV7749,مشهد,طبق برنامه,,,,MD.88,فرودگاه اهواز,Domestic Departure
2025-06-05 07:00:00,کارون,KRU2657,تبریز,طبق برنامه,,,,,فرودگاه اهواز,Domestic Departure
2025-06-05 07:30:00,وارش,VRH5853,تهران,طبق برنامه,,,,,فرودگاه اهواز,Domestic Departure
2025-06-04 09:35:00,ایران ایر,IRA648,دبی,پروازکرد09:30,09:30,,,2025-06-06,فرودگاه اهواز,International Departure
2025-06-04 16:20:00,یزد ایر,DZD9450,تهران,پذیرش مسافر,6-7,,,,فرودگاه بوشهر,Domestic Departure
2025-06-04 23:35:00,کاسپین,CPN6901,تهران,طبق برنامه,,,,,فرودگاه بوشهر,Domestic Departure
2025-06-05 09:00:00,ایران ایرتور,IRB983,مشهد,طبق برنامه,,,,,فرودگاه بوشهر,Domestic Departure
2025-06-05 09:00:00,فلای دبی,FDB282,دبی,طبق برنامه,,,,2025-06-06,فرودگاه بوشهر,International Departure
2025-06-04 06:15:00,ایران ایر,IRA3456,چابهار,پروازکرد06:28,8-9,2025-06-04 06:28:00,,ATR,فرودگاه بندرعباس,Domestic Departure
2025-06-04 09:45:00,ایران ایرتور,IRB907,تبریز,پروازکرد09:47,8-9,2025-06-04 09:47:00,,MD83,فرودگاه بندرعباس,Domestic Departure
2025-06-04 10:15:00,ایران ایر,IRA3383,اصفهان,پروازکرد11:08,11,2025-06-04 11:08:00,,ATR,فرودگاه بندرعباس,Domestic Departure
2025-06-04 10:25:00,ماهان,IRM1094,تهران,باطل شد,,,,,فرودگاه بندرعباس,Domestic Departure
2025-06-04 13:45:00,کیش ایر,KIS7139,اصفهان,باطل شد,,,,MD80,فرودگاه بندرعباس,Domestic Departure
2025-06-04 15:00:00,کیش ایر,KIS7106,مشهد,آماده پرواز,"1,3-4",,,A321,فرودگاه بندرعباس,Domestic Departure
2025-06-04 18:50:00,پويا,PYA2349,تهران,طبق برنامه,,,,EMB145,فرودگاه بندرعباس,Domestic Departure
2025-06-04 21:00:00,ایران ایرتور,IRB913,تهران,طبق برنامه,,,,,فرودگاه بندرعباس,Domestic Departure
2025-06-04 21:45:00,وارش,VRH5815,تهران,طبق برنامه,,,,737-500,فرودگاه بندرعباس,Domestic Departure
2025-06-04 23:45:00,زاگرس,IZG4051,تهران,طبق برنامه,,,,,فرودگاه بندرعباس,Domestic Departure
2025-06-04 23:55:00,آسمان,IRC3793,شیراز,طبق برنامه,,,,100,فرودگاه بندرعباس,Domestic Departure
2025-06-05 07:30:00,پارس,PRS4484,جزیره ابوموسی,طبق برنامه,,,,CRJ200,فرودگاه بندرعباس,Domestic Departure
2025-06-04 18:30:00,فلای دبی,FDB244,دبی,پذیرش مسافر,,,737,2025-06-06,فرودگاه بندرعباس,International Departure
2025-06-02 20:00:00,سپهران,SHI4366,آبادان,پرواز كرد,"5, 6",2025-06-02 20:24:00,,B737,فرودگاه مشهد,Domestic Departure
2025-06-02 20:05:00,چابهار,IRU7651,تهران,پرواز كرد,23,2025-06-02 20:07:00,,MD83,فرودگاه مشهد,Domestic Departure
2025-06-02 20:30:00,آتا,TBZ5647,آبادان,پرواز كرد,"11, 12, 13",2025-06-02 22:31:00,,MD80,فرودگاه مشهد,Domestic Departure
2025-06-02 20:30:00,زاگرس,IZG4110,شیراز,پرواز كرد,21,2025-06-02 20:38:00,,MD82,فرودگاه مشهد,Domestic Departure
2025-06-02 20:30:00,ایران ایرتور,IRB954,اهواز,پرواز كرد,"28, 29",2025-06-02 22:30:00,,MD82,فرودگاه مشهد,Domestic Departure
2025-06-02 21:00:00,تابان,TBN6233,شیراز,پرواز كرد,18,2025-06-02 21:03:00,,MD.88,فرودگاه مشهد,Domestic Departure
2025-06-02 21:10:00,کاسپین,CPN6928,قشم,پرواز كرد,"9, 10",2025-06-02 22:14:00,,B737,فرودگاه مشهد,Domestic Departure
2025-06-02 21:25:00,کاسپین,CPN6922,زاهدان,پرواز كرد,"5, 6",2025-06-02 21:45:00,,MD83,فرودگاه مشهد,Domestic Departure
2025-06-02 21:30:00,تابان,TBN6325,تهران,پرواز كرد,22,2025-06-02 22:07:00,,MD.88,فرودگاه مشهد,Domestic Departure
2025-06-02 22:10:00,آسمان,IRC603,تهران,تاخیر - 02:45,"3, 4",,,F100,فرودگاه مشهد,Domestic Departure
2025-06-02 22:15:00,کیش ایر,KIS7168,تهران,پایان پذیرش مسافر,"1, 2",,,MD82,فرودگاه مشهد,Domestic Departure
2025-06-02 22:15:00,وارش,VRH5841,تهران,آماده پرواز,23,,,B737,فرودگاه مشهد,Domestic Departure
2025-06-02 22:25:00,کاسپین,CPN041,تهران,پرواز كرد,"7, 8",2025-06-02 22:50:00,,MD83,فرودگاه مشهد,Domestic Departure
2025-06-02 22:30:00,هواپیمایی پارس,PRS4473,شیراز,پرواز كرد,"3, 4",2025-06-02 22:46:00,,B737,فرودگاه مشهد,Domestic Departure
2025-06-02 22:40:00,آوا,AXV7748,اهواز,پرواز كرد,"5, 6",2025-06-02 23:34:00,,B737,فرودگاه مشهد,Domestic Departure
2025-06-02 23:00:00,وارش,VRH5804,ساری,پرواز كرد,20,2025-06-02 23:10:00,,B737,فرودگاه مشهد,Domestic Departure
2025-06-02 23:30:00,سپهران,SHI4346,آبادان,پرواز كرد,"8, 9, 10",2025-06-02 23:29:00,,B737,فرودگاه مشهد,Domestic Departure
2025-06-02 23:59:00,هواپیمایی پارس,PRS4455,تهران,پایان پذیرش مسافر,"5, 6",,,B737,فرودگاه مشهد,Domestic Departure
2025-06-03 00:40:00,ایران ایر,IRA469,تهران,دريافت كارت پرواز,"25, 26, 27",,,A319,فرودگاه مشهد,Domestic Departure
2025-06-03 04:00:00,زاگرس,IZG4104,ایلام,طبق برنامه,23,,,MD82,فرودگاه مشهد,Domestic Departure
2025-06-03 05:00:00,تابان,TBN6257,تهران,طبق برنامه,22,,,MD.88,فرودگاه مشهد,Domestic Departure
2025-06-03 05:00:00,تابان,TBN6217,آبادان,طبق برنامه,18,,,MD.88,فرودگاه مشهد,Domestic Departure
2025-06-03 05:30:00,آتا,TBZ5651,اصفهان,طبق برنامه,,,,MD80,فرودگاه مشهد,Domestic Departure
2025-06-03 05:30:00,تابان,TBN6231,شیراز,طبق برنامه,21,,,A320,فرودگاه مشهد,Domestic Departure
2025-06-03 06:00:00,آتا,TBZ5720,تهران,طبق برنامه,,,,MD80,فرودگاه مشهد,Domestic Departure
2025-06-03 06:00:00,ماهان,IRM1036,تهران,طبق برنامه,"5, 6, 7, 8",,,747,فرودگاه مشهد,Domestic Departure
2025-06-03 06:00:00,ایران ایرتور,IRB982,بوشهر,طبق برنامه,,,,MD82,فرودگاه مشهد,Domestic Departure
2025-06-04 05:25:00,ماهان,IRM1050,تهران,پروازکرد05:20,3-4,2025-06-04 05:20:00,,146-100,فرودگاه کرمان,Domestic Departure
2025-06-03 06:30:00,زاگرس,IZG4043,تهران,طبق برنامه,19,,,MD82,فرودگاه مشهد,Domestic Departure
2025-06-03 07:15:00,هواپیمایی اطلس,ATS8281,كيش,طبق برنامه,,,,MD82,فرودگاه مشهد,Domestic Departure
2025-06-03 07:20:00,فلای پرشیا,FPI7439,تهران,طبق برنامه,"5, 6",,,B737,فرودگاه مشهد,Domestic Departure
2025-06-03 08:00:00,وارش,VRH5903,تهران,طبق برنامه,20,,,B737,فرودگاه مشهد,Domestic Departure
2025-06-03 08:00:00,آتا,TBZ5695,اهواز,طبق برنامه,,,,MD80,فرودگاه مشهد,Domestic Departure
2025-06-03 08:00:00,ایران ایرتور,IRB950,تبریز,طبق برنامه,,,,MD82,فرودگاه مشهد,Domestic Departure
2025-06-04 06:00:00,ماهان,IRM4560,تبریز,پروازکرد05:58,1-2,2025-06-04 05:58:00,,BAE146,فرودگاه کرمان,Domestic Departure
2025-06-03 08:50:00,چابهار,IRU7611,تهران,طبق برنامه,23,,,MD82,فرودگاه مشهد,Domestic Departure
2025-06-03 09:25:00,هواپیمایی اطلس,ATS8275,تهران,طبق برنامه,,,,ERJ190,فرودگاه مشهد,Domestic Departure
2025-06-03 10:10:00,آتا,TBZ5618,تهران,طبق برنامه,,,,MD80,فرودگاه مشهد,Domestic Departure
2025-06-03 10:30:00,آتا,TBZ5641,اهواز,طبق برنامه,,,,MD80,فرودگاه مشهد,Domestic Departure
2025-06-03 10:35:00,هواپیمایی یزد,DZD6887,یزد,طبق برنامه,,,,BAE100,فرودگاه مشهد,Domestic Departure
2025-06-03 10:55:00,کاسپین,CPN6922,زاهدان,طبق برنامه,,,,MD83,فرودگاه مشهد,Domestic Departure
2025-06-03 11:25:00,ساها,IRZ169,آبادان,طبق برنامه,,,,B737,فرودگاه مشهد,Domestic Departure
2025-06-03 11:30:00,زاگرس,IZG4148,رشت,طبق برنامه,,,,MD82,فرودگاه مشهد,Domestic Departure
2025-06-03 11:30:00,هواپیمایی پارس,PRS5447,كيش,طبق برنامه,,,,B737,فرودگاه مشهد,Domestic Departure
2025-06-03 11:30:00,ساها,IRZ181,شیراز,طبق برنامه,,,,B737,فرودگاه مشهد,Domestic Departure
2025-06-03 11:35:00,هواپیمایی اطلس,ATS8287,كيش,طبق برنامه,,,,737,فرودگاه مشهد,Domestic Departure
2025-06-03 11:55:00,سپهران,SHI4345,كيش,طبق برنامه,,,,B737,فرودگاه مشهد,Domestic Departure
2025-06-03 12:00:00,چابهار,IRU7641,تهران,طبق برنامه,,,,MD83,فرودگاه مشهد,Domestic Departure
2025-06-03 12:00:00,کاسپین,CPN6926,عسلویه,طبق برنامه,,,,MD83,فرودگاه مشهد,Domestic Departure
2025-06-03 12:00:00,ایران ایرتور,IRB900,تبریز,طبق برنامه,,,,MD82,فرودگاه مشهد,Domestic Departure
2025-06-03 12:20:00,آتا,TBZ5699,تهران,طبق برنامه,,,,MD80,فرودگاه مشهد,Domestic Departure
2025-06-03 12:20:00,هواپیمایی یزد,DZD6897,اصفهان,طبق برنامه,,,,BAE100,فرودگاه مشهد,Domestic Departure
2025-06-03 12:30:00,وارش,VRH5802,ساری,طبق برنامه,,,,B737,فرودگاه مشهد,Domestic Departure
2025-06-03 12:50:00,سپهران,SHI4323,بندرعباس,طبق برنامه,,,,B737,فرودگاه مشهد,Domestic Departure
2025-06-03 13:00:00,آتا,TBZ5730,تهران,طبق برنامه,,,,MD80,فرودگاه مشهد,Domestic Departure
2025-06-04 11:30:00,آتا,TBZ5663,تهران,پروازکرد11:27,1-2,2025-06-04 11:27:00,,MD83,فرودگاه کرمان,Domestic Departure
2025-06-03 13:10:00,سپهران,SHI4326,رشت,طبق برنامه,,,,B737,فرودگاه مشهد,Domestic Departure
2025-06-03 13:55:00,هواپیمایی اطلس,ATS8283,تهران,طبق برنامه,,,,ERJ190,فرودگاه مشهد,Domestic Departure
2025-06-03 14:00:00,وارش,VRH5804,ساری,طبق برنامه,,,,B737,فرودگاه مشهد,Domestic Departure
2025-06-03 14:00:00,زاگرس,IZG4041,تهران,طبق برنامه,,,,MD82,فرودگاه مشهد,Domestic Departure
2025-06-03 14:00:00,ایران ایرتور,IRB904,رشت,طبق برنامه,,,,MD82,فرودگاه مشهد,Domestic Departure
2025-06-04 11:45:00,ماهان,IRM1054,تهران,پروازکرد11:44,3-4,2025-06-04 11:44:00,,BAE146,فرودگاه کرمان,Domestic Departure
2025-06-03 15:30:00,آتا,TBZ5650,اصفهان,طبق برنامه,,,,MD80,فرودگاه مشهد,Domestic Departure
2025-06-03 15:30:00,زاگرس,IZG4120,اهواز,طبق برنامه,,,,MD82,فرودگاه مشهد,Domestic Departure
2025-06-03 15:45:00,تابان,TBN6255,تهران,طبق برنامه,,,,MD.88,فرودگاه مشهد,Domestic Departure
2025-06-03 15:45:00,ماهان,IRM1080,تهران,طبق برنامه,,,,A340,فرودگاه مشهد,Domestic Departure
2025-06-03 16:00:00,آتا,TBZ5675,اصفهان,طبق برنامه,,,,MD80,فرودگاه مشهد,Domestic Departure
2025-06-03 16:15:00,ایران ایر,IRA261,تهران,طبق برنامه,,,,A319,فرودگاه مشهد,Domestic Departure
2025-06-03 16:30:00,ساها,IRZ171,تهران,طبق برنامه,,,,B737,فرودگاه مشهد,Domestic Departure
2025-06-04 18:00:00,ماهان,IRM1078,تهران,باطل شد,,,,BAE146,فرودگاه کرمان,Domestic Departure
2025-06-03 17:00:00,آتا,TBZ5717,رشت,طبق برنامه,,,,MD80,فرودگاه مشهد,Domestic Departure
2025-06-03 18:00:00,سپهران,SHI4338,اهواز,طبق برنامه,,,,B737,فرودگاه مشهد,Domestic Departure
2025-06-03 18:15:00,وارش,VRH5854,اصفهان,طبق برنامه,,,,B737,فرودگاه مشهد,Domestic Departure
2025-06-03 19:20:00,سپهران,SHI4366,آبادان,طبق برنامه,,,,B737,فرودگاه مشهد,Domestic Departure
2025-06-03 19:30:00,پويا,PYA2339,گرگان,طبق برنامه,,,,EMB145,فرودگاه مشهد,Domestic Departure
2025-06-03 19:45:00,آسمان,IRC853,زاهدان,طبق برنامه,,,,F100,فرودگاه مشهد,Domestic Departure
2025-06-03 19:45:00,چابهار,IRU7661,تهران,طبق برنامه,,,,MD83,فرودگاه مشهد,Domestic Departure
2025-06-04 19:30:00,آتا,TBZ5728,مشهد,طبق برنامه,,,,,فرودگاه کرمان,Domestic Departure
2025-06-04 19:40:00,ماهان,IRM1066,تهران,طبق برنامه,,,,BAE146,فرودگاه کرمان,Domestic Departure
2025-06-04 20:20:00,آتا,TBZ5665,تهران,طبق برنامه,,,,MD83,فرودگاه کرمان,Domestic Departure
2025-06-04 21:00:00,ماهان,IRM1052,تهران,طبق برنامه,,,,BAE146,فرودگاه کرمان,Domestic Departure
2025-06-04 22:30:00,کارون,KRU2677,تهران,طبق برنامه,,,,Boeing734,فرودگاه کرمان,Domestic Departure
2025-06-05 05:15:00,ماهان,IRM4562,اهواز,طبق برنامه,,,,BAE146,فرودگاه کرمان,Domestic Departure
2025-06-05 05:25:00,ماهان,IRM1050,تهران,طبق برنامه,,,,146-100,فرودگاه کرمان,Domestic Departure
2025-06-04 06:00:00,وارش,VRH5801,تهران,پروازکرد06:00,4,2025-06-04 06:00:00,,737,فرودگاه ساري,Domestic Departure
2025-06-04 20:15:00,وارش,VRH5803,مشهد,طبق برنامه,,,,737,فرودگاه ساري,Domestic Departure
2025-05-22 00:45:00,پارس ایر,PRS4460,شیراز,پرواز كرد,"18, 19",2025-05-22 01:33:00,EPPAO,737-700,فرودگاه مهرآباد,Domestic Departure
2025-05-22 04:30:00,ماهان,IRM4583,زاهدان,پرواز كرد,,2025-05-22 05:06:00,EPMMV,146-200,فرودگاه مهرآباد,Domestic Departure
2025-05-22 04:30:00,زاگرس,IZG4022,اهواز,پرواز كرد,3,2025-05-22 04:51:00,EPZAQ,MD83,فرودگاه مهرآباد,Domestic Departure
2025-05-22 04:55:00,کیش ایر,KIS7085,یزد,پرواز كرد,"11, 12",2025-05-22 05:04:00,EPLCL,MD83,فرودگاه مهرآباد,Domestic Departure
2025-05-22 05:05:00,ایران ایرتور,IRB930,بیرجند,پرواز كرد,"5, 6",2025-05-22 05:19:00,EPMDD,MD83,فرودگاه مهرآباد,Domestic Departure
2025-05-22 05:20:00,ایران ایر,IRA3405,سقز,پرواز كرد,2,2025-05-22 05:29:00,EPITI,ATR-42-400,فرودگاه مهرآباد,Domestic Departure
2025-05-22 05:25:00,آسمان,IRC600,مشهد,پرواز كرد,27,2025-05-22 05:50:00,EPASR,F100,فرودگاه مهرآباد,Domestic Departure
2025-05-22 05:30:00,وارش,VRH5852,اهواز,پرواز كرد,5,2025-05-22 05:54:00,EPVBM,B737,فرودگاه مهرآباد,Domestic Departure
2025-05-22 05:35:00,ایران ایر,IRA407,بوشهر,پرواز كرد,3,2025-05-22 06:01:00,EPCFR,F100,فرودگاه مهرآباد,Domestic Departure
2025-05-22 05:40:00,ایران ایر,IRA5397,سنندج,پرواز كرد,4,2025-05-22 05:47:00,EPITM,ATR,فرودگاه مهرآباد,Domestic Departure
2025-05-22 05:40:00,کارون,KRU2506,ماهشهر,پرواز كرد,14,2025-05-22 05:45:00,EPJIB,737,فرودگاه مهرآباد,Domestic Departure
2025-05-22 05:45:00,وارش,VRH5918,عسلویه,پرواز كرد,4,2025-05-22 05:57:00,EPVAF,737-700,فرودگاه مهرآباد,Domestic Departure
2025-05-22 05:50:00,ماهان,IRM4575,جیرفت,پرواز كرد,25,2025-05-22 06:11:00,EPMEA,RJ85,فرودگاه مهرآباد,Domestic Departure
2025-05-22 06:00:00,آتا,TBZ5677,ارومیه,پرواز كرد,"12, 13",2025-05-22 06:17:00,EPTAJ,MD83,فرودگاه مهرآباد,Domestic Departure
2025-05-22 06:00:00,کارون,KRU2518,اصفهان/بهرگان,پرواز كرد,"18, 19",2025-05-22 06:15:00,EPAWZ,F100,فرودگاه مهرآباد,Domestic Departure
2025-05-22 06:00:00,ماهان,IRM0000,نا مشخص,دريافت كارت پرواز,33,,,146-200,فرودگاه مهرآباد,Domestic Departure
2025-05-22 06:10:00,کاسپین,CPN048,شیراز,پرواز كرد,"6, 7",2025-05-22 06:21:00,EPCAS,MD83,فرودگاه مهرآباد,Domestic Departure
2025-05-22 06:10:00,چابهار,IRU7624,آبادان,پرواز كرد,7,2025-05-22 06:25:00,EPCBI,MD83,فرودگاه مهرآباد,Domestic Departure
2025-05-22 06:15:00,ماهان,IRM1033,مشهد,پرواز كرد,24,2025-05-22 06:36:00,EPMOI,rj100,فرودگاه مهرآباد,Domestic Departure
2025-05-22 06:20:00,کیش ایر,KIS7055,كيش,پرواز كرد,"9, 10",2025-05-22 07:45:00,EPLCO,MD83,فرودگاه مهرآباد,Domestic Departure
2025-05-22 06:25:00,چابهار,IRU7660,مشهد,پرواز كرد,3,2025-05-22 06:44:00,EPCBI,MD83,فرودگاه مهرآباد,Domestic Departure
2025-05-22 06:35:00,آتا,TBZ5672,یزد,پرواز كرد,"24, 25",2025-05-22 06:47:00,EPTAQ,MD83,فرودگاه مهرآباد,Domestic Departure
2025-05-22 06:35:00,زاگرس,IZG4060,بوشهر,پرواز كرد,5,2025-05-22 06:56:00,EPZAE,MD82,فرودگاه مهرآباد,Domestic Departure
2025-05-22 06:40:00,اروان,INA6750,مشهد,پرواز كرد,6,2025-05-22 07:00:00,EPNSR,737-700,فرودگاه مهرآباد,Domestic Departure
2025-05-22 06:40:00,کاسپین,CPN014,عسلویه,پرواز كرد,"8, 9",2025-05-22 06:53:00,EPCPD,MD83,فرودگاه مهرآباد,Domestic Departure
2025-05-22 06:45:00,اطلس ایر,ATS8278,مشهد,پرواز كرد,"16, 17",2025-05-22 07:18:00,EPSAP,MD83,فرودگاه مهرآباد,Domestic Departure
2025-05-22 06:50:00,آساجت,SJT8634,رشت,پرواز كرد,15,2025-05-22 07:05:00,EPRHO,EMB145,فرودگاه مهرآباد,Domestic Departure
2025-05-22 06:50:00,ماهان,IRM4589,زاهدان,پرواز كرد,23,2025-05-22 07:09:00,EPMEU,RJ85,فرودگاه مهرآباد,Domestic Departure
2025-06-04 20:30:00,وارش,VRH5805,مشهد,طبق برنامه,,,,737,فرودگاه ساري,Domestic Departure
2025-05-22 06:55:00,ماهان,IRM1010,کرمانشاه,پرواز كرد,25,2025-05-22 07:14:00,EPMOH,RJ100,فرودگاه مهرآباد,Domestic Departure
2025-05-22 07:00:00,ایران ایر,IRA252,اصفهان,پرواز كرد,"7, 8",2025-05-22 07:12:00,EPIEQ,A319,فرودگاه مهرآباد,Domestic Departure
2025-05-22 07:00:00,ایران ایرتور,IRB918,چابهار,پرواز كرد,"9, 10",2025-05-22 07:02:00,EPMDF,MD83,فرودگاه مهرآباد,Domestic Departure
2025-05-22 07:05:00,فلای پرشیا,FPI7426,اهواز,پرواز كرد,"18, 19",2025-05-22 07:20:00,EPFPA,737-700,فرودگاه مهرآباد,Domestic Departure
2025-05-22 07:05:00,قشم ایر,QSM1238,خارگ,پرواز كرد,"18, 19",2025-05-22 07:30:00,EPFQU,RJ100,فرودگاه مهرآباد,Domestic Departure
2025-05-22 07:10:00,آتا,TBZ5635,اهواز,پرواز كرد,"26, 27",2025-05-22 07:34:00,EPTAF,B737,فرودگاه مهرآباد,Domestic Departure
2025-05-22 07:15:00,کارون,KRU2584,عسلویه,پرواز كرد,14,2025-05-22 07:41:00,EPMIS,F100,فرودگاه مهرآباد,Domestic Departure
2025-05-22 07:15:00,کاسپین,CPN026,مشهد,پرواز كرد,"12, 13",2025-05-22 07:38:00,EPKPB,B737,فرودگاه مهرآباد,Domestic Departure
2025-05-22 07:20:00,قشم ایر,QSM1270,زاهدان,پرواز كرد,"21, 22",2025-05-22 08:07:00,EPFQF,F100,فرودگاه مهرآباد,Domestic Departure
2025-05-22 07:25:00,آسمان,IRC3771,شیراز,پرواز كرد,28,2025-05-22 07:47:00,EPATE,F100,فرودگاه مهرآباد,Domestic Departure
2025-05-22 07:30:00,زاگرس,IZG4042,مشهد,پرواز كرد,3,2025-05-22 07:57:00,EPZAE,MD83,فرودگاه مهرآباد,Domestic Departure
2025-05-22 07:30:00,ایران ایرتور,IRB916,كيش,پرواز كرد,"5, 6",2025-05-22 07:52:00,EPMDE,MD82,فرودگاه مهرآباد,Domestic Departure
2025-05-22 07:35:00,پويا,PYA2323,رشت,پرواز كرد,14,2025-05-22 08:03:00,EPPUN,EMB145,فرودگاه مهرآباد,Domestic Departure
2025-05-22 07:40:00,کیش ایر,KIS7053,كيش,پرواز كرد,"11, 12",2025-05-22 08:10:00,EPLCK,MD83,فرودگاه مهرآباد,Domestic Departure
2025-05-22 07:55:00,اطلس ایر,ATS8281,چابهار,پرواز كرد,15,2025-05-22 08:13:00,EPLEE,737-700,فرودگاه مهرآباد,Domestic Departure
2025-05-22 08:00:00,ماهان,IRM4536,اردبیل,پرواز كرد,23,2025-05-22 08:27:00,EPMOI,146-200,فرودگاه مهرآباد,Domestic Departure
2025-05-22 08:05:00,آتا,TBZ5602,تبریز,پرواز كرد,"28, 29",2025-05-22 08:41:00,EPTAL,MD83,فرودگاه مهرآباد,Domestic Departure
2025-05-22 08:10:00,قشم ایر,QSM1260,شیراز,پرواز كرد,"16, 17",2025-05-22 08:37:00,EPFQI,F100,فرودگاه مهرآباد,Domestic Departure
2025-05-22 08:10:00,ماهان,IRM1051,کرمان,پرواز كرد,24,2025-05-22 08:31:00,EPMOC,146-200,فرودگاه مهرآباد,Domestic Departure
2025-05-22 08:20:00,تابان,TBN6326,مشهد,پرواز كرد,"1, 2",2025-05-22 09:12:00,EPSMA,MD.88,فرودگاه مهرآباد,Domestic Departure
2025-05-22 08:25:00,معراج,MRJ2825,تبریز,پرواز كرد,"18, 19",2025-05-22 08:35:00,EPSSN,A320,فرودگاه مهرآباد,Domestic Departure
2025-05-22 08:25:00,کاسپین,CPN044,كيش,پرواز كرد,"6, 7",2025-05-22 09:09:00,EPCPU,MD83,فرودگاه مهرآباد,Domestic Departure
2025-05-22 08:35:00,زاگرس,IZG4030,كيش,پرواز كرد,5,2025-05-22 08:53:00,EPZAQ,MD83,فرودگاه مهرآباد,Domestic Departure
2025-05-22 09:00:00,تابان,TBN6258,مشهد,پرواز كرد,"3, 4",2025-05-22 09:48:00,EPTBB,MD.88,فرودگاه مهرآباد,Domestic Departure
2025-05-22 09:10:00,یزد ایر,DZD6899,مشهد,پرواز كرد,"8, 9",2025-05-22 09:23:00,EPDZH,RJ85,فرودگاه مهرآباد,Domestic Departure
2025-05-22 09:15:00,ماهان,IRM1043,كيش,پرواز كرد,"20, 21, 22",2025-05-22 09:33:00,EPMJA,A340,فرودگاه مهرآباد,Domestic Departure
2025-05-22 09:20:00,آوا,AXV7702,مشهد,پرواز كرد,"14, 15",2025-05-22 09:37:00,EPRBC,B737,فرودگاه مهرآباد,Domestic Departure
2025-05-22 09:30:00,کیش ایر,KIS7015,كيش,پرواز كرد,"9, 10",2025-05-22 09:30:00,EPLCL,MD83,فرودگاه مهرآباد,Domestic Departure
2025-05-22 09:50:00,رایمون,RAI7522,مشهد,پرواز كرد,"1, 2",2025-05-22 10:11:00,EPNEA,EMB145,فرودگاه مهرآباد,Domestic Departure
2025-05-22 10:00:00,آتا,TBZ5681,بندرعباس,پرواز كرد,"12, 13",2025-05-22 10:17:00,EPTAJ,MD83,فرودگاه مهرآباد,Domestic Departure
2025-05-22 10:00:00,وارش,VRH5840,مشهد,پرواز كرد,3,2025-05-22 10:20:00,EPVBM,B737,فرودگاه مهرآباد,Domestic Departure
2025-05-22 10:10:00,ایران ایرتور,IRB962,مشهد,پرواز كرد,"9, 10",2025-05-22 10:39:00,EPMDD,MD83,فرودگاه مهرآباد,Domestic Departure
2025-05-22 10:20:00,ایران ایر,IRA285,کرمانشاه,پرواز كرد,"2, 3",2025-05-22 10:32:00,EPCFR,F100,فرودگاه مهرآباد,Domestic Departure
2025-05-22 10:20:00,آتا,TBZ5629,مشهد,پرواز كرد,"24, 25",2025-05-22 11:09:00,EPTAQ,MD83,فرودگاه مهرآباد,Domestic Departure
2025-05-22 10:40:00,چابهار,IRU7610,مشهد,پرواز كرد,4,2025-05-22 11:01:00,EPCBD,MD83,فرودگاه مهرآباد,Domestic Departure
2025-05-22 11:00:00,آتا,TBZ5659,كيش,پرواز كرد,"26, 27",2025-05-22 11:51:00,EPTAH,737,فرودگاه مهرآباد,Domestic Departure
2025-05-22 11:15:00,ایران ایر,IRA3310,اصفهان,پرواز كرد,4,2025-05-22 11:35:00,EPITM,ATR-72-500,فرودگاه مهرآباد,Domestic Departure
2025-05-22 11:30:00,زاگرس,IZG4040,مشهد,پرواز كرد,3,2025-05-22 11:57:00,EPZAE,MD83,فرودگاه مهرآباد,Domestic Departure
2025-05-22 12:45:00,اطلس ایر,ATS8270,مشهد,پرواز كرد,"21, 22",2025-05-22 13:08:00,EPTHI,RJ85,فرودگاه مهرآباد,Domestic Departure
2025-05-22 12:45:00,قشم ایر,QSM1291,کرمانشاه,پرواز كرد,"18, 19",2025-05-22 12:46:00,EPFQI,F100,فرودگاه مهرآباد,Domestic Departure
2025-05-22 12:55:00,آتا,TBZ5698,مشهد,پرواز كرد,"28, 29",2025-05-22 13:48:00,EPTAR,MD83,فرودگاه مهرآباد,Domestic Departure
2025-05-22 13:15:00,ماهان,IRM4572,ایلام,پرواز كرد,25,2025-05-22 13:23:00,EPMEI,146-200,فرودگاه مهرآباد,Domestic Departure
2025-05-22 13:30:00,فلای پرشیا,FPI7405,شیراز,پرواز كرد,"18, 19",2025-05-22 13:45:00,EPFPA,737-700,فرودگاه مهرآباد,Domestic Departure
2025-05-22 13:45:00,کارون,KRU2516,لاوان,پرواز كرد,"16, 17",2025-05-22 13:57:00,EPAWZ,F100,فرودگاه مهرآباد,Domestic Departure
2025-05-22 13:55:00,آتا,TBZ5604,تبریز,پرواز كرد,"12, 13",2025-05-22 14:18:00,EPTAL,MD83,فرودگاه مهرآباد,Domestic Departure
2025-05-22 13:55:00,کاسپین,CPN024,مشهد,پرواز كرد,"6, 7",2025-05-22 14:14:00,EPCAS,MD83,فرودگاه مهرآباد,Domestic Departure
2025-05-22 14:00:00,ایران ایرتور,IRB980,ارومیه,پرواز كرد,"5, 6",2025-05-22 14:09:00,EPMDF,MD83,فرودگاه مهرآباد,Domestic Departure
2025-05-22 14:10:00,اطلس ایر,ATS8288,مشهد,پرواز كرد,"14, 15",2025-05-22 14:47:00,EPLEE,737-700,فرودگاه مهرآباد,Domestic Departure
2025-05-22 14:10:00,یزد ایر,DZD9407,اهواز,پرواز كرد,"8, 9",2025-05-22 15:03:00,EPDZH,146-200,فرودگاه مهرآباد,Domestic Departure
2025-05-22 14:50:00,رایمون,RAI7512,اصفهان,پرواز كرد,"3, 4",2025-05-22 15:05:00,EPNEA,EMB145,فرودگاه مهرآباد,Domestic Departure
2025-05-22 15:00:00,آساجت,SJT8616,اصفهان,پرواز كرد,"18, 19",2025-05-22 15:08:00,EPRHN,EMB145,فرودگاه مهرآباد,Domestic Departure
2025-05-22 15:00:00,قشم ایر,QSM1252,مشهد,پرواز كرد,"16, 17",2025-05-22 15:27:00,EPFQU,CRJ200,فرودگاه مهرآباد,Domestic Departure
2025-05-22 15:05:00,ایران ایر,IRA350,كيش,پرواز كرد,4,2025-05-22 20:23:00,EPCFM,F100,فرودگاه مهرآباد,Domestic Departure
2025-05-22 15:30:00,وارش,VRH5818,مشهد,پرواز كرد,5,2025-05-22 16:31:00,EPVAR,B737,فرودگاه مهرآباد,Domestic Departure
2025-05-22 15:45:00,ایران ایر,IRA5399,تبریز,پرواز كرد,"7, 8",2025-05-22 17:11:00,EPIBA,AB3,فرودگاه مهرآباد,Domestic Departure
2025-05-22 15:50:00,آتا,TBZ5613,مشهد,پرواز كرد,"24, 25",2025-05-22 16:39:00,EPTAQ,MD83,فرودگاه مهرآباد,Domestic Departure
2025-05-22 15:55:00,ایران ایر,IRA428,شیراز,پرواز كرد,"9, 10",2025-05-22 16:02:00,EPIEP,A319,فرودگاه مهرآباد,Domestic Departure
2025-05-22 15:55:00,آتا,TBZ5664,کرمان,پرواز كرد,"26, 27",2025-05-22 17:02:00,EPTAJ,MD82,فرودگاه مهرآباد,Domestic Departure
2025-05-22 16:05:00,آساجت,SJT8664,رشت,پرواز كرد,"21, 22",2025-05-22 16:10:00,EPJEK,EMB145,فرودگاه مهرآباد,Domestic Departure
2025-05-22 16:30:00,کاسپین,CPN6900,بوشهر,پرواز كرد,"6, 7",2025-05-22 17:08:00,EPKPB,737-700,فرودگاه مهرآباد,Domestic Departure
2025-05-22 17:00:00,آتا,TBZ5623,شیراز,پرواز كرد,"28, 29",2025-05-22 17:30:00,EPTAH,737-700,فرودگاه مهرآباد,Domestic Departure
2025-05-22 17:00:00,زاگرس,IZG4020,اهواز,پرواز كرد,3,2025-05-22 17:42:00,EPZAQ,MD83,فرودگاه مهرآباد,Domestic Departure
2025-05-22 17:05:00,آتا,TBZ5668,تبریز,پرواز كرد,"12, 13",2025-05-22 17:14:00,EPTAZ,md88,فرودگاه مهرآباد,Domestic Departure
2025-05-22 17:10:00,پويا,PYA2340,شیراز,پرواز كرد,14,2025-05-22 17:24:00,EPPUR,EMB145,فرودگاه مهرآباد,Domestic Departure
2025-05-22 17:25:00,آتا,TBZ5719,مشهد,پرواز كرد,"24, 25",2025-05-22 18:16:00,EPTAO,MD83,فرودگاه مهرآباد,Domestic Departure
2025-05-22 17:25:00,کاسپین,CPN6936,قشم,پرواز كرد,"8, 9",2025-05-22 18:14:00,EPCPD,MD83,فرودگاه مهرآباد,Domestic Departure
2025-06-05 06:00:00,وارش,VRH5805,مشهد,طبق برنامه,,,,,فرودگاه ساري,Domestic Departure
2025-06-04 05:30:00,یزد ایر,DZD9440,تهران,پروازکرد05:25,2-3,2025-06-04 05:25:00,,146-100,فرودگاه يزد,Domestic Departure
2025-06-04 05:40:00,کیش ایر,KIS7084,تهران,پروازکرد05:35,6-7,2025-06-04 05:35:00,,MD83,فرودگاه يزد,Domestic Departure
2025-06-04 06:45:00,پويا,PYA2315,تهران,پروازکرد06:35,6,2025-06-04 06:35:00,,EMB145,فرودگاه يزد,Domestic Departure
2025-06-04 08:20:00,آتا,TBZ5708,مشهد,پروازکرد08:45,5-7,2025-06-04 08:45:00,,MD83,فرودگاه يزد,Domestic Departure
2025-06-04 09:45:00,یزد ایر,DZD9446,رشت,پروازکرد09:45,2,2025-06-04 09:45:00,,146-100,فرودگاه يزد,Domestic Departure
2025-06-04 16:15:00,یزد ایر,DZD9442,تهران,پذیرش مسافر,2,,,146-100,فرودگاه يزد,Domestic Departure
2025-06-04 20:10:00,رایمون,RAI7527,تهران,باطل شد,,,,EMB145,فرودگاه يزد,Domestic Departure
2025-06-02 05:00:00,آسمان,IRC3770,تهران,پروازکرد13:54,16-17,2025-06-02 13:54:00,,100,فرودگاه شيراز,Domestic Departure
2025-06-02 12:15:00,ساها,IRZ159,تهران,پروازکرد12:45,1-2,2025-06-02 12:45:00,,737,فرودگاه شيراز,Domestic Departure
2025-06-02 12:30:00,یزد ایر,DZD6894,تهران,پروازکرد13:00,3-4,2025-06-02 13:00:00,,146-100,فرودگاه شيراز,Domestic Departure
2025-06-02 14:30:00,پارس,PRS4427,تهران,پروازکرد14:58,5,2025-06-02 14:58:00,,CRJ200,فرودگاه شيراز,Domestic Departure
2025-06-02 15:10:00,قشم,QSM1261,تهران,پروازکرد15:06,3-4,2025-06-02 15:06:00,,100,فرودگاه شيراز,Domestic Departure
2025-06-02 19:20:00,آتا,TBZ5624,تهران,پروازکرد23:37,11-13,2025-06-02 23:37:00,,MD83,فرودگاه شيراز,Domestic Departure
2025-06-02 19:30:00,کارون,KRU2629,تهران,پروازکرد20:05,2,2025-06-02 20:05:00,,100,فرودگاه شيراز,Domestic Departure
2025-06-02 19:45:00,پارس,PRS4472,مشهد,پروازکرد19:57,3-4,2025-06-02 19:57:00,,B737-400,فرودگاه شيراز,Domestic Departure
2025-06-02 20:15:00,کیش ایر,KIS7061,كيش,پروازکرد20:23,5-6,2025-06-02 20:23:00,,MD83,فرودگاه شيراز,Domestic Departure
2025-06-02 20:20:00,کارون,KRU2670,اهواز,پروازکرد20:30,1-2,2025-06-02 20:30:00,,100,فرودگاه شيراز,Domestic Departure
2025-06-02 20:30:00,ایران ایر,IRA233,تهران,پروازکرد20:44,7-8,2025-06-02 20:44:00,,A319,فرودگاه شيراز,Domestic Departure
2025-06-02 22:00:00,ساها,IRZ157,تهران,پروازکرد22:30,1-2,2025-06-02 22:30:00,,737,فرودگاه شيراز,Domestic Departure
2025-06-02 22:10:00,آسمان,IRC3792,بندرعباس,پروازکرد22:39,16-17,2025-06-02 22:39:00,,100,فرودگاه شيراز,Domestic Departure
2025-06-02 22:30:00,زاگرس,IZG4011,تهران,پروازکرد22:53,11-12,2025-06-02 22:53:00,,MD82,فرودگاه شيراز,Domestic Departure
2025-06-02 22:40:00,فلای پرشیا,FPI7404,تهران,پروازکرد23:01,3-4,2025-06-02 23:01:00,,737,فرودگاه شيراز,Domestic Departure
2025-06-02 23:15:00,زاگرس,IZG4111,مشهد,پروازکرد23:25,11-12,2025-06-02 23:25:00,,MD82,فرودگاه شيراز,Domestic Departure
2025-06-02 23:45:00,کیش ایر,KIS7050,تهران,تاخیردارد00:30 | پایان پذیرش مسافر,1-2,,,MD82,فرودگاه شيراز,Domestic Departure
2025-06-02 23:50:00,تابان,TBN6234,مشهد,پروازکرد23:45,14-15,2025-06-02 23:45:00,,md88,فرودگاه شيراز,Domestic Departure
2025-06-03 05:00:00,آسمان,IRC3770,تهران,طبق برنامه,,,,100,فرودگاه شيراز,Domestic Departure
2025-06-03 06:45:00,ساها,IRZ159,تهران,طبق برنامه,,,,737,فرودگاه شيراز,Domestic Departure
2025-06-03 07:20:00,ماهان,4562a,اهواز,طبق برنامه,,,,146-300,فرودگاه شيراز,Domestic Departure
2025-06-03 07:25:00,چابهار,IRU7647,تهران,طبق برنامه,,,,MD83,فرودگاه شيراز,Domestic Departure
2025-06-03 07:30:00,پارس,PRS4407,تهران,طبق برنامه,,,,737,فرودگاه شيراز,Domestic Departure
2025-06-03 07:45:00,کارون,2581a,لاوان,طبق برنامه,,,,100,فرودگاه شيراز,Domestic Departure
2025-06-03 09:00:00,کاسپین,CPN6948,عسلویه,طبق برنامه,,,,MD82,فرودگاه شيراز,Domestic Departure
2025-06-03 09:10:00,ماهان,IRM1088,تهران,طبق برنامه,,,,RJ85,فرودگاه شيراز,Domestic Departure
2025-06-03 09:50:00,آسمان,IRC3940,رشت,طبق برنامه,,,,100,فرودگاه شيراز,Domestic Departure
2025-06-03 09:55:00,پويا,PYA2341,تهران,طبق برنامه,,,,EMB145,فرودگاه شيراز,Domestic Departure
2025-06-03 10:30:00,کارون,2580a,اهواز,طبق برنامه,,,,100,فرودگاه شيراز,Domestic Departure
2025-06-03 10:30:00,کارون,KRU2503,خارگ,طبق برنامه,,,,,فرودگاه شيراز,Domestic Departure
2025-06-03 10:35:00,آساجت,SJT8643,لامرد,طبق برنامه,,,,EMB145,فرودگاه شيراز,Domestic Departure
2025-06-03 11:25:00,ماهان,4563a,کرمان,طبق برنامه,,,,146-300,فرودگاه شيراز,Domestic Departure
2025-06-04 20:50:00,یزد ایر,DZD6896,تهران,طبق برنامه,,,,BAE146,فرودگاه يزد,Domestic Departure
2025-06-04 22:30:00,آتا,TBZ5669,تهران,باطل شد,,,,MD83,فرودگاه يزد,Domestic Departure
2025-06-05 05:30:00,یزد ایر,DZD9440,تهران,طبق برنامه,,,,146-100,فرودگاه يزد,Domestic Departure
2025-06-05 07:10:00,کیش ایر,KIS7084,تهران,باطل شد,,,,MD83,فرودگاه يزد,Domestic Departure
2025-06-05 08:20:00,آتا,TBZ5708,مشهد,طبق برنامه,,,,MD83,فرودگاه يزد,Domestic Departure
2025-06-02 11:25:00,آسمان,IRC641,تهران,پروازکرد18:30,7,2025-06-02 18:30:00,,100,فرودگاه تبريز,Domestic Departure
2025-06-02 12:05:00,آسمان,IRC3813,شیراز,باطل شد,,,,100,فرودگاه تبريز,Domestic Departure
2025-06-02 13:30:00,ایران ایرتور,IRB972,كيش,پروازکرد16:20,"10,12-13",2025-06-02 16:20:00,,MDC-DC-9-82,فرودگاه تبريز,Domestic Departure
2025-06-02 14:00:00,ایران ایرتور,IRB901,مشهد,پروازکرد14:00,13-14,2025-06-02 14:00:00,,MDC-DC-9-82,فرودگاه تبريز,Domestic Departure
2025-06-02 16:00:00,آتا,TBZ5645,تهران,پروازکرد16:30,8-9,2025-06-02 16:30:00,,MD83,فرودگاه تبريز,Domestic Departure
2025-06-02 17:30:00,آتا,TBZ5639,تهران,پروازکرد17:35,8-9,2025-06-02 17:35:00,,MD83,فرودگاه تبريز,Domestic Departure
2025-06-02 19:00:00,آتا,TBZ5667,تهران,پروازکرد19:25,8-9,2025-06-02 19:25:00,,MD83,فرودگاه تبريز,Domestic Departure
2025-06-02 20:35:00,سپهران,SHI4357,مشهد,پروازکرد20:30,4-5,2025-06-02 20:30:00,,737,فرودگاه تبريز,Domestic Departure
2025-06-02 20:50:00,ماهان,IRM1001,تهران,پروازکرد21:05,2-3,2025-06-02 21:05:00,,RJ100,فرودگاه تبريز,Domestic Departure
2025-06-02 21:30:00,ایران ایرتور,IRB947,تهران,پروازکرد23:40,13-14,2025-06-02 23:40:00,,MD80,فرودگاه تبريز,Domestic Departure
2025-06-03 06:00:00,آتا,TBZ5601,تهران,طبق برنامه,,,,MD83,فرودگاه تبريز,Domestic Departure
2025-06-03 07:00:00,آتا,TBZ5603,تهران,طبق برنامه,,,,MD83,فرودگاه تبريز,Domestic Departure
2025-06-03 08:00:00,آتا,TBZ5609,تهران,طبق برنامه,,,,MD83,فرودگاه تبريز,Domestic Departure
2025-06-03 10:00:00,آتا,TBZ5615,مشهد,طبق برنامه,,,,MD83,فرودگاه تبريز,Domestic Departure
2025-06-03 11:00:00,ایران ایرتور,IRB951,مشهد,طبق برنامه,,,,MDC-DC-9-82,فرودگاه تبريز,Domestic Departure
2025-06-04 06:30:00,آتا,TBZ5678,تهران,باطل شد,,,,,فرودگاه اروميه,Domestic Departure
2025-06-04 15:00:00,کاسپین,CPN037,تهران,پایان پذیرش مسافر | در حال سوار شدن,3-4,,,,فرودگاه اروميه,Domestic Departure
2025-06-04 17:55:00,ایران ایر,IRA276,تهران,طبق برنامه,,,,,فرودگاه اروميه,Domestic Departure
2025-06-04 19:00:00,ایران ایرتور,IRB981,تهران,طبق برنامه,,,,,فرودگاه اروميه,Domestic Departure
2025-06-04 21:30:00,آتا,TBZ5680,تهران,تاخیردارد00:30,,,,,فرودگاه اروميه,Domestic Departure
2025-06-02 12:35:00,آساجت,SJT8617,تهران,پروازکرد12:45,2,2025-06-02 12:45:00,,EMB145,فرودگاه اصفهان,Domestic Departure
2025-06-02 13:20:00,ماهان,IRM4561,کرمان,پروازکرد13:10,1,2025-06-02 13:10:00,,BAE146,فرودگاه اصفهان,Domestic Departure
2025-06-02 16:35:00,رایمون,RAI7513,تهران,پروازکرد17:00,14,2025-06-02 17:00:00,,EMB145,فرودگاه اصفهان,Domestic Departure
2025-06-02 18:00:00,آتا,TBZ5676,مشهد,پروازکرد19:45,15-16,2025-06-02 19:45:00,,MD80,فرودگاه اصفهان,Domestic Departure
2025-06-02 19:30:00,آتا,TBZ5654,كيش,پروازکرد19:35,13-14,2025-06-02 19:35:00,,MD83,فرودگاه اصفهان,Domestic Departure
2025-06-02 23:15:00,اطلس ایر,TBZ8274,تهران,آماده پرواز,1-2,,,,فرودگاه اصفهان,Domestic Departure
2025-06-02 23:55:00,کارون,KRU2603,تهران,تا اطلاع ثانوی,,,,100,فرودگاه اصفهان,Domestic Departure
2025-06-02 23:55:00,کارون,KRU2622,اهواز,تا اطلاع ثانوی,,,,100,فرودگاه اصفهان,Domestic Departure
2025-06-02 23:55:00,آتا,TBZ5749,مشهد,آماده پرواز,14-15,,,MD83,فرودگاه اصفهان,Domestic Departure
2025-06-05 08:00:00,آتا,TBZ5678,تهران,طبق برنامه,,,,,فرودگاه اروميه,Domestic Departure
2025-06-03 09:10:00,ایران ایر,IRA3438,عسلویه,طبق برنامه,,,,ATR,فرودگاه اصفهان,Domestic Departure
2025-06-03 10:15:00,کیش ایر,KIS7023,كيش,طبق برنامه,,,,MD83,فرودگاه اصفهان,Domestic Departure
2025-06-03 11:00:00,وارش,VRH5865,عسلویه,طبق برنامه,,,,B737-400,فرودگاه اصفهان,Domestic Departure
2025-06-03 11:15:00,آساجت,SJT8649,آبادان,طبق برنامه,,,,EMB145,فرودگاه اصفهان,Domestic Departure
2025-06-04 18:00:00,کاسپین,CPN7978,استانبول,طبق برنامه,,,,2025-06-06,فرودگاه اروميه,International Departure
2025-06-04 09:15:00,سپهران,SHI4359,مشهد,پروازکرد09:12,5-6,2025-06-04 09:12:00,,,فرودگاه کرمانشاه,Domestic Departure
2025-06-04 16:15:00,ماهان,IRM1009,تهران,پذیرش مسافر,9-10,,,,فرودگاه کرمانشاه,Domestic Departure
2025-06-04 17:45:00,آساجت,SJT8607,تهران,طبق برنامه,,,,,فرودگاه کرمانشاه,Domestic Departure
2025-06-04 20:05:00,چابهار ایر,IRU7637,تهران,طبق برنامه,,,,,فرودگاه کرمانشاه,Domestic Departure
2025-06-02 12:50:00,کارون,KRU2643,تهران,پروازکرد13:20,10,2025-06-02 13:20:00,,,فرودگاه اهواز,Domestic Departure
2025-06-02 17:45:00,زاگرس,IZG4121,مشهد,پروازکرد17:57,4,2025-06-02 17:57:00,,,فرودگاه اهواز,Domestic Departure
2025-06-02 18:30:00,کارون,KRU2671,شیراز,پروازکرد18:28,,2025-06-02 18:28:00,,,فرودگاه اهواز,Domestic Departure
2025-06-02 19:00:00,زاگرس,IZG4021,تهران,پروازکرد19:52,2,2025-06-02 19:52:00,,,فرودگاه اهواز,Domestic Departure
2025-06-02 19:30:00,کیش ایر,KIS7030,تهران,پروازکرد19:35,9,2025-06-02 19:35:00,,,فرودگاه اهواز,Domestic Departure
2025-06-02 19:30:00,آتا,TBZ5674,تهران,پروازکرد22:09,,2025-06-02 22:09:00,,,فرودگاه اهواز,Domestic Departure
2025-06-02 20:00:00,وارش,VRH5811,مشهد,پروازکرد20:05,4,2025-06-02 20:05:00,,,فرودگاه اهواز,Domestic Departure
2025-06-02 20:40:00,سپهران,SHI4339,مشهد,آماده پرواز,9-10,,,,فرودگاه اهواز,Domestic Departure
2025-06-02 22:20:00,کارون,KRU2623,اصفهان,پروازکرد22:26,10,2025-06-02 22:26:00,,,فرودگاه اهواز,Domestic Departure
2025-06-02 22:30:00,آتا,TBZ5626,تهران,آماده پرواز,3,,,,فرودگاه اهواز,Domestic Departure
2025-06-02 23:30:00,ایران ایرتور,IRB955,مشهد,تاخیردارد00:40 | پایان پذیرش مسافر,5-6,,,,فرودگاه اهواز,Domestic Departure
2025-06-02 23:55:00,کارون,KRU2619,تهران,تاخیردارد00:40 | پایان پذیرش مسافر,10,,,,فرودگاه اهواز,Domestic Departure
2025-06-03 00:35:00,چابهار ایر,IRU7643,تهران,پذیرش مسافر,1,,,,فرودگاه اهواز,Domestic Departure
2025-06-03 01:30:00,وارش,VRH5851,تهران,طبق برنامه,,,,MD.88,فرودگاه اهواز,Domestic Departure
2025-06-03 01:45:00,آوا ایرلاین,AXV7749,مشهد,طبق برنامه,,,,,فرودگاه اهواز,Domestic Departure
2025-06-03 06:00:00,کارون,KRU2581,شیراز,طبق برنامه,,,,,فرودگاه اهواز,Domestic Departure
2025-06-03 06:30:00,زاگرس,IZG4023,تهران,طبق برنامه,,,,,فرودگاه اهواز,Domestic Departure
2025-06-03 07:00:00,کارون,KRU2633,رشت,طبق برنامه,,,,,فرودگاه اهواز,Domestic Departure
2025-06-03 07:00:00,کارون,KRU2551,خارک,طبق برنامه,,,,,فرودگاه اهواز,Domestic Departure
2025-06-03 07:30:00,وارش,VRH5853,تهران,طبق برنامه,,,,,فرودگاه اهواز,Domestic Departure
2025-06-03 07:30:00,آتا,TBZ5642,مشهد,طبق برنامه,,,,MD.88,فرودگاه اهواز,Domestic Departure
2025-06-03 09:25:00,ماهان,IRM4563,شیراز,طبق برنامه,,,,146-100,فرودگاه اهواز,Domestic Departure
2025-06-03 11:00:00,آتا,TBZ5696,مشهد,طبق برنامه,,,,,فرودگاه اهواز,Domestic Departure
2025-06-03 11:15:00,پارس,PRS5438,خارک,طبق برنامه,,,,,فرودگاه اهواز,Domestic Departure
2025-06-05 07:30:00,ایران ایر,IRA284,تهران,طبق برنامه,,,,,فرودگاه کرمانشاه,Domestic Departure
2025-06-05 08:00:00,سپهران,SHI4359,مشهد,طبق برنامه,,,,,فرودگاه کرمانشاه,Domestic Departure
2025-06-05 08:40:00,قشم,QSM1284,بندرعباس,طبق برنامه,,,,,فرودگاه کرمانشاه,Domestic Departure
2025-06-04 18:30:00,تابان,TBN6314,مشهد,طبق برنامه,,,,,فرودگاه رشت,Domestic Departure
2025-06-04 20:45:00,قشم,QSM1265,شیراز,طبق برنامه,,,,,فرودگاه رشت,Domestic Departure
2025-06-02 12:20:00,آتا,TBZ5688,تهران,پروازکرد12:35,6-7,2025-06-02 12:35:00,,MD83,فرودگاه بوشهر,Domestic Departure
2025-06-02 21:30:00,ایران ایرتور,IRB971,تهران,پایان پذیرش مسافر | در حال سوار شدن,3-5,,,,فرودگاه بوشهر,Domestic Departure
2025-06-02 23:15:00,وارش,VRH5873,تهران,پروازکرد23:17,6,2025-06-02 23:17:00,,,فرودگاه بوشهر,Domestic Departure
2025-06-02 23:30:00,کاسپین,CPN6901,تهران,آماده پرواز,7-8,,,,فرودگاه بوشهر,Domestic Departure
2025-06-04 22:30:00,ایران ایر,IRA3330,تهران,طبق برنامه,,,,,فرودگاه رشت,Domestic Departure
2025-06-03 09:00:00,ایران ایرتور,IRB983,مشهد,طبق برنامه,,,,,فرودگاه بوشهر,Domestic Departure
2025-06-03 09:15:00,کارون,KRU2549,خارگ,طبق برنامه,,,,,فرودگاه بوشهر,Domestic Departure
2025-06-04 19:45:00,قشم,QSM1296,گرگان,طبق برنامه,,,,,فرودگاه زاهدان,Domestic Departure
2025-06-04 22:45:00,ماهان,IRM4540,تهران,طبق برنامه,,,,,فرودگاه زاهدان,Domestic Departure
2025-06-02 10:55:00,ماهان,IRM1094,تهران,پروازکرد12:07,2,2025-06-02 12:07:00,,,فرودگاه بندرعباس,Domestic Departure
2025-06-02 13:20:00,پويا,PYA2349,تهران,پروازکرد13:48,5,2025-06-02 13:48:00,,EMB145,فرودگاه بندرعباس,Domestic Departure
2025-06-02 14:35:00,سپهران,SHI4322,مشهد,پروازکرد14:44,1-3,2025-06-02 14:44:00,,737,فرودگاه بندرعباس,Domestic Departure
2025-06-02 15:00:00,وارش,VRH5827,ساری,پروازکرد14:58,6-7,2025-06-02 14:58:00,,737-500,فرودگاه بندرعباس,Domestic Departure
2025-06-02 16:20:00,ایران ایر,IRA3361,كيش,پروازکرد16:42,8,2025-06-02 16:42:00,,ATR,فرودگاه بندرعباس,Domestic Departure
2025-06-02 20:00:00,قشم,QSM1221,تهران,پروازکرد20:01,4-5,2025-06-02 20:01:00,,,فرودگاه بندرعباس,Domestic Departure
2025-06-02 20:45:00,وارش,VRH5815,تهران,پروازکرد20:48,6-7,2025-06-02 20:48:00,,737-500,فرودگاه بندرعباس,Domestic Departure
2025-06-02 21:30:00,ایران ایرتور,IRB933,تهران,باطل شد,,,,MD83,فرودگاه بندرعباس,Domestic Departure
2025-06-02 23:45:00,زاگرس,IZG4051,تهران,ورود به سالن بازرسی | پایان پذیرش مسافر,6-7,,,,فرودگاه بندرعباس,Domestic Departure
2025-06-02 23:55:00,آسمان,IRC3793,شیراز,در حال سوار شدن,4-5,,,100,فرودگاه بندرعباس,Domestic Departure
2025-06-03 01:40:00,ایران ایر,IRA459,تهران,طبق برنامه,,,,,فرودگاه بندرعباس,Domestic Departure
2025-06-03 06:30:00,ایران ایر,IRA3495,اصفهان,طبق برنامه,,,,,فرودگاه بندرعباس,Domestic Departure
2025-06-03 09:00:00,ماهان,IRM4599,سیری,طبق برنامه,,,,,فرودگاه بندرعباس,Domestic Departure
2025-06-03 09:00:00,آسمان,IRC646,رشت,طبق برنامه,,,,A320,فرودگاه بندرعباس,Domestic Departure
2025-06-03 10:45:00,کیش ایر,KIS7016,تبریز,باطل شد,,,,MD83,فرودگاه بندرعباس,Domestic Departure
2025-06-04 20:20:00,آسمان,IRC3758,اصفهان,طبق برنامه,,,,,فرودگاه آبادان,Domestic Departure
2025-06-04 21:00:00,اطلس ایر,ATS8297,مشهد,طبق برنامه,,,,MD83,فرودگاه آبادان,Domestic Departure
2025-06-04 21:00:00,اطلس ایر,ATS8287,مشهد,طبق برنامه,,,,737,فرودگاه آبادان,Domestic Departure
2025-06-04 21:00:00,سپهران,SHI4367,مشهد,طبق برنامه,,,,737,فرودگاه آبادان,Domestic Departure
2025-06-04 22:25:00,ایران ایر,IRA264,تهران,طبق برنامه,,,,,فرودگاه آبادان,Domestic Departure
2025-06-04 22:50:00,آتا,TBZ5689,تهران,تاخیردارد23:40,,,,MD82,فرودگاه آبادان,Domestic Departure
2025-06-02 17:00:00,پويا,PYA2351,تهران,پروازکرد17:12,5,2025-06-02 17:12:00,,EMB145,فرودگاه کرمان,Domestic Departure
2025-06-02 18:00:00,ماهان,IRM1078,تهران,پروازکرد18:06,3-4,2025-06-02 18:06:00,,BAE146,فرودگاه کرمان,Domestic Departure
2025-06-02 18:30:00,آتا,TBZ5665,تهران,پروازکرد19:00,1-2,2025-06-02 19:00:00,,MD83,فرودگاه کرمان,Domestic Departure
2025-06-02 19:40:00,ماهان,IRM1066,تهران,پروازکرد19:35,3-4,2025-06-02 19:35:00,,BAE146,فرودگاه کرمان,Domestic Departure
2025-06-02 21:00:00,ماهان,IRM1052,تهران,پروازکرد21:00,3-4,2025-06-02 21:00:00,,BAE146,فرودگاه کرمان,Domestic Departure
2025-06-02 21:20:00,آتا,TBZ5728,مشهد,پروازکرد22:00,1-2,2025-06-02 22:00:00,,,فرودگاه کرمان,Domestic Departure
2025-06-02 23:00:00,کاسپین,CPN6911,تهران,باطل شد,,,,,فرودگاه کرمان,Domestic Departure
2025-06-03 09:30:00,آتا,TBZ5663,تهران,طبق برنامه,,,,MD83,فرودگاه کرمان,Domestic Departure
2025-06-03 10:55:00,ماهان,IRM1054,تهران,طبق برنامه,,,,BAE146,فرودگاه کرمان,Domestic Departure
2025-06-04 23:00:00,کیش ایر,KIS7104,تهران,باطل شد,,,,MD82,فرودگاه آبادان,Domestic Departure
2025-06-02 14:45:00,وارش,VRH5803,مشهد,پروازکرد14:56,"1,4",2025-06-02 14:56:00,,,فرودگاه ساري,Domestic Departure
2025-06-02 17:45:00,وارش,VRH5826,بندرعباس,پروازکرد17:45,"1,4",2025-06-02 17:45:00,,,فرودگاه ساري,Domestic Departure
2025-06-02 20:15:00,وارش,VRH5805,مشهد,پروازکرد21:52,"1,4",2025-06-02 21:52:00,,,فرودگاه ساري,Domestic Departure
2025-06-03 06:00:00,وارش,VRH5805,مشهد,طبق برنامه,,,,,فرودگاه ساري,Domestic Departure
2025-06-04 23:15:00,پارس,PRS4414,مشهد,طبق برنامه,,,,737,فرودگاه آبادان,Domestic Departure
2025-06-04 23:30:00,آسمان,IRC3751,تهران,طبق برنامه,,,,,فرودگاه آبادان,Domestic Departure
2025-06-02 17:45:00,آسا جت,SJT8625,تهران,پروازکرد17:40,7,2025-06-02 17:40:00,,EMB145,فرودگاه يزد,Domestic Departure
2025-06-02 19:30:00,کارون,KRU2609,تهران,پروازکرد19:30,6-7,2025-06-02 19:30:00,,100,فرودگاه يزد,Domestic Departure
2025-06-02 20:00:00,اطلس ایر,ATS8292,تهران,پروازکرد20:30,7,2025-06-02 20:30:00,,RJ85,فرودگاه يزد,Domestic Departure
2025-06-02 20:20:00,یزد ایر,DZD9442,تهران,پروازکرد20:20,3,2025-06-02 20:20:00,,146-100,فرودگاه يزد,Domestic Departure
2025-06-02 21:45:00,پارس,PRS4437,مشهد,پروازکرد22:25,7,2025-06-02 22:25:00,,737,فرودگاه يزد,Domestic Departure
2025-06-02 23:40:00,آتا,TBZ5669,تهران,پروازکرد23:50,6-7,2025-06-02 23:50:00,,MD83,فرودگاه يزد,Domestic Departure
2025-06-03 05:30:00,یزد ایر,DZD9440,تهران,پذیرش مسافر,2-3,,,146-100,فرودگاه يزد,Domestic Departure
2025-06-03 08:15:00,یزد ایر,DZD6886,مشهد,طبق برنامه,,,,146-100,فرودگاه يزد,Domestic Departure
2025-06-04 23:50:00,آتا,TBZ5648,مشهد,طبق برنامه,,,,MD82,فرودگاه آبادان,Domestic Departure
2025-06-02 13:45:00,کاسپین,CPN037,تهران,پروازکرد14:10,5-6,2025-06-02 14:10:00,,,فرودگاه اروميه,Domestic Departure
2025-06-02 14:00:00,کیش ایر,KIS7149,كيش,پروازکرد14:20,3-4,2025-06-02 14:20:00,,,فرودگاه اروميه,Domestic Departure
2025-06-02 15:00:00,ایران ایرتور,IRB953,مشهد,پروازکرد15:25,1-2,2025-06-02 15:25:00,,,فرودگاه اروميه,Domestic Departure
2025-06-02 16:10:00,ماهان,IRM1003,تهران,پروازکرد16:25,5-6,2025-06-02 16:25:00,,,فرودگاه اروميه,Domestic Departure
2025-06-02 19:20:00,یزدایر,DZD9400,تهران,پروازکرد19:30,3-4,2025-06-02 19:30:00,,,فرودگاه اروميه,Domestic Departure
2025-06-02 21:30:00,آتا,TBZ5680,تهران,پروازکرد23:40,3-4,2025-06-02 23:40:00,,,فرودگاه اروميه,Domestic Departure
2025-06-03 08:00:00,آتا,TBZ5678,تهران,طبق برنامه,,,,,فرودگاه اروميه,Domestic Departure
2025-06-04 18:10:00,ایران ایر,IRA247,تهران,تاخیردارد23:59,,,,100,فرودگاه گرگان,Domestic Departure
2025-06-02 14:35:00,قشم,QSM1290,تهران,پروازکرد14:40,5-6,2025-06-02 14:40:00,,,فرودگاه کرمانشاه,Domestic Departure
2025-06-02 15:35:00,ماهان,IRM1009,تهران,پروازکرد15:41,10,2025-06-02 15:41:00,,,فرودگاه کرمانشاه,Domestic Departure
2025-06-02 20:00:00,پويا,PYA2319,تهران,پروازکرد20:08,6,2025-06-02 20:08:00,,,فرودگاه کرمانشاه,Domestic Departure
2025-06-02 20:30:00,ایران ایرتور,IRB909,مشهد,پروازکرد21:00,1-2,2025-06-02 21:00:00,,,فرودگاه کرمانشاه,Domestic Departure
2025-06-04 22:40:00,قشم,QSM1295,تهران,طبق برنامه,,,,f100,فرودگاه گرگان,Domestic Departure
2025-06-02 14:15:00,آساجت,SJT8635,تهران,پروازکرد14:10,7,2025-06-02 14:10:00,,,فرودگاه رشت,Domestic Departure
2025-06-02 14:20:00,سپهران,SHI4327,مشهد,پروازکرد15:10,"2,6",2025-06-02 15:10:00,,,فرودگاه رشت,Domestic Departure
2025-06-02 18:30:00,تابان,TBN6314,مشهد,آماده پرواز,6-7,,,,فرودگاه رشت,Domestic Departure
2025-06-03 07:35:00,رایمون,RAI7511,تهران,طبق برنامه,,,,,فرودگاه رشت,Domestic Departure
2025-06-04 20:20:00,ماهان,IRM1027,تهران,طبق برنامه,,,,RJ100,فرودگاه اردبيل,Domestic Departure
2025-06-04 20:05:00,ماهان,IRM4543,تهران,طبق برنامه,,,,,فرودگاه شهرکرد,Domestic Departure
2025-06-04 18:40:00,کاسپین,CPN6983,تهران,طبق برنامه,,,,MD83,فرودگاه لارستان,Domestic Departure
2025-06-04 12:15:00,فلای دبی,FDB268,دبی,پروازکرد12:15,12:15,,737,2025-06-04,فرودگاه لارستان,International Departure
2025-06-04 14:15:00,العربیه,ABY218,شارجه,پروازکرد14:10,14:10,,A321,2025-06-04,فرودگاه لارستان,International Departure
2025-06-04 16:15:00,ماهان,IRM1005,تهران,پذیرش مسافر,"1,4",,,,فرودگاه خرم آباد,Domestic Departure
2025-06-02 12:50:00,ماهان,IRM4559,چابهار,پروازکرد12:50,6,2025-06-02 12:50:00,,RJ100,فرودگاه زاهدان,Domestic Departure
2025-06-02 19:00:00,کاسپین,CPN6923,مشهد,پروازکرد19:30,2,2025-06-02 19:30:00,,MD83,فرودگاه زاهدان,Domestic Departure
2025-06-02 22:45:00,ماهان,IRM4540,تهران,پروازکرد22:45,6,2025-06-02 22:45:00,,RJ100,فرودگاه زاهدان,Domestic Departure
2025-06-02 23:50:00,کاسپین,CPN6987,تهران,در حال سوار شدن,2,,,MD83,فرودگاه زاهدان,Domestic Departure
2025-06-03 08:00:00,ایران ایرتور,IRB975,تهران,طبق برنامه,,,,,فرودگاه زاهدان,Domestic Departure
2025-06-03 08:10:00,ایران ایر,IRA382,چابهار,طبق برنامه,,,,,فرودگاه زاهدان,Domestic Departure
2025-06-03 08:30:00,کاسپین,CPN6923,مشهد,طبق برنامه,,,,,فرودگاه زاهدان,Domestic Departure
2025-06-03 10:25:00,ماهان,IRM4588,تهران,طبق برنامه,,,,,فرودگاه زاهدان,Domestic Departure
2025-06-02 11:35:00,ایر وان,INA6753,مشهد,پروازکرد12:53,3,2025-06-02 12:53:00,,737,فرودگاه آبادان,Domestic Departure
2025-06-02 23:15:00,سپهران,SHI4367,مشهد,پروازکرد23:21,4,2025-06-02 23:21:00,,737,فرودگاه آبادان,Domestic Departure
2025-06-02 23:30:00,آتا,TBZ5648,مشهد,تاخیردارد00:30 | پذیرش مسافر,3,,,MD82,فرودگاه آبادان,Domestic Departure
2025-06-02 23:50:00,آتا,TBZ5689,تهران,تاخیردارد01:30,,,,MD80,فرودگاه آبادان,Domestic Departure
2025-06-02 23:55:00,آسمان,IRC3751,تهران,باطل شد,,,,,فرودگاه آبادان,Domestic Departure
2025-06-03 02:45:00,سپهران,SHI4347,مشهد,طبق برنامه,,,,737,فرودگاه آبادان,Domestic Departure
2025-06-03 07:15:00,کیش ایر,KIS7104,تهران,طبق برنامه,,,,MD82,فرودگاه آبادان,Domestic Departure
2025-06-03 08:00:00,تابان,TBN6218,مشهد,طبق برنامه,,,,MD83,فرودگاه آبادان,Domestic Departure
2025-06-03 08:35:00,ساها,IRZ168,مشهد,طبق برنامه,,,,,فرودگاه آبادان,Domestic Departure
2025-06-03 09:30:00,آساجت,SJT8648,اصفهان,طبق برنامه,,,,,فرودگاه آبادان,Domestic Departure
2025-06-02 14:10:00,کاسپین,CPN6997,كيش,پروازکرد14:22,4-5,2025-06-02 14:22:00,,MD83,فرودگاه گرگان,Domestic Departure
2025-06-02 21:05:00,ایران ایر,IRA247,تهران,پروازکرد21:41,3,2025-06-02 21:41:00,,100,فرودگاه گرگان,Domestic Departure
2025-06-02 17:05:00,ایران ایر,IRA496,تهران,پروازکرد17:20,6-7,2025-06-02 17:20:00,,100,فرودگاه اردبيل,Domestic Departure
2025-06-02 17:45:00,آسمان,IRC3711,تهران,پروازکرد22:20,4-5,2025-06-02 22:20:00,,100,فرودگاه اردبيل,Domestic Departure
2025-06-02 20:20:00,ماهان,IRM1027,تهران,پروازکرد20:26,2-3,2025-06-02 20:26:00,,RJ100,فرودگاه اردبيل,Domestic Departure
2025-06-03 10:05:00,ماهان,IRM4537,تهران,طبق برنامه,,,,RJ100,فرودگاه اردبيل,Domestic Departure
2025-06-03 07:00:00,زاگرس,IZG4105,مشهد,طبق برنامه,,,,,فرودگاه ايلام,Domestic Departure
2025-06-03 07:30:00,ایران ایرتور,IRB931,تهران,طبق برنامه,,,,MD82,فرودگاه بيرجند,Domestic Departure
2025-06-02 12:10:00,ایران ایر,IRM320,تهران,پروازکرد12:08,"1,4",2025-06-02 12:08:00,,,فرودگاه خرم آباد,Domestic Departure
2025-06-02 13:50:00,ماهان,IRM1084,تهران,پروازکرد13:45,2,2025-06-02 13:45:00,,BAE146,فرودگاه زابل,Domestic Departure
2025-06-03 12:25:00,آساجت,SJT8635,تهران,پروازکرد13:04,2,2025-06-03 13:04:00,,,فرودگاه رشت,Domestic Departure
2025-06-03 14:00:00,زاگرس,IZG4149,مشهد,پروازکرد15:21,6-7,2025-06-03 15:21:00,,,فرودگاه رشت,Domestic Departure
2025-06-03 15:30:00,کیش ایر,KIS7137,كيش,پروازکرد15:47,2,2025-06-03 15:47:00,,,فرودگاه رشت,Domestic Departure
2025-06-03 15:50:00,سپهران,SHI4327,مشهد,پروازکرد16:59,6-7,2025-06-03 16:59:00,,,فرودگاه رشت,Domestic Departure
2025-06-03 16:30:00,ایران ایرتور,IRB905,مشهد,پروازکرد16:38,3-5,2025-06-03 16:38:00,,,فرودگاه رشت,Domestic Departure
2025-06-03 11:45:00,ایران ایر,IRA383,تهران,پروازکرد12:00,5,2025-06-03 12:00:00,,,فرودگاه زاهدان,Domestic Departure
2025-06-03 13:20:00,کاسپین,CPN6987,تهران,پروازکرد13:30,2,2025-06-03 13:30:00,,,فرودگاه زاهدان,Domestic Departure
2025-06-03 11:35:00,ایر وان,INA6753,مشهد,پروازکرد12:30,3,2025-06-03 12:30:00,,,فرودگاه آبادان,Domestic Departure
2025-06-03 13:00:00,آساجت,SJT8619,تهران,پروازکرد13:20,3,2025-06-03 13:20:00,,EMB145,فرودگاه آبادان,Domestic Departure
2025-06-03 14:15:00,ساها,IRZ167,تهران,پروازکرد14:38,4,2025-06-03 14:38:00,,,فرودگاه آبادان,Domestic Departure
2025-06-03 15:15:00,یزد ایر,DZD9412,تهران,باطل شد,,,,CRJ200,فرودگاه گرگان,Domestic Departure
2025-06-03 17:30:00,پويا,PYA2338,مشهد,پروازکرد17:35,4-5,2025-06-03 17:35:00,,EMB145,فرودگاه گرگان,Domestic Departure
2025-06-03 16:00:00,ماهان,IRM4573,تهران,پروازکرد16:25,1-2,2025-06-03 16:25:00,,,فرودگاه ايلام,Domestic Departure
2025-06-03 13:30:00,ایران ایر,IRA327,تهران,پروازکرد19:50,,2025-06-03 19:50:00,,A321,فرودگاه لارستان,Domestic Departure
2025-06-03 04:30:00,زاگرس,IZG4022,اهواز,پرواز كرد,4,2025-06-03 04:51:00,EPZAQ,MD83,فرودگاه مهرآباد,Domestic Departure
2025-06-03 04:40:00,اطلس ایر,ATS8278,مشهد,پرواز كرد,"21, 22",2025-06-03 05:10:00,EPSAP,MD83,فرودگاه مهرآباد,Domestic Departure
2025-06-03 04:50:00,کارون,KRU2668,اهواز,پرواز كرد,"21, 22",2025-06-03 08:31:00,EPNFC,B737,فرودگاه مهرآباد,Domestic Departure
2025-06-03 04:50:00,فلای پرشیا,FPI7438,مشهد,پرواز كرد,"18, 19",2025-06-03 05:08:00,EPFPA,737-700,فرودگاه مهرآباد,Domestic Departure
2025-06-03 04:55:00,کیش ایر,KIS7105,آبادان,پرواز كرد,"11, 12",2025-06-03 06:25:00,EPLCK,MD83,فرودگاه مهرآباد,Domestic Departure
2025-06-03 04:55:00,ایران ایرتور,IRB930,بیرجند,پرواز كرد,"5, 6",2025-06-03 05:12:00,EPMDF,MD83,فرودگاه مهرآباد,Domestic Departure
2025-06-03 05:00:00,ماهان,IRM4545,سراوان,پرواز كرد,,2025-06-03 05:45:00,EPMMV,146-200,فرودگاه مهرآباد,Domestic Departure
2025-06-03 05:05:00,کارون,KRU2602,اصفهان,پرواز كرد,"18, 19",2025-06-03 05:42:00,EPJIA,737,فرودگاه مهرآباد,Domestic Departure
2025-06-03 05:05:00,ایران ایرتور,IRB974,زاهدان,پرواز كرد,"9, 10",2025-06-03 05:20:00,EPMDD,MD83,فرودگاه مهرآباد,Domestic Departure
2025-06-03 05:10:00,وارش,VRH5818,مشهد,پرواز كرد,3,2025-06-03 05:33:00,EPVAV,B737,فرودگاه مهرآباد,Domestic Departure
2025-06-03 05:10:00,چابهار,IRU7646,شیراز,پرواز كرد,6,2025-06-03 05:23:00,EPSEB,MD83,فرودگاه مهرآباد,Domestic Departure
2025-06-03 05:15:00,معراج,MRJ2814,چابهار,پرواز كرد,"14, 15",2025-06-03 05:35:00,EPSSN,A321,فرودگاه مهرآباد,Domestic Departure
2025-06-03 05:20:00,کیش ایر,KIS7093,عسلویه,پرواز كرد,"9, 10",2025-06-03 07:46:00,EPLCJ,MD83,فرودگاه مهرآباد,Domestic Departure
2025-06-03 05:25:00,آتا,TBZ5643,سیرجان,پرواز كرد,"12, 13",2025-06-03 05:53:00,EPTAE,737,فرودگاه مهرآباد,Domestic Departure
2025-06-03 05:25:00,ایران ایر,IRA382,زاهدان/چابهار,پرواز كرد,"3, 4",2025-06-03 06:01:00,EPCFR,F100,فرودگاه مهرآباد,Domestic Departure
2025-06-03 05:30:00,وارش,VRH5852,اهواز,پرواز كرد,5,2025-06-03 05:50:00,EPVBM,B737,فرودگاه مهرآباد,Domestic Departure
2025-06-03 05:30:00,ایران ایر,IRA260,مشهد,پرواز كرد,"7, 8",2025-06-03 05:47:00,EPIEQ,A319,فرودگاه مهرآباد,Domestic Departure
2025-06-03 05:35:00,پارس ایر,PRS4438,گچساران,پرواز كرد,20,2025-06-03 05:38:00,EPPRA,CRJ200,فرودگاه مهرآباد,Domestic Departure
2025-06-03 05:40:00,آتا,TBZ5627,اهواز,پرواز كرد,"24, 25",2025-06-03 06:35:00,EPTAL,MD83,فرودگاه مهرآباد,Domestic Departure
2025-06-03 05:40:00,کاسپین,CPN6986,زاهدان,پرواز كرد,"8, 9",2025-06-03 06:24:00,EPCAS,MD83,فرودگاه مهرآباد,Domestic Departure
2025-06-03 05:45:00,آتا,TBZ5610,تبریز,پرواز كرد,11,2025-06-03 06:20:00,EPTAZ,MD83,فرودگاه مهرآباد,Domestic Departure
2025-06-03 05:45:00,ماهان,IRM4551,سراوان,پرواز كرد,21,2025-06-03 06:05:00,EPMEU,RJ85,فرودگاه مهرآباد,Domestic Departure
2025-06-03 05:55:00,پارس ایر,PRS5454,كيش,پرواز كرد,18,2025-06-03 06:18:00,EPPAO,737-700,فرودگاه مهرآباد,Domestic Departure
2025-06-03 06:00:00,آتا,TBZ5677,ارومیه,پرواز كرد,"26, 27",2025-06-03 06:38:00,EPTAJ,MD83,فرودگاه مهرآباد,Domestic Departure
2025-06-03 06:05:00,اطلس ایر,ATS8277,كيش,پرواز كرد,"16, 17",2025-06-03 06:46:00,EPLEE,B737,فرودگاه مهرآباد,Domestic Departure
2025-06-03 06:05:00,یزد ایر,DZD9419,یزد,پرواز كرد,"14, 15",2025-06-03 06:08:00,EPDZH,RJ85,فرودگاه مهرآباد,Domestic Departure
2025-06-03 06:10:00,وارش,VRH5918,عسلویه,پرواز كرد,7,2025-06-03 06:52:00,EPVAK,737-700,فرودگاه مهرآباد,Domestic Departure
2025-06-03 06:15:00,ایران ایر,IRA326,لارستان,پرواز كرد,"5, 6",2025-06-03 12:41:00,EPIEP,A319,فرودگاه مهرآباد,Domestic Departure
2025-06-03 06:20:00,آسمان,IRC644,بندرعباس,پرواز كرد,28,2025-06-03 08:27:00,EPATE,F100,فرودگاه مهرآباد,Domestic Departure
2025-06-03 06:25:00,چابهار,IRU7610,مشهد,پرواز كرد,4,2025-06-03 06:44:00,EPCBI,MD83,فرودگاه مهرآباد,Domestic Departure
2025-06-03 06:25:00,ساها,IRZ166,آبادان,پرواز كرد,"10, 11",2025-06-03 06:42:00,EPSIJ,737-700,فرودگاه مهرآباد,Domestic Departure
2025-06-03 06:30:00,زاگرس,IZG4060,بوشهر,پرواز كرد,3,2025-06-03 07:06:00,EPZAQ,MD83,فرودگاه مهرآباد,Domestic Departure
2025-06-03 06:40:00,آساجت,SJT8634,رشت,پرواز كرد,14,2025-06-03 06:58:00,EPJEK,EMB145,فرودگاه مهرآباد,Domestic Departure
2025-06-03 06:40:00,ماهان,IRM1089,شیراز,پرواز كرد,22,2025-06-03 07:03:00,EPMOC,146-200,فرودگاه مهرآباد,Domestic Departure
2025-06-03 06:45:00,اروان,INA6750,مشهد,پرواز كرد,"6, 6",2025-06-03 07:00:00,EPNSR,737-700,فرودگاه مهرآباد,Domestic Departure
2025-06-03 06:45:00,کاسپین,CPN014,عسلویه,پرواز كرد,"12, 13",2025-06-03 06:55:00,EPCPD,MD83,فرودگاه مهرآباد,Domestic Departure
2025-06-03 06:55:00,آتا,TBZ5662,کرمان,پرواز كرد,"28, 29",2025-06-03 07:27:00,EPTAH,B737,فرودگاه مهرآباد,Domestic Departure
2025-06-03 06:55:00,کاسپین,CPN038,شیراز,پرواز كرد,"6, 7",2025-06-03 07:08:00,EPCPU,MD82,فرودگاه مهرآباد,Domestic Departure
2025-06-03 07:00:00,وارش,VRH5820,كيش,پرواز كرد,5,2025-06-03 07:11:00,EPVAR,B737,فرودگاه مهرآباد,Domestic Departure
2025-06-03 07:00:00,ماهان,IRM0000,نا مشخص,دريافت كارت پرواز,33,,,747,فرودگاه مهرآباد,Domestic Departure
2025-06-03 07:05:00,ماهان,IRM4589,زاهدان,پرواز كرد,23,2025-06-03 07:22:00,EPMOS,RJ85,فرودگاه مهرآباد,Domestic Departure
2025-06-03 07:10:00,اطلس ایر,ATS8270,مشهد,پرواز كرد,"18, 19",2025-06-03 07:20:00,EPTHI,RJ85,فرودگاه مهرآباد,Domestic Departure
2025-06-03 07:15:00,قشم ایر,QSM1230,ماهشهر,پرواز كرد,"16, 17",2025-06-03 08:17:00,EPFQI,F100,فرودگاه مهرآباد,Domestic Departure
2025-06-03 07:15:00,کارون,KRU2504,خارگ,پرواز كرد,20,2025-06-03 07:55:00,EPOPI,F100,فرودگاه مهرآباد,Domestic Departure
2025-06-03 07:20:00,تابان,TBN6317,شهرکرد,پرواز كرد,"1, 2",2025-06-03 07:38:00,EPTBB,MD.88,فرودگاه مهرآباد,Domestic Departure
2025-06-03 07:30:00,آساجت,SJT8618,آبادان,پرواز كرد,15,2025-06-03 08:25:00,EPRHN,EMB145,فرودگاه مهرآباد,Domestic Departure
2025-06-03 07:35:00,پويا,PYA2340,شیراز,پرواز كرد,15,2025-06-03 08:00:00,EPPUO,EMB145,فرودگاه مهرآباد,Domestic Departure
2025-06-03 08:00:00,ماهان,IRM4536,اردبیل,پرواز كرد,24,2025-06-03 08:18:00,EPMOH,146-200,فرودگاه مهرآباد,Domestic Departure
2025-06-03 08:05:00,آتا,TBZ5602,تبریز,پرواز كرد,11,2025-06-03 08:07:00,EPTAU,MD83,فرودگاه مهرآباد,Domestic Departure
2025-06-03 08:05:00,پويا,PYA2316,قشم,پرواز كرد,13,2025-06-03 08:22:00,EPPUR,EMB145,فرودگاه مهرآباد,Domestic Departure
2025-06-03 08:10:00,ماهان,IRM1051,کرمان,پرواز كرد,25,2025-06-03 08:23:00,EMMEA,146-200,فرودگاه مهرآباد,Domestic Departure
2025-06-03 08:20:00,آتا,TBZ5659,كيش,پرواز كرد,"12, 13",2025-06-03 09:08:00,EPTAQ,MD83,فرودگاه مهرآباد,Domestic Departure
2025-06-03 08:30:00,کیش ایر,KIS7021,كيش,پرواز كرد,10,2025-06-03 12:43:00,EPLCL,MD83,فرودگاه مهرآباد,Domestic Departure
2025-06-03 08:40:00,زاگرس,IZG4030,كيش,پرواز كرد,7,2025-06-03 08:53:00,EPZAG,MD83,فرودگاه مهرآباد,Domestic Departure
2025-06-03 09:10:00,ساها,IRZ170,مشهد,پرواز كرد,"6, 7",2025-06-03 09:26:00,EPSII,737-700,فرودگاه مهرآباد,Domestic Departure
2025-06-03 09:20:00,زاگرس,IZG4042,مشهد,پرواز كرد,5,2025-06-03 09:49:00,EPZAE,MD83,فرودگاه مهرآباد,Domestic Departure
2025-06-03 09:20:00,کیش ایر,KIS7053,كيش,پرواز كرد,11,2025-06-03 13:23:00,EPLCJ,MD83,فرودگاه مهرآباد,Domestic Departure
2025-06-03 09:30:00,رایمون,RAI7518,كيش,پرواز كرد,"3, 4",2025-06-03 09:38:00,EPNEA,EMB145,فرودگاه مهرآباد,Domestic Departure
2025-06-03 09:35:00,فلای پرشیا,FPI7405,شیراز,پرواز كرد,"18, 19",2025-06-03 09:56:00,EPFPA,B737,فرودگاه مهرآباد,Domestic Departure
2025-06-03 09:40:00,چابهار,IRU7640,مشهد,پرواز كرد,6,2025-06-03 09:53:00,EPSEB,MD83,فرودگاه مهرآباد,Domestic Departure
2025-06-03 09:45:00,پارس ایر,PRS4444,اهواز,پرواز كرد,20,2025-06-03 09:47:00,EPPRA,CRJ200,فرودگاه مهرآباد,Domestic Departure
2025-06-03 09:50:00,آتا,TBZ5698,مشهد,پرواز كرد,"24, 25",2025-06-03 10:10:00,EPTAZ,md88,فرودگاه مهرآباد,Domestic Departure
2025-06-03 09:50:00,پارس ایر,PRS4408,ماهشهر,پرواز كرد,"21, 22",2025-06-03 10:07:00,EPPAM,737-700,فرودگاه مهرآباد,Domestic Departure
2025-06-03 10:00:00,آتا,TBZ5721,كيش,پرواز كرد,"26, 27",2025-06-03 10:36:00,EPTAJ,MD83,فرودگاه مهرآباد,Domestic Departure
2025-06-03 10:00:00,وارش,VRH5840,مشهد,پرواز كرد,3,2025-06-03 10:17:00,EPVBM,B737,فرودگاه مهرآباد,Domestic Departure
2025-06-03 10:05:00,ایران ایرتور,IRB970,بوشهر,پرواز كرد,"5, 6",2025-06-03 10:40:00,EPMDF,MD83,فرودگاه مهرآباد,Domestic Departure
2025-06-03 10:20:00,قشم ایر,QSM1240,قشم,پرواز كرد,"18, 19",2025-06-03 10:52:00,EPFQV,RJ100,فرودگاه مهرآباد,Domestic Departure
2025-06-03 10:20:00,کیش ایر,KIS7193,عسلویه,پرواز كرد,"9, 10",2025-06-03 16:48:00,EPLCK,MD83,فرودگاه مهرآباد,Domestic Departure
2025-06-03 10:40:00,آتا,TBZ5729,مشهد,پرواز كرد,"12, 13",2025-06-03 11:14:00,EPTAE,737-700,فرودگاه مهرآباد,Domestic Departure
2025-06-03 11:00:00,ایران ایرتور,IRB940,قشم,پرواز كرد,"9, 10",2025-06-03 11:24:00,EPMDD,MD83,فرودگاه مهرآباد,Domestic Departure
2025-06-03 11:15:00,قشم ایر,QSM1280,اصفهان,پرواز كرد,"21, 22",2025-06-03 12:48:00,EPFQI,F100,فرودگاه مهرآباد,Domestic Departure
2025-06-03 11:15:00,کاسپین,CPN046,تبریز,پرواز كرد,"6, 7",2025-06-03 11:58:00,EPKPB,B737,فرودگاه مهرآباد,Domestic Departure
2025-06-03 11:30:00,زاگرس,IZG4040,مشهد,پرواز كرد,3,2025-06-03 14:46:00,EPZAG,MD83,فرودگاه مهرآباد,Domestic Departure
2025-06-03 11:40:00,اطلس ایر,ATS8284,مشهد,پرواز كرد,"14, 15",2025-06-03 12:13:00,EPTHI,RJ85,فرودگاه مهرآباد,Domestic Departure
2025-06-03 11:45:00,کیش ایر,KIS7029,كيش,پرواز كرد,12,2025-06-03 18:53:00,EPLCL,MD83,فرودگاه مهرآباد,Domestic Departure
2025-06-03 12:00:00,ماهان,IRM1081,مشهد,پرواز كرد,"22, 23, 24",2025-06-03 12:24:00,EPMEE,747,فرودگاه مهرآباد,Domestic Departure
2025-06-03 12:05:00,آتا,TBZ5631,اهواز,پرواز كرد,"12, 13",2025-06-03 12:31:00,EPTAH,B737,فرودگاه مهرآباد,Domestic Departure
2025-06-03 12:05:00,ماهان,IRM4578,ماکو,پرواز كرد,20,2025-06-03 12:38:00,EPMOC,146-200,فرودگاه مهرآباد,Domestic Departure
2025-06-03 12:35:00,آتا,TBZ5617,مشهد,پرواز كرد,"24, 25",2025-06-03 13:42:00,EPTAO,MD83,فرودگاه مهرآباد,Domestic Departure
2025-06-03 13:00:00,ماهان,IRM1010,کرمانشاه,پرواز كرد,25,2025-06-03 13:13:00,EPMOH,146-200,فرودگاه مهرآباد,Domestic Departure
2025-06-03 13:15:00,قشم ایر,QSM1224,كيش,پرواز كرد,"16, 17",2025-06-03 13:28:00,EPFQF,F100,فرودگاه مهرآباد,Domestic Departure
2025-06-03 13:40:00,آتا,TBZ5719,مشهد,پرواز كرد,"28, 29",2025-06-03 14:43:00,EPTAQ,MD83,فرودگاه مهرآباد,Domestic Departure
2025-06-03 13:45:00,ماهان,IRM4572,ایلام,پرواز كرد,23,2025-06-03 14:15:00,EPMEB,RJ85,فرودگاه مهرآباد,Domestic Departure
2025-06-03 14:00:00,کیش ایر,KIS7117,چابهار,باطل شد,,,,MD83,فرودگاه مهرآباد,Domestic Departure
2025-06-03 14:00:00,ماهان,IRM1004,ارومیه,پرواز كرد,24,2025-06-03 14:25:00,EPMEU,146-200,فرودگاه مهرآباد,Domestic Departure
2025-06-03 14:55:00,رایمون,RAI7512,اصفهان,پرواز كرد,"1, 2",2025-06-03 15:07:00,EPNEA,EMB145,فرودگاه مهرآباد,Domestic Departure
2025-06-03 14:55:00,قشم ایر,QSM1298,گرگان,پرواز كرد,"21, 22",2025-06-03 15:15:00,EPFQU,RJ100,فرودگاه مهرآباد,Domestic Departure
2025-06-03 15:15:00,پارس ایر,PRS4454,مشهد,پرواز كرد,"20, 21",2025-06-03 15:35:00,EPPAM,B737,فرودگاه مهرآباد,Domestic Departure
2025-06-03 15:15:00,کاسپین,CPN044,كيش,پرواز كرد,"8, 9",2025-06-03 19:01:00,EPCPD,MD83,فرودگاه مهرآباد,Domestic Departure
2025-06-03 15:30:00,فلای پرشیا,FPI7446,عسلویه,پرواز كرد,"18, 19",2025-06-03 15:32:00,EPFPA,737-700,فرودگاه مهرآباد,Domestic Departure
2025-06-03 15:30:00,ایران ایر,IRA214,قشم,پرواز كرد,3,2025-06-03 15:40:00,EPCFR,F100,فرودگاه مهرآباد,Domestic Departure
2025-06-03 15:55:00,آتا,TBZ5611,شیراز,پرواز كرد,"28, 29",2025-06-03 16:24:00,EPTAR,MD83,فرودگاه مهرآباد,Domestic Departure
2025-06-03 15:55:00,پويا,PYA2310,گرگان,پرواز كرد,14,2025-06-03 16:15:00,EPPUR,EMB145,فرودگاه مهرآباد,Domestic Departure
2025-06-03 16:05:00,کاسپین,CPN6936,قشم,پرواز كرد,"10, 11",2025-06-03 16:19:00,EPCAQ,B737,فرودگاه مهرآباد,Domestic Departure
2025-06-03 16:15:00,کاسپین,CPN6900,بوشهر,پرواز كرد,"12, 13",2025-06-03 16:29:00,EPCAS,MD83,فرودگاه مهرآباد,Domestic Departure
2025-06-03 16:35:00,کیش ایر,KIS7089,بندرعباس,پرواز كرد,"9, 10",2025-06-03 19:31:00,EPLCJ,MD83,فرودگاه مهرآباد,Domestic Departure
2025-06-03 16:40:00,آتا,TBZ5664,کرمان,پرواز كرد,"24, 25",2025-06-03 17:10:00,EPTAZ,MD83,فرودگاه مهرآباد,Domestic Departure
2025-06-03 16:45:00,کارون,KRU2584,عسلویه,پرواز كرد,"14, 15",2025-06-03 17:01:00,EPJIA,737,فرودگاه مهرآباد,Domestic Departure
2025-06-03 16:50:00,آتا,TBZ5623,شیراز,پرواز كرد,"12, 13",2025-06-03 17:16:00,EPTAJ,MD83,فرودگاه مهرآباد,Domestic Departure
2025-06-03 17:25:00,چابهار,IRU7660,مشهد,پرواز كرد,4,2025-06-03 17:42:00,EPCBI,MD83,فرودگاه مهرآباد,Domestic Departure
2025-06-03 17:30:00,کارون,KRU2610,دزفول,پرواز كرد,"16, 17",2025-06-03 20:15:00,EPAWZ,F100,فرودگاه مهرآباد,Domestic Departure
2025-06-03 17:35:00,پارس ایر,PRS4494,آبادان,پرواز كرد,"18, 19",2025-06-03 17:50:00,EPPAO,737-700,فرودگاه مهرآباد,Domestic Departure
2025-06-03 17:35:00,آسمان,IRC600,مشهد,پرواز كرد,28,2025-06-03 21:03:00,EPATE,F100,فرودگاه مهرآباد,Domestic Departure
2025-06-03 17:45:00,کارون,KRU2506,ماهشهر,پرواز كرد,"18, 19",2025-06-03 17:54:00,EPNFC,737-700,فرودگاه مهرآباد,Domestic Departure
2025-06-03 17:50:00,ماهان,IRM4525,چابهار,پرواز كرد,24,2025-06-03 18:01:00,EPMOH,146-200,فرودگاه مهرآباد,Domestic Departure
2025-06-03 17:55:00,چابهار,IRU7650,مشهد,پرواز كرد,6,2025-06-03 18:27:00,EPSEB,MD83,فرودگاه مهرآباد,Domestic Departure
2025-06-03 18:00:00,اطلس ایر,ATS8271,كيش,پرواز كرد,"21, 22",2025-06-03 20:13:00,EPSAP,md83,فرودگاه مهرآباد,Domestic Departure
2025-06-03 18:00:00,پارس ایر,PRS4462,سیرجان,پرواز كرد,20,2025-06-03 18:05:00,EPPRA,CRJ200,فرودگاه مهرآباد,Domestic Departure
2025-06-03 18:05:00,اطلس ایر,ATS8290,کرمان,پرواز كرد,"14, 15",2025-06-03 18:37:00,EPTHI,RJ85,فرودگاه مهرآباد,Domestic Departure
2025-06-03 18:05:00,تابان,TBN6256,مشهد,پرواز كرد,"3, 4",2025-06-03 18:51:00,EPSMA,MD.88,فرودگاه مهرآباد,Domestic Departure
2025-06-03 18:10:00,ایران ایرتور,IRB946,تبریز,پرواز كرد,"5, 6",2025-06-03 18:39:00,EPMDF,MD83,فرودگاه مهرآباد,Domestic Departure
2025-06-03 18:10:00,یزد ایر,DZD9441,یزد,پرواز كرد,"10, 11",2025-06-03 18:33:00,EPDZI,146-200,فرودگاه مهرآباد,Domestic Departure
2025-06-03 18:30:00,ماهان,IRM1002,تبریز,پرواز كرد,22,2025-06-03 19:06:00,EPMEU,146-200,فرودگاه مهرآباد,Domestic Departure
2025-06-03 18:30:00,ایران ایرتور,IRB932,بندرعباس,پرواز كرد,"9, 10",2025-06-03 18:48:00,EPMDD,MD83,فرودگاه مهرآباد,Domestic Departure
2025-06-03 18:35:00,کاسپین,CPN024,مشهد,پرواز كرد,"6, 7",2025-06-03 18:55:00,EPCPU,MD83,فرودگاه مهرآباد,Domestic Departure
2025-06-03 18:40:00,وارش,VRH5896,ماهشهر,پرواز كرد,7,2025-06-03 19:12:00,EPVAK,B737,فرودگاه مهرآباد,Domestic Departure
2025-06-03 18:40:00,آتا,TBZ5646,تبریز,پرواز كرد,11,2025-06-03 20:42:00,EPTAU,MD83,فرودگاه مهرآباد,Domestic Departure
2025-06-03 18:55:00,رایمون,RAI7510,رشت,پرواز كرد,"1, 2",2025-06-03 19:09:00,,EMB145,فرودگاه مهرآباد,Domestic Departure
2025-06-03 19:30:00,اطلس ایر,ATS8293,قشم,پرواز كرد,"18, 19",2025-06-03 22:26:00,EPLEE,737,فرودگاه مهرآباد,Domestic Departure
2025-06-03 19:30:00,آتا,TBZ5679,ارومیه,پرواز كرد,"24, 25",2025-06-03 21:26:00,EPTAL,MD83,فرودگاه مهرآباد,Domestic Departure
2025-06-03 19:35:00,کیش ایر,KIS7151,شیراز,پرواز كرد,"11, 12",2025-06-03 21:59:00,EPLCK,MD83,فرودگاه مهرآباد,Domestic Departure
2025-06-03 19:50:00,ساها,IRZ156,شیراز,پرواز كرد,"6, 7",2025-06-03 20:01:00,EPSII,737-700,فرودگاه مهرآباد,Domestic Departure
2025-06-03 19:55:00,زاگرس,IZG4032,كيش,پرواز كرد,7,2025-06-03 20:18:00,EPZAG,MD83,فرودگاه مهرآباد,Domestic Departure
2025-06-03 20:00:00,وارش,VRH5902,مشهد,پرواز كرد,5,2025-06-03 20:40:00,EPVAV,B737,فرودگاه مهرآباد,Domestic Departure
2025-06-03 20:05:00,کیش ایر,KIS7081,كيش,دريافت كارت پرواز,5,,,MD83,فرودگاه مهرآباد,Domestic Departure
2025-06-03 20:15:00,قشم ایر,QSM1218,بوشهر,پرواز كرد,"16, 17",2025-06-03 21:16:00,EPFQV,F100,فرودگاه مهرآباد,Domestic Departure
2025-06-03 20:20:00,آوا,AXV7730,مشهد,پرواز كرد,"14, 15",2025-06-03 21:21:00,EPRBC,B737,فرودگاه مهرآباد,Domestic Departure
2025-06-03 20:35:00,قشم ایر,QSM1288,کرمان,پرواز كرد,"18, 19",2025-06-03 20:54:00,EPFQI,F100,فرودگاه مهرآباد,Domestic Departure
2025-06-03 20:40:00,آتا,TBZ5635,اهواز,پرواز كرد,"26, 27",2025-06-03 21:11:00,EPTAR,MD83,فرودگاه مهرآباد,Domestic Departure
2025-06-03 20:50:00,فلای پرشیا,FPI7426,اهواز,پرواز كرد,"18, 19",2025-06-03 21:08:00,EPFPA,B737,فرودگاه مهرآباد,Domestic Departure
2025-06-03 21:10:00,کاسپین,CPN6960,بندرعباس,پرواز كرد,"6, 7",2025-06-03 21:23:00,EPCAS,MD83,فرودگاه مهرآباد,Domestic Departure
2025-06-03 21:15:00,کیش ایر,KIS7125,كيش,پرواز كرد,"9, 10",2025-06-03 21:45:00,EPLCM,MD83,فرودگاه مهرآباد,Domestic Departure
2025-06-03 21:20:00,ایران ایر,IRA298,یزد,پرواز كرد,4,2025-06-03 21:30:00,EPCFR,F100,فرودگاه مهرآباد,Domestic Departure
2025-06-03 21:30:00,آتا,TBZ5670,یزد,پرواز كرد,"28, 29",2025-06-03 22:44:00,EPTAZ,MD83,فرودگاه مهرآباد,Domestic Departure
2025-06-03 21:35:00,کاسپین,CPN026,مشهد,پرواز كرد,"8, 9",2025-06-03 21:39:00,EPCAQ,B737,فرودگاه مهرآباد,Domestic Departure
2025-06-03 21:40:00,کارون,KRU2608,یزد,پرواز كرد,"21, 22",2025-06-03 22:08:00,EPJIA,737-700,فرودگاه مهرآباد,Domestic Departure
2025-06-03 21:45:00,آتا,TBZ5629,مشهد,پرواز كرد,"12, 13",2025-06-03 21:54:00,EPTAJ,MD83,فرودگاه مهرآباد,Domestic Departure
2025-06-03 21:50:00,کارون,KRU2676,کرمان,پرواز كرد,"14, 15",2025-06-03 23:53:00,EPAWZ,F100,فرودگاه مهرآباد,Domestic Departure
2025-06-03 22:00:00,کارون,KRU2616,اهواز,پرواز كرد,"16, 17",2025-06-03 22:23:00,EPNFC,737,فرودگاه مهرآباد,Domestic Departure
2025-06-03 22:05:00,چابهار,IRU7664,شیراز,پرواز كرد,4,2025-06-03 22:54:00,EPCBI,MD82,فرودگاه مهرآباد,Domestic Departure
2025-06-03 22:15:00,پارس ایر,PRS4426,شیراز,پرواز كرد,21,2025-06-03 22:34:00,EPPRA,CRJ200,فرودگاه مهرآباد,Domestic Departure
2025-06-03 22:20:00,کیش ایر,KIS7069,مشهد,دريافت كارت پرواز,"9, 10",,,MD83,فرودگاه مهرآباد,Domestic Departure
2025-06-03 22:30:00,چابهار,IRU7642,اهواز,پرواز كرد,6,2025-06-03 23:02:00,EPSEB,MD83,فرودگاه مهرآباد,Domestic Departure
2025-06-03 22:35:00,ماهان,IRM1071,زاهدان,پرواز كرد,20,2025-06-03 22:47:00,EPMOS,146-200,فرودگاه مهرآباد,Domestic Departure
2025-06-03 23:00:00,وارش,VRH5872,بوشهر,پرواز كرد,7,2025-06-03 23:47:00,EPVAK,B737,فرودگاه مهرآباد,Domestic Departure
2025-06-03 23:05:00,کاسپین,CPN6984,كيش,پرواز كرد,"10, 11",2025-06-03 23:34:00,EPCPU,MD83,فرودگاه مهرآباد,Domestic Departure
2025-06-03 01:00:00,کارون,KRU2674,اهواز,طبق برنامه,,,,737-700,فرودگاه مهرآباد,Domestic Departure
2025-06-03 03:30:00,کیش ایر,KIS7085,یزد,طبق برنامه,,,,MD82,فرودگاه مهرآباد,Domestic Departure
2025-06-03 04:00:00,ایران ایرتور,IRB984,شیراز,طبق برنامه,"9, 10",,,MD83,فرودگاه مهرآباد,Domestic Departure
2025-06-03 04:00:00,فلای پرشیا,FPI7438,مشهد,طبق برنامه,,,,737-700,فرودگاه مهرآباد,Domestic Departure
2025-06-03 04:30:00,آتا,TBZ5610,تبریز,طبق برنامه,11,,,MD83,فرودگاه مهرآباد,Domestic Departure
2025-06-03 04:30:00,ساها,IRZ158,شیراز,طبق برنامه,,,,737-700,فرودگاه مهرآباد,Domestic Departure
2025-06-03 04:35:00,آتا,TBZ5693,اهواز,طبق برنامه,"12, 13",,,MD83,فرودگاه مهرآباد,Domestic Departure
2025-06-03 04:45:00,پويا,PYA2314,یزد,طبق برنامه,,,,EMB145,فرودگاه مهرآباد,Domestic Departure
2025-06-03 04:50:00,آسمان,IRC840,ایلام,باطل شد,,,,F100,فرودگاه مهرآباد,Domestic Departure
2025-06-03 04:55:00,وارش,VRH5818,مشهد,طبق برنامه,,,,B737,فرودگاه مهرآباد,Domestic Departure
2025-06-03 05:00:00,معراج,MRJ2816,عسلویه,تاخیر - 05:30,,,,A321,فرودگاه مهرآباد,Domestic Departure
2025-06-03 05:00:00,قدر ایر,SEP2702,اهواز,طبق برنامه,,,,AN74,فرودگاه مهرآباد,Domestic Departure
2025-06-03 05:10:00,چابهار,IRU7660,مشهد,طبق برنامه,,,,MD83,فرودگاه مهرآباد,Domestic Departure
2025-06-03 05:20:00,وارش,VRH5918,عسلویه,طبق برنامه,,,,737-700,فرودگاه مهرآباد,Domestic Departure
2025-06-03 05:20:00,ساها,IRZ162,مشهد,طبق برنامه,,,,737-700,فرودگاه مهرآباد,Domestic Departure
2025-06-03 05:25:00,پارس ایر,PRS4492,آغاجاری,طبق برنامه,,,,CRJ200,فرودگاه مهرآباد,Domestic Departure
2025-05-30 23:50:00,وارش,VRH5804,ساری,طبق برنامه,,,,B737,فرودگاه مشهد,Domestic Departure
2025-05-30 23:55:00,هواپیمایی اطلس,ATS8283,تهران,طبق برنامه,,,,RJ85,فرودگاه مشهد,Domestic Departure
2025-05-30 23:55:00,کاسپین,CPN027,تهران,طبق برنامه,,,,B737,فرودگاه مشهد,Domestic Departure
2025-06-03 05:30:00,اطلس ایر,ATS8278,مشهد,طبق برنامه,,,,MD83,فرودگاه مهرآباد,Domestic Departure
2025-06-03 05:40:00,پارس ایر,PRS5400,مشهد,طبق برنامه,,,,B737,فرودگاه مهرآباد,Domestic Departure
2025-06-03 05:45:00,پارس ایر,PRS4480,مشهد,تاخیر - 06:45,,,,B737,فرودگاه مهرآباد,Domestic Departure
2025-06-03 05:45:00,آساجت,SJT8604,عسلویه,طبق برنامه,,,,EMB145,فرودگاه مهرآباد,Domestic Departure
2025-06-03 05:50:00,کاسپین,CPN016,چابهار,طبق برنامه,,,,MD83,فرودگاه مهرآباد,Domestic Departure
2025-06-03 05:55:00,قشم ایر,QSM1238,خارگ,طبق برنامه,,,,F100,فرودگاه مهرآباد,Domestic Departure
2025-06-03 06:00:00,کارون,KRU2586,سیری,طبق برنامه,,,,F100,فرودگاه مهرآباد,Domestic Departure
2025-06-03 06:05:00,ماهان,IRM1085,زابل,طبق برنامه,,,,146-200,فرودگاه مهرآباد,Domestic Departure
2025-06-03 06:10:00,آتا,TBZ5729,مشهد,طبق برنامه,"12, 13",,,MD83,فرودگاه مهرآباد,Domestic Departure
2025-06-03 06:20:00,کیش ایر,KIS7055,كيش,طبق برنامه,,,,MD83,فرودگاه مهرآباد,Domestic Departure
2025-06-03 06:25:00,کیش ایر,KIS7093,عسلویه,طبق برنامه,,,,MD83,فرودگاه مهرآباد,Domestic Departure
2025-06-03 06:25:00,وارش,VRH5876,مشهد,طبق برنامه,,,,B737,فرودگاه مهرآباد,Domestic Departure
2025-06-03 06:30:00,ایران ایرتور,IRB912,بندرعباس,طبق برنامه,,,,MD83,فرودگاه مهرآباد,Domestic Departure
2025-06-03 06:30:00,ایران ایر,IRA236,شیراز/بندرلنگه,طبق برنامه,"3, 4",,,F100,فرودگاه مهرآباد,Domestic Departure
2025-06-03 06:35:00,زاگرس,IZG4030,كيش,طبق برنامه,,,,MD83,فرودگاه مهرآباد,Domestic Departure
2025-06-03 06:35:00,اروان,INA6750,مشهد,طبق برنامه,,,,737-700,فرودگاه مهرآباد,Domestic Departure
2025-06-03 06:40:00,قشم ایر,QSM1280,اصفهان,طبق برنامه,,,,F100,فرودگاه مهرآباد,Domestic Departure
2025-06-03 06:45:00,کاسپین,CPN6914,عسلویه,طبق برنامه,,,,MD83,فرودگاه مهرآباد,Domestic Departure
2025-06-03 06:45:00,اطلس ایر,ATS8288,مشهد,طبق برنامه,,,,MD83,فرودگاه مهرآباد,Domestic Departure
2025-06-03 06:50:00,کاسپین,CPN024,مشهد,طبق برنامه,,,,MD83,فرودگاه مهرآباد,Domestic Departure
2025-06-03 07:00:00,وارش,VRH5840,مشهد,طبق برنامه,,,,B737,فرودگاه مهرآباد,Domestic Departure
2025-06-03 07:05:00,آتا,TBZ5662,کرمان,طبق برنامه,"28, 29",,,MD83,فرودگاه مهرآباد,Domestic Departure
2025-06-03 07:05:00,ایران ایر,IRA311,اهواز,طبق برنامه,"1, 2",,,F100,فرودگاه مهرآباد,Domestic Departure
2025-06-03 07:10:00,معراج,MRJ2804,مشهد,طبق برنامه,,,,A320,فرودگاه مهرآباد,Domestic Departure
2025-06-03 07:15:00,ماهان,IRM1051,کرمان,طبق برنامه,,,,146-200,فرودگاه مهرآباد,Domestic Departure
2025-06-03 07:25:00,ماهان,IRM4536,اردبیل,طبق برنامه,,,,146-200,فرودگاه مهرآباد,Domestic Departure
2025-06-03 07:25:00,آسمان,IRC3771,شیراز,طبق برنامه,,,,F100,فرودگاه مهرآباد,Domestic Departure
2025-06-03 07:30:00,وارش,VRH5856,مشهد,طبق برنامه,,,,B737,فرودگاه مهرآباد,Domestic Departure
2025-06-03 07:30:00,یزد ایر,DZD9419,یزد,طبق برنامه,,,,146-200,فرودگاه مهرآباد,Domestic Departure
2025-06-03 07:30:00,کارون,KRU2516,لاوان,طبق برنامه,,,,F100,فرودگاه مهرآباد,Domestic Departure
2025-06-03 07:35:00,آتا,TBZ5602,تبریز,طبق برنامه,11,,,MD83,فرودگاه مهرآباد,Domestic Departure
2025-06-03 12:00:00,زاگرس,IZG4042,مشهد,تاخیر - 13:00,,,,MD83,فرودگاه مهرآباد,Domestic Departure
2025-06-03 13:00:00,پويا,PYA2312,مشهد,طبق برنامه,,,,EMB145,فرودگاه مهرآباد,Domestic Departure
2025-06-03 13:05:00,آتا,TBZ5604,تبریز,طبق برنامه,11,,,MD83,فرودگاه مهرآباد,Domestic Departure
2025-06-03 13:05:00,آساجت,SJT8630,گرگان,طبق برنامه,,,,EMB145,فرودگاه مهرآباد,Domestic Departure
2025-06-03 13:20:00,فلای پرشیا,FPI7440,مشهد,طبق برنامه,,,,737-700,فرودگاه مهرآباد,Domestic Departure
2025-06-03 13:30:00,کاسپین,CPN026,مشهد,طبق برنامه,,,,MD83,فرودگاه مهرآباد,Domestic Departure
2025-06-03 13:35:00,آتا,TBZ5633,اردبیل,طبق برنامه,"28, 29",,,MD83,فرودگاه مهرآباد,Domestic Departure
2025-06-03 13:40:00,آسمان,IRC602,مشهد,طبق برنامه,,,,F100,فرودگاه مهرآباد,Domestic Departure
2025-06-03 13:50:00,قشم ایر,QSM1240,قشم,طبق برنامه,,,,F100,فرودگاه مهرآباد,Domestic Departure
2025-06-03 14:00:00,قشم ایر,QSM1252,مشهد,طبق برنامه,,,,F100,فرودگاه مهرآباد,Domestic Departure
2025-06-03 14:00:00,یزد ایر,DZD9449,بوشهر,طبق برنامه,,,,146-200,فرودگاه مهرآباد,Domestic Departure
2025-06-03 14:05:00,رایمون,RAI7512,اصفهان,طبق برنامه,,,,EMB145,فرودگاه مهرآباد,Domestic Departure
2025-06-03 14:05:00,ماهان,IRM1010,کرمانشاه,طبق برنامه,,,,146-200,فرودگاه مهرآباد,Domestic Departure
2025-06-03 14:10:00,آتا,TBZ5623,شیراز,طبق برنامه,"26, 27",,,MD83,فرودگاه مهرآباد,Domestic Departure
2025-06-03 14:10:00,آتا,TBZ5613,مشهد,طبق برنامه,"12, 13",,,MD83,فرودگاه مهرآباد,Domestic Departure
2025-06-03 14:15:00,آتا,TBZ5659,كيش,طبق برنامه,"24, 25",,,MD83,فرودگاه مهرآباد,Domestic Departure
2025-06-03 14:15:00,ماهان,IRM1006,خرم‌آباد,طبق برنامه,,,,146-200,فرودگاه مهرآباد,Domestic Departure
2025-06-03 14:20:00,کیش ایر,KIS7193,عسلویه,طبق برنامه,,,,MD83,فرودگاه مهرآباد,Domestic Departure
2025-06-03 14:20:00,آتا,TBZ5629,مشهد,طبق برنامه,11,,,MD83,فرودگاه مهرآباد,Domestic Departure
2025-06-03 14:25:00,یزد ایر,DZD9441,یزد,طبق برنامه,,,,146-200,فرودگاه مهرآباد,Domestic Departure
2025-06-03 14:30:00,زاگرس,IZG4040,مشهد,طبق برنامه,,,,MD83,فرودگاه مهرآباد,Domestic Departure
2025-05-29 21:10:00,سلام ایر,OMS556,مسقط,پروازکرد21:11,21:11,,737,2025-05-31,فرودگاه شيراز,International Departure
2025-05-30 05:25:00,پگاسوس,PGT525,استانبول(صابیحا),طبق برنامه,,,A320,2025-05-31,فرودگاه شيراز,International Departure
2025-05-30 07:00:00,ایران ایرتور,IRB9731,استانبول,طبق برنامه,,,A310,2025-05-31,فرودگاه شيراز,International Departure
2025-05-30 08:00:00,تابان,TBN7217,مسقط,طبق برنامه,,,A320,2025-05-31,فرودگاه شيراز,International Departure
2025-05-30 10:20:00,ایران ایر,IRA644,دبی,طبق برنامه,,,A320,2025-05-31,فرودگاه شيراز,International Departure
2025-05-30 12:55:00,فلای دبی,FDB242,دبی,طبق برنامه,,,737,2025-05-31,فرودگاه شيراز,International Departure
2025-05-30 13:55:00,العربیه,ABY214,شارجه,طبق برنامه,,,A320,2025-05-31,فرودگاه شيراز,International Departure
2025-05-30 15:35:00,ایران ایر,IRA625,دوحه,طبق برنامه,,,A319,2025-05-31,فرودگاه شيراز,International Departure
2025-05-29 17:30:00,آتا,TBZ5639,تهران,پروازکرد17:30,8-9,2025-05-29 17:30:00,,MD83,فرودگاه تبريز,Domestic Departure
2025-05-29 19:00:00,آتا,TBZ5667,تهران,پروازکرد19:40,8-9,2025-05-29 19:40:00,,MD83,فرودگاه تبريز,Domestic Departure
2025-05-29 20:05:00,آسمان,IRC641,تهران,پروازکرد20:40,6-7,2025-05-29 20:40:00,,100,فرودگاه تبريز,Domestic Departure
2025-05-29 20:10:00,سپهران,SHI4357,مشهد,پروازکرد20:20,4-5,2025-05-29 20:20:00,,737,فرودگاه تبريز,Domestic Departure
2025-06-03 14:50:00,ایران ایر,IRA3495,عسلویه,طبق برنامه,"7, 8",,,A319,فرودگاه مهرآباد,Domestic Departure
2025-06-03 15:10:00,قشم ایر,QSM1294,گرگان,طبق برنامه,,,,F100,فرودگاه مهرآباد,Domestic Departure
2025-06-03 15:30:00,آتا,TBZ5621,اهواز,طبق برنامه,"12, 13",,,B737,فرودگاه مهرآباد,Domestic Departure
2025-06-03 15:30:00,آتا,TBZ5664,کرمان,طبق برنامه,"24, 25",,,MD83,فرودگاه مهرآباد,Domestic Departure
2025-06-03 15:35:00,کاسپین,CPN036,ارومیه,طبق برنامه,,,,MD83,فرودگاه مهرآباد,Domestic Departure
2025-06-03 15:40:00,کیش ایر,KIS7129,كيش,طبق برنامه,,,,MD82,فرودگاه مهرآباد,Domestic Departure
2025-06-03 15:40:00,ایران ایر,IRA3431,پارس‌آباد,طبق برنامه,"1, 2",,,F100,فرودگاه مهرآباد,Domestic Departure
2025-06-03 15:45:00,ایران ایر,IRA277,ارومیه,طبق برنامه,"5, 6",,,F100,فرودگاه مهرآباد,Domestic Departure
2025-06-03 15:50:00,اطلس ایر,ATS8292,مشهد,طبق برنامه,,,,B737,فرودگاه مهرآباد,Domestic Departure
2025-06-03 15:50:00,قشم ایر,QSM1260,شیراز,طبق برنامه,,,,F100,فرودگاه مهرآباد,Domestic Departure
2025-06-03 15:55:00,کیش ایر,KIS7053,كيش,طبق برنامه,,,,MD83,فرودگاه مهرآباد,Domestic Departure
2025-06-03 15:55:00,پويا,PYA2348,بندرعباس,طبق برنامه,,,,EMB145,فرودگاه مهرآباد,Domestic Departure
2025-06-03 16:10:00,ایران ایرتور,IRB946,تبریز,طبق برنامه,,,,MD83,فرودگاه مهرآباد,Domestic Departure
2025-06-03 16:15:00,کاسپین,CPN6982,لارستان,طبق برنامه,,,,MD83,فرودگاه مهرآباد,Domestic Departure
2025-06-03 16:15:00,آساجت,SJT8606,کرمانشاه,طبق برنامه,,,,EMB145,فرودگاه مهرآباد,Domestic Departure
2025-06-03 16:20:00,آتا,TBZ5719,مشهد,طبق برنامه,"28, 29",,,MD83,فرودگاه مهرآباد,Domestic Departure
2025-06-03 16:25:00,آتا,TBZ5627,اهواز,طبق برنامه,"26, 27",,,MD83,فرودگاه مهرآباد,Domestic Departure
2025-06-03 16:30:00,ماهان,IRM1067,کرمان,طبق برنامه,,,,AB6,فرودگاه مهرآباد,Domestic Departure
2025-06-03 16:55:00,اطلس ایر,ATS8270,مشهد,طبق برنامه,,,,RJ85,فرودگاه مهرآباد,Domestic Departure
2025-06-03 16:55:00,ایران ایرتور,IRB980,ارومیه,طبق برنامه,,,,MD83,فرودگاه مهرآباد,Domestic Departure
2025-06-03 17:00:00,آتا,TBZ5668,تبریز,طبق برنامه,11,,,MD83,فرودگاه مهرآباد,Domestic Departure
2025-06-03 17:00:00,زاگرس,IZG4020,اهواز,طبق برنامه,,,,MD83,فرودگاه مهرآباد,Domestic Departure
2025-06-03 17:05:00,کاسپین,CPN6994,كيش,طبق برنامه,,,,MD82,فرودگاه مهرآباد,Domestic Departure
2025-06-03 17:20:00,کارون,KRU2508,ماهشهر,طبق برنامه,,,,F100,فرودگاه مهرآباد,Domestic Departure
2025-06-03 17:40:00,پارس ایر,PRS4458,كيش,طبق برنامه,,,,CRJ200,فرودگاه مهرآباد,Domestic Departure
2025-06-03 17:45:00,رایمون,RAI7514,عسلویه,طبق برنامه,,,,EMB145,فرودگاه مهرآباد,Domestic Departure
2025-06-03 17:45:00,کیش ایر,KIS7069,مشهد,طبق برنامه,,,,MD83,فرودگاه مهرآباد,Domestic Departure
2025-06-03 17:50:00,ماهان,IRM4542,شهرکرد,طبق برنامه,,,,146-200,فرودگاه مهرآباد,Domestic Departure
2025-06-03 17:55:00,پارس ایر,PRS4454,مشهد,طبق برنامه,,,,CRJ200,فرودگاه مهرآباد,Domestic Departure
2025-06-03 18:00:00,آتا,TBZ5646,تبریز,طبق برنامه,11,,,MD83,فرودگاه مهرآباد,Domestic Departure
2025-06-03 18:00:00,کاسپین,CPN044,كيش,طبق برنامه,,,,MD83,فرودگاه مهرآباد,Domestic Departure
2025-06-03 18:05:00,کارون,KRU2506,ماهشهر,طبق برنامه,,,,F100,فرودگاه مهرآباد,Domestic Departure
2025-06-03 18:10:00,رایمون,RAI7526,یزد,باطل شد,,,,EMB145,فرودگاه مهرآباد,Domestic Departure
2025-06-03 18:15:00,چابهار,IRU7636,کرمانشاه,طبق برنامه,,,,MD83,فرودگاه مهرآباد,Domestic Departure
2025-06-03 18:15:00,ماهان,IRM1026,اردبیل,طبق برنامه,,,,146-200,فرودگاه مهرآباد,Domestic Departure
2025-06-03 18:20:00,فلای پرشیا,FPI7442,مشهد,طبق برنامه,,,,737-700,فرودگاه مهرآباد,Domestic Departure
2025-06-03 18:20:00,ماهان,IRM1055,کرمان,طبق برنامه,,,,AB6,فرودگاه مهرآباد,Domestic Departure
2025-06-03 18:30:00,آسمان,IRC3750,آبادان,طبق برنامه,,,,F100,فرودگاه مهرآباد,Domestic Departure
2025-06-03 18:30:00,وارش,VRH5800,ساری,طبق برنامه,,,,B737,فرودگاه مهرآباد,Domestic Departure
2025-06-03 18:35:00,آتا,TBZ5619,مشهد,طبق برنامه,"28, 29",,,MD83,فرودگاه مهرآباد,Domestic Departure
2025-06-03 18:40:00,اطلس ایر,ATS8273,آبادان,طبق برنامه,,,,MD83,فرودگاه مهرآباد,Domestic Departure
2025-06-03 18:40:00,ماهان,IRM4527,ایرانشهر,طبق برنامه,,,,146-200,فرودگاه مهرآباد,Domestic Departure
2025-06-03 18:50:00,ایران ایر,IRA468,مشهد,طبق برنامه,"3, 4",,,F100,فرودگاه مهرآباد,Domestic Departure
2025-06-03 18:55:00,کاسپین,CPN6936,قشم,طبق برنامه,,,,MD83,فرودگاه مهرآباد,Domestic Departure
2025-06-03 19:00:00,پارس ایر,PRS4400,مشهد,طبق برنامه,,,,B737,فرودگاه مهرآباد,Domestic Departure
2025-06-03 19:00:00,وارش,VRH5814,بندرعباس,طبق برنامه,,,,B737,فرودگاه مهرآباد,Domestic Departure
2025-06-03 19:10:00,یزد ایر,DZD6897,یزد,طبق برنامه,,,,BAE146,فرودگاه مهرآباد,Domestic Departure
2025-06-03 19:10:00,آتا,TBZ5679,ارومیه,طبق برنامه,"26, 27",,,MD83,فرودگاه مهرآباد,Domestic Departure
2025-06-03 19:15:00,تابان,TBN6326,مشهد,طبق برنامه,,,,MD.88,فرودگاه مهرآباد,Domestic Departure
2025-06-03 19:20:00,کیش ایر,KIS7029,كيش,طبق برنامه,,,,MD83,فرودگاه مهرآباد,Domestic Departure
2025-06-03 19:30:00,آتا,TBZ5635,اهواز,طبق برنامه,"12, 13",,,MD83,فرودگاه مهرآباد,Domestic Departure
2025-06-03 19:30:00,ماهان,IRM4541,زاهدان,طبق برنامه,,,,146-200,فرودگاه مهرآباد,Domestic Departure
2025-06-03 19:40:00,آتا,TBZ5643,سیرجان,طبق برنامه,"28, 29",,,B737,فرودگاه مهرآباد,Domestic Departure
2025-06-03 19:50:00,زاگرس,IZG4032,كيش,طبق برنامه,,,,MD83,فرودگاه مهرآباد,Domestic Departure
2025-06-03 19:55:00,کارون,KRU2676,کرمان,طبق برنامه,,,,F100,فرودگاه مهرآباد,Domestic Departure
2025-06-03 19:55:00,آسمان,IRC3777,شیراز,طبق برنامه,,,,F100,فرودگاه مهرآباد,Domestic Departure
2025-05-29 21:30:00,ایران ایرتور,IRB989,تهران,پروازکرد22:20,5-6,2025-05-29 22:20:00,,,فرودگاه اهواز,Domestic Departure
2025-05-29 22:40:00,آتا,TBZ5642,مشهد,آماده پرواز,2,,,,فرودگاه اهواز,Domestic Departure
2025-05-30 00:35:00,چابهار ایر,IRU7643,تهران,تاخیردارد01:35 | پذیرش مسافر,2,,,,فرودگاه اهواز,Domestic Departure
2025-05-30 05:00:00,کارون,KRU2631,بندرعباس,طبق برنامه,,,,,فرودگاه اهواز,Domestic Departure
2025-05-30 06:30:00,زاگرس,IZG4023,تهران,طبق برنامه,,,,,فرودگاه اهواز,Domestic Departure
2025-05-30 06:45:00,کارون,KRU2623,اصفهان,تاخیردارد07:30,,,,100,فرودگاه اهواز,Domestic Departure
2025-05-30 07:00:00,کارون,KRU2669,تهران,طبق برنامه,,,,,فرودگاه اهواز,Domestic Departure
2025-05-30 08:20:00,اطلس,ATS8286,تهران,طبق برنامه,,,,,فرودگاه اهواز,Domestic Departure
2025-05-30 08:30:00,آتا,TBZ5632,تهران,طبق برنامه,,,,,فرودگاه اهواز,Domestic Departure
2025-05-30 10:20:00,کارون,KRU2633,رشت,طبق برنامه,,,,,فرودگاه اهواز,Domestic Departure
2025-05-30 11:00:00,آتا,TBZ5696,مشهد,طبق برنامه,,,,,فرودگاه اهواز,Domestic Departure
2025-05-30 12:30:00,کارون,KRU2617,تهران,طبق برنامه,,,,,فرودگاه اهواز,Domestic Departure
2025-06-03 20:00:00,ایران ایرتور,IRB966,مشهد,طبق برنامه,,,,MD83,فرودگاه مهرآباد,Domestic Departure
2025-06-03 20:05:00,چابهار,IRU7614,چابهار,طبق برنامه,,,,MD83,فرودگاه مهرآباد,Domestic Departure
2025-06-03 20:10:00,آوا,AXV7730,مشهد,طبق برنامه,,,,B737,فرودگاه مهرآباد,Domestic Departure
2025-06-03 20:15:00,ساها,IRZ156,شیراز,طبق برنامه,,,,737-700,فرودگاه مهرآباد,Domestic Departure
2025-06-03 20:15:00,ایران ایر,IRA265,آبادان,طبق برنامه,"3, 4",,,F100,فرودگاه مهرآباد,Domestic Departure
2025-06-03 20:20:00,ایران ایر,IRA246,گرگان,طبق برنامه,"1, 2",,,F100,فرودگاه مهرآباد,Domestic Departure
2025-06-03 20:20:00,آتا,TBZ5670,یزد,طبق برنامه,"26, 27",,,MD83,فرودگاه مهرآباد,Domestic Departure
2025-06-03 20:30:00,آتا,TBZ5690,آبادان,طبق برنامه,"12, 13",,,MD83,فرودگاه مهرآباد,Domestic Departure
2025-06-03 20:30:00,ماهان,IRM1037,مشهد,طبق برنامه,,,,AB6,فرودگاه مهرآباد,Domestic Departure
2025-06-03 20:35:00,ساها,IRZ170,مشهد,طبق برنامه,,,,B737,فرودگاه مهرآباد,Domestic Departure
2025-06-03 20:45:00,ایران ایر,IRA3331,رشت,طبق برنامه,,,,F100,فرودگاه مهرآباد,Domestic Departure
2025-06-03 21:00:00,زاگرس,IZG4050,بندرعباس,طبق برنامه,,,,MD83,فرودگاه مهرآباد,Domestic Departure
2025-06-03 21:10:00,ایران ایرتور,IRB996,كيش,طبق برنامه,,,,MD83,فرودگاه مهرآباد,Domestic Departure
2025-06-03 21:15:00,کیش ایر,KIS7025,كيش,طبق برنامه,,,,MD83,فرودگاه مهرآباد,Domestic Departure
2025-06-03 21:20:00,کاسپین,CPN6900,بوشهر,طبق برنامه,,,,MD83,فرودگاه مهرآباد,Domestic Departure
2025-06-03 21:30:00,اطلس ایر,ATS8284,مشهد,طبق برنامه,,,,RJ85,فرودگاه مهرآباد,Domestic Departure
2025-06-03 21:30:00,کیش ایر,KIS7081,كيش,طبق برنامه,,,,MD83,فرودگاه مهرآباد,Domestic Departure
2025-06-03 22:00:00,آتا,TBZ5606,تبریز,طبق برنامه,11,,,MD83,فرودگاه مهرآباد,Domestic Departure
2025-06-03 22:05:00,چابهار,IRU7642,اهواز,طبق برنامه,,,,MD83,فرودگاه مهرآباد,Domestic Departure
2025-06-03 22:30:00,یزد ایر,DZD9443,یزد,طبق برنامه,,,,146-200,فرودگاه مهرآباد,Domestic Departure
2025-06-03 22:45:00,رایمون,RAI7510,رشت,طبق برنامه,,,,EMB145,فرودگاه مهرآباد,Domestic Departure
2025-06-03 22:50:00,فلای پرشیا,FPI7405,شیراز,طبق برنامه,,,,B737,فرودگاه مهرآباد,Domestic Departure
2025-06-03 23:00:00,آتا,TBZ5625,اهواز,طبق برنامه,"28, 29",,,MD83,فرودگاه مهرآباد,Domestic Departure
2025-06-03 23:15:00,تابان,TBN6256,مشهد,طبق برنامه,,,,MD.88,فرودگاه مهرآباد,Domestic Departure
2025-06-03 23:15:00,پارس ایر,PRS4406,شیراز,طبق برنامه,,,,CRJ200,فرودگاه مهرآباد,Domestic Departure
2025-06-03 23:30:00,آتا,TBZ5640,تبریز,طبق برنامه,11,,,MD83,فرودگاه مهرآباد,Domestic Departure
2025-06-03 23:45:00,تابان,TBN6252,مشهد,طبق برنامه,,,,MD.88,فرودگاه مهرآباد,Domestic Departure
2025-06-03 23:50:00,ماهان,IRM1053,کرمان,طبق برنامه,,,,146-200,فرودگاه مهرآباد,Domestic Departure
2025-06-03 23:55:00,پارس ایر,PRS4426,شیراز,طبق برنامه,,,,CRJ200,فرودگاه مهرآباد,Domestic Departure
2025-06-03 20:00:00,ایران ایرتور,IRB924,شیراز,پرواز كرد,30,2025-06-03 20:54:00,,MD82,فرودگاه مشهد,Domestic Departure
2025-06-03 20:10:00,چابهار,IRU7651,تهران,پرواز كرد,17,2025-06-03 20:33:00,,MD83,فرودگاه مشهد,Domestic Departure
2025-06-03 20:30:00,زاگرس,IZG4140,اصفهان,پرواز كرد,22,2025-06-03 20:47:00,,MD82,فرودگاه مشهد,Domestic Departure
2025-06-03 20:30:00,ایران ایرتور,IRB954,اهواز,پرواز كرد,"28, 29",2025-06-03 20:41:00,,MD82,فرودگاه مشهد,Domestic Departure
2025-06-03 20:35:00,ماهان,IRM1076,کرمان,پرواز كرد,"9, 10",2025-06-03 20:38:00,,BAE100,فرودگاه مشهد,Domestic Departure
2025-06-03 20:50:00,کاسپین,CPN025,تهران,پرواز كرد,"5, 6",2025-06-03 21:05:00,,MD82,فرودگاه مشهد,Domestic Departure
2025-06-03 21:00:00,تابان,TBN6209,اصفهان,پرواز كرد,19,2025-06-03 21:09:00,,MD.88,فرودگاه مشهد,Domestic Departure
2025-06-03 22:45:00,هواپیمایی پارس,PRS4415,آبادان,پرواز كرد,"5, 6",2025-06-03 22:52:00,,B737,فرودگاه مشهد,Domestic Departure
2025-06-03 23:15:00,وارش,VRH5819,تهران,پرواز كرد,21,2025-06-03 23:23:00,,B737,فرودگاه مشهد,Domestic Departure
2025-06-03 23:40:00,هواپیمایی اطلس,ATS8279,تهران,دريافت كارت پرواز,"9, 10",,,MD82,فرودگاه مشهد,Domestic Departure
2025-06-03 23:50:00,کاسپین,CPN027,تهران,آماده پرواز,"7, 8",,,B737,فرودگاه مشهد,Domestic Departure
2025-06-03 23:50:00,آتا,TBZ5630,تهران,آماده پرواز,"11, 12",,,MD80,فرودگاه مشهد,Domestic Departure
2025-06-03 23:55:00,آسمان,IRC601,تهران,تاخیر - 03:00,"3, 4",,,F100,فرودگاه مشهد,Domestic Departure
2025-06-03 23:59:00,هواپیمایی پارس,PRS4455,تهران,دريافت كارت پرواز,"3, 4",,,B737,فرودگاه مشهد,Domestic Departure
2025-06-03 00:05:00,کاسپین,CPN6944,كيش,در حال سوار شدن,"9, 10",,,MD83,فرودگاه مشهد,Domestic Departure
2025-06-03 01:15:00,کیش ایر,KIS7068,تهران,تاخیر - 02:30,,,,MD82,فرودگاه مشهد,Domestic Departure
2025-06-03 02:15:00,کیش ایر,KIS7059,شیراز,طبق برنامه,"5, 6",,,MD82,فرودگاه مشهد,Domestic Departure
2025-06-03 05:00:00,تابان,TBN6233,شیراز,طبق برنامه,21,,,MD.88,فرودگاه مشهد,Domestic Departure
2025-06-03 05:00:00,زاگرس,IZG4106,آبادان,طبق برنامه,18,,,MD82,فرودگاه مشهد,Domestic Departure
2025-06-03 05:30:00,ماهان,IRM1036,تهران,طبق برنامه,"5, 6, 7, 8",,,747,فرودگاه مشهد,Domestic Departure
2025-05-29 20:30:00,ایران ایرتور,IRB909,مشهد,پروازکرد22:30,1-2,2025-05-29 22:30:00,,,فرودگاه کرمانشاه,Domestic Departure
2025-05-30 08:55:00,سپهران,SHI4359,مشهد,طبق برنامه,,,,,فرودگاه کرمانشاه,Domestic Departure
2025-05-29 20:15:00,آساجت,SJT8657,اصفهان,پروازکرد20:19,6,2025-05-29 20:19:00,,,فرودگاه رشت,Domestic Departure
2025-05-30 01:25:00,آساجت,SJT8664,تهران,طبق برنامه,,,,,فرودگاه رشت,Domestic Departure
2025-05-30 07:15:00,پارس ایر,PRS5453,آبادان,طبق برنامه,,,,,فرودگاه رشت,Domestic Departure
2025-05-30 08:35:00,رایمون,RAI7520,مشهد,طبق برنامه,,,,,فرودگاه رشت,Domestic Departure
2025-05-30 09:30:00,ایران ایرتور,IRB905,مشهد,طبق برنامه,,,,,فرودگاه رشت,Domestic Departure
2025-05-30 11:45:00,پارس ایر,PRS5449,شیراز,طبق برنامه,,,,,فرودگاه رشت,Domestic Departure
2025-05-30 12:10:00,آسمان,IRC3941,شیراز,طبق برنامه,,,,,فرودگاه رشت,Domestic Departure
2025-05-30 12:40:00,کارون,KRU2632,اهواز,طبق برنامه,,,,,فرودگاه رشت,Domestic Departure
2025-05-30 15:00:00,کیش ایر,KIS7137,كيش,طبق برنامه,,,,,فرودگاه رشت,Domestic Departure
2025-05-30 15:50:00,سپهران,SHI4327,مشهد,طبق برنامه,,,,,فرودگاه رشت,Domestic Departure
2025-06-03 05:40:00,آتا,TBZ5720,تهران,طبق برنامه,,,,MD80,فرودگاه مشهد,Domestic Departure
2025-06-03 06:00:00,آتا,TBZ5709,یزد,طبق برنامه,,,,MD80,فرودگاه مشهد,Domestic Departure
2025-06-03 06:00:00,آتا,TBZ5614,تهران,طبق برنامه,,,,MD80,فرودگاه مشهد,Domestic Departure
2025-06-03 06:00:00,ایران ایرتور,IRB924,شیراز,طبق برنامه,,,,MD82,فرودگاه مشهد,Domestic Departure
2025-06-03 06:15:00,سپهران,SHI4358,کرمانشاه,طبق برنامه,"3, 4",,,B737,فرودگاه مشهد,Domestic Departure
2025-05-22 17:50:00,ماهان,IRM1029,طبس,پرواز كرد,24,2025-05-22 18:10:00,EPMEA,146-200,فرودگاه مهرآباد,Domestic Departure
2025-05-22 17:50:00,کارون,KRU2660,ارومیه,پرواز كرد,"18, 19",2025-05-22 18:05:00,EPMIS,F100,فرودگاه مهرآباد,Domestic Departure
2025-05-22 17:55:00,معراج,MRJ2804,مشهد,پرواز كرد,"14, 15",2025-05-22 18:07:00,EPAJJ,A320,فرودگاه مهرآباد,Domestic Departure
2025-05-22 18:00:00,کارون,KRU2674,اهواز,پرواز كرد,"21, 22",2025-05-22 19:25:00,EPAWZ,F100,فرودگاه مهرآباد,Domestic Departure
2025-05-22 18:10:00,آسمان,IRC640,تبریز,پرواز كرد,29,2025-05-22 18:18:00,EPASR,F100,فرودگاه مهرآباد,Domestic Departure
2025-05-22 18:15:00,ماهان,IRM1026,اردبیل,پرواز كرد,23,2025-05-22 18:39:00,EPMEU,146-200,فرودگاه مهرآباد,Domestic Departure
2025-05-22 18:20:00,ماهان,IRM1055,کرمان,پرواز كرد,"25, 26, 27",2025-05-22 18:46:00,EPMEE,747,فرودگاه مهرآباد,Domestic Departure
2025-05-22 18:30:00,ماهان,IRM1002,تبریز,پرواز كرد,19,2025-05-22 18:35:00,EPMEI,146-200,فرودگاه مهرآباد,Domestic Departure
2025-05-22 18:30:00,ایران ایرتور,IRB912,بندرعباس,پرواز كرد,"9, 10",2025-05-22 18:43:00,EPMDF,MD83,فرودگاه مهرآباد,Domestic Departure
2025-05-22 18:35:00,رایمون,RAI7510,رشت,پرواز كرد,"3, 4",2025-05-22 18:32:00,EPNEA,EMB145,فرودگاه مهرآباد,Domestic Departure
2025-05-22 18:40:00,آتا,TBZ5646,تبریز,پرواز كرد,"26, 27",2025-05-22 18:53:00,EPTAL,MD83,فرودگاه مهرآباد,Domestic Departure
2025-05-22 19:00:00,قشم ایر,QSM1210,اهواز,پرواز كرد,"18, 19",2025-05-22 19:18:00,EPFQF,F100,فرودگاه مهرآباد,Domestic Departure
2025-05-22 19:00:00,وارش,VRH5814,بندرعباس,پرواز كرد,6,2025-05-22 19:55:00,EPVAF,B737,فرودگاه مهرآباد,Domestic Departure
2025-05-22 19:05:00,ماهان,IRM1037,مشهد,پرواز كرد,"20, 21, 22",2025-05-22 19:21:00,EPMJA,A340,فرودگاه مهرآباد,Domestic Departure
2025-05-22 19:15:00,تابان,TBN6281,شیراز,پرواز كرد,"1, 2",2025-05-22 19:53:00,EPTBB,MD.88,فرودگاه مهرآباد,Domestic Departure
2025-05-22 19:20:00,اطلس ایر,ATS8291,مشهد,پرواز كرد,"16, 17",2025-05-22 19:43:00,EPSAP,MD83,فرودگاه مهرآباد,Domestic Departure
2025-05-22 19:30:00,ایران ایرتور,IRB988,اهواز,پرواز كرد,"5, 6",2025-05-22 19:49:00,EPMDE,MD83,فرودگاه مهرآباد,Domestic Departure
2025-05-22 19:35:00,آتا,TBZ5712,آبادان,پرواز كرد,"28, 29",2025-05-22 19:57:00,EPTAN,MD83,فرودگاه مهرآباد,Domestic Departure
2025-05-22 19:40:00,کارون,KRU2608,یزد,پرواز كرد,"21, 22",2025-05-22 20:10:00,EPJIB,B737,فرودگاه مهرآباد,Domestic Departure
2025-05-22 19:45:00,قشم ایر,QSM1240,قشم,پرواز كرد,"14, 15",2025-05-22 20:00:00,EPFQI,F100,فرودگاه مهرآباد,Domestic Departure
2025-05-22 19:50:00,ساها,IRZ156,شیراز,پرواز كرد,"6, 7",2025-05-22 20:02:00,EPSIJ,737-700,فرودگاه مهرآباد,Domestic Departure
2025-05-22 19:55:00,کیش ایر,KIS7163,کرمان,پرواز كرد,11,2025-05-22 20:35:00,EPLCM,MD83,فرودگاه مهرآباد,Domestic Departure
2025-05-22 20:00:00,زاگرس,IZG4010,شیراز,پرواز كرد,5,2025-05-22 20:18:00,EPZAM,MD83,فرودگاه مهرآباد,Domestic Departure
2025-05-22 20:05:00,کیش ایر,KIS7081,كيش,پرواز كرد,"9, 10",2025-05-22 20:12:00,EPLCL,MD83,فرودگاه مهرآباد,Domestic Departure
2025-05-22 20:05:00,چابهار,IRU7612,زاهدان,پرواز كرد,6,2025-05-22 20:16:00,EPCBD,MD83,فرودگاه مهرآباد,Domestic Departure
2025-05-22 20:20:00,کیش ایر,KIS7051,شیراز,پرواز كرد,12,2025-05-22 20:52:00,EPLCK,MD83,فرودگاه مهرآباد,Domestic Departure
2025-05-22 20:30:00,وارش,VRH5902,مشهد,پرواز كرد,4,2025-05-22 21:38:00,EPVAR,B737,فرودگاه مهرآباد,Domestic Departure
2025-05-22 20:50:00,ایران ایر,IRA265,آبادان,پرواز كرد,2,2025-05-22 21:05:00,EPCFR,F100,فرودگاه مهرآباد,Domestic Departure
2025-05-22 21:00:00,زاگرس,IZG4050,بندرعباس,در حال سوار شدن,3,,EPZAQ,MD83,فرودگاه مهرآباد,Domestic Departure
2025-05-22 21:05:00,وارش,VRH5850,اهواز,تاخیر - 00:30,7,,,B737,فرودگاه مهرآباد,Domestic Departure
2025-05-22 21:10:00,ماهان,IRM4599,خرم‌آباد,پرواز كرد,25,2025-05-22 21:23:00,EPMOH,RJ85,فرودگاه مهرآباد,Domestic Departure
2025-05-22 21:15:00,آتا,TBZ5670,یزد,پرواز كرد,"12, 13",2025-05-22 22:08:00,EPTAJ,MD83,فرودگاه مهرآباد,Domestic Departure
2025-05-22 21:15:00,کیش ایر,KIS7025,كيش,پرواز كرد,"9, 10",2025-05-22 21:41:00,EPLCJ,MD83,فرودگاه مهرآباد,Domestic Departure
2025-05-22 21:20:00,کاسپین,CPN6960,بندرعباس,پرواز كرد,"8, 9",2025-05-22 21:51:00,EPKPB,B737,فرودگاه مهرآباد,Domestic Departure
2025-05-22 21:30:00,پارس ایر,PRS5400,مشهد,پرواز كرد,"18, 19",2025-05-22 22:19:00,EPPAM,B737,فرودگاه مهرآباد,Domestic Departure
2025-05-22 21:45:00,پارس ایر,PRS4426,شیراز,پرواز كرد,"20, 21",2025-05-22 21:53:00,EPPAO,B737,فرودگاه مهرآباد,Domestic Departure
2025-05-22 22:10:00,کارون,KRU2610,دزفول,پرواز كرد,"18, 19",2025-05-22 22:06:00,EPMIS,F100,فرودگاه مهرآباد,Domestic Departure
2025-05-22 22:10:00,آسمان,IRC630,گرگان,پرواز كرد,27,2025-05-22 22:12:00,EPASR,F100,فرودگاه مهرآباد,Domestic Departure
2025-05-22 22:15:00,کیش ایر,KIS7069,مشهد,آماده پرواز,"11, 12",,EPLCO,MD83,فرودگاه مهرآباد,Domestic Departure
2025-05-22 23:30:00,کارون,KRU2668,اهواز,دريافت كارت پرواز,"21, 22",,,F100,فرودگاه مهرآباد,Domestic Departure
2025-05-22 23:45:00,تابان,TBN6252,مشهد,دريافت كارت پرواز,"3, 4",,,MD.88,فرودگاه مهرآباد,Domestic Departure
2025-05-22 23:45:00,آتا,TBZ5640,تبریز,دريافت كارت پرواز,"24, 25",,,MD83,فرودگاه مهرآباد,Domestic Departure
2025-05-22 23:50:00,ماهان,IRM1053,کرمان,دريافت كارت پرواز,23,,,146-200,فرودگاه مهرآباد,Domestic Departure
2025-05-23 03:45:00,ایران ایر,IRA382,زاهدان/چابهار,طبق برنامه,"7, 8",,,F100,فرودگاه مهرآباد,Domestic Departure
2025-05-23 04:30:00,زاگرس,IZG4022,اهواز,طبق برنامه,3,,,MD83,فرودگاه مهرآباد,Domestic Departure
2025-05-23 04:45:00,کاسپین,CPN024,مشهد,تاخیر - 05:20,"6, 7",,,MD83,فرودگاه مهرآباد,Domestic Departure
2025-05-23 04:55:00,فلای پرشیا,FPI7440,مشهد,طبق برنامه,"18, 19",,,737-700,فرودگاه مهرآباد,Domestic Departure
2025-05-23 05:00:00,چابهار,IRU7646,شیراز,باطل شد,5,,,MD83,فرودگاه مهرآباد,Domestic Departure
2025-05-23 05:05:00,ساها,IRZ170,مشهد,طبق برنامه,"10, 11",,,737-700,فرودگاه مهرآباد,Domestic Departure
2025-05-23 05:10:00,کیش ایر,KIS7071,زاهدان,طبق برنامه,,,,MD83,فرودگاه مهرآباد,Domestic Departure
2025-05-23 05:15:00,چابهار,IRU7610,مشهد,طبق برنامه,7,,,MD83,فرودگاه مهرآباد,Domestic Departure
2025-05-23 05:25:00,آتا,TBZ5617,مشهد,طبق برنامه,"12, 13",,,MD83,فرودگاه مهرآباد,Domestic Departure
2025-05-23 05:35:00,کاسپین,CPN016,چابهار,طبق برنامه,"8, 9",,,MD83,فرودگاه مهرآباد,Domestic Departure
2025-05-23 05:45:00,پارس ایر,PRS5454,كيش,طبق برنامه,"20, 21",,,CRJ200,فرودگاه مهرآباد,Domestic Departure
2025-05-23 05:55:00,اطلس ایر,ATS8287,بندرعباس,طبق برنامه,"14, 15",,,MD83,فرودگاه مهرآباد,Domestic Departure
2025-05-23 06:00:00,آتا,TBZ5677,ارومیه,باطل شد,,,,MD83,فرودگاه مهرآباد,Domestic Departure
2025-05-23 06:00:00,وارش,VRH5818,مشهد,طبق برنامه,5,,,B737,فرودگاه مهرآباد,Domestic Departure
2025-05-23 06:05:00,ماهان,IRM4551,سراوان,طبق برنامه,25,,,146-200,فرودگاه مهرآباد,Domestic Departure
2025-05-23 06:10:00,کارون,KRU2584,عسلویه,طبق برنامه,"18, 19",,,F100,فرودگاه مهرآباد,Domestic Departure
2025-05-23 06:10:00,ایران ایرتور,IRB960,مشهد,طبق برنامه,"9, 10",,,MD83,فرودگاه مهرآباد,Domestic Departure
2025-05-23 06:20:00,کیش ایر,KIS7055,كيش,طبق برنامه,,,,MD83,فرودگاه مهرآباد,Domestic Departure
2025-05-23 06:20:00,ماهان,IRM1033,مشهد,طبق برنامه,24,,,146-200,فرودگاه مهرآباد,Domestic Departure
2025-05-23 06:30:00,زاگرس,IZG4060,بوشهر,طبق برنامه,4,,,MD83,فرودگاه مهرآباد,Domestic Departure
2025-05-23 06:30:00,آسمان,IRC600,مشهد,طبق برنامه,"26, 27",,,F100,فرودگاه مهرآباد,Domestic Departure
2025-05-23 06:35:00,آتا,TBZ5631,اهواز,طبق برنامه,"12, 13",,,MD83,فرودگاه مهرآباد,Domestic Departure
2025-05-23 06:40:00,اروان,INA6750,مشهد,طبق برنامه,7,,,737-700,فرودگاه مهرآباد,Domestic Departure
2025-05-23 07:00:00,وارش,VRH5820,كيش,طبق برنامه,6,,,B737,فرودگاه مهرآباد,Domestic Departure
2025-05-23 07:05:00,اطلس ایر,ATS8291,مشهد,طبق برنامه,"21, 22",,,MD83,فرودگاه مهرآباد,Domestic Departure
2025-05-23 07:05:00,ماهان,IRM1089,شیراز,طبق برنامه,23,,,146-200,فرودگاه مهرآباد,Domestic Departure
2025-05-23 07:10:00,معراج,MRJ2802,مشهد,طبق برنامه,"18, 19",,,A321,فرودگاه مهرآباد,Domestic Departure
2025-05-23 07:25:00,کاسپین,CPN6936,قشم,طبق برنامه,"6, 7",,,MD83,فرودگاه مهرآباد,Domestic Departure
2025-05-23 07:30:00,قشم ایر,QSM1286,ایلام,طبق برنامه,15,,,F100,فرودگاه مهرآباد,Domestic Departure
2025-05-23 07:30:00,ایران ایرتور,IRB916,كيش,طبق برنامه,"7, 8",,,MD83,فرودگاه مهرآباد,Domestic Departure
2025-05-23 07:50:00,ایران ایر,IRA232,شیراز,طبق برنامه,"5, 6",,,F100,فرودگاه مهرآباد,Domestic Departure
2025-05-23 07:55:00,آتا,TBZ5604,تبریز,طبق برنامه,11,,,MD83,فرودگاه مهرآباد,Domestic Departure
2025-05-23 07:55:00,پويا,PYA2316,قشم,طبق برنامه,14,,,EMB145,فرودگاه مهرآباد,Domestic Departure
2025-05-23 08:00:00,ماهان,IRM4536,اردبیل,طبق برنامه,22,,,146-200,فرودگاه مهرآباد,Domestic Departure
2025-05-23 08:10:00,ماهان,IRM4580,شهرکرد,طبق برنامه,21,,,146-200,فرودگاه مهرآباد,Domestic Departure
2025-05-23 08:15:00,ایران ایر,IRA5391,آبادان,طبق برنامه,"9, 10",,,A319,فرودگاه مهرآباد,Domestic Departure
2025-05-23 08:20:00,قشم ایر,QSM1280,اصفهان,طبق برنامه,"16, 17",,,F100,فرودگاه مهرآباد,Domestic Departure
2025-05-23 08:30:00,زاگرس,IZG4030,كيش,طبق برنامه,3,,,MD83,فرودگاه مهرآباد,Domestic Departure
2025-05-23 09:05:00,کارون,KRU2628,شیراز,طبق برنامه,"21, 22",,,F100,فرودگاه مهرآباد,Domestic Departure
2025-05-23 09:20:00,زاگرس,IZG4042,مشهد,طبق برنامه,4,,,MD83,فرودگاه مهرآباد,Domestic Departure
2025-05-23 09:40:00,چابهار,IRU7640,مشهد,طبق برنامه,6,,,MD83,فرودگاه مهرآباد,Domestic Departure
2025-05-23 09:45:00,فلای پرشیا,FPI7438,مشهد,طبق برنامه,"18, 19",,,737-700,فرودگاه مهرآباد,Domestic Departure
2025-05-23 09:50:00,کاسپین,CPN044,كيش,طبق برنامه,"6, 7",,,MD83,فرودگاه مهرآباد,Domestic Departure
2025-05-23 09:55:00,آتا,TBZ5729,مشهد,طبق برنامه,"28, 29",,,MD83,فرودگاه مهرآباد,Domestic Departure
2025-05-23 09:55:00,ایران ایرتور,IRB940,قشم,طبق برنامه,"9, 10",,,MD83,فرودگاه مهرآباد,Domestic Departure
2025-05-23 10:00:00,چابهار,IRU7616,كيش,طبق برنامه,7,,,MD83,فرودگاه مهرآباد,Domestic Departure
2025-05-23 10:00:00,وارش,VRH5840,مشهد,طبق برنامه,5,,,B737,فرودگاه مهرآباد,Domestic Departure
2025-05-23 10:20:00,کیش ایر,KIS7089,بندرعباس,طبق برنامه,,,,MD83,فرودگاه مهرآباد,Domestic Departure
2025-05-23 10:20:00,کیش ایر,KIS7053,كيش,طبق برنامه,,,,MD83,فرودگاه مهرآباد,Domestic Departure
2025-05-23 10:30:00,آتا,TBZ5721,كيش,طبق برنامه,"12, 13",,,MD83,فرودگاه مهرآباد,Domestic Departure
2025-05-23 11:00:00,ایران ایرتور,IRB970,بوشهر,طبق برنامه,"9, 10",,,MD83,فرودگاه مهرآباد,Domestic Departure
2025-05-23 11:05:00,ماهان,IRM1023,كيش,طبق برنامه,"23, 24, 25",,,146-200,فرودگاه مهرآباد,Domestic Departure
2025-05-23 11:20:00,قشم ایر,QSM1218,بوشهر,طبق برنامه,"16, 17",,,F100,فرودگاه مهرآباد,Domestic Departure
2025-05-23 11:30:00,زاگرس,IZG4040,مشهد,طبق برنامه,3,,,MD83,فرودگاه مهرآباد,Domestic Departure
2025-05-23 11:45:00,کاسپین,CPN046,تبریز,طبق برنامه,"6, 7",,,MD83,فرودگاه مهرآباد,Domestic Departure
2025-05-23 12:00:00,معراج,MRJ2816,عسلویه,طبق برنامه,,,,A321,فرودگاه مهرآباد,Domestic Departure
2025-05-23 12:00:00,اطلس ایر,ATS8288,مشهد,طبق برنامه,,,,737-700,فرودگاه مهرآباد,Domestic Departure
2025-05-23 12:05:00,قشم ایر,QSM1291,کرمانشاه,طبق برنامه,"18, 19",,,F100,فرودگاه مهرآباد,Domestic Departure
2025-05-23 12:10:00,آتا,TBZ5619,مشهد,طبق برنامه,"12, 13",,,MD83,فرودگاه مهرآباد,Domestic Departure
2025-05-23 12:15:00,قشم ایر,QSM1224,كيش,طبق برنامه,"20, 21",,,F100,فرودگاه مهرآباد,Domestic Departure
2025-05-23 12:30:00,ماهان,IRM1051,کرمان,طبق برنامه,22,,,146-200,فرودگاه مهرآباد,Domestic Departure
2025-05-23 12:35:00,قشم ایر,QSM1240,قشم,طبق برنامه,"16, 17",,,F100,فرودگاه مهرآباد,Domestic Departure
2025-05-23 12:40:00,سپهران,SHI5560,بندرعباس,طبق برنامه,"28, 29",,,737-700,فرودگاه مهرآباد,Domestic Departure
2025-05-23 13:05:00,کیش ایر,KIS7057,كيش,طبق برنامه,,,,MD83,فرودگاه مهرآباد,Domestic Departure
2025-05-23 13:30:00,کارون,KRU2668,اهواز,طبق برنامه,,,,F100,فرودگاه مهرآباد,Domestic Departure
2025-05-23 13:30:00,ماهان,IRM4522,یاسوج,طبق برنامه,21,,,146-200,فرودگاه مهرآباد,Domestic Departure
2025-05-23 13:35:00,رایمون,RAI7518,كيش,طبق برنامه,"3, 4",,,EMB145,فرودگاه مهرآباد,Domestic Departure
2025-05-23 14:00:00,آتا,TBZ5698,مشهد,طبق برنامه,"12, 13",,,MD83,فرودگاه مهرآباد,Domestic Departure
2025-05-23 14:00:00,ایران ایر,IRA497,اردبیل,طبق برنامه,"3, 4",,,F100,فرودگاه مهرآباد,Domestic Departure
2025-05-23 14:15:00,ماهان,IRM1006,خرم‌آباد,طبق برنامه,22,,,146-200,فرودگاه مهرآباد,Domestic Departure
2025-05-23 15:15:00,کیش ایر,KIS7069,مشهد,طبق برنامه,,,,MD83,فرودگاه مهرآباد,Domestic Departure
2025-05-23 15:30:00,وارش,VRH5814,بندرعباس,طبق برنامه,4,,,B737,فرودگاه مهرآباد,Domestic Departure
2025-05-23 15:35:00,فلای پرشیا,FPI7446,عسلویه,طبق برنامه,19,,,737-700,فرودگاه مهرآباد,Domestic Departure
2025-05-23 15:35:00,پويا,PYA2312,مشهد,طبق برنامه,15,,,EMB145,فرودگاه مهرآباد,Domestic Departure
2025-05-23 15:45:00,ایران ایرتور,IRB946,تبریز,طبق برنامه,"9, 10",,,MD83,فرودگاه مهرآباد,Domestic Departure
2025-05-23 15:50:00,یزد ایر,DZD9401,ارومیه,طبق برنامه,"12, 13",,,146-200,فرودگاه مهرآباد,Domestic Departure
2025-05-23 15:50:00,کاسپین,CPN6986,زاهدان,طبق برنامه,"6, 7",,,MD83,فرودگاه مهرآباد,Domestic Departure
2025-05-23 16:00:00,پويا,PYA2310,گرگان,طبق برنامه,14,,,EMB145,فرودگاه مهرآباد,Domestic Departure
2025-05-23 16:05:00,آتا,TBZ5613,مشهد,طبق برنامه,"12, 13",,,MD83,فرودگاه مهرآباد,Domestic Departure
2025-05-23 16:15:00,اطلس ایر,ATS8270,مشهد,طبق برنامه,"21, 22",,,RJ85,فرودگاه مهرآباد,Domestic Departure
2025-05-23 16:30:00,پارس ایر,PRS4444,اهواز,طبق برنامه,18,,,CRJ200,فرودگاه مهرآباد,Domestic Departure
2025-05-23 16:30:00,ماهان,IRM1067,کرمان,طبق برنامه,"23, 24, 25",,,AB6,فرودگاه مهرآباد,Domestic Departure
2025-05-23 16:35:00,آوا,AXV7702,مشهد,طبق برنامه,,,,B737,فرودگاه مهرآباد,Domestic Departure
2025-05-23 16:40:00,آتا,TBZ5625,اهواز,طبق برنامه,"26, 27",,,MD83,فرودگاه مهرآباد,Domestic Departure
2025-05-23 16:45:00,آتا,TBZ5668,تبریز,طبق برنامه,11,,,MD83,فرودگاه مهرآباد,Domestic Departure
2025-05-23 17:00:00,زاگرس,IZG4020,اهواز,طبق برنامه,4,,,MD83,فرودگاه مهرآباد,Domestic Departure
2025-05-23 17:05:00,پارس ایر,PRS4494,آبادان,طبق برنامه,"20, 21",,,CRJ200,فرودگاه مهرآباد,Domestic Departure
2025-05-23 17:20:00,کارون,KRU2508,ماهشهر,طبق برنامه,,,,F100,فرودگاه مهرآباد,Domestic Departure
2025-05-23 17:25:00,چابهار,IRU7660,مشهد,طبق برنامه,7,,,MD83,فرودگاه مهرآباد,Domestic Departure
2025-05-23 17:30:00,آتا,TBZ5623,شیراز,طبق برنامه,"28, 29",,,MD83,فرودگاه مهرآباد,Domestic Departure
2025-05-23 17:35:00,معراج,MRJ2804,مشهد,طبق برنامه,,,,A320,فرودگاه مهرآباد,Domestic Departure
2025-05-23 17:35:00,آتا,TBZ5659,كيش,طبق برنامه,"12, 13",,,MD83,فرودگاه مهرآباد,Domestic Departure
2025-05-23 17:40:00,کارون,KRU2610,دزفول,طبق برنامه,,,,F100,فرودگاه مهرآباد,Domestic Departure
2025-05-23 17:45:00,قشم ایر,QSM1260,شیراز,طبق برنامه,"16, 17",,,F100,فرودگاه مهرآباد,Domestic Departure
2025-05-23 17:50:00,ماهان,IRM4525,چابهار,طبق برنامه,25,,,146-200,فرودگاه مهرآباد,Domestic Departure
2025-05-23 18:00:00,کیش ایر,KIS7169,مشهد,طبق برنامه,,,,MD83,فرودگاه مهرآباد,Domestic Departure
2025-05-23 18:00:00,یزد ایر,DZD9441,یزد,طبق برنامه,"12, 13",,,146-200,فرودگاه مهرآباد,Domestic Departure
2025-05-23 18:05:00,چابهار,IRU7636,کرمانشاه,طبق برنامه,6,,,MD83,فرودگاه مهرآباد,Domestic Departure
2025-05-23 18:05:00,کارون,KRU2506,ماهشهر,طبق برنامه,,,,F100,فرودگاه مهرآباد,Domestic Departure
2025-05-23 18:10:00,ماهان,IRM1026,اردبیل,طبق برنامه,24,,,146-200,فرودگاه مهرآباد,Domestic Departure
2025-05-23 18:15:00,سپهران,SHI4310,مشهد,طبق برنامه,"28, 29",,,737-700,فرودگاه مهرآباد,Domestic Departure
2025-05-23 18:20:00,قشم ایر,QSM1252,مشهد,طبق برنامه,"18, 19",,,F100,فرودگاه مهرآباد,Domestic Departure
2025-05-23 18:20:00,ماهان,IRM1055,کرمان,طبق برنامه,23,,,AB6,فرودگاه مهرآباد,Domestic Departure
2025-05-23 18:25:00,آتا,TBZ5646,تبریز,طبق برنامه,11,,,MD83,فرودگاه مهرآباد,Domestic Departure
2025-05-23 18:25:00,آساجت,SJT8606,کرمانشاه,طبق برنامه,,,,EMB145,فرودگاه مهرآباد,Domestic Departure
2025-05-23 18:30:00,ایران ایرتور,IRB974,زاهدان,طبق برنامه,"9, 10",,,MD83,فرودگاه مهرآباد,Domestic Departure
2025-05-23 18:35:00,کیش ایر,KIS7035,اصفهان,طبق برنامه,,,,MD83,فرودگاه مهرآباد,Domestic Departure
2025-05-23 18:35:00,ماهان,IRM1002,تبریز,طبق برنامه,22,,,146-200,فرودگاه مهرآباد,Domestic Departure
2025-05-23 18:40:00,کاسپین,CPN6960,بندرعباس,طبق برنامه,"6, 7",,,MD83,فرودگاه مهرآباد,Domestic Departure
2025-05-23 19:00:00,اطلس ایر,ATS8278,مشهد,طبق برنامه,,,,MD83,فرودگاه مهرآباد,Domestic Departure
2025-05-23 19:00:00,کیش ایر,KIS7081,كيش,طبق برنامه,,,,MD83,فرودگاه مهرآباد,Domestic Departure
2025-05-23 19:05:00,ایران ایر,IRA214,قشم,طبق برنامه,"7, 8",,,F100,فرودگاه مهرآباد,Domestic Departure
2025-05-23 19:15:00,تابان,TBN6281,شیراز,طبق برنامه,"3, 4",,,MD.88,فرودگاه مهرآباد,Domestic Departure
2025-05-23 19:20:00,رایمون,RAI7522,مشهد,طبق برنامه,"1, 2",,,EMB145,فرودگاه مهرآباد,Domestic Departure
2025-05-23 19:25:00,آتا,TBZ5611,شیراز,طبق برنامه,"28, 29",,,MD83,فرودگاه مهرآباد,Domestic Departure
2025-05-23 19:25:00,ایران ایرتور,IRB912,بندرعباس,طبق برنامه,"5, 6",,,MD83,فرودگاه مهرآباد,Domestic Departure
2025-05-23 19:30:00,ماهان,IRM4541,زاهدان,طبق برنامه,21,,,146-200,فرودگاه مهرآباد,Domestic Departure
2025-05-23 19:50:00,ساها,IRZ156,شیراز,طبق برنامه,"8, 9",,,737-700,فرودگاه مهرآباد,Domestic Departure
2025-05-23 20:00:00,آتا,TBZ5643,سیرجان,طبق برنامه,"12, 13",,,B737,فرودگاه مهرآباد,Domestic Departure
2025-05-23 20:00:00,زاگرس,IZG4010,شیراز,طبق برنامه,3,,,MD83,فرودگاه مهرآباد,Domestic Departure
2025-05-23 20:05:00,کیش ایر,KIS7021,كيش,طبق برنامه,,,,MD83,فرودگاه مهرآباد,Domestic Departure
2025-05-23 20:20:00,کارون,KRU2660,ارومیه,طبق برنامه,,,,F100,فرودگاه مهرآباد,Domestic Departure
2025-05-23 20:30:00,ماهان,IRM1037,مشهد,طبق برنامه,"23, 24, 25",,,AB6,فرودگاه مهرآباد,Domestic Departure
2025-05-23 20:40:00,ایران ایرتور,IRB966,مشهد,طبق برنامه,"9, 10",,,MD83,فرودگاه مهرآباد,Domestic Departure
2025-05-23 20:50:00,فلای پرشیا,FPI7405,شیراز,طبق برنامه,"18, 19",,,737-700,فرودگاه مهرآباد,Domestic Departure
2025-05-23 20:50:00,آتا,TBZ5702,مشهد,طبق برنامه,"26, 27",,,MD83,فرودگاه مهرآباد,Domestic Departure
2025-05-23 20:55:00,کاسپین,CPN6900,بوشهر,طبق برنامه,"8, 9",,,MD83,فرودگاه مهرآباد,Domestic Departure
2025-05-23 21:00:00,زاگرس,IZG4050,بندرعباس,طبق برنامه,4,,,MD83,فرودگاه مهرآباد,Domestic Departure
2025-05-23 21:05:00,آسمان,IRC3750,آبادان,طبق برنامه,"26, 27",,,F100,فرودگاه مهرآباد,Domestic Departure
2025-05-23 21:10:00,ایران ایر,IRA262,مشهد,طبق برنامه,"7, 8",,,F100,فرودگاه مهرآباد,Domestic Departure
2025-05-23 21:15:00,آتا,TBZ5670,یزد,طبق برنامه,"28, 29",,,MD83,فرودگاه مهرآباد,Domestic Departure
2025-05-23 21:25:00,کاسپین,CPN048,شیراز,طبق برنامه,"6, 7",,,MD83,فرودگاه مهرآباد,Domestic Departure
2025-05-23 21:30:00,کارون,KRU2678,کرمان,طبق برنامه,,,,F100,فرودگاه مهرآباد,Domestic Departure
2025-05-23 21:40:00,چابهار,IRU7642,اهواز,طبق برنامه,7,,,MD83,فرودگاه مهرآباد,Domestic Departure
2025-05-23 21:45:00,پارس ایر,PRS5400,مشهد,طبق برنامه,"20, 21",,,CRJ200,فرودگاه مهرآباد,Domestic Departure
2025-05-23 21:50:00,کیش ایر,KIS7025,كيش,طبق برنامه,,,,MD83,فرودگاه مهرآباد,Domestic Departure
2025-05-23 22:05:00,آتا,TBZ5629,مشهد,طبق برنامه,"12, 13",,,MD83,فرودگاه مهرآباد,Domestic Departure
2025-05-23 22:05:00,آساجت,SJT8660,سیرجان,طبق برنامه,,,,EMB145,فرودگاه مهرآباد,Domestic Departure
2025-05-23 22:10:00,چابهار,IRU7664,شیراز,طبق برنامه,6,,,MD82,فرودگاه مهرآباد,Domestic Departure
2025-05-23 22:30:00,کیش ایر,KIS7133,اهواز,طبق برنامه,,,,MD83,فرودگاه مهرآباد,Domestic Departure
2025-05-23 22:40:00,آتا,TBZ5719,مشهد,طبق برنامه,"26, 27",,,MD83,فرودگاه مهرآباد,Domestic Departure
2025-05-23 23:45:00,تابان,TBN6252,مشهد,طبق برنامه,"3, 4",,,MD.88,فرودگاه مهرآباد,Domestic Departure
2025-05-23 23:50:00,آتا,TBZ5640,تبریز,طبق برنامه,11,,,MD83,فرودگاه مهرآباد,Domestic Departure
2025-05-23 23:50:00,ماهان,IRM1053,کرمان,طبق برنامه,22,,,146-200,فرودگاه مهرآباد,Domestic Departure
2025-05-23 23:55:00,کارون,KRU2616,اهواز,طبق برنامه,,,,F100,فرودگاه مهرآباد,Domestic Departure
2025-05-22 18:30:00,فلای پرشیا,FPI7409,شیراز,پرواز كرد,"3, 4",2025-05-22 18:45:00,,B737,فرودگاه مشهد,Domestic Departure
2025-05-22 18:30:00,آتا,TBZ5651,اصفهان,پرواز كرد,"11, 12",2025-05-22 18:47:00,,MD80,فرودگاه مشهد,Domestic Departure
2025-05-22 18:30:00,آوا,AXV7710,آبادان,پرواز كرد,"2, 6",2025-05-22 19:26:00,,B737,فرودگاه مشهد,Domestic Departure
2025-05-22 18:30:00,تابان,TBN6219,یزد,تاخیر - 01:00,23,,,MD.88,فرودگاه مشهد,Domestic Departure
2025-05-22 19:00:00,هواپیمایی پارس,PRS4455,تهران,پرواز كرد,"9, 10",2025-05-22 19:31:00,,B737,فرودگاه مشهد,Domestic Departure
2025-05-22 19:00:00,سپهران,SHI4338,اهواز,پرواز كرد,"7, 8",2025-05-22 19:36:00,,B737,فرودگاه مشهد,Domestic Departure
2025-05-22 19:20:00,سپهران,SHI4366,آبادان,پرواز كرد,"5, 6",2025-05-22 19:50:00,,B737,فرودگاه مشهد,Domestic Departure
2025-05-22 19:35:00,آسمان,IRC3851,شیراز,پرواز كرد,"3, 4",2025-05-22 20:06:00,,F100,فرودگاه مشهد,Domestic Departure
2025-05-22 19:40:00,آتا,TBZ5641,اهواز,پرواز كرد,"13, 14",2025-05-22 20:41:00,,MD80,فرودگاه مشهد,Domestic Departure
2025-05-22 20:30:00,زاگرس,IZG4110,شیراز,پرواز كرد,23,2025-05-22 21:44:00,,MD82,فرودگاه مشهد,Domestic Departure
2025-05-22 20:30:00,ایران ایرتور,IRB976,آبادان,پرواز كرد,28,2025-05-22 20:44:00,,MD82,فرودگاه مشهد,Domestic Departure
2025-05-22 20:35:00,ماهان,IRM1076,کرمان,پرواز كرد,"9, 10",2025-05-22 21:03:00,,BAE100,فرودگاه مشهد,Domestic Departure
2025-05-22 20:40:00,ایران ایر,IRA259,شیراز,پرواز كرد,"26, 27",2025-05-22 20:56:00,,A319,فرودگاه مشهد,Domestic Departure
2025-05-22 21:05:00,ماهان,IRM1032,تهران,پرواز كرد,8,2025-05-22 21:08:00,,BAE100,فرودگاه مشهد,Domestic Departure
2025-05-22 21:15:00,هواپیمایی اطلس,ATS8292,تهران,پرواز كرد,"3, 4",2025-05-22 22:11:00,,MD83,فرودگاه مشهد,Domestic Departure
2025-05-22 21:30:00,آتا,TBZ5647,آبادان,پرواز كرد,"11, 12",2025-05-22 22:25:00,,MD80,فرودگاه مشهد,Domestic Departure
2025-05-22 21:55:00,کاسپین,CPN025,تهران,پرواز كرد,"5, 6",2025-05-22 22:06:00,,MD83,فرودگاه مشهد,Domestic Departure
2025-05-22 22:25:00,هواپیمایی اطلس,ATS8289,تهران,پایان پذیرش مسافر,"9, 10",,,B737,فرودگاه مشهد,Domestic Departure
2025-05-22 22:30:00,وارش,VRH5841,تهران,دريافت كارت پرواز,21,,,B737,فرودگاه مشهد,Domestic Departure
2025-05-22 23:50:00,وارش,VRH5804,ساری,دريافت كارت پرواز,23,,,B737,فرودگاه مشهد,Domestic Departure
2025-05-22 23:55:00,هواپیمایی پارس,PRS5401,تهران,دريافت كارت پرواز,"5, 6",,,B737,فرودگاه مشهد,Domestic Departure
2025-05-22 23:55:00,ایران ایر,IRA261,تهران,دريافت كارت پرواز,"26, 27",,,A319,فرودگاه مشهد,Domestic Departure
2025-05-23 00:30:00,کیش ایر,KIS7068,تهران,طبق برنامه,"7, 8",,,MD82,فرودگاه مشهد,Domestic Departure
2025-05-23 04:00:00,زاگرس,IZG4104,ایلام,طبق برنامه,23,,,MD82,فرودگاه مشهد,Domestic Departure
2025-05-23 05:30:00,تابان,TBN6231,شیراز,طبق برنامه,20,,,MD.88,فرودگاه مشهد,Domestic Departure
2025-05-23 05:30:00,تابان,TBN6219,یزد,طبق برنامه,22,,,MD.88,فرودگاه مشهد,Domestic Departure
2025-05-23 06:00:00,سپهران,SHI4358,کرمانشاه,طبق برنامه,"3, 4",,,B737,فرودگاه مشهد,Domestic Departure
2025-05-23 06:30:00,زاگرس,IZG4043,تهران,طبق برنامه,18,,,MD82,فرودگاه مشهد,Domestic Departure
2025-05-23 06:40:00,آتا,TBZ5651,اصفهان,طبق برنامه,,,,MD80,فرودگاه مشهد,Domestic Departure
2025-05-23 07:00:00,سپهران,SHI4323,بندرعباس,طبق برنامه,10,,,B737,فرودگاه مشهد,Domestic Departure
2025-05-23 07:00:00,ایران ایرتور,IRB904,رشت,طبق برنامه,,,,MD82,فرودگاه مشهد,Domestic Departure
2025-05-23 07:15:00,ساها,IRZ181,شیراز,طبق برنامه,8,,,B737,فرودگاه مشهد,Domestic Departure
2025-05-23 07:30:00,فلای پرشیا,FPI7441,تهران,طبق برنامه,4,,,B737,فرودگاه مشهد,Domestic Departure
2025-05-23 07:30:00,آوا,AXV7750,كيش,طبق برنامه,6,,,B737,فرودگاه مشهد,Domestic Departure
2025-05-23 07:30:00,آتا,TBZ5733,آبادان,طبق برنامه,,,,MD80,فرودگاه مشهد,Domestic Departure
2025-05-23 07:35:00,کاسپین,CPN025,تهران,طبق برنامه,2,,,MD83,فرودگاه مشهد,Domestic Departure
2025-05-23 07:35:00,چابهار,IRU7611,تهران,طبق برنامه,23,,,MD82,فرودگاه مشهد,Domestic Departure
2025-05-23 08:00:00,وارش,VRH5854,اصفهان,طبق برنامه,21,,,B737,فرودگاه مشهد,Domestic Departure
2025-05-23 08:00:00,آتا,TBZ5717,رامسر,طبق برنامه,,,,MD80,فرودگاه مشهد,Domestic Departure
2025-05-23 08:00:00,آتا,TBZ5695,اهواز,طبق برنامه,,,,MD80,فرودگاه مشهد,Domestic Departure
2025-05-23 08:30:00,ایران ایرتور,IRB961,تهران,طبق برنامه,,,,MD82,فرودگاه مشهد,Domestic Departure
2025-05-23 08:45:00,اروان,INA6752,آبادان,طبق برنامه,17,,,B737,فرودگاه مشهد,Domestic Departure
2025-05-23 08:50:00,ماهان,IRM1090,زنجان,طبق برنامه,9,,,BAE100,فرودگاه مشهد,Domestic Departure
2025-05-23 09:00:00,آسمان,IRC853,زاهدان,طبق برنامه,7,,,F100,فرودگاه مشهد,Domestic Departure
2025-05-23 09:20:00,هواپیمایی اطلس,ATS8292,تهران,طبق برنامه,,,,MD83,فرودگاه مشهد,Domestic Departure
2025-05-23 09:30:00,معراج,MRJ2801,تهران,طبق برنامه,,,,A300-600,فرودگاه مشهد,Domestic Departure
2025-05-23 10:00:00,زاگرس,IZG4108,بوشهر,طبق برنامه,,,,MD82,فرودگاه مشهد,Domestic Departure
2025-05-23 10:30:00,کارون,KRU2588,عسلویه,طبق برنامه,,,,B737,فرودگاه مشهد,Domestic Departure
2025-05-23 10:55:00,هواپیمایی رایمون,RAI7523,تهران,طبق برنامه,,,,EMB145,فرودگاه مشهد,Domestic Departure
2025-05-23 11:00:00,ایران ایرتور,IRB950,تبریز,طبق برنامه,,,,MD82,فرودگاه مشهد,Domestic Departure
2025-05-23 11:30:00,هواپیمایی پارس,PRS5447,كيش,طبق برنامه,,,,B737,فرودگاه مشهد,Domestic Departure
2025-05-23 11:40:00,آتا,TBZ5699,تهران,طبق برنامه,,,,MD80,فرودگاه مشهد,Domestic Departure
2025-05-23 11:45:00,ساها,IRZ171,تهران,طبق برنامه,,,,B737,فرودگاه مشهد,Domestic Departure
2025-05-23 12:00:00,چابهار,IRU7641,تهران,طبق برنامه,,,,MD83,فرودگاه مشهد,Domestic Departure
2025-05-23 12:00:00,ایران ایرتور,IRB900,تبریز,طبق برنامه,,,,MD82,فرودگاه مشهد,Domestic Departure
2025-05-23 12:10:00,آتا,TBZ5730,تهران,طبق برنامه,,,,MD80,فرودگاه مشهد,Domestic Departure
2025-05-23 12:10:00,فلای پرشیا,FPI7439,تهران,طبق برنامه,,,,B737,فرودگاه مشهد,Domestic Departure
2025-05-23 12:30:00,وارش,VRH5802,ساری,طبق برنامه,,,,B737,فرودگاه مشهد,Domestic Departure
2025-05-23 12:40:00,ماهان,IRM4553,سراوان,طبق برنامه,,,,BAE100,فرودگاه مشهد,Domestic Departure
2025-05-23 12:45:00,کاسپین,CPN6928,قشم,طبق برنامه,,,,MD83,فرودگاه مشهد,Domestic Departure
2025-05-23 13:00:00,وارش,VRH5903,تهران,طبق برنامه,,,,B737,فرودگاه مشهد,Domestic Departure
2025-05-23 13:00:00,ماهان,IRM1036,تهران,طبق برنامه,,,,A340,فرودگاه مشهد,Domestic Departure
2025-05-23 13:00:00,آتا,TBZ5618,تهران,طبق برنامه,,,,MD80,فرودگاه مشهد,Domestic Departure
2025-05-23 13:00:00,آتا,TBZ5616,تبریز,طبق برنامه,,,,MD80,فرودگاه مشهد,Domestic Departure
2025-05-23 13:20:00,سپهران,SHI4356,تبریز,طبق برنامه,,,,B737,فرودگاه مشهد,Domestic Departure
2025-05-23 13:20:00,آسمان,IRC829,رامسر,طبق برنامه,,,,F100,فرودگاه مشهد,Domestic Departure
2025-05-23 14:00:00,آوا,AXV7703,تهران,طبق برنامه,,,,B737,فرودگاه مشهد,Domestic Departure
2025-05-23 14:00:00,زاگرس,IZG4041,تهران,طبق برنامه,,,,MD82,فرودگاه مشهد,Domestic Departure
2025-05-23 14:15:00,هواپیمایی اطلس,ATS8295,كيش,طبق برنامه,,,,B737,فرودگاه مشهد,Domestic Departure
2025-05-23 14:20:00,آتا,TBZ5620,تهران,طبق برنامه,,,,MD80,فرودگاه مشهد,Domestic Departure
2025-05-23 14:25:00,اروان,INA6751,تهران,طبق برنامه,,,,B737,فرودگاه مشهد,Domestic Departure
2025-05-23 14:45:00,ماهان,IRM1032,تهران,طبق برنامه,,,,BAE100,فرودگاه مشهد,Domestic Departure
2025-05-23 14:55:00,معراج,MRJ2805,تهران,طبق برنامه,,,,A320,فرودگاه مشهد,Domestic Departure
2025-05-23 15:00:00,آتا,TBZ5720,تهران,طبق برنامه,,,,MD80,فرودگاه مشهد,Domestic Departure
2025-05-23 15:20:00,کاسپین,CPN6944,كيش,طبق برنامه,,,,MD83,فرودگاه مشهد,Domestic Departure
2025-05-23 15:30:00,آتا,TBZ5650,اصفهان,طبق برنامه,,,,MD80,فرودگاه مشهد,Domestic Departure
2025-05-23 15:30:00,زاگرس,IZG4120,اهواز,طبق برنامه,,,,MD82,فرودگاه مشهد,Domestic Departure
2025-05-23 15:45:00,هواپیمایی پارس,PRS4473,شیراز,طبق برنامه,,,,B737,فرودگاه مشهد,Domestic Departure
2025-05-23 16:30:00,آتا,TBZ5675,اصفهان,طبق برنامه,,,,MD80,فرودگاه مشهد,Domestic Departure
2025-05-23 17:00:00,ایران ایرتور,IRB954,اهواز,طبق برنامه,,,,MD82,فرودگاه مشهد,Domestic Departure
2025-05-23 17:00:00,سپهران,SHI4366,آبادان,طبق برنامه,,,,B737,فرودگاه مشهد,Domestic Departure
2025-05-23 17:00:00,تابان,TBN6251,تهران,طبق برنامه,,,,MD.88,فرودگاه مشهد,Domestic Departure
2025-05-23 17:30:00,کیش ایر,KIS7068,تهران,طبق برنامه,,,,MD82,فرودگاه مشهد,Domestic Departure
2025-05-23 17:55:00,آسمان,IRC601,تهران,طبق برنامه,,,,F100,فرودگاه مشهد,Domestic Departure
2025-05-23 18:00:00,پويا,PYA2313,تهران,طبق برنامه,,,,EMB145,فرودگاه مشهد,Domestic Departure
2025-05-23 18:00:00,تابان,TBN6209,اصفهان,طبق برنامه,,,,MD.88,فرودگاه مشهد,Domestic Departure
2025-05-23 18:00:00,ایران ایرتور,IRB967,تهران,طبق برنامه,,,,MD82,فرودگاه مشهد,Domestic Departure
2025-05-23 18:15:00,سپهران,SHI4345,كيش,طبق برنامه,,,,B737,فرودگاه مشهد,Domestic Departure
2025-05-23 18:20:00,آتا,TBZ5614,تهران,طبق برنامه,,,,MD80,فرودگاه مشهد,Domestic Departure
2025-05-23 18:25:00,هواپیمایی اطلس,ATS8275,تهران,طبق برنامه,,,,RJ85,فرودگاه مشهد,Domestic Departure
2025-05-23 19:10:00,سپهران,SHI4301,شیراز,طبق برنامه,,,,B737,فرودگاه مشهد,Domestic Departure
2025-05-23 19:30:00,معراج,MRJ2803,تهران,طبق برنامه,,,,A300-600,فرودگاه مشهد,Domestic Departure
2025-05-23 19:30:00,پويا,PYA2339,گرگان,طبق برنامه,,,,EMB145,فرودگاه مشهد,Domestic Departure
2025-05-23 19:45:00,چابهار,IRU7661,تهران,طبق برنامه,,,,MD83,فرودگاه مشهد,Domestic Departure
2025-05-23 19:45:00,هواپیمایی اطلس,ATS8289,تهران,طبق برنامه,,,,B737,فرودگاه مشهد,Domestic Departure
2025-05-23 20:15:00,کیش ایر,KIS7168,تهران,طبق برنامه,,,,MD82,فرودگاه مشهد,Domestic Departure
2025-05-23 20:20:00,قشم ایر,QSM1253,تهران,طبق برنامه,,,,F100,فرودگاه مشهد,Domestic Departure
2025-05-23 20:30:00,زاگرس,IZG4140,اصفهان,طبق برنامه,,,,MD82,فرودگاه مشهد,Domestic Departure
2025-05-23 20:35:00,ماهان,IRM1076,کرمان,طبق برنامه,,,,BAE100,فرودگاه مشهد,Domestic Departure
2025-05-23 20:55:00,کاسپین,CPN6922,زاهدان,طبق برنامه,,,,MD83,فرودگاه مشهد,Domestic Departure
2025-05-23 21:15:00,هواپیمایی اطلس,ATS8279,تهران,طبق برنامه,,,,MD83,فرودگاه مشهد,Domestic Departure
2025-05-23 21:30:00,سپهران,SHI4348,اهواز,طبق برنامه,,,,B737,فرودگاه مشهد,Domestic Departure
2025-05-23 21:30:00,آتا,TBZ5647,آبادان,طبق برنامه,,,,MD80,فرودگاه مشهد,Domestic Departure
2025-05-23 21:35:00,هواپیمایی رایمون,RAI7521,رشت,طبق برنامه,,,,EMB145,فرودگاه مشهد,Domestic Departure
2025-05-23 22:15:00,هواپیمایی پارس,PRS4415,آبادان,طبق برنامه,,,,B737,فرودگاه مشهد,Domestic Departure
2025-05-23 22:30:00,وارش,VRH5841,تهران,طبق برنامه,,,,B737,فرودگاه مشهد,Domestic Departure
2025-05-23 22:45:00,وارش,VRH5804,ساری,طبق برنامه,,,,B737,فرودگاه مشهد,Domestic Departure
2025-05-23 23:00:00,تابان,TBN6217,آبادان,طبق برنامه,,,,MD.88,فرودگاه مشهد,Domestic Departure
2025-05-23 23:00:00,آتا,TBZ5703,تهران,طبق برنامه,,,,MD80,فرودگاه مشهد,Domestic Departure
2025-05-23 23:15:00,سپهران,SHI4346,آبادان,طبق برنامه,,,,B737,فرودگاه مشهد,Domestic Departure
2025-05-23 23:20:00,ایران ایر,IRA263,تهران,طبق برنامه,,,,A319,فرودگاه مشهد,Domestic Departure
2025-05-23 23:50:00,آتا,TBZ5630,تهران,طبق برنامه,,,,MD80,فرودگاه مشهد,Domestic Departure
2025-05-23 23:59:00,هواپیمایی پارس,PRS5401,تهران,طبق برنامه,,,,B737,فرودگاه مشهد,Domestic Departure
2025-05-22 10:20:00,قشم,QSM1261,تهران,پروازکرد10:36,3-4,2025-05-22 10:36:00,,RJ100,فرودگاه شيراز,Domestic Departure
2025-05-22 10:40:00,آساجت,SJT8661,رشت,پروازکرد10:41,2,2025-05-22 10:41:00,,EMB145,فرودگاه شيراز,Domestic Departure
2025-05-22 10:50:00,قشم,QSM1232,خارگ,پروازکرد11:18,5-6,2025-05-22 11:18:00,,100,فرودگاه شيراز,Domestic Departure
2025-05-22 11:10:00,ساها,IRZ164,لاوان,باطل شد,,,,737,فرودگاه شيراز,Domestic Departure
2025-05-22 11:25:00,ماهان,IRM4563a,کرمان,پروازکرد11:31,2,2025-05-22 11:31:00,,146-300,فرودگاه شيراز,Domestic Departure
2025-05-22 11:35:00,کاسپین,CPN049,تهران,پروازکرد11:55,3-4,2025-05-22 11:55:00,,MD83,فرودگاه شيراز,Domestic Departure
2025-05-22 15:45:00,سپهران,SHI4300,مشهد,پروازکرد15:47,1-2,2025-05-22 15:47:00,,737,فرودگاه شيراز,Domestic Departure
2025-05-22 15:50:00,فلای پرشیا,FPI7408,مشهد,پروازکرد16:00,5-6,2025-05-22 16:00:00,,737,فرودگاه شيراز,Domestic Departure
2025-05-22 17:00:00,آسمان,IRC3850,مشهد,پروازکرد16:58,16-17,2025-05-22 16:58:00,,100,فرودگاه شيراز,Domestic Departure
2025-05-22 18:00:00,کیش ایر,KIS7050,تهران,پروازکرد18:11,3-4,2025-05-22 18:11:00,,MD82,فرودگاه شيراز,Domestic Departure
2025-05-22 18:15:00,ایران ایر,IRA258,مشهد,پروازکرد18:16,7-8,2025-05-22 18:16:00,,A319,فرودگاه شيراز,Domestic Departure
2025-05-22 19:15:00,پارس,PRS4407,تهران,پروازکرد19:18,3-4,2025-05-22 19:18:00,,737,فرودگاه شيراز,Domestic Departure
2025-05-22 19:20:00,پويا,PYA2341,تهران,پروازکرد19:24,2,2025-05-22 19:24:00,,EMB145,فرودگاه شيراز,Domestic Departure
2025-05-22 19:20:00,آتا,TBZ5624,تهران,پروازکرد19:32,11-12,2025-05-22 19:32:00,,MD83,فرودگاه شيراز,Domestic Departure
2025-05-22 21:10:00,فلای پرشیا,FPI7404,تهران,پروازکرد21:33,3-4,2025-05-22 21:33:00,,737,فرودگاه شيراز,Domestic Departure
2025-05-22 21:30:00,پارس,PRS4474,تبریز,پروازکرد21:35,2,2025-05-22 21:35:00,,CRJ200,فرودگاه شيراز,Domestic Departure
2025-05-22 21:30:00,تابان,TBN6282,تهران,پروازکرد21:58,14-15,2025-05-22 21:58:00,,MD.88,فرودگاه شيراز,Domestic Departure
2025-05-22 22:00:00,ساها,IRZ157,تهران,آماده پرواز,5-6,,,737,فرودگاه شيراز,Domestic Departure
2025-05-22 22:25:00,آسمان,IRC3820,آبادان,در حال سوار شدن,16-17,,,100,فرودگاه شيراز,Domestic Departure
2025-05-22 22:30:00,کیش ایر,KIS7061,كيش,در حال سوار شدن,3-4,,,MD83,فرودگاه شيراز,Domestic Departure
2025-05-22 22:30:00,زاگرس,IZG4011,تهران,آماده پرواز,11-12,,,MD82,فرودگاه شيراز,Domestic Departure
2025-05-22 23:05:00,ایران ایر,IRA429,تهران,پایان پذیرش مسافر,7-8,,,A319,فرودگاه شيراز,Domestic Departure
2025-05-22 23:15:00,زاگرس,IZG4111,مشهد,تاخیردارد23:59 | پذیرش مسافر,13-14,,,MD82,فرودگاه شيراز,Domestic Departure
2025-05-23 05:00:00,پارس,PRS5448,رشت,طبق برنامه,,,,CRJ200,فرودگاه شيراز,Domestic Departure
2025-05-23 05:00:00,آسمان,IRC818,زاهدان,طبق برنامه,,,,100,فرودگاه شيراز,Domestic Departure
2025-05-23 06:30:00,پارس,PRS4472,مشهد,طبق برنامه,,,,737,فرودگاه شيراز,Domestic Departure
2025-05-23 08:20:00,یزد ایر,DZD9409,كيش,طبق برنامه,,,,EMB145,فرودگاه شيراز,Domestic Departure
2025-05-23 09:30:00,ماهان,IRM1088,تهران,طبق برنامه,,,,RJ85,فرودگاه شيراز,Domestic Departure
2025-05-23 09:35:00,ساها,IRZ180,مشهد,طبق برنامه,,,,737,فرودگاه شيراز,Domestic Departure
2025-05-23 09:50:00,آسمان,IRC3940,رشت,طبق برنامه,,,,100,فرودگاه شيراز,Domestic Departure
2025-05-23 10:45:00,کیش ایر,KIS7150,تهران,طبق برنامه,,,,MD82,فرودگاه شيراز,Domestic Departure
2025-05-23 11:10:00,کارون,KRU2629,تهران,طبق برنامه,,,,100,فرودگاه شيراز,Domestic Departure
2025-05-23 12:20:00,یزد ایر,DZD9430,تهران,طبق برنامه,,,,146-100,فرودگاه شيراز,Domestic Departure
2025-05-23 13:00:00,تابان,TBN6232,مشهد,طبق برنامه,,,,MD.88,فرودگاه شيراز,Domestic Departure
2025-05-23 14:15:00,پارس,PRS4407,تهران,طبق برنامه,,,,CRJ200,فرودگاه شيراز,Domestic Departure
2025-05-22 10:15:00,معراج,MRJ2872,مشهد,پروازکرد10:45,4-5,2025-05-22 10:45:00,,A320,فرودگاه تبريز,Domestic Departure
2025-05-22 10:30:00,زاگرس,IZG4103,مشهد,پروازکرد10:45,6-7,2025-05-22 10:45:00,,MD83,فرودگاه تبريز,Domestic Departure
2025-05-22 12:00:00,آتا,TBZ5603,تهران,پروازکرد12:05,8-9,2025-05-22 12:05:00,,MDC-DC-9-82,فرودگاه تبريز,Domestic Departure
2025-05-22 13:30:00,ایران ایرتور,IRB972,كيش,پروازکرد13:30,,2025-05-22 13:30:00,,MDC-DC-9-82,فرودگاه تبريز,Domestic Departure
2025-05-22 14:30:00,ایران ایرتور,IRB901,مشهد,پروازکرد14:35,12-13,2025-05-22 14:35:00,,MDC-DC-9-82,فرودگاه تبريز,Domestic Departure
2025-05-22 14:30:00,کارون,KRU2656,اهواز,پروازکرد14:50,4-5,2025-05-22 14:50:00,,737,فرودگاه تبريز,Domestic Departure
2025-05-22 16:00:00,آتا,TBZ5645,تهران,پروازکرد16:05,8-9,2025-05-22 16:05:00,,MD83,فرودگاه تبريز,Domestic Departure
2025-05-22 16:15:00,معراج,MRJ2824,تهران,پروازکرد16:55,4-5,2025-05-22 16:55:00,,A319,فرودگاه تبريز,Domestic Departure
2025-05-22 17:30:00,آتا,TBZ5639,تهران,پروازکرد17:35,9,2025-05-22 17:35:00,,MD83,فرودگاه تبريز,Domestic Departure
2025-05-22 19:00:00,آتا,TBZ5667,تهران,پروازکرد19:05,8-9,2025-05-22 19:05:00,,MD83,فرودگاه تبريز,Domestic Departure
2025-05-22 20:05:00,آسمان,IRC641,تهران,پروازکرد20:05,6-7,2025-05-22 20:05:00,,100,فرودگاه تبريز,Domestic Departure
2025-05-22 20:50:00,ماهان,IRM1001,تهران,پروازکرد20:50,2-3,2025-05-22 20:50:00,,RJ100,فرودگاه تبريز,Domestic Departure
2025-05-22 23:55:00,پارس,PRS4475,شیراز,طبق برنامه,,,,CRJ200,فرودگاه تبريز,Domestic Departure
2025-05-23 06:00:00,آتا,TBZ5601,تهران,باطل شد,,,,MD83,فرودگاه تبريز,Domestic Departure
2025-05-23 08:00:00,آتا,TBZ5609,تهران,باطل شد,,,,MD83,فرودگاه تبريز,Domestic Departure
2025-05-23 10:00:00,آتا,TBZ5603,تهران,طبق برنامه,,,,MD80,فرودگاه تبريز,Domestic Departure
2025-05-23 10:00:00,آتا,TBZ5615,مشهد,طبق برنامه,,,,MD83,فرودگاه تبريز,Domestic Departure
2025-05-23 11:00:00,ایران ایرتور,IRB906,بندرعباس,باطل شد,,,,MDC-DC-9-82,فرودگاه تبريز,Domestic Departure
2025-05-23 13:30:00,ایران ایرتور,IRB972,كيش,طبق برنامه,,,,MDC-DC-9-82,فرودگاه تبريز,Domestic Departure
2025-05-23 13:45:00,کاسپین,CPN047,تهران,طبق برنامه,,,,737,فرودگاه تبريز,Domestic Departure
2025-05-23 14:00:00,ایران ایرتور,IRB951,مشهد,طبق برنامه,,,,MDC-DC-9-82,فرودگاه تبريز,Domestic Departure
2025-05-23 15:00:00,ایران ایرتور,IRB901,مشهد,طبق برنامه,,,,MDC-DC-9-82,فرودگاه تبريز,Domestic Departure
2025-05-23 15:50:00,سپهران,SHI4357,مشهد,طبق برنامه,,,,737,فرودگاه تبريز,Domestic Departure
2025-05-23 16:00:00,آتا,TBZ5645,تهران,طبق برنامه,,,,MD83,فرودگاه تبريز,Domestic Departure
2025-05-22 00:20:00,آتا,TBZ5649,مشهد,پروازکرد03:00,13-14,2025-05-22 03:00:00,,MD83,فرودگاه اصفهان,Domestic Departure
2025-05-22 10:30:00,وارش,VRH5855,مشهد,پروازکرد10:40,15-16,2025-05-22 10:40:00,,,فرودگاه اصفهان,Domestic Departure
2025-05-22 10:45:00,کارون,KRU02519,تهران,پروازکرد10:55,4,2025-05-22 10:55:00,,100,فرودگاه اصفهان,Domestic Departure
2025-05-22 11:00:00,وارش,VRH5865,عسلویه,پروازکرد10:50,13-14,2025-05-22 10:50:00,,,فرودگاه اصفهان,Domestic Departure
2025-05-22 11:15:00,کیش ایر,KIS7138,بندرعباس,پروازکرد13:20,3,2025-05-22 13:20:00,,MD83,فرودگاه اصفهان,Domestic Departure
2025-05-22 13:15:00,ایران ایر,IRA3382,بندرعباس,پروازکرد13:30,11-12,2025-05-22 13:30:00,,ATR,فرودگاه اصفهان,Domestic Departure
2025-05-22 14:10:00,آتا,TBZ05649,مشهد,پروازکرد14:40,14-15,2025-05-22 14:40:00,,MD80,فرودگاه اصفهان,Domestic Departure
2025-05-22 16:15:00,کیش ایر,KIS7023,كيش,پروازکرد17:50,1-2,2025-05-22 17:50:00,,MD83,فرودگاه اصفهان,Domestic Departure
2025-05-22 16:30:00,آساجت,SJT8656,رشت,پروازکرد16:35,4,2025-05-22 16:35:00,,EMB-14,فرودگاه اصفهان,Domestic Departure
2025-05-22 16:35:00,رایمون,RAI7513,تهران,پروازکرد16:45,14,2025-05-22 16:45:00,,EMB145,فرودگاه اصفهان,Domestic Departure
2025-05-22 19:00:00,آتا,TBZ5749,مشهد,پروازکرد19:45,14-15,2025-05-22 19:45:00,,MD83,فرودگاه اصفهان,Domestic Departure
2025-05-22 20:00:00,آساجت,SJT8617,تهران,پروازکرد20:05,3,2025-05-22 20:05:00,,EMB-14,فرودگاه اصفهان,Domestic Departure
2025-05-22 21:00:00,آتا,TBZ5652,مشهد,پروازکرد21:05,14-15,2025-05-22 21:05:00,,MD83,فرودگاه اصفهان,Domestic Departure
2025-05-22 21:45:00,کارون,KRU2622,اهواز,در حال سوار شدن,3,,,100,فرودگاه اصفهان,Domestic Departure
2025-05-23 08:20:00,کارون,KRU2622,اهواز,طبق برنامه,,,,737-100,فرودگاه اصفهان,Domestic Departure
2025-05-23 09:10:00,آتا,TBZ5652,مشهد,طبق برنامه,,,,MD83,فرودگاه اصفهان,Domestic Departure
2025-05-23 10:10:00,قشم,QSM1281,تهران,طبق برنامه,,,,CRJ200,فرودگاه اصفهان,Domestic Departure
2025-05-23 10:15:00,کیش ایر,KIS7023,كيش,طبق برنامه,,,,MD83,فرودگاه اصفهان,Domestic Departure
2025-05-23 10:30:00,وارش,VRH5855,مشهد,طبق برنامه,,,,737,فرودگاه اصفهان,Domestic Departure
2025-05-22 17:30:00,کارون,KRU2669,تهران,پروازکرد17:37,10,2025-05-22 17:37:00,,,فرودگاه اهواز,Domestic Departure
2025-05-22 19:00:00,زاگرس,IZG4021,تهران,پروازکرد20:40,2,2025-05-22 20:40:00,,,فرودگاه اهواز,Domestic Departure
2025-05-22 19:30:00,زاگرس,IZG4121,مشهد,پروازکرد21:10,4,2025-05-22 21:10:00,,,فرودگاه اهواز,Domestic Departure
2025-05-22 20:10:00,کارون,KRU2623,اصفهان,پروازکرد21:17,10,2025-05-22 21:17:00,,,فرودگاه اهواز,Domestic Departure
2025-05-22 21:00:00,وارش,VRH5811,مشهد,پروازکرد21:30,2,2025-05-22 21:30:00,,,فرودگاه اهواز,Domestic Departure
2025-05-22 21:20:00,قشم,QSM1211,تهران,پروازکرد21:40,9,2025-05-22 21:40:00,,,فرودگاه اهواز,Domestic Departure
2025-05-22 21:30:00,ایران ایرتور,IRB989,تهران,پروازکرد21:50,5-6,2025-05-22 21:50:00,,,فرودگاه اهواز,Domestic Departure
2025-05-22 22:00:00,سپهران,SHI4339,مشهد,آماده پرواز,10,,,MD.88,فرودگاه اهواز,Domestic Departure
2025-05-22 22:40:00,آتا,TBZ5642,مشهد,پذیرش مسافر,2,,,,فرودگاه اهواز,Domestic Departure
2025-05-22 23:00:00,وارش,VRH5851,تهران,تاخیردارد02:30,,,,MD.88,فرودگاه اهواز,Domestic Departure
2025-05-23 06:00:00,کارون,KRU2631,بندرعباس,طبق برنامه,,,,,فرودگاه اهواز,Domestic Departure
2025-05-23 06:30:00,زاگرس,IZG4023,تهران,طبق برنامه,,,,,فرودگاه اهواز,Domestic Departure
2025-05-23 06:45:00,کارون,KRU2623,اصفهان,طبق برنامه,,,,,فرودگاه اهواز,Domestic Departure
2025-05-23 08:30:00,آتا,TBZ5632,تهران,طبق برنامه,,,,,فرودگاه اهواز,Domestic Departure
2025-05-23 10:20:00,کارون,KRU2633,رشت,طبق برنامه,,,,,فرودگاه اهواز,Domestic Departure
2025-05-23 11:00:00,آتا,TBZ5696,تهران,طبق برنامه,,,,,فرودگاه اهواز,Domestic Departure
2025-05-23 13:30:00,کارون,KRU2617,تهران,طبق برنامه,,,,,فرودگاه اهواز,Domestic Departure
2025-05-23 15:15:00,کارون,KRU2669,تهران,طبق برنامه,,,,,فرودگاه اهواز,Domestic Departure
2025-05-22 18:50:00,کاسپین,CPN6901,تهران,پروازکرد19:30,6-7,2025-05-22 19:30:00,,,فرودگاه بوشهر,Domestic Departure
2025-05-23 09:00:00,زاگرس,IZG4061,تهران,طبق برنامه,,,,,فرودگاه بوشهر,Domestic Departure
2025-05-23 12:40:00,زاگرس,IZG4109,مشهد,طبق برنامه,,,,,فرودگاه بوشهر,Domestic Departure
2025-05-23 13:30:00,ایران ایرتور,IRB971,تهران,طبق برنامه,,,,,فرودگاه بوشهر,Domestic Departure
2025-05-23 13:45:00,قشم,QSM1219,تهران,طبق برنامه,,,,,فرودگاه بوشهر,Domestic Departure
2025-05-22 10:45:00,کیش ایر,KIS7108,رشت,پروازکرد10:45,2-3,2025-05-22 10:45:00,,100,فرودگاه بندرعباس,Domestic Departure
2025-05-22 12:50:00,آتا,TBZ5682,تهران,پروازکرد12:54,6-7,2025-05-22 12:54:00,,MD83,فرودگاه بندرعباس,Domestic Departure
2025-05-22 13:45:00,کیش ایر,KIS7139,اصفهان,پروازکرد15:34,1-3,2025-05-22 15:34:00,,MD80,فرودگاه بندرعباس,Domestic Departure
2025-05-22 16:45:00,کیش ایر,KIS7063,كيش,پروازکرد16:38,1-3,2025-05-22 16:38:00,,MD80,فرودگاه بندرعباس,Domestic Departure
2025-05-22 17:00:00,ایران ایر,IRA3361,كيش,پروازکرد17:09,8-9,2025-05-22 17:09:00,,ATR,فرودگاه بندرعباس,Domestic Departure
2025-05-22 21:30:00,ایران ایرتور,IRB913,تهران,پروازکرد21:30,8-10,2025-05-22 21:30:00,,,فرودگاه بندرعباس,Domestic Departure
2025-05-22 21:45:00,وارش,VRH5815,تهران,پروازکرد22:23,6-7,2025-05-22 22:23:00,,737-500,فرودگاه بندرعباس,Domestic Departure
2025-05-22 23:45:00,زاگرس,IZG4051,تهران,طبق برنامه,,,,,فرودگاه بندرعباس,Domestic Departure
2025-05-22 23:50:00,کاسپین,CPN6961,تهران,پذیرش مسافر,1-3,,,737,فرودگاه بندرعباس,Domestic Departure
2025-05-23 08:15:00,کارون,KRU2684,جزیره ابوموسی,طبق برنامه,,,,100,فرودگاه بندرعباس,Domestic Departure
2025-05-23 08:40:00,اطلس ایر,ATS8282,تهران,طبق برنامه,,,,,فرودگاه بندرعباس,Domestic Departure
2025-05-23 08:50:00,آسمان,IRC646,رشت,باطل شد,,,,A320,فرودگاه بندرعباس,Domestic Departure
2025-05-23 09:50:00,سپهران,SHI5561,تهران,طبق برنامه,,,,737,فرودگاه بندرعباس,Domestic Departure
2025-05-23 11:15:00,کارون,KRU2630,اهواز,طبق برنامه,,,,100,فرودگاه بندرعباس,Domestic Departure
2025-05-23 13:05:00,کیش ایر,KIS7088,تهران,طبق برنامه,,,,MD80,فرودگاه بندرعباس,Domestic Departure
2025-05-23 14:00:00,ایران ایر,IRA3361,كيش,طبق برنامه,,,,ATR,فرودگاه بندرعباس,Domestic Departure
2025-05-23 14:00:00,ایران ایرتور,IRB907,تبریز,باطل شد,,,,MD83,فرودگاه بندرعباس,Domestic Departure
2025-05-23 14:35:00,آسمان,IRC645,تهران,باطل شد,,,,A320,فرودگاه بندرعباس,Domestic Departure
2025-05-23 15:25:00,سپهران,SHI4322,مشهد,طبق برنامه,,,,737,فرودگاه بندرعباس,Domestic Departure
2025-05-22 10:30:00,آتا,TBZ5728,مشهد,پروازکرد10:38,3-4,2025-05-22 10:38:00,,,فرودگاه کرمان,Domestic Departure
2025-05-22 10:55:00,ماهان,IRM1054,تهران,پروازکرد11:00,1-2,2025-05-22 11:00:00,,BAE146,فرودگاه کرمان,Domestic Departure
2025-05-22 13:30:00,ماهان,IRM4594,كيش,پروازکرد13:30,3-4,2025-05-22 13:30:00,,BAE146,فرودگاه کرمان,Domestic Departure
2025-05-22 18:15:00,ماهان,IRM1077,مشهد,پروازکرد18:16,3-4,2025-05-22 18:16:00,,BAE146,فرودگاه کرمان,Domestic Departure
2025-05-22 18:30:00,آتا,TBZ5665,تهران,پروازکرد19:35,1-2,2025-05-22 19:35:00,,MD83,فرودگاه کرمان,Domestic Departure
2025-05-22 20:10:00,ماهان,IRM1066,تهران,باطل شد,,,,747-400,فرودگاه کرمان,Domestic Departure
2025-05-22 21:30:00,کارون,KRU2677,تهران,باطل شد,,,,737-300,فرودگاه کرمان,Domestic Departure
2025-05-22 21:55:00,ماهان,IRM1052,تهران,پروازکرد22:15,1-4,2025-05-22 22:15:00,,747-400,فرودگاه کرمان,Domestic Departure
2025-05-22 22:15:00,کیش ایر,KIS7162,تهران,در حال سوار شدن,5-6,,,MD83,فرودگاه کرمان,Domestic Departure
2025-05-22 23:00:00,کاسپین,CPN6911,تهران,باطل شد,,,,,فرودگاه کرمان,Domestic Departure
2025-05-23 08:00:00,ماهان,IRM1050,تهران,طبق برنامه,,,,146-100,فرودگاه کرمان,Domestic Departure
2025-05-23 13:30:00,ماهان,IRM4594,كيش,طبق برنامه,,,,BAE146,فرودگاه کرمان,Domestic Departure
2025-05-23 15:40:00,ماهان,IRM1054,تهران,طبق برنامه,,,,BAE146,فرودگاه کرمان,Domestic Departure
2025-05-22 12:00:00,کارون,KRU2546,عسلویه,پروازکرد12:25,4,2025-05-22 12:25:00,,,فرودگاه ساري,Domestic Departure
2025-05-22 12:10:00,آسمان,IRC3905,شیراز,پروازکرد12:00,1,2025-05-22 12:00:00,,,فرودگاه ساري,Domestic Departure
2025-05-22 16:00:00,وارش,VRH5803,مشهد,پروازکرد16:10,"1,4",2025-05-22 16:10:00,,,فرودگاه ساري,Domestic Departure
2025-05-23 06:00:00,وارش,VRH5805,مشهد,طبق برنامه,,,,737,فرودگاه ساري,Domestic Departure
2025-05-23 12:45:00,وارش,VRH5806,كيش,طبق برنامه,,,,737,فرودگاه ساري,Domestic Departure
2025-05-23 15:30:00,وارش,VRH5844,شیراز,طبق برنامه,,,,737,فرودگاه ساري,Domestic Departure
2025-05-22 20:45:00,تابان,KIS6220,مشهد,تاخیردارد03:00,,,,MD83,فرودگاه يزد,Domestic Departure
2025-05-22 21:30:00,کارون,KRU2609,تهران,پروازکرد22:10,5-7,2025-05-22 22:10:00,,100,فرودگاه يزد,Domestic Departure
2025-05-22 22:50:00,آتا,TBZ5669,تهران,تاخیردارد23:40 | پذیرش مسافر,5-7,,,MD83,فرودگاه يزد,Domestic Departure
2025-05-23 07:45:00,تابان,KIS6220,مشهد,طبق برنامه,,,,MD83,فرودگاه يزد,Domestic Departure
2025-05-22 15:00:00,ایران ایرتور,IRB953,مشهد,پروازکرد15:25,1,2025-05-22 15:25:00,,,فرودگاه اروميه,Domestic Departure
2025-05-22 16:00:00,ایران ایرتور,IRB981,تهران,پروازکرد16:05,1-2,2025-05-22 16:05:00,,,فرودگاه اروميه,Domestic Departure
2025-05-22 19:25:00,آسمان,IRC3855,تهران,باطل شد,,,,,فرودگاه اروميه,Domestic Departure
2025-05-22 19:55:00,کارون,KRU2661,تهران,پروازکرد20:00,3-4,2025-05-22 20:00:00,,,فرودگاه اروميه,Domestic Departure
2025-05-23 08:00:00,آتا,TBZ5678,تهران,باطل شد,,,,,فرودگاه اروميه,Domestic Departure
2025-05-22 12:10:00,ایران ایر,IRA284,تهران,پروازکرد12:05,1,2025-05-22 12:05:00,,,فرودگاه کرمانشاه,Domestic Departure
2025-05-22 14:45:00,قشم,QSM1290,تهران,پروازکرد14:50,5-6,2025-05-22 14:50:00,,,فرودگاه کرمانشاه,Domestic Departure
2025-05-22 20:30:00,ایران ایرتور,IRB909,مشهد,پروازکرد20:35,1-2,2025-05-22 20:35:00,,,فرودگاه کرمانشاه,Domestic Departure
2025-05-23 09:00:00,سپهران,SHI4359,مشهد,طبق برنامه,,,,,فرودگاه کرمانشاه,Domestic Departure
2025-05-23 14:00:00,قشم,QSM1290,تهران,طبق برنامه,,,,,فرودگاه کرمانشاه,Domestic Departure
2025-05-22 12:50:00,آساجت,SJT8635,تهران,پروازکرد12:52,6,2025-05-22 12:52:00,,,فرودگاه رشت,Domestic Departure
2025-05-22 13:30:00,زاگرس,IZG4149,مشهد,پروازکرد13:55,2,2025-05-22 13:55:00,,,فرودگاه رشت,Domestic Departure
2025-05-22 13:45:00,کیش ایر,KIS7109,بندرعباس,پروازکرد13:52,7,2025-05-22 13:52:00,,,فرودگاه رشت,Domestic Departure
2025-05-22 14:00:00,پويا,PYA2324,تهران,پروازکرد14:19,6-7,2025-05-22 14:19:00,,,فرودگاه رشت,Domestic Departure
2025-05-22 15:00:00,ایران ایرتور,IRB905,مشهد,پروازکرد15:31,3-5,2025-05-22 15:31:00,,,فرودگاه رشت,Domestic Departure
2025-05-22 17:30:00,آساجت,SJT8662,سیرجان,پروازکرد17:30,,2025-05-22 17:30:00,,,فرودگاه رشت,Domestic Departure
2025-05-22 18:15:00,آساجت,SJT8657,اصفهان,پروازکرد18:22,6-7,2025-05-22 18:22:00,,,فرودگاه رشت,Domestic Departure
2025-05-23 07:15:00,پارس ایر,PRS5453,آبادان,طبق برنامه,,,,,فرودگاه رشت,Domestic Departure
2025-05-23 08:35:00,رایمون,RAI7520,مشهد,طبق برنامه,,,,,فرودگاه رشت,Domestic Departure
2025-05-23 09:30:00,ایران ایرتور,IRB905,مشهد,طبق برنامه,,,,,فرودگاه رشت,Domestic Departure
2025-05-23 11:45:00,پارس ایر,PRS5449,شیراز,طبق برنامه,,,,,فرودگاه رشت,Domestic Departure
2025-05-23 12:10:00,آسمان,IRC3941,شیراز,طبق برنامه,,,,,فرودگاه رشت,Domestic Departure
2025-05-23 12:40:00,کارون,KRU2632,اهواز,طبق برنامه,,,,,فرودگاه رشت,Domestic Departure
2025-05-23 15:00:00,کیش ایر,KIS7137,كيش,طبق برنامه,,,,,فرودگاه رشت,Domestic Departure
2025-05-22 10:00:00,قشم,QSM1209,مشهد,پروازکرد10:50,2,2025-05-22 10:50:00,,,فرودگاه زاهدان,Domestic Departure
2025-05-22 14:25:00,قشم,QSM1271,تهران,پروازکرد15:55,2-3,2025-05-22 15:55:00,,,فرودگاه زاهدان,Domestic Departure
2025-05-22 19:45:00,قشم,QSM1296,گرگان,پروازکرد03:40,2,2025-05-23 03:40:00,,100,فرودگاه زاهدان,Domestic Departure
2025-05-22 23:00:00,چابهار ایر,IRU7613,تهران,پایان پذیرش مسافر | در حال سوار شدن,2,,,,فرودگاه زاهدان,Domestic Departure
2025-05-23 06:30:00,ایران ایر,IRA382A,چابهار,طبق برنامه,,,,,فرودگاه زاهدان,Domestic Departure
2025-05-23 07:10:00,آسمان,IRC819,شیراز,طبق برنامه,,,,,فرودگاه زاهدان,Domestic Departure
2025-05-23 07:40:00,کیش ایر,KIS7070,تهران,طبق برنامه,,,,,فرودگاه زاهدان,Domestic Departure
2025-05-23 10:05:00,ایران ایر,IRA383A,تهران,طبق برنامه,,,,,فرودگاه زاهدان,Domestic Departure
2025-05-23 11:05:00,آسمان,IRC852,مشهد,طبق برنامه,,,,,فرودگاه زاهدان,Domestic Departure
2025-05-22 11:35:00,ایر وان,INA6753,مشهد,پروازکرد12:21,3,2025-05-22 12:21:00,,,فرودگاه آبادان,Domestic Departure
2025-05-22 11:40:00,چابهار ایر,IRU7655,مشهد,پروازکرد11:58,1,2025-05-22 11:58:00,,MD83,فرودگاه آبادان,Domestic Departure
2025-05-22 19:25:00,اطلس ایر,ATS8295,مشهد,پروازکرد20:24,3,2025-05-22 20:24:00,,737,فرودگاه آبادان,Domestic Departure
2025-05-22 21:35:00,آوا ایر,AVA7711,مشهد,آماده پرواز,4,,,737,فرودگاه آبادان,Domestic Departure
2025-05-22 21:40:00,آتا,TBZ5713,تهران,پروازکرد22:21,3,2025-05-22 22:21:00,,MD83,فرودگاه آبادان,Domestic Departure
2025-05-22 22:35:00,سپهران,SHI4367,مشهد,ورود به سالن بازرسی | پایان پذیرش مسافر,2,,,737,فرودگاه آبادان,Domestic Departure
2025-05-22 23:10:00,ایران ایر,IRA264,تهران,ورود به سالن بازرسی | پذیرش مسافر,6,,,,فرودگاه آبادان,Domestic Departure
2025-05-22 23:30:00,ایران ایرتور,IRB977,مشهد,پذیرش مسافر,4,,,,فرودگاه آبادان,Domestic Departure
2025-05-23 00:10:00,آسمان,IRC3821,شیراز,طبق برنامه,,,,,فرودگاه آبادان,Domestic Departure
2025-05-23 00:20:00,آتا,TBZ5648,مشهد,طبق برنامه,,,,MD80,فرودگاه آبادان,Domestic Departure
2025-05-23 02:00:00,تابان,TBN6218,مشهد,باطل شد,,,,md88,فرودگاه آبادان,Domestic Departure
2025-05-23 10:15:00,ایران ایر,IRA5390,تهران,طبق برنامه,,,,A319,فرودگاه آبادان,Domestic Departure
2025-05-23 10:30:00,آتا,TBZ5734,مشهد,طبق برنامه,,,,MD82,فرودگاه آبادان,Domestic Departure
2025-05-23 11:35:00,ایر وان,INA6753,مشهد,طبق برنامه,,,,737,فرودگاه آبادان,Domestic Departure
2025-05-22 14:00:00,کاسپین,CPN6997,كيش,پروازکرد14:13,4-5,2025-05-22 14:13:00,,MD83,فرودگاه گرگان,Domestic Departure
2025-05-22 23:50:00,آسمان,IRC631,تهران,پذیرش مسافر,6-7,,,100,فرودگاه گرگان,Domestic Departure
2025-05-23 12:20:00,یزد ایر,DZD9412,تهران,باطل شد,,,,CRJ200,فرودگاه گرگان,Domestic Departure
2025-05-22 11:20:00,آسمان,IRC3711,تهران,باطل شد,,,,100,فرودگاه اردبيل,Domestic Departure
2025-05-22 18:05:00,ماهان,IRM1099,مشهد,پروازکرد18:00,2-3,2025-05-22 18:00:00,,146-100,فرودگاه اردبيل,Domestic Departure
2025-05-22 20:20:00,ماهان,IRM1027,تهران,پروازکرد20:35,2-3,2025-05-22 20:35:00,,RJ100,فرودگاه اردبيل,Domestic Departure
2025-05-23 10:05:00,ماهان,IRM4537,تهران,طبق برنامه,,,,RJ100,فرودگاه اردبيل,Domestic Departure
2025-05-22 15:30:00,ماهان,IRM4573,تهران,پروازکرد15:45,1-2,2025-05-22 15:45:00,,,فرودگاه ايلام,Domestic Departure
2025-05-23 07:00:00,زاگرس,IZG4105,مشهد,طبق برنامه,,,,,فرودگاه ايلام,Domestic Departure
2025-05-23 09:20:00,قشم,QSM1287,تهران,طبق برنامه,,,,,فرودگاه ايلام,Domestic Departure
2025-05-22 19:15:00,کاسپین,CPN6941,مشهد,پروازکرد19:15,1,2025-05-22 19:15:00,,,فرودگاه خرم آباد,Domestic Departure
2025-05-22 11:55:00,ماهان,IRM1091,مشهد,پروازکرد11:54,2,2025-05-22 11:54:00,,146-100,فرودگاه زنجان,Domestic Departure
2025-05-23 11:55:00,ماهان,IRM1091,مشهد,طبق برنامه,,,,146-100,فرودگاه زنجان,Domestic Departure
2025-05-24 05:25:00,کارون,KRU2508,ماهشهر,پرواز كرد,"14, 15",2025-05-24 05:32:00,EPJIB,737,فرودگاه مهرآباد,Domestic Departure
2025-05-24 05:30:00,وارش,VRH5852,اهواز,باطل شد,,,,B737,فرودگاه مهرآباد,Domestic Departure
2025-05-24 05:30:00,پويا,PYA2340,شیراز,پرواز كرد,13,2025-05-24 05:48:00,EPPUO,EMB145,فرودگاه مهرآباد,Domestic Departure
2025-05-24 05:35:00,فلای پرشیا,FPI7405,شیراز,پرواز كرد,"18, 19",2025-05-24 05:44:00,EPFPA,737-700,فرودگاه مهرآباد,Domestic Departure
2025-05-24 05:35:00,آتا,TBZ5643,سیرجان,پرواز كرد,"12, 13",2025-05-24 05:41:00,EPTAF,B737,فرودگاه مهرآباد,Domestic Departure
2025-05-24 05:40:00,ایران ایر,IRA407,بوشهر,پرواز كرد,"9, 10",2025-05-24 05:53:00,EPIEQ,A319,فرودگاه مهرآباد,Domestic Departure
2025-05-24 05:45:00,ماهان,IRM1010,کرمانشاه,پرواز كرد,23,2025-05-24 05:56:00,EPMOH,rj100,فرودگاه مهرآباد,Domestic Departure
2025-05-24 05:45:00,کاسپین,CPN6986,زاهدان,پرواز كرد,"14, 15",2025-05-24 06:11:00,EPCPU,MD83,فرودگاه مهرآباد,Domestic Departure
2025-05-24 05:50:00,اطلس ایر,ATS8288,مشهد,پرواز كرد,"21, 22",2025-05-24 06:06:00,EPLEE,737-700,فرودگاه مهرآباد,Domestic Departure
2025-05-24 05:50:00,ماهان,IRM4527,ایرانشهر,پرواز كرد,25,2025-05-24 06:03:00,EPMEA,RJ85,فرودگاه مهرآباد,Domestic Departure
2025-05-24 05:55:00,چابهار,IRU7624,آبادان,پرواز كرد,6,2025-05-24 06:30:00,EPCBD,MD83,فرودگاه مهرآباد,Domestic Departure
2025-05-24 06:00:00,آتا,TBZ5677,ارومیه,پرواز كرد,"24, 25",2025-05-24 06:23:00,EPTAQ,MD83,فرودگاه مهرآباد,Domestic Departure
2025-05-24 06:05:00,ایران ایرتور,IRB912,بندرعباس,پرواز كرد,"7, 8",2025-05-24 06:21:00,EPMDD,MD83,فرودگاه مهرآباد,Domestic Departure
2025-05-24 06:05:00,کارون,KRU2584,عسلویه,پرواز كرد,"18, 19",2025-05-24 06:15:00,EPJIA,737,فرودگاه مهرآباد,Domestic Departure
2025-05-24 06:10:00,یزد ایر,DZD9419,یزد,پرواز كرد,"6, 7",2025-05-24 06:26:00,EPDZH,RJ85,فرودگاه مهرآباد,Domestic Departure
2025-05-24 06:15:00,آتا,TBZ5610,تبریز,پرواز كرد,11,2025-05-24 06:40:00,EPTAZ,md88,فرودگاه مهرآباد,Domestic Departure
2025-05-24 06:20:00,کیش ایر,KIS7055,كيش,پرواز كرد,"9, 10",2025-05-24 06:32:00,EPLCJ,MD83,فرودگاه مهرآباد,Domestic Departure
2025-05-24 06:25:00,معراج,MRJ2816,عسلویه,پرواز كرد,"14, 15",2025-05-24 06:37:00,EPSSN,A321,فرودگاه مهرآباد,Domestic Departure
2025-05-24 06:25:00,ماهان,IRM1085,زابل,پرواز كرد,22,2025-05-24 06:35:00,EPMOI,rj100,فرودگاه مهرآباد,Domestic Departure
2025-05-24 06:30:00,اروان,INA6750,مشهد,پرواز كرد,3,2025-05-24 06:49:00,EPNSR,737-700,فرودگاه مهرآباد,Domestic Departure
2025-05-24 06:35:00,ماهان,IRM1033,مشهد,پرواز كرد,18,2025-05-24 06:47:00,EPMEB,RJ85,فرودگاه مهرآباد,Domestic Departure
2025-05-24 06:35:00,کاسپین,CPN6982,لارستان,پرواز كرد,"8, 9",2025-05-24 06:50:00,EPCPD,MD83,فرودگاه مهرآباد,Domestic Departure
2025-05-24 06:40:00,قشم ایر,QSM1212,دزفول,پرواز كرد,16,2025-05-24 08:30:00,EPFQV,rj100,فرودگاه مهرآباد,Domestic Departure
2025-05-24 06:40:00,ماهان,IRM4520,گچساران,پرواز كرد,19,2025-05-24 07:06:00,EPMEU,RJ85,فرودگاه مهرآباد,Domestic Departure
2025-05-24 06:45:00,وارش,VRH5918,عسلویه,پرواز كرد,5,2025-05-24 07:11:00,EPVBM,B737,فرودگاه مهرآباد,Domestic Departure
2025-05-24 06:55:00,آساجت,SJT8604,عسلویه,پرواز كرد,21,2025-05-24 07:10:00,EPRHN,EMB145,فرودگاه مهرآباد,Domestic Departure
2025-05-24 06:55:00,آتا,TBZ5662,کرمان,پرواز كرد,"26, 27",2025-05-24 07:10:00,EPTAH,737,فرودگاه مهرآباد,Domestic Departure
2025-05-24 06:55:00,کارون,KRU2576,سیری,پرواز كرد,22,2025-05-24 07:27:00,EPAWZ,F100,فرودگاه مهرآباد,Domestic Departure
2025-05-24 07:00:00,کیش ایر,KIS7117,چابهار,پرواز كرد,"11, 12",2025-05-24 07:18:00,EPLCL,MD82,فرودگاه مهرآباد,Domestic Departure
2025-05-24 07:05:00,قشم ایر,QSM1277,ارومیه,پرواز كرد,19,2025-05-24 07:25:00,EPFQI,F100,فرودگاه مهرآباد,Domestic Departure
2025-05-24 07:10:00,کاسپین,CPN044,كيش,پرواز كرد,"14, 15",2025-05-24 07:23:00,EPKPB,737,فرودگاه مهرآباد,Domestic Departure
2025-05-24 07:10:00,ایران ایرتور,IRB962,مشهد,پرواز كرد,"9, 10",2025-05-24 07:43:00,EPMDE,MD82,فرودگاه مهرآباد,Domestic Departure
2025-05-24 07:15:00,آساجت,SJT8634,رشت,پرواز كرد,18,2025-05-24 07:29:00,EPJEK,EMB145,فرودگاه مهرآباد,Domestic Departure
2025-05-24 07:15:00,کارون,KRU2504,خارگ,پرواز كرد,17,2025-05-24 07:51:00,EPMIS,F100,فرودگاه مهرآباد,Domestic Departure
2025-05-24 07:20:00,آسمان,IRC3771,شیراز,پرواز كرد,27,2025-05-24 07:46:00,EPATE,F100,فرودگاه مهرآباد,Domestic Departure
2025-05-24 08:00:00,ماهان,IRM4536,اردبیل,پرواز كرد,20,2025-05-24 08:27:00,EPMOS,146-200,فرودگاه مهرآباد,Domestic Departure
2025-05-24 08:05:00,آتا,TBZ5602,تبریز,پرواز كرد,11,2025-05-24 08:21:00,EPTAL,MD83,فرودگاه مهرآباد,Domestic Departure
2025-05-24 08:10:00,ماهان,IRM1051,کرمان,پرواز كرد,"23, 24, 25",2025-05-24 08:23:00,EPMJA,A340,فرودگاه مهرآباد,Domestic Departure
2025-05-24 08:20:00,آتا,TBZ5673,اهواز,باطل شد,,,,MD83,فرودگاه مهرآباد,Domestic Departure
2025-05-24 08:20:00,قشم ایر,QSM1224,كيش,پرواز كرد,"21, 22",2025-05-24 08:33:00,EPFQF,F100,فرودگاه مهرآباد,Domestic Departure
2025-05-24 08:25:00,پويا,PYA2330,تبریز,پرواز كرد,14,2025-05-24 08:34:00,EPPUN,EMB145,فرودگاه مهرآباد,Domestic Departure
2025-05-24 08:30:00,زاگرس,IZG4030,كيش,پرواز كرد,7,2025-05-24 09:15:00,EPZAQ,MD83,فرودگاه مهرآباد,Domestic Departure
2025-05-24 08:35:00,وارش,VRH5876,مشهد,پرواز كرد,4,2025-05-24 08:55:00,EPVAF,B737,فرودگاه مهرآباد,Domestic Departure
2025-05-24 08:45:00,وارش,VRH5856,مشهد,پرواز كرد,6,2025-05-24 09:59:00,EPVAR,B737,فرودگاه مهرآباد,Domestic Departure
2025-05-24 09:00:00,کاسپین,CPN6914,عسلویه,پرواز كرد,"12, 13",2025-05-24 09:17:00,EPKPC,737,فرودگاه مهرآباد,Domestic Departure
2025-05-24 09:00:00,تابان,TBN6258,مشهد,پرواز كرد,"3, 4",2025-05-24 09:21:00,EPTBB,MD.88,فرودگاه مهرآباد,Domestic Departure
2025-05-24 09:05:00,آوا,AXV7714,بندرعباس,پرواز كرد,"14, 15",2025-05-24 09:26:00,EPRBC,B737,فرودگاه مهرآباد,Domestic Departure
2025-05-24 09:10:00,ساها,IRZ170,مشهد,باطل شد,,,,737-700,فرودگاه مهرآباد,Domestic Departure
2025-05-24 09:10:00,آسمان,IRC832,اهواز,پرواز كرد,28,2025-05-24 09:28:00,EPASR,F100,فرودگاه مهرآباد,Domestic Departure
2025-05-24 09:40:00,چابهار,IRU7640,مشهد,پرواز كرد,3,2025-05-24 11:47:00,EPSEB,MD83,فرودگاه مهرآباد,Domestic Departure
2025-05-24 09:50:00,آتا,TBZ5635,اهواز,پرواز كرد,"12, 13",2025-05-24 10:31:00,EPTAZ,MD83,فرودگاه مهرآباد,Domestic Departure
2025-05-24 10:00:00,وارش,VRH5840,مشهد,باطل شد,,,,B737,فرودگاه مهرآباد,Domestic Departure
2025-05-24 10:00:00,ایران ایرتور,IRB916,كيش,پرواز كرد,"9, 10",2025-05-24 10:10:00,EPMDF,MD83,فرودگاه مهرآباد,Domestic Departure
2025-05-24 10:05:00,پويا,PYA2348,بندرعباس,پرواز كرد,15,2025-05-24 10:26:00,EPPUO,EMB145,فرودگاه مهرآباد,Domestic Departure
2025-05-24 10:10:00,کارون,KRU2644,اهواز,پرواز كرد,"14, 15",2025-05-24 10:22:00,EPJIB,737,فرودگاه مهرآباد,Domestic Departure
2025-05-24 10:30:00,آتا,TBZ5611,شیراز,پرواز كرد,"24, 25",2025-05-24 10:40:00,EPTAQ,MD83,فرودگاه مهرآباد,Domestic Departure
2025-05-24 10:35:00,آساجت,SJT8606,کرمانشاه,پرواز كرد,18,2025-05-24 10:35:00,EPJEK,EMB145,فرودگاه مهرآباد,Domestic Departure
2025-05-24 10:40:00,چابهار,IRU7610,مشهد,پرواز كرد,7,2025-05-24 11:20:00,EPCBD,MD82,فرودگاه مهرآباد,Domestic Departure
2025-05-24 10:45:00,ایران ایر,IRA5391,همدان,پرواز كرد,4,2025-05-24 10:53:00,EPITI,ATR,فرودگاه مهرآباد,Domestic Departure
2025-05-24 10:50:00,قشم ایر,QSM1273,تبریز,پرواز كرد,"16, 17",2025-05-24 11:24:00,EPFQI,F100,فرودگاه مهرآباد,Domestic Departure
2025-05-24 11:00:00,ایران ایر,IRA262,مشهد,پرواز كرد,"7, 8",2025-05-24 11:11:00,EPIEP,A319,فرودگاه مهرآباد,Domestic Departure
2025-05-24 11:05:00,آتا,TBZ5659,كيش,پرواز كرد,"26, 27",2025-05-24 11:36:00,EPTAR,MD83,فرودگاه مهرآباد,Domestic Departure
2025-05-24 11:30:00,کاسپین,CPN024,مشهد,پرواز كرد,"8, 9",2025-05-24 11:52:00,EPCPD,MD83,فرودگاه مهرآباد,Domestic Departure
2025-05-24 11:55:00,ماهان,IRM4578,ماکو,پرواز كرد,20,2025-05-24 12:02:00,EPMOH,146-200,فرودگاه مهرآباد,Domestic Departure
2025-05-24 12:00:00,قشم ایر,QSM1270,زاهدان,پرواز كرد,"16, 17",2025-05-24 12:23:00,EPFQU,RJ100,فرودگاه مهرآباد,Domestic Departure
2025-05-24 12:00:00,ایران ایرتور,IRB970,بوشهر,پرواز كرد,"9, 10",2025-05-24 12:21:00,EPMDE,MD83,فرودگاه مهرآباد,Domestic Departure
2025-05-24 12:05:00,ایران ایر,IRA285,کرمانشاه,پرواز كرد,3,2025-05-24 12:15:00,EPCFM,F100,فرودگاه مهرآباد,Domestic Departure
2025-05-24 12:15:00,آتا,TBZ5633,اردبیل,پرواز كرد,"28, 29",2025-05-24 12:26:00,EPTAH,737-700,فرودگاه مهرآباد,Domestic Departure
2025-05-24 12:20:00,آتا,TBZ5629,مشهد,پرواز كرد,"12, 13",2025-05-24 12:33:00,EPTAM,MD83,فرودگاه مهرآباد,Domestic Departure
2025-05-24 12:20:00,کاسپین,CPN6936,قشم,پرواز كرد,"12, 13",2025-05-24 12:43:00,EPKPB,737-700,فرودگاه مهرآباد,Domestic Departure
2025-05-24 13:10:00,آسمان,IRC630,گرگان,پرواز كرد,29,2025-05-24 15:39:00,EPASR,F100,فرودگاه مهرآباد,Domestic Departure
2025-05-24 13:30:00,ماهان,IRM4522,یاسوج,پرواز كرد,22,2025-05-24 13:37:00,EPMOS,146-200,فرودگاه مهرآباد,Domestic Departure
2025-05-24 13:50:00,ماهان,IRM1004,ارومیه,پرواز كرد,24,2025-05-24 13:57:00,EPMOC,146-200,فرودگاه مهرآباد,Domestic Departure
2025-05-24 14:15:00,پارس ایر,PRS5416,چابهار,پرواز كرد,20,2025-05-24 14:52:00,EPPRA,CRJ200,فرودگاه مهرآباد,Domestic Departure
2025-05-24 14:15:00,ماهان,IRM1006,خرم‌آباد,پرواز كرد,18,2025-05-24 14:23:00,EPMEA,146-200,فرودگاه مهرآباد,Domestic Departure
2025-05-24 14:25:00,آتا,TBZ5698,مشهد,پرواز كرد,"24, 25",2025-05-24 14:54:00,EPTAO,MD83,فرودگاه مهرآباد,Domestic Departure
2025-05-24 14:50:00,آوا,AXV7702,مشهد,پرواز كرد,"16, 17",2025-05-24 15:04:00,EPRBC,B737,فرودگاه مهرآباد,Domestic Departure
2025-05-24 14:50:00,قشم ایر,QSM1240,قشم,پرواز كرد,"18, 19",2025-05-24 15:22:00,EPFQI,F100,فرودگاه مهرآباد,Domestic Departure
2025-05-24 15:30:00,رایمون,RAI7512,اصفهان,پرواز كرد,"3, 4",2025-05-24 15:33:00,EPNEA,EMB145,فرودگاه مهرآباد,Domestic Departure
2025-05-24 15:50:00,کاسپین,CPN014,عسلویه,پرواز كرد,"10, 11",2025-05-24 15:51:00,EPCAS,MD83,فرودگاه مهرآباد,Domestic Departure
2025-05-24 15:50:00,ایران ایرتور,IRB946,تبریز,پرواز كرد,"9, 10",2025-05-24 15:57:00,EPMDF,MD83,فرودگاه مهرآباد,Domestic Departure
2025-05-24 16:05:00,آتا,TBZ5613,مشهد,پرواز كرد,"26, 27",2025-05-24 16:22:00,EPTAF,737,فرودگاه مهرآباد,Domestic Departure
2025-05-24 16:10:00,کاسپین,CPN6960,بندرعباس,پرواز كرد,"8, 9",2025-05-24 16:43:00,EPCPD,MD83,فرودگاه مهرآباد,Domestic Departure
2025-05-24 16:20:00,اطلس ایر,ATS8270,مشهد,پرواز كرد,"14, 15",2025-05-24 16:31:00,EPTHI,RJ85,فرودگاه مهرآباد,Domestic Departure
2025-05-24 16:25:00,آتا,TBZ5719,مشهد,پرواز كرد,"28, 29",2025-05-24 16:54:00,EPTAQ,MD83,فرودگاه مهرآباد,Domestic Departure
2025-05-24 16:30:00,ماهان,IRM1067,کرمان,پرواز كرد,"23, 24, 25",2025-05-24 16:47:00,EPMJA,A340,فرودگاه مهرآباد,Domestic Departure
2025-05-24 16:35:00,ایران ایر,IRA277,ارومیه,پرواز كرد,4,2025-05-24 16:50:00,EPIEQ,A319,فرودگاه مهرآباد,Domestic Departure
2025-05-24 16:40:00,آتا,TBZ5664,کرمان,پرواز كرد,"12, 13",2025-05-24 16:51:00,EPTAJ,MD83,فرودگاه مهرآباد,Domestic Departure
2025-05-24 16:50:00,کاسپین,CPN026,مشهد,پرواز كرد,"6, 7",2025-05-24 17:10:00,EPCPU,MD83,فرودگاه مهرآباد,Domestic Departure
2025-05-24 17:00:00,زاگرس,IZG4020,اهواز,پرواز كرد,4,2025-05-24 17:02:00,EPZAQ,MD83,فرودگاه مهرآباد,Domestic Departure
2025-05-24 17:05:00,پارس ایر,PRS4494,آبادان,پرواز كرد,"18, 19",2025-05-24 17:19:00,EPPAO,737,فرودگاه مهرآباد,Domestic Departure
2025-05-24 17:05:00,آتا,TBZ5668,تبریز,پرواز كرد,11,2025-05-24 17:26:00,EPTAZ,MD83,فرودگاه مهرآباد,Domestic Departure
2025-05-24 17:10:00,کارون,KRU2614,اهواز,پرواز كرد,"16, 17",2025-05-24 17:29:00,EPJIA,737,فرودگاه مهرآباد,Domestic Departure
2025-05-24 17:15:00,ایران ایر,IRA3331,رشت,پرواز كرد,3,2025-05-24 19:20:00,EPITI,ATR-42-400,فرودگاه مهرآباد,Domestic Departure
2025-05-24 17:25:00,آسمان,IRC600,مشهد,پرواز كرد,26,2025-05-24 19:35:00,EPASR,F100,فرودگاه مهرآباد,Domestic Departure
2025-05-24 17:30:00,آتا,TBZ5623,شیراز,پرواز كرد,"24, 25",2025-05-24 17:40:00,EPTAH,737,فرودگاه مهرآباد,Domestic Departure
2025-05-24 17:50:00,ماهان,IRM1049,بیرجند,پرواز كرد,21,2025-05-24 18:13:00,EPMEB,146-200,فرودگاه مهرآباد,Domestic Departure
2025-05-24 17:55:00,چابهار,IRU7650,مشهد,پرواز كرد,6,2025-05-24 19:26:00,EPSEB,MD83,فرودگاه مهرآباد,Domestic Departure
2025-05-24 17:55:00,کارون,KRU2506,ماهشهر,پرواز كرد,"18, 19",2025-05-24 18:22:00,EPAWZ,F100,فرودگاه مهرآباد,Domestic Departure
2025-05-24 18:00:00,قدر ایر,SEP2702,شیراز,پرواز كرد,"14, 15",2025-05-24 18:42:00,,AN74,فرودگاه مهرآباد,Domestic Departure
2025-05-24 18:00:00,یزد ایر,DZD9441,یزد,پرواز كرد,"10, 11",2025-05-24 18:55:00,EPMOC,146-200,فرودگاه مهرآباد,Domestic Departure
2025-05-24 18:10:00,ماهان,IRM1026,اردبیل,پرواز كرد,23,2025-05-24 18:16:00,EPMOH,146-200,فرودگاه مهرآباد,Domestic Departure
2025-05-24 18:20:00,ماهان,IRM1055,کرمان,پرواز كرد,20,2025-05-24 18:33:00,EPMOI,RJ85,فرودگاه مهرآباد,Domestic Departure
2025-05-24 18:25:00,معراج,MRJ2844,قشم,پرواز كرد,"14, 15",2025-05-24 18:40:00,EPSSN,A321,فرودگاه مهرآباد,Domestic Departure
2025-05-24 18:30:00,کیش ایر,KIS7031,اهواز,پرواز كرد,10,2025-05-24 18:52:00,EPLCM,MD83,فرودگاه مهرآباد,Domestic Departure
2025-05-24 18:35:00,ایران ایرتور,IRB974,زاهدان,پرواز كرد,"5, 6",2025-05-24 19:01:00,EPMDD,MD83,فرودگاه مهرآباد,Domestic Departure
2025-05-24 18:35:00,کارون,KRU2628,شیراز,پرواز كرد,"21, 22",2025-05-24 19:05:00,EPJIB,737-700,فرودگاه مهرآباد,Domestic Departure
2025-05-24 18:40:00,آتا,TBZ5646,تبریز,پرواز كرد,11,2025-05-24 19:11:00,EPTAN,MD83,فرودگاه مهرآباد,Domestic Departure
2025-05-24 19:00:00,اطلس ایر,ATS8286,مشهد,پرواز كرد,"16, 17",2025-05-24 19:41:00,EPLEE,737-700,فرودگاه مهرآباد,Domestic Departure
2025-05-24 19:00:00,وارش,VRH5814,بندرعباس,پرواز كرد,3,2025-05-24 19:13:00,EPVBM,B737,فرودگاه مهرآباد,Domestic Departure
2025-05-24 19:10:00,فلای پرشیا,FPI7438,مشهد,پرواز كرد,"18, 19",2025-05-24 19:46:00,EPFPA,737-700,فرودگاه مهرآباد,Domestic Departure
2025-05-24 19:20:00,رایمون,RAI7510,رشت,پرواز كرد,"1, 2",2025-05-24 19:54:00,EPNEA,EMB145,فرودگاه مهرآباد,Domestic Departure
2025-05-24 19:20:00,تابان,TBN6326,مشهد,پرواز كرد,"3, 4",2025-05-24 20:49:00,EPTBB,MD.88,فرودگاه مهرآباد,Domestic Departure
2025-05-24 19:25:00,کیش ایر,KIS7057,كيش,پرواز كرد,"11, 12",2025-05-24 20:38:00,EPLCJ,MD83,فرودگاه مهرآباد,Domestic Departure
2025-05-24 19:30:00,ایران ایرتور,IRB988,اهواز,پرواز كرد,"7, 8",2025-05-24 20:04:00,EPMDE,MD83,فرودگاه مهرآباد,Domestic Departure
2025-05-24 19:30:00,آتا,TBZ5679,ارومیه,در حال سوار شدن,"26, 27",,EPTAZ,MD83,فرودگاه مهرآباد,Domestic Departure
2025-05-24 19:40:00,کارون,KRU2618,اهواز,پرواز كرد,"14, 15",2025-05-24 21:30:00,EPMIS,F100,فرودگاه مهرآباد,Domestic Departure
2025-05-24 19:50:00,آوا,AXV7730,مشهد,پرواز كرد,"18, 19",2025-05-24 20:36:00,EPRBC,B737,فرودگاه مهرآباد,Domestic Departure
2025-05-24 19:50:00,ساها,IRZ156,شیراز,پرواز كرد,"6, 7",2025-05-24 20:45:00,EPPAM,737-700,فرودگاه مهرآباد,Domestic Departure
2025-05-24 20:00:00,وارش,VRH5902,مشهد,پرواز كرد,5,2025-05-24 21:39:00,EPVAR,B737,فرودگاه مهرآباد,Domestic Departure
2025-05-24 20:00:00,کیش ایر,KIS7081,كيش,پرواز كرد,9,2025-05-24 20:35:00,EPLCO,MD83,فرودگاه مهرآباد,Domestic Departure
2025-05-24 20:05:00,چابهار,IRU7614,چابهار,پرواز كرد,7,2025-05-24 21:00:00,EPCBD,MD83,فرودگاه مهرآباد,Domestic Departure
2025-05-24 20:20:00,آتا,TBZ5619,مشهد,پرواز كرد,"28, 29",2025-05-24 22:43:00,EPTAL,MD83,فرودگاه مهرآباد,Domestic Departure
2025-05-24 20:35:00,ساها,IRZ172,بوشهر,باطل شد,,,,737-700,فرودگاه مهرآباد,Domestic Departure
2025-05-24 20:45:00,ایران ایر,IRA458,بندرعباس,پرواز كرد,4,2025-05-24 21:23:00,EPCFR,F100,فرودگاه مهرآباد,Domestic Departure
2025-05-24 20:50:00,قشم ایر,QSM1216,آبادان,پرواز كرد,"21, 22",2025-05-24 21:17:00,EPFQI,F100,فرودگاه مهرآباد,Domestic Departure
2025-05-24 20:50:00,ماهان,IRM1079,کرمان,پرواز كرد,22,2025-05-24 21:09:00,EPMEA,RJ100,فرودگاه مهرآباد,Domestic Departure
2025-05-24 21:00:00,وارش,VRH5872,بوشهر,باطل شد,,,,B737,فرودگاه مهرآباد,Domestic Departure
2025-05-24 21:00:00,زاگرس,IZG4050,بندرعباس,پرواز كرد,4,2025-05-24 21:28:00,EPZAQ,MD83,فرودگاه مهرآباد,Domestic Departure
2025-05-24 21:05:00,یزد ایر,DZD9439,اصفهان,پرواز كرد,"14, 15",2025-05-24 21:12:00,EPDZH,146-200,فرودگاه مهرآباد,Domestic Departure
2025-05-24 21:05:00,ایران ایر,IRA3320,ساری,پایان پذیرش مسافر,3,,,F100,فرودگاه مهرآباد,Domestic Departure
2025-05-24 21:10:00,کارون,KRU2608,یزد,پرواز كرد,"16, 17",2025-05-24 21:56:00,EPJIA,737-700,فرودگاه مهرآباد,Domestic Departure
2025-05-24 21:10:00,کاسپین,CPN6900,بوشهر,پرواز كرد,"10, 11",2025-05-24 21:26:00,EPCAS,MD83,فرودگاه مهرآباد,Domestic Departure
2025-05-24 21:15:00,کیش ایر,KIS7105,آبادان,پرواز كرد,"11, 12",2025-05-24 21:33:00,EPLCK,MD83,فرودگاه مهرآباد,Domestic Departure
2025-05-24 21:30:00,آتا,TBZ5670,یزد,پرواز كرد,"12, 13",2025-05-24 21:58:00,EPTAJ,MD83,فرودگاه مهرآباد,Domestic Departure
2025-05-24 21:30:00,کیش ایر,KIS7025,كيش,پرواز كرد,"9, 10",2025-05-24 21:49:00,EPLCL,MD83,فرودگاه مهرآباد,Domestic Departure
2025-05-24 21:45:00,ایران ایر,IRA260,مشهد,پرواز كرد,"7, 8",2025-05-24 21:52:00,EPIEQ,A319,فرودگاه مهرآباد,Domestic Departure
2025-05-24 22:00:00,آتا,TBZ5627,اهواز,پرواز كرد,"24, 25",2025-05-24 22:14:00,EPTAH,737-700,فرودگاه مهرآباد,Domestic Departure
2025-05-24 22:05:00,کارون,KRU2610,دزفول,آماده پرواز,"18, 19",,EPAWZ,F100,فرودگاه مهرآباد,Domestic Departure
2025-05-24 22:20:00,آسمان,IRC824,شیراز,پایان پذیرش مسافر,27,,,F100,فرودگاه مهرآباد,Domestic Departure
2025-05-24 22:30:00,یزد ایر,DZD9443,یزد,پرواز كرد,"8, 9",2025-05-24 23:08:00,EPMOC,146-200,فرودگاه مهرآباد,Domestic Departure
2025-05-24 22:30:00,چابهار,IRU7642,اهواز,در حال سوار شدن,6,,EPSEB,MD83,فرودگاه مهرآباد,Domestic Departure
2025-05-24 22:35:00,کیش ایر,KIS7151,شیراز,پرواز كرد,"11, 12",2025-05-24 23:15:00,EPLCM,MD83,فرودگاه مهرآباد,Domestic Departure
2025-05-24 22:35:00,ماهان,IRM1071,زاهدان,پرواز كرد,24,2025-05-24 22:34:00,EPMOH,146-200,فرودگاه مهرآباد,Domestic Departure
2025-05-24 23:25:00,کارون,KRU2620,اهواز,در حال سوار شدن,"21, 22",,EPJIB,737,فرودگاه مهرآباد,Domestic Departure
2025-05-24 23:40:00,آتا,TBZ5640,تبریز,تاخیر - 02:35,11,,,MD83,فرودگاه مهرآباد,Domestic Departure
2025-05-24 23:45:00,تابان,TBN6252,مشهد,دريافت كارت پرواز,"3, 4",,,MD.88,فرودگاه مهرآباد,Domestic Departure
2025-05-24 23:50:00,ماهان,IRM1053,کرمان,آماده پرواز,25,,EPMOS,RJ85,فرودگاه مهرآباد,Domestic Departure
2025-05-24 23:50:00,فلای پرشیا,FPI7401,شیراز,پایان پذیرش مسافر,"18, 19",,,737-700,فرودگاه مهرآباد,Domestic Departure
2025-06-03 06:20:00,فلای پرشیا,FPI7439,تهران,طبق برنامه,"1, 2",,,B737,فرودگاه مشهد,Domestic Departure
2025-06-03 06:30:00,ایران ایرتور,IRB900,تبریز,طبق برنامه,,,,MD82,فرودگاه مشهد,Domestic Departure
2025-06-03 06:30:00,زاگرس,IZG4140,اصفهان,طبق برنامه,22,,,MD82,فرودگاه مشهد,Domestic Departure
2025-06-03 07:30:00,چابهار,IRU7604,كاشان,طبق برنامه,"20, 21",,,MD83,فرودگاه مشهد,Domestic Departure
2025-06-03 07:40:00,ساها,IRZ198,اصفهان,طبق برنامه,"9, 10",,,B737,فرودگاه مشهد,Domestic Departure
2025-06-03 07:45:00,هواپیمایی اطلس,ATS8296,آبادان,طبق برنامه,"5, 6",,,MD83,فرودگاه مشهد,Domestic Departure
2025-06-03 08:00:00,هواپیمایی پارس,PRS4456,آبادان,طبق برنامه,"3, 4",,,B737,فرودگاه مشهد,Domestic Departure
2025-06-03 08:45:00,اروان,INA6752,آبادان,طبق برنامه,23,,,B737,فرودگاه مشهد,Domestic Departure
2025-06-03 08:55:00,کاسپین,CPN4922,همدان,طبق برنامه,7,,,MD83,فرودگاه مشهد,Domestic Departure
2025-06-03 09:00:00,هواپیمایی پارس,PRS4479,اهواز,طبق برنامه,9,,,B737,فرودگاه مشهد,Domestic Departure
2025-06-03 09:45:00,هواپیمایی پارس,PRS5451,آغاجاری,طبق برنامه,,,,CRJ200,فرودگاه مشهد,Domestic Departure
2025-06-03 10:30:00,زاگرس,IZG4130,كيش,طبق برنامه,,,,MD82,فرودگاه مشهد,Domestic Departure
2025-06-03 10:50:00,سپهران,SHI4345,كيش,طبق برنامه,,,,B737,فرودگاه مشهد,Domestic Departure
2025-06-03 11:25:00,ماهان,IRM1041,زابل,طبق برنامه,,,,BAE100,فرودگاه مشهد,Domestic Departure
2025-06-03 11:30:00,کاسپین,CPN4916,چابهار,طبق برنامه,,,,MD83,فرودگاه مشهد,Domestic Departure
2025-06-03 11:50:00,آتا,TBZ5630,تهران,طبق برنامه,,,,MD80,فرودگاه مشهد,Domestic Departure
2025-06-03 11:50:00,آوا,AXV7731,تهران,طبق برنامه,,,,B737,فرودگاه مشهد,Domestic Departure
2025-06-03 12:00:00,کیش ایر,KIS7147,عسلویه,باطل شد,,,,MD82,فرودگاه مشهد,Domestic Departure
2025-05-25 06:00:00,ماهان,IRM0000,نا مشخص,دريافت كارت پرواز,33,,,747,فرودگاه مهرآباد,Domestic Departure
2025-06-03 12:00:00,سپهران,SHI4326,رشت,طبق برنامه,,,,B737,فرودگاه مشهد,Domestic Departure
2025-06-03 12:00:00,کیش ایر,KIS7107,بندرعباس,طبق برنامه,,,,MD82,فرودگاه مشهد,Domestic Departure
2025-06-03 12:15:00,هواپیمایی اطلس,ATS8289,تهران,طبق برنامه,,,,737-700,فرودگاه مشهد,Domestic Departure
2025-06-03 12:25:00,ساها,IRZ163,تهران,طبق برنامه,,,,B737,فرودگاه مشهد,Domestic Departure
2025-06-03 12:30:00,چابهار,IRU7661,تهران,طبق برنامه,,,,MD83,فرودگاه مشهد,Domestic Departure
2025-06-03 12:30:00,ایران ایرتور,IRB904,رشت,طبق برنامه,,,,MD82,فرودگاه مشهد,Domestic Departure
2025-06-03 12:50:00,آتا,TBZ5730,تهران,طبق برنامه,,,,MD80,فرودگاه مشهد,Domestic Departure
2025-06-03 13:00:00,آتا,TBZ5616,تبریز,طبق برنامه,,,,MD80,فرودگاه مشهد,Domestic Departure
2025-06-03 13:55:00,کاسپین,CPN025,تهران,طبق برنامه,,,,MD83,فرودگاه مشهد,Domestic Departure
2025-06-03 14:00:00,هواپیمایی پارس,PRS5401,تهران,طبق برنامه,,,,B737,فرودگاه مشهد,Domestic Departure
2025-06-03 14:25:00,اروان,INA6751,تهران,طبق برنامه,,,,B737,فرودگاه مشهد,Domestic Departure
2025-06-03 14:30:00,زاگرس,IZG4043,تهران,طبق برنامه,,,,MD82,فرودگاه مشهد,Domestic Departure
2025-06-03 15:00:00,هواپیمایی پارس,PRS4481,تهران,طبق برنامه,,,,B737,فرودگاه مشهد,Domestic Departure
2025-06-03 15:30:00,پويا,PYA2313,تهران,طبق برنامه,,,,EMB145,فرودگاه مشهد,Domestic Departure
2025-06-03 15:40:00,فلای پرشیا,FPI7441,تهران,طبق برنامه,,,,B737,فرودگاه مشهد,Domestic Departure
2025-06-03 15:45:00,وارش,VRH5877,تهران,طبق برنامه,,,,B737,فرودگاه مشهد,Domestic Departure
2025-06-03 15:45:00,کاسپین,CPN027,تهران,طبق برنامه,,,,B737,فرودگاه مشهد,Domestic Departure
2025-06-03 16:00:00,آسمان,IRC603,تهران,طبق برنامه,,,,F100,فرودگاه مشهد,Domestic Departure
2025-06-03 16:00:00,تابان,TBN6313,رشت,طبق برنامه,,,,MD.88,فرودگاه مشهد,Domestic Departure
2025-06-03 16:00:00,آتا,TBZ5750,اصفهان,طبق برنامه,,,,MD80,فرودگاه مشهد,Domestic Departure
2025-06-03 16:00:00,ایران ایرتور,IRB950,تبریز,طبق برنامه,,,,MD82,فرودگاه مشهد,Domestic Departure
2025-06-03 16:20:00,قشم ایر,QSM1275,تبریز,طبق برنامه,,,,F100,فرودگاه مشهد,Domestic Departure
2025-06-03 16:30:00,وارش,VRH5857,تهران,طبق برنامه,,,,B737,فرودگاه مشهد,Domestic Departure
2025-06-03 16:30:00,زاگرس,IZG4120,اهواز,طبق برنامه,,,,MD82,فرودگاه مشهد,Domestic Departure
2025-06-03 17:00:00,سپهران,SHI4338,اهواز,طبق برنامه,,,,B737,فرودگاه مشهد,Domestic Departure
2025-06-03 17:00:00,تابان,TBN6251,تهران,طبق برنامه,,,,MD.88,فرودگاه مشهد,Domestic Departure
2025-06-03 17:00:00,آتا,TBZ5727,کرمان,طبق برنامه,,,,MD80,فرودگاه مشهد,Domestic Departure
2025-06-03 17:30:00,وارش,VRH5804,ساری,طبق برنامه,,,,B737,فرودگاه مشهد,Domestic Departure
2025-06-03 17:30:00,ایران ایرتور,IRB967,تهران,طبق برنامه,,,,MD82,فرودگاه مشهد,Domestic Departure
2025-06-03 17:45:00,سپهران,SHI4366,آبادان,طبق برنامه,,,,B737,فرودگاه مشهد,Domestic Departure
2025-06-03 18:00:00,هواپیمایی اطلس,ATS8286,آبادان,طبق برنامه,,,,B737,فرودگاه مشهد,Domestic Departure
2025-06-03 18:00:00,کیش ایر,KIS7073,كيش,طبق برنامه,,,,MD82,فرودگاه مشهد,Domestic Departure
2025-06-03 19:00:00,آتا,TBZ5705,شیراز,طبق برنامه,,,,MD80,فرودگاه مشهد,Domestic Departure
2025-06-03 19:15:00,هواپیمایی اطلس,ATS8275,تهران,طبق برنامه,,,,RJ85,فرودگاه مشهد,Domestic Departure
2025-06-03 20:00:00,کیش ایر,KIS7010,آبادان,طبق برنامه,,,,MD82,فرودگاه مشهد,Domestic Departure
2025-06-03 20:15:00,هواپیمایی پارس,PRS4415,آبادان,طبق برنامه,,,,B737,فرودگاه مشهد,Domestic Departure
2025-06-03 20:20:00,فلای پرشیا,FPI7443,تهران,طبق برنامه,,,,B737,فرودگاه مشهد,Domestic Departure
2025-06-03 20:30:00,زاگرس,IZG4110,شیراز,طبق برنامه,,,,MD82,فرودگاه مشهد,Domestic Departure
2025-06-03 20:40:00,آتا,TBZ5620,تهران,طبق برنامه,,,,MD80,فرودگاه مشهد,Domestic Departure
2025-06-03 21:00:00,تابان,TBN6255,تهران,طبق برنامه,,,,MD.88,فرودگاه مشهد,Domestic Departure
2025-06-03 21:00:00,آتا,TBZ5647,آبادان,طبق برنامه,,,,MD80,فرودگاه مشهد,Domestic Departure
2025-06-03 21:05:00,ایران ایر,IRA335,اهواز,طبق برنامه,,,,A319,فرودگاه مشهد,Domestic Departure
2025-06-03 21:15:00,هواپیمایی پارس,PRS4401,تهران,طبق برنامه,,,,B737,فرودگاه مشهد,Domestic Departure
2025-06-03 21:30:00,تابان,TBN6325,تهران,طبق برنامه,,,,MD.88,فرودگاه مشهد,Domestic Departure
2025-06-03 21:50:00,آتا,TBZ5650,اصفهان,طبق برنامه,,,,MD80,فرودگاه مشهد,Domestic Departure
2025-06-03 22:15:00,قشم ایر,QSM1253,تهران,طبق برنامه,,,,F100,فرودگاه مشهد,Domestic Departure
2025-06-03 22:15:00,وارش,VRH5802,ساری,طبق برنامه,,,,B737,فرودگاه مشهد,Domestic Departure
2025-06-03 22:15:00,وارش,VRH5841,تهران,طبق برنامه,,,,B737,فرودگاه مشهد,Domestic Departure
2025-06-03 22:30:00,آوا,AXV7748,اهواز,طبق برنامه,,,,B737,فرودگاه مشهد,Domestic Departure
2025-06-03 22:50:00,ساها,IRZ171,تهران,طبق برنامه,,,,B737,فرودگاه مشهد,Domestic Departure
2025-06-03 23:30:00,وارش,VRH5819,تهران,طبق برنامه,,,,B737,فرودگاه مشهد,Domestic Departure
2025-06-03 23:45:00,هواپیمایی اطلس,ATS8283,تهران,طبق برنامه,,,,RJ85,فرودگاه مشهد,Domestic Departure
2025-06-03 23:50:00,هواپیمایی اطلس,ATS8279,تهران,طبق برنامه,,,,MD83,فرودگاه مشهد,Domestic Departure
2025-06-03 23:59:00,هواپیمایی اطلس,ATS8285,تهران,طبق برنامه,,,,B737,فرودگاه مشهد,Domestic Departure
2025-06-03 22:00:00,تابان,TBN7209,کراچی,پرواز كرد,1404-03-13 22:45,,A320,۱۳ خرداد ۱۴۰۴,فرودگاه مشهد,International Departure
2025-06-03 01:50:00,ترکیش,THY889,استانبول,دريافت كارت پرواز | منتظر اعلام باشید,,,A320,۱۴ خرداد ۱۴۰۴,فرودگاه مشهد,International Departure
2025-06-03 02:30:00,عراقی,IAW150,بصره,دريافت كارت پرواز,,,B737,۱۴ خرداد ۱۴۰۴,فرودگاه مشهد,International Departure
2025-06-03 03:20:00,پگاسوس,PGT521,استانبول,دريافت كارت پرواز,,,A320,۱۴ خرداد ۱۴۰۴,فرودگاه مشهد,International Departure
2025-06-03 04:00:00,سپهران,SHI7300,نجف,طبق برنامه,,,B737,۱۴ خرداد ۱۴۰۴,فرودگاه مشهد,International Departure
2025-06-03 04:30:00,تابان,TBN7207,لاهور,طبق برنامه,,,MD.88,۱۴ خرداد ۱۴۰۴,فرودگاه مشهد,International Departure
2025-06-03 04:50:00,آوا,AXV9220,بغداد,طبق برنامه,,,B737,۱۴ خرداد ۱۴۰۴,فرودگاه مشهد,International Departure
2025-06-03 05:10:00,سپهران,SHI7304,بغداد,طبق برنامه,,,B737,۱۴ خرداد ۱۴۰۴,فرودگاه مشهد,International Departure
2025-06-03 05:15:00,سپهران,SHI7310,نجف,طبق برنامه,,,B737,۱۴ خرداد ۱۴۰۴,فرودگاه مشهد,International Departure
2025-06-03 07:00:00,آوا,AXV9204,نجف,طبق برنامه,,,A310,۱۴ خرداد ۱۴۰۴,فرودگاه مشهد,International Departure
2025-06-03 08:00:00,وارش,VRH6846,کویت,طبق برنامه | بدون مسافر,,,B737,۱۴ خرداد ۱۴۰۴,فرودگاه مشهد,International Departure
2025-06-03 08:15:00,تابان,TBN7263,نجف,طبق برنامه,,,A320,۱۴ خرداد ۱۴۰۴,فرودگاه مشهد,International Departure
2025-06-03 09:00:00,وارش,VRH6815,کویت,طبق برنامه | بدون مسافر,,,B737,۱۴ خرداد ۱۴۰۴,فرودگاه مشهد,International Departure
2025-06-03 09:30:00,وارش,VRH6833,کویت,طبق برنامه,,,B737,۱۴ خرداد ۱۴۰۴,فرودگاه مشهد,International Departure
2025-06-03 09:30:00,عراقی,IAW162,بغداد,طبق برنامه,,,B737,۱۴ خرداد ۱۴۰۴,فرودگاه مشهد,International Departure
2025-06-03 09:30:00,آریانا افغان,AFG702,کابل,طبق برنامه,,,A310,۱۴ خرداد ۱۴۰۴,فرودگاه مشهد,International Departure
2025-06-03 09:35:00,سپهران,SHI7306,کویت,طبق برنامه,,,B737,۱۴ خرداد ۱۴۰۴,فرودگاه مشهد,International Departure
2025-06-03 10:30:00,وارش,VRH6854,کویت,طبق برنامه,,,B737,۱۴ خرداد ۱۴۰۴,فرودگاه مشهد,International Departure
2025-06-03 10:30:00,عراقی,IAW118,نجف,طبق برنامه,,,B737,۱۴ خرداد ۱۴۰۴,فرودگاه مشهد,International Departure
2025-06-03 10:50:00,سپهران,SHI7308,کویت,طبق برنامه,,,B737,۱۴ خرداد ۱۴۰۴,فرودگاه مشهد,International Departure
2025-06-03 11:15:00,جزیره,JZR154,کویت,طبق برنامه,,,A320,۱۴ خرداد ۱۴۰۴,فرودگاه مشهد,International Departure
2025-06-03 12:30:00,سپهران,SHI7376,کویت,طبق برنامه,,,B737,۱۴ خرداد ۱۴۰۴,فرودگاه مشهد,International Departure
2025-06-03 12:55:00,زاگرس,IZG3040,نجف,طبق برنامه,,,A319,۱۴ خرداد ۱۴۰۴,فرودگاه مشهد,International Departure
2025-06-03 14:10:00,کویت,KAC512,کویت,طبق برنامه,,,A320,۱۴ خرداد ۱۴۰۴,فرودگاه مشهد,International Departure
2025-06-03 14:25:00,العربیه,ABY206,شارجه,طبق برنامه,,,B737,۱۴ خرداد ۱۴۰۴,فرودگاه مشهد,International Departure
2025-06-03 14:45:00,جزیره,JZR152,کویت,طبق برنامه,,,A320,۱۴ خرداد ۱۴۰۴,فرودگاه مشهد,International Departure
2025-06-03 15:35:00,فلای دبی,FDB254,دبی,طبق برنامه,,,737-800,۱۴ خرداد ۱۴۰۴,فرودگاه مشهد,International Departure
2025-06-03 16:30:00,وارش,VRH6850,کویت,طبق برنامه,,,B737,۱۴ خرداد ۱۴۰۴,فرودگاه مشهد,International Departure
2025-06-03 16:55:00,سپهران,SHI7346,بغداد,طبق برنامه,,,B737,۱۴ خرداد ۱۴۰۴,فرودگاه مشهد,International Departure
2025-06-03 17:00:00,معراج,MRJ4815,بغداد,طبق برنامه,,,A320,۱۴ خرداد ۱۴۰۴,فرودگاه مشهد,International Departure
2025-06-03 17:30:00,آوا,AXV9212,نجف,طبق برنامه,,,A310,۱۴ خرداد ۱۴۰۴,فرودگاه مشهد,International Departure
2025-06-03 18:55:00,سپهران,SHI7354,بغداد,طبق برنامه,,,B737,۱۴ خرداد ۱۴۰۴,فرودگاه مشهد,International Departure
2025-06-03 19:30:00,سپهران,SHI7330,نجف,طبق برنامه,,,B737,۱۴ خرداد ۱۴۰۴,فرودگاه مشهد,International Departure
2025-06-03 19:30:00,سپهران,SHI7350,نجف,طبق برنامه,,,B737,۱۴ خرداد ۱۴۰۴,فرودگاه مشهد,International Departure
2025-06-03 19:35:00,فلای دبی,FDB252,دبی,طبق برنامه,,,737-800,۱۴ خرداد ۱۴۰۴,فرودگاه مشهد,International Departure
2025-06-03 19:50:00,ایران ایر,IRA673,نجف,طبق برنامه,,,AB6,۱۴ خرداد ۱۴۰۴,فرودگاه مشهد,International Departure
2025-06-03 23:05:00,العربیه,ABY208,شارجه,طبق برنامه,,,A321,۱۴ خرداد ۱۴۰۴,فرودگاه مشهد,International Departure
2025-06-03 12:00:00,فلای پرشیا,FPI7404,تهران,پروازکرد12:08,1-2,2025-06-03 12:08:00,,737,فرودگاه شيراز,Domestic Departure
2025-06-03 12:15:00,کاسپین,CPN039,تهران,پروازکرد12:12,4-6,2025-06-03 12:12:00,,MD83,فرودگاه شيراز,Domestic Departure
2025-06-03 13:00:00,تابان,TBN6232,مشهد,پروازکرد13:43,14-15,2025-06-03 13:43:00,,MD.88,فرودگاه شيراز,Domestic Departure
2025-06-03 14:05:00,ساها,IRZ180,مشهد,پروازکرد14:17,3-4,2025-06-03 14:17:00,,737,فرودگاه شيراز,Domestic Departure
2025-06-03 17:40:00,قشم,QSM1228,كيش,پروازکرد17:45,3-4,2025-06-03 17:45:00,,100,فرودگاه شيراز,Domestic Departure
2025-06-03 18:00:00,آسمان,IRC3890,اهواز,پروازکرد18:10,16-17,2025-06-03 18:10:00,,100,فرودگاه شيراز,Domestic Departure
2025-06-03 18:20:00,آتا,TBZ5612,تهران,پروازکرد18:21,11-12,2025-06-03 18:21:00,,MD83,فرودگاه شيراز,Domestic Departure
2025-06-03 19:10:00,آتا,TBZ5624,تهران,پروازکرد19:24,14-15,2025-06-03 19:24:00,,MD83,فرودگاه شيراز,Domestic Departure
2025-06-03 21:00:00,کیش ایر,KIS7061,كيش,پروازکرد22:57,3-4,2025-06-03 22:57:00,,MD83,فرودگاه شيراز,Domestic Departure
2025-06-03 21:45:00,کیش ایر,KIS7058,مشهد,آماده پرواز,1-2,,,MD82,فرودگاه شيراز,Domestic Departure
2025-06-03 22:00:00,ساها,IRZ157,تهران,پروازکرد22:18,1-2,2025-06-03 22:18:00,,737,فرودگاه شيراز,Domestic Departure
2025-06-03 22:30:00,ایران ایرتور,IRB925,مشهد,پروازکرد23:42,7-8,2025-06-03 23:42:00,,MD82,فرودگاه شيراز,Domestic Departure
2025-06-03 23:30:00,وارش,VRH5845,ساری,آماده پرواز,14-15,,,B737-400,فرودگاه شيراز,Domestic Departure
2025-06-03 23:59:00,پارس,PRS4427,تهران,در حال سوار شدن,5,,,CRJ200,فرودگاه شيراز,Domestic Departure
2025-06-04 00:20:00,چابهار,IRU7665A,تهران,پایان پذیرش مسافر,11-12,,,MDC-DC-9-82,فرودگاه شيراز,Domestic Departure
2025-06-04 08:10:00,چابهار,IRU7627,تهران,طبق برنامه,,,,MD82,فرودگاه شيراز,Domestic Departure
2025-06-04 08:45:00,ایران ایر,236a,بندرلنگه,طبق برنامه,,,,100,فرودگاه شيراز,Domestic Departure
2025-06-04 11:15:00,کارون,KRU2579,لاوان,طبق برنامه,,,,100,فرودگاه شيراز,Domestic Departure
2025-05-24 19:50:00,آسمان,IRC601,تهران,پرواز كرد,"3, 4",2025-05-24 22:05:00,,F100,فرودگاه مشهد,Domestic Departure
2025-05-24 20:10:00,چابهار,IRU7651,تهران,پرواز كرد,23,2025-05-24 21:31:00,,MD83,فرودگاه مشهد,Domestic Departure
2025-05-24 20:30:00,زاگرس,IZG4110,شیراز,پرواز كرد,"20, 21",2025-05-24 20:41:00,,MD82,فرودگاه مشهد,Domestic Departure
2025-05-24 21:15:00,هواپیمایی اطلس,ATS8285,تهران,پرواز كرد,"7, 8",2025-05-24 22:00:00,,737,فرودگاه مشهد,Domestic Departure
2025-05-24 21:15:00,کاسپین,CPN6954,بندرعباس,پرواز كرد,"9, 10",2025-05-24 21:39:00,,MD82,فرودگاه مشهد,Domestic Departure
2025-05-24 21:30:00,تابان,TBN6325,تهران,پرواز كرد,22,2025-05-24 23:18:00,,MD.88,فرودگاه مشهد,Domestic Departure
2025-05-24 21:30:00,فلای پرشیا,FPI7439,تهران,پرواز كرد,"5, 6",2025-05-24 22:13:00,,B737,فرودگاه مشهد,Domestic Departure
2025-05-24 22:00:00,وارش,VRH5854,اصفهان,آماده پرواز,23,,,B737,فرودگاه مشهد,Domestic Departure
2025-05-24 22:15:00,هواپیمایی پارس,PRS4415,آبادان,پرواز كرد,"9, 10",2025-05-24 22:32:00,,B737,فرودگاه مشهد,Domestic Departure
2025-05-24 22:20:00,آسمان,IRC837,اهواز,پرواز كرد,"3, 4",2025-05-24 22:39:00,,F100,فرودگاه مشهد,Domestic Departure
2025-05-24 22:30:00,سپاه,SEP2703,تهران,پایان پذیرش مسافر,30,,,IL76,فرودگاه مشهد,Domestic Departure
2025-05-24 22:50:00,سپهران,SHI4366,آبادان,پرواز كرد,"5, 6",2025-05-24 22:58:00,,B737,فرودگاه مشهد,Domestic Departure
2025-05-24 23:00:00,آتا,TBZ5620,تهران,دريافت كارت پرواز,"11, 12",,,MD80,فرودگاه مشهد,Domestic Departure
2025-05-24 23:00:00,تابان,TBN6217,آبادان,پرواز كرد,21,2025-05-24 23:33:00,,MD.88,فرودگاه مشهد,Domestic Departure
2025-05-24 23:50:00,کاسپین,CPN027,تهران,در حال سوار شدن,"6, 7, 8",,,B737,فرودگاه مشهد,Domestic Departure
2025-05-25 00:15:00,ایران ایر,IRA261,تهران,دريافت كارت پرواز,"25, 26, 27",,,A319,فرودگاه مشهد,Domestic Departure
2025-05-25 02:30:00,کیش ایر,KIS7068,تهران,طبق برنامه,"3, 4",,,MD82,فرودگاه مشهد,Domestic Departure
2025-05-25 03:00:00,وارش,VRH5910,ساری,تاخیر - 04:30,21,,,B737,فرودگاه مشهد,Domestic Departure
2025-05-25 03:00:00,وارش,VRH5841,تهران,طبق برنامه,23,,,B737,فرودگاه مشهد,Domestic Departure
2025-05-25 04:00:00,زاگرس,IZG4104,ایلام,طبق برنامه,22,,,MD82,فرودگاه مشهد,Domestic Departure
2025-05-25 05:00:00,تابان,TBN6215,اهواز,طبق برنامه,20,,,MD.88,فرودگاه مشهد,Domestic Departure
2025-05-25 05:30:00,آتا,TBZ5650,اصفهان,طبق برنامه,,,,MD80,فرودگاه مشهد,Domestic Departure
2025-05-25 06:00:00,آتا,TBZ5720,تهران,طبق برنامه,,,,MD80,فرودگاه مشهد,Domestic Departure
2025-05-25 06:00:00,ایران ایرتور,IRB982,بوشهر,طبق برنامه,,,,MD82,فرودگاه مشهد,Domestic Departure
2025-05-25 06:00:00,سپهران,SHI4358,کرمانشاه,طبق برنامه,"5, 6",,,B737,فرودگاه مشهد,Domestic Departure
2025-05-25 06:30:00,زاگرس,IZG4043,تهران,طبق برنامه,23,,,MD82,فرودگاه مشهد,Domestic Departure
2025-05-25 06:30:00,آتا,TBZ5620,تهران,طبق برنامه,,,,MD80,فرودگاه مشهد,Domestic Departure
2025-05-25 07:30:00,آوا,AXV7750,كيش,طبق برنامه,"5, 6",,,B737,فرودگاه مشهد,Domestic Departure
2025-05-25 07:30:00,کاسپین,CPN4916,چابهار,طبق برنامه,"3, 4",,,MD82,فرودگاه مشهد,Domestic Departure
2025-05-25 08:00:00,هواپیمایی پارس,PRS4456,آبادان,طبق برنامه,"9, 10",,,B737,فرودگاه مشهد,Domestic Departure
2025-05-25 08:00:00,ایران ایرتور,IRB950,تبریز,طبق برنامه,,,,MD82,فرودگاه مشهد,Domestic Departure
2025-05-25 08:30:00,چابهار,IRU7654,آبادان,طبق برنامه,21,,,MD83,فرودگاه مشهد,Domestic Departure
2025-05-25 08:40:00,هواپیمایی اطلس,ATS8279,تهران,طبق برنامه,"3, 4",,,MD83,فرودگاه مشهد,Domestic Departure
2025-05-25 08:45:00,اروان,INA6752,آبادان,طبق برنامه,22,,,B737,فرودگاه مشهد,Domestic Departure
2025-05-25 08:50:00,ماهان,IRM1098,اردبیل,طبق برنامه,7,,,BAE100,فرودگاه مشهد,Domestic Departure
2025-05-25 10:20:00,ماهان,IRM1058,کرمان,طبق برنامه,,,,BAE100,فرودگاه مشهد,Domestic Departure
2025-05-25 10:30:00,آتا,TBZ5699,تهران,طبق برنامه,,,,MD80,فرودگاه مشهد,Domestic Departure
2025-05-25 10:30:00,زاگرس,IZG4130,كيش,طبق برنامه,,,,MD82,فرودگاه مشهد,Domestic Departure
2025-05-25 10:50:00,ماهان,IRM1038,تهران,طبق برنامه,,,,RJ100,فرودگاه مشهد,Domestic Departure
2025-05-25 11:30:00,ساها,IRZ171,تهران,باطل شد,,,,B737,فرودگاه مشهد,Domestic Departure
2025-05-25 11:30:00,کیش ایر,KIS7147,عسلویه,طبق برنامه,,,,MD82,فرودگاه مشهد,Domestic Departure
2025-05-25 11:45:00,هواپیمایی اطلس,ATS8275,تهران,طبق برنامه,,,,RJ85,فرودگاه مشهد,Domestic Departure
2025-05-25 11:45:00,کارون,KRU2588,عسلویه,طبق برنامه,,,,F100,فرودگاه مشهد,Domestic Departure
2025-05-25 11:50:00,پويا,PYA2313,تهران,طبق برنامه,,,,EMB145,فرودگاه مشهد,Domestic Departure
2025-05-25 12:00:00,چابهار,IRU7641,تهران,طبق برنامه,,,,MD83,فرودگاه مشهد,Domestic Departure
2025-05-25 12:00:00,ایران ایرتور,IRB900,تبریز,طبق برنامه,,,,MD82,فرودگاه مشهد,Domestic Departure
2025-05-25 12:15:00,کیش ایر,KIS7107,بندرعباس,طبق برنامه,,,,MD82,فرودگاه مشهد,Domestic Departure
2025-05-25 12:20:00,آتا,TBZ5614,تهران,طبق برنامه,,,,MD80,فرودگاه مشهد,Domestic Departure
2025-05-25 12:30:00,سپهران,SHI4356,تبریز,طبق برنامه,,,,B737,فرودگاه مشهد,Domestic Departure
2025-05-25 12:30:00,وارش,VRH5802,ساری,طبق برنامه,,,,B737,فرودگاه مشهد,Domestic Departure
2025-05-25 13:00:00,آتا,TBZ5630,تهران,طبق برنامه,,,,MD80,فرودگاه مشهد,Domestic Departure
2025-05-25 13:00:00,چابهار,IRU7611,تهران,طبق برنامه,,,,MD82,فرودگاه مشهد,Domestic Departure
2025-05-25 13:05:00,کاسپین,CPN027,تهران,طبق برنامه,,,,MD82,فرودگاه مشهد,Domestic Departure
2025-05-25 13:15:00,سپهران,SHI4326,رشت,طبق برنامه,,,,B737,فرودگاه مشهد,Domestic Departure
2025-05-25 14:00:00,هواپیمایی پارس,PRS4455,تهران,طبق برنامه,,,,B737,فرودگاه مشهد,Domestic Departure
2025-05-25 14:00:00,ایران ایرتور,IRB904,رشت,طبق برنامه,,,,MD82,فرودگاه مشهد,Domestic Departure
2025-05-25 14:25:00,اروان,INA6751,تهران,طبق برنامه,,,,B737,فرودگاه مشهد,Domestic Departure
2025-05-25 14:30:00,چابهار,IRU7661,تهران,طبق برنامه,,,,MD83,فرودگاه مشهد,Domestic Departure
2025-05-25 14:45:00,ماهان,IRM1032,تهران,طبق برنامه,,,,BAE100,فرودگاه مشهد,Domestic Departure
2025-05-25 15:00:00,وارش,VRH5903,تهران,طبق برنامه,,,,B737,فرودگاه مشهد,Domestic Departure
2025-05-25 15:30:00,آتا,TBZ5651,اصفهان,طبق برنامه,,,,MD80,فرودگاه مشهد,Domestic Departure
2025-05-25 15:45:00,تابان,TBN6255,تهران,طبق برنامه,,,,MD.88,فرودگاه مشهد,Domestic Departure
2025-05-25 16:00:00,سپهران,SHI4366,آبادان,طبق برنامه,,,,B737,فرودگاه مشهد,Domestic Departure
2025-05-25 16:15:00,هواپیمایی پارس,PRS4481,تهران,طبق برنامه,,,,B737,فرودگاه مشهد,Domestic Departure
2025-05-25 16:30:00,وارش,VRH5810,اهواز,طبق برنامه,,,,B737,فرودگاه مشهد,Domestic Departure
2025-05-25 16:30:00,آتا,TBZ5750,اصفهان,طبق برنامه,,,,MD80,فرودگاه مشهد,Domestic Departure
2025-05-25 16:30:00,زاگرس,IZG4120,اهواز,طبق برنامه,,,,MD82,فرودگاه مشهد,Domestic Departure
2025-05-25 16:40:00,آوا,AXV7710,آبادان,طبق برنامه,,,,B737,فرودگاه مشهد,Domestic Departure
2025-05-25 17:00:00,آتا,TBZ5717,رشت,طبق برنامه,,,,MD80,فرودگاه مشهد,Domestic Departure
2025-05-25 17:00:00,تابان,TBN6251,تهران,طبق برنامه,,,,MD.88,فرودگاه مشهد,Domestic Departure
2025-05-25 18:15:00,کیش ایر,KIS7073,كيش,طبق برنامه,,,,MD82,فرودگاه مشهد,Domestic Departure
2025-05-25 18:25:00,کاسپین,CPN4922,همدان,طبق برنامه,,,,MD82,فرودگاه مشهد,Domestic Departure
2025-05-25 18:30:00,ایران ایرتور,IRB967,تهران,طبق برنامه,,,,MD82,فرودگاه مشهد,Domestic Departure
2025-05-25 18:45:00,هواپیمایی اطلس,ATS8286,آبادان,طبق برنامه,,,,737,فرودگاه مشهد,Domestic Departure
2025-05-25 19:45:00,آسمان,IRC601,تهران,طبق برنامه,,,,F100,فرودگاه مشهد,Domestic Departure
2025-06-03 12:55:00,فلای دبی,FDB242,دبی,پروازکرد12:42,12:42,,737,2025-06-05,فرودگاه شيراز,International Departure
2025-06-03 13:55:00,العربیه,ABY214,شارجه,پروازکرد14:52,14:52,,A320,2025-06-05,فرودگاه شيراز,International Departure
2025-06-03 14:15:00,کاسپین,CPN047,تهران,پروازکرد14:15,4-5,2025-06-03 14:15:00,,737,فرودگاه تبريز,Domestic Departure
2025-06-03 14:15:00,کیش ایر,KIS7017,بندرعباس,باطل شد,,,,MD83,فرودگاه تبريز,Domestic Departure
2025-06-03 15:00:00,ایران ایرتور,IRB901,مشهد,پروازکرد15:05,13-14,2025-06-03 15:05:00,,MDC-DC-9-82,فرودگاه تبريز,Domestic Departure
2025-06-03 16:00:00,آتا,TBZ5645,تهران,پروازکرد17:20,8-9,2025-06-03 17:20:00,,MD83,فرودگاه تبريز,Domestic Departure
2025-05-25 01:50:00,ترکیش,THY889,استانبول,دريافت كارت پرواز,,,A320,۴ خرداد ۱۴۰۴,فرودگاه مشهد,International Departure
2025-05-25 02:30:00,عراقی,IAW150,بصره,دريافت كارت پرواز,,,B737,۴ خرداد ۱۴۰۴,فرودگاه مشهد,International Departure
2025-05-25 02:45:00,قطر,QTR493,دوحه,دريافت كارت پرواز,,,A320,۴ خرداد ۱۴۰۴,فرودگاه مشهد,International Departure
2025-05-25 03:20:00,پگاسوس,PGT521,استانبول,طبق برنامه,,,A320,۴ خرداد ۱۴۰۴,فرودگاه مشهد,International Departure
2025-05-25 04:00:00,تابان,TBN7207,لاهور,طبق برنامه,,,MD.88,۴ خرداد ۱۴۰۴,فرودگاه مشهد,International Departure
2025-05-25 05:00:00,سپهران,SHI7300,نجف,طبق برنامه,,,B737,۴ خرداد ۱۴۰۴,فرودگاه مشهد,International Departure
2025-05-25 05:15:00,تابان,TBN7263,نجف,طبق برنامه,,,A320,۴ خرداد ۱۴۰۴,فرودگاه مشهد,International Departure
2025-05-25 05:40:00,سپهران,SHI7346,بغداد,طبق برنامه,,,B737,۴ خرداد ۱۴۰۴,فرودگاه مشهد,International Departure
2025-05-25 05:40:00,سپهران,SHI7310,نجف,طبق برنامه,,,B737,۴ خرداد ۱۴۰۴,فرودگاه مشهد,International Departure
2025-05-25 06:30:00,سپهران,SHI7304,بغداد,طبق برنامه,,,B737,۴ خرداد ۱۴۰۴,فرودگاه مشهد,International Departure
2025-05-25 07:00:00,آوا,AXV9204,نجف,طبق برنامه,,,A310,۴ خرداد ۱۴۰۴,فرودگاه مشهد,International Departure
2025-05-25 09:05:00,کام ایر,KMF7708,مزارشریف,طبق برنامه,,,B737,۴ خرداد ۱۴۰۴,فرودگاه مشهد,International Departure
2025-05-25 10:30:00,عراقی,IAW162,بغداد,طبق برنامه,,,B737,۴ خرداد ۱۴۰۴,فرودگاه مشهد,International Departure
2025-05-25 12:30:00,سپهران,SHI7312,مسقط,طبق برنامه,,,B737,۴ خرداد ۱۴۰۴,فرودگاه مشهد,International Departure
2025-05-25 13:05:00,هواپیمایی ناس,KNE8548,جده,طبق برنامه,,,A.330,۴ خرداد ۱۴۰۴,فرودگاه مشهد,International Departure
2025-05-25 14:25:00,العربیه,ABY206,شارجه,طبق برنامه,,,B737,۴ خرداد ۱۴۰۴,فرودگاه مشهد,International Departure
2025-05-25 14:40:00,آوا,AXV9220,بغداد,طبق برنامه,,,A310,۴ خرداد ۱۴۰۴,فرودگاه مشهد,International Departure
2025-05-25 14:45:00,جزیره,JZR152,کویت,طبق برنامه,,,A320,۴ خرداد ۱۴۰۴,فرودگاه مشهد,International Departure
2025-05-25 15:05:00,کام ایر,KMF7702,کابل,طبق برنامه,,,B737,۴ خرداد ۱۴۰۴,فرودگاه مشهد,International Departure
2025-05-25 15:45:00,معراج,MRJ4801,نجف,طبق برنامه,,,A320,۴ خرداد ۱۴۰۴,فرودگاه مشهد,International Departure
2025-05-25 18:05:00,هواپیمایی ناس,KNE8484,جده,طبق برنامه,,,A.330,۴ خرداد ۱۴۰۴,فرودگاه مشهد,International Departure
2025-05-25 19:00:00,سپهران,SHI7330,نجف,طبق برنامه,,,B737,۴ خرداد ۱۴۰۴,فرودگاه مشهد,International Departure
2025-05-25 19:15:00,سپهران,SHI7354,بغداد,طبق برنامه,,,B737,۴ خرداد ۱۴۰۴,فرودگاه مشهد,International Departure
2025-05-25 19:35:00,فلای دبی,FDB252,دبی,طبق برنامه,,,737-800,۴ خرداد ۱۴۰۴,فرودگاه مشهد,International Departure
2025-05-25 19:40:00,سپهران,SHI7350,نجف,طبق برنامه,,,B737,۴ خرداد ۱۴۰۴,فرودگاه مشهد,International Departure
2025-05-25 21:30:00,ایران ایر,IRA816,کراچی,طبق برنامه,,,A319,۴ خرداد ۱۴۰۴,فرودگاه مشهد,International Departure
2025-05-24 10:45:00,کارون,KRU2564,سیری,پروازکرد13:55,1,2025-05-24 13:55:00,,100,فرودگاه شيراز,Domestic Departure
2025-05-24 12:50:00,قشم,QSM1228,كيش,پروازکرد15:05,3-4,2025-05-24 15:05:00,,100,فرودگاه شيراز,Domestic Departure
2025-05-24 12:50:00,آتا,TBZ5612,تهران,پروازکرد12:53,11-12,2025-05-24 12:53:00,,MD83,فرودگاه شيراز,Domestic Departure
2025-05-24 13:55:00,کارون,KRU2503,خارگ,پروازکرد16:48,1-2,2025-05-24 16:48:00,,,فرودگاه شيراز,Domestic Departure
2025-05-24 16:50:00,فلای پرشیا,FPI7404,تهران,آماده پرواز,3-4,,,737,فرودگاه شيراز,Domestic Departure
2025-05-24 18:00:00,آسمان,IRC3826,اهواز,پروازکرد18:28,16-17,2025-05-24 18:28:00,,100,فرودگاه شيراز,Domestic Departure
2025-05-24 19:40:00,آتا,TBZ5624,تهران,پروازکرد19:50,11-12,2025-05-24 19:50:00,,MD83,فرودگاه شيراز,Domestic Departure
2025-05-24 21:00:00,کارون,KRU2629,تهران,پروازکرد21:56,3-4,2025-05-24 21:56:00,,100,فرودگاه شيراز,Domestic Departure
2025-05-24 22:00:00,ایران ایرتور,IRB925,مشهد,پروازکرد22:04,7-8,2025-05-24 22:04:00,,MD82,فرودگاه شيراز,Domestic Departure
2025-05-24 22:00:00,ساها,IRZ157,تهران,پروازکرد23:07,1-2,2025-05-24 23:07:00,,737,فرودگاه شيراز,Domestic Departure
2025-05-24 23:15:00,زاگرس,IZG4111,مشهد,پروازکرد23:20,11-12,2025-05-24 23:20:00,,MD82,فرودگاه شيراز,Domestic Departure
2025-05-25 00:45:00,کیش ایر,KIS7150a,تهران,پذیرش مسافر,3-4,,,MD82,فرودگاه شيراز,Domestic Departure
2025-05-25 00:45:00,آسمان,IRC825,تهران,تاخیردارد01:30,,,,100,فرودگاه شيراز,Domestic Departure
2025-06-03 17:30:00,آتا,TBZ5639,تهران,پروازکرد17:35,8-9,2025-06-03 17:35:00,,MD83,فرودگاه تبريز,Domestic Departure
2025-05-25 06:45:00,ساها,IRZ159,تهران,باطل شد,,,,737,فرودگاه شيراز,Domestic Departure
2025-05-25 07:00:00,کاسپین,CPN6948,عسلویه,طبق برنامه,,,,MD82,فرودگاه شيراز,Domestic Departure
2025-05-25 07:25:00,چابهار,IRU7647,تهران,طبق برنامه,,,,MD83,فرودگاه شيراز,Domestic Departure
2025-05-25 08:40:00,فلای پرشیا,FPI7422,عسلویه,طبق برنامه,,,,737,فرودگاه شيراز,Domestic Departure
2025-05-25 09:15:00,ایران ایر,IRA3499,تهران,طبق برنامه,,,,A319,فرودگاه شيراز,Domestic Departure
2025-05-25 09:45:00,کیش ایر,KIS7177,عسلویه,طبق برنامه,,,,MD83,فرودگاه شيراز,Domestic Departure
2025-05-25 09:50:00,آسمان,IRC3940,رشت,طبق برنامه,,,,100,فرودگاه شيراز,Domestic Departure
2025-05-25 10:15:00,کاسپین,CPN049,تهران,طبق برنامه,,,,MD83,فرودگاه شيراز,Domestic Departure
2025-05-25 11:10:00,آتا,TBZ5612,تهران,طبق برنامه,,,,MD83,فرودگاه شيراز,Domestic Departure
2025-06-03 19:00:00,آتا,TBZ5667,تهران,پروازکرد22:05,8-9,2025-06-03 22:05:00,,MD83,فرودگاه تبريز,Domestic Departure
2025-06-03 20:10:00,ایران ایرتور,IRB947,تهران,پروازکرد20:30,13-14,2025-06-03 20:30:00,,MD80,فرودگاه تبريز,Domestic Departure
2025-06-03 20:50:00,ماهان,IRM1001,تهران,پروازکرد21:20,2-3,2025-06-03 21:20:00,,RJ100,فرودگاه تبريز,Domestic Departure
2025-05-24 12:35:00,ایران ایر,IRA3502,مدینه,پروازکرد13:22,13:22,,A310,2025-05-26,فرودگاه شيراز,International Departure
2025-05-24 12:55:00,فلای دبی,FDB242,دبی,پروازکرد13:27,13:27,,737,2025-05-26,فرودگاه شيراز,International Departure
2025-05-24 16:55:00,جزیره,JZR182,کویت,پروازکرد17:10,17:10,,A320,2025-05-26,فرودگاه شيراز,International Departure
2025-05-24 21:10:00,سلام ایر,OMS556,مسقط,پروازکرد21:30,21:30,,737,2025-05-26,فرودگاه شيراز,International Departure
2025-05-25 01:55:00,ترکیش,THY885,استانبول,پذیرش مسافر,,,A321,2025-05-26,فرودگاه شيراز,International Departure
2025-05-25 05:10:00,قطر,QTR477,دوحه,طبق برنامه,,,A320,2025-05-26,فرودگاه شيراز,International Departure
2025-05-25 05:50:00,پگاسوس,PGT525,استانبول(صابیحا),طبق برنامه,,,A320,2025-05-26,فرودگاه شيراز,International Departure
2025-05-25 08:35:00,ایران ایر,IRA3608,مدینه,طبق برنامه,,,A310,2025-05-26,فرودگاه شيراز,International Departure
2025-05-25 12:55:00,فلای دبی,FDB242,دبی,طبق برنامه,,,737,2025-05-26,فرودگاه شيراز,International Departure
2025-05-25 13:15:00,قشم,QSM2204,دبی,طبق برنامه,,,A320,2025-05-26,فرودگاه شيراز,International Departure
2025-05-25 13:55:00,العربیه,ABY214,شارجه,طبق برنامه,,,A320,2025-05-26,فرودگاه شيراز,International Departure
2025-05-25 16:35:00,ایران ایر,IRA3602,مدینه,طبق برنامه,,,A310,2025-05-26,فرودگاه شيراز,International Departure
2025-05-24 12:55:00,قشم,QSM1272,تهران,پروازکرد13:10,4-5,2025-05-24 13:10:00,,100,فرودگاه تبريز,Domestic Departure
2025-05-24 14:35:00,کاسپین,CPN6946,عسلویه,پروازکرد14:35,4-5,2025-05-24 14:35:00,,737,فرودگاه تبريز,Domestic Departure
2025-05-24 16:00:00,پويا,PYA2331,تهران,پروازکرد16:45,5,2025-05-24 16:45:00,,EMB145,فرودگاه تبريز,Domestic Departure
2025-05-24 16:00:00,آتا,TBZ5645,تهران,پروازکرد16:35,8-9,2025-05-24 16:35:00,,MD83,فرودگاه تبريز,Domestic Departure
2025-05-24 17:30:00,آتا,TBZ5639,تهران,پروازکرد20:10,8-9,2025-05-24 20:10:00,,MD83,فرودگاه تبريز,Domestic Departure
2025-05-24 18:00:00,ایران ایرتور,IRB947,تهران,پروازکرد18:05,13-14,2025-05-24 18:05:00,,MD83,فرودگاه تبريز,Domestic Departure
2025-05-24 19:00:00,ایران ایرتور,IRB910,شیراز,پروازکرد19:20,12-13,2025-05-24 19:20:00,,MD83,فرودگاه تبريز,Domestic Departure
2025-05-24 19:00:00,آتا,TBZ5667,تهران,پروازکرد19:25,8-9,2025-05-24 19:25:00,,MD83,فرودگاه تبريز,Domestic Departure
2025-05-25 08:40:00,کارون,KRU2656,اهواز,طبق برنامه,,,,737,فرودگاه تبريز,Domestic Departure
2025-05-25 11:50:00,کاسپین,CPN6946,عسلویه,طبق برنامه,,,,737,فرودگاه تبريز,Domestic Departure
2025-05-25 13:00:00,آتا,TBZ5661,تهران,طبق برنامه,,,,EMB145,فرودگاه تبريز,Domestic Departure
2025-05-25 13:00:00,ایران ایرتور,IRB947,تهران,طبق برنامه,,,,MD80,فرودگاه تبريز,Domestic Departure
2025-05-25 15:00:00,ایران ایرتور,IRB901,مشهد,طبق برنامه,,,,MDC-DC-9-82,فرودگاه تبريز,Domestic Departure
2025-05-25 15:40:00,سپهران,SHI4357,مشهد,طبق برنامه,,,,733,فرودگاه تبريز,Domestic Departure
2025-05-25 07:00:00,آتا,TBZ6601,استانبول,طبق برنامه,,,MD83,2025-05-26,فرودگاه تبريز,International Departure
2025-05-25 07:15:00,ترکیش,TK883,استانبول,طبق برنامه,,,A320,2025-05-26,فرودگاه تبريز,International Departure
2025-05-25 10:45:00,ایران ایرتور,IRB9709,استانبول,طبق برنامه,,,A300-600,2025-05-26,فرودگاه تبريز,International Departure
2025-05-24 14:05:00,ایران ایر,IRA3311,تهران,پروازکرد14:10,11,2025-05-24 14:10:00,,ATR,فرودگاه اصفهان,Domestic Departure
2025-05-24 17:20:00,رایمون,RAI7513,تهران,پروازکرد17:20,16,2025-05-24 17:20:00,,EMB145,فرودگاه اصفهان,Domestic Departure
2025-05-24 18:30:00,آتا,TBZ5676,مشهد,پروازکرد18:35,14-15,2025-05-24 18:35:00,,MD80,فرودگاه اصفهان,Domestic Departure
2025-05-24 20:00:00,ایران ایر,IRA253,تهران,پروازکرد20:05,11-12,2025-05-24 20:05:00,,A319,فرودگاه اصفهان,Domestic Departure
2025-05-24 20:30:00,تابان,TBN6210,مشهد,پروازکرد20:45,14-15,2025-05-24 20:45:00,,MD80,فرودگاه اصفهان,Domestic Departure
2025-05-24 22:50:00,یزد ایر,DZD9438,تهران,پروازکرد22:50,1-2,2025-05-24 22:50:00,,RJ100,فرودگاه اصفهان,Domestic Departure
2025-05-24 23:05:00,کارون,KRU2622,اهواز,تاخیردارد23:55 | پذیرش مسافر,2-3,,,100,فرودگاه اصفهان,Domestic Departure
2025-05-25 00:30:00,وارش,VRH05855,مشهد,تاخیردارد02:00,,,,,فرودگاه اصفهان,Domestic Departure
2025-05-25 08:00:00,آتا,TBZ5649,مشهد,طبق برنامه,,,,MD80,فرودگاه اصفهان,Domestic Departure
2025-05-25 10:10:00,ساها,IRZ199,مشهد,باطل شد,,,,B737-400,فرودگاه اصفهان,Domestic Departure
2025-05-25 10:15:00,کیش ایر,KIS7138,بندرعباس,طبق برنامه,,,,MD83,فرودگاه اصفهان,Domestic Departure
2025-06-03 13:30:00,کاسپین,CPN7908,استانبول,پروازکرد14:05,14:05,,737,2025-06-05,فرودگاه تبريز,International Departure
2025-05-24 12:50:00,قشم,QSM2233,نجف,پروازکرد13:00,13:00,,A320,2025-05-26,فرودگاه اصفهان,International Departure
2025-05-24 13:45:00,فلای دبی,FDB274,دبی,پروازکرد13:40,13:40,,B737-400,2025-05-26,فرودگاه اصفهان,International Departure
2025-05-25 02:05:00,ترکیش,THY893,استانبول,پذیرش مسافر,,,B737-400,2025-05-26,فرودگاه اصفهان,International Departure
2025-05-25 05:25:00,پگاسوس,PGT531,استانبول (صبیحا),طبق برنامه,,,A321,2025-05-26,فرودگاه اصفهان,International Departure
2025-05-25 08:15:00,پارس,PRS5487,نجف,طبق برنامه,,,B737-400,2025-05-26,فرودگاه اصفهان,International Departure
2025-05-25 17:45:00,عراقی,IAW172,نجف,طبق برنامه,,,B737-400,2025-05-26,فرودگاه اصفهان,International Departure
2025-05-24 12:00:00,آتا,TBZ5636,تهران,پروازکرد12:23,2,2025-05-24 12:23:00,,,فرودگاه اهواز,Domestic Departure
2025-05-24 12:20:00,کارون,KRU2645,تهران,پروازکرد12:29,10,2025-05-24 12:29:00,,,فرودگاه اهواز,Domestic Departure
2025-05-24 19:00:00,زاگرس,IZG4021,تهران,پروازکرد19:10,2,2025-05-24 19:10:00,,,فرودگاه اهواز,Domestic Departure
2025-05-24 19:00:00,کارون,KRU2615,تهران,پروازکرد19:32,10,2025-05-24 19:32:00,,,فرودگاه اهواز,Domestic Departure
2025-05-24 19:30:00,زاگرس,IZG4121,مشهد,پروازکرد20:23,4,2025-05-24 20:23:00,,,فرودگاه اهواز,Domestic Departure
2025-05-24 19:45:00,آسمان,IRC836,مشهد,پروازکرد20:10,9,2025-05-24 20:10:00,,,فرودگاه اهواز,Domestic Departure
2025-05-24 20:00:00,سپهران,SHI4339,مشهد,پروازکرد19:58,8,2025-05-24 19:58:00,,,فرودگاه اهواز,Domestic Departure
2025-05-24 20:30:00,کیش ایر,KIS7030,تهران,پروازکرد20:55,10,2025-05-24 20:55:00,,,فرودگاه اهواز,Domestic Departure
2025-05-24 21:30:00,کارون,KRU2623,اصفهان,آماده پرواز,10,,,,فرودگاه اهواز,Domestic Departure
2025-05-24 21:30:00,ایران ایرتور,IRB955,مشهد,پروازکرد21:42,5,2025-05-24 21:42:00,,,فرودگاه اهواز,Domestic Departure
2025-05-24 21:30:00,ایران ایرتور,IRB989,تهران,پروازکرد22:04,6,2025-05-24 22:04:00,,,فرودگاه اهواز,Domestic Departure
2025-05-24 23:50:00,آتا,TBZ5628,تهران,آماده پرواز,2,,,,فرودگاه اهواز,Domestic Departure
2025-05-25 00:35:00,چابهار ایر,IRU7643,تهران,تاخیردارد01:30,,,,,فرودگاه اهواز,Domestic Departure
2025-05-25 01:10:00,آسمان,IRC3827,شیراز,طبق برنامه,,,,,فرودگاه اهواز,Domestic Departure
2025-05-25 06:00:00,کارون,KRU2657,تبریز,طبق برنامه,,,,,فرودگاه اهواز,Domestic Departure
2025-05-25 07:00:00,کارون,KRU2573,عسلویه,طبق برنامه,,,,,فرودگاه اهواز,Domestic Departure
2025-05-25 07:00:00,کارون,KRU2551,خارک,طبق برنامه,,,,,فرودگاه اهواز,Domestic Departure
2025-05-25 07:00:00,آتا,TBZ5626,تهران,طبق برنامه,,,,,فرودگاه اهواز,Domestic Departure
2025-05-25 08:00:00,تابان,TBN6216,مشهد,طبق برنامه,,,,,فرودگاه اهواز,Domestic Departure
2025-05-25 11:00:00,آتا,TBZ5632,تهران,طبق برنامه,,,,,فرودگاه اهواز,Domestic Departure
2025-05-25 11:30:00,کارون,KRU2575,عسلویه,طبق برنامه,,,,,فرودگاه اهواز,Domestic Departure
2025-05-25 11:30:00,قشم,QSM1211,تهران,طبق برنامه,,,,,فرودگاه اهواز,Domestic Departure
2025-05-25 15:00:00,ایران ایر,IRA310,تهران,طبق برنامه,,,,,فرودگاه اهواز,Domestic Departure
2025-05-24 19:05:00,ایران ایر,IRA3520,مدینه,پروازکرد18:55,18:55,,,2025-05-26,فرودگاه اهواز,International Departure
2025-05-25 02:35:00,ایران ایر,IRA3616,مدینه,طبق برنامه,,,,2025-05-26,فرودگاه اهواز,International Departure
2025-05-25 09:25:00,ایران ایر,IRA648,دبی,طبق برنامه,,,,2025-05-26,فرودگاه اهواز,International Departure
2025-05-24 14:30:00,ایران ایرتور,IRB971,تهران,پروازکرد14:40,4-5,2025-05-24 14:40:00,,,فرودگاه بوشهر,Domestic Departure
2025-05-24 23:30:00,کاسپین,CPN6901,تهران,پروازکرد23:40,6-7,2025-05-24 23:40:00,,,فرودگاه بوشهر,Domestic Departure
2025-05-25 08:10:00,چابهار,IRU7629,تهران,طبق برنامه,,,,,فرودگاه بوشهر,Domestic Departure
2025-05-25 09:00:00,ایران ایرتور,IRB983,مشهد,طبق برنامه,,,,,فرودگاه بوشهر,Domestic Departure
2025-05-25 09:15:00,کارون,KRU2549,خارگ,طبق برنامه,,,,,فرودگاه بوشهر,Domestic Departure
2025-05-24 11:40:00,آوا ایر,AXV7715,تهران,پروازکرد12:04,2-3,2025-05-24 12:04:00,,,فرودگاه بندرعباس,Domestic Departure
2025-05-24 12:40:00,پويا,PYA2349,تهران,پروازکرد12:54,4,2025-05-24 12:54:00,,EMB145,فرودگاه بندرعباس,Domestic Departure
2025-05-24 18:45:00,کاسپین,CPN6955,مشهد,پروازکرد19:11,1-3,2025-05-24 19:11:00,,,فرودگاه بندرعباس,Domestic Departure
2025-05-24 21:45:00,وارش,VRH5815,تهران,پروازکرد21:50,6-7,2025-05-24 21:50:00,,737-500,فرودگاه بندرعباس,Domestic Departure
2025-05-24 23:40:00,ایران ایر,IRA459,تهران,در حال سوار شدن,8-9,,,100,فرودگاه بندرعباس,Domestic Departure
2025-05-24 23:45:00,زاگرس,IZG4051,تهران,آماده پرواز,6-7,,,,فرودگاه بندرعباس,Domestic Departure
2025-05-24 23:50:00,کاسپین,CPN6961,تهران,پایان پذیرش مسافر | در حال سوار شدن,1-3,,,,فرودگاه بندرعباس,Domestic Departure
2025-05-25 08:55:00,آسمان,IRC646,رشت,طبق برنامه,,,,A320,فرودگاه بندرعباس,Domestic Departure
2025-05-25 09:45:00,اطلس ایر,ATS8296,تهران,طبق برنامه,,,,737,فرودگاه بندرعباس,Domestic Departure
2025-05-25 09:45:00,ایران ایرتور,IRB907,تبریز,طبق برنامه,,,,MD83,فرودگاه بندرعباس,Domestic Departure
2025-06-03 07:50:00,آتا,TBZ5652,مشهد,پروازکرد16:20,14-15,2025-06-03 16:20:00,,MD83,فرودگاه اصفهان,Domestic Departure
2025-06-03 11:30:00,کارون,KRU2603,تهران,پروازکرد12:25,2-3,2025-06-03 12:25:00,,100,فرودگاه اصفهان,Domestic Departure
2025-06-03 13:05:00,قشم,QSM1281,تهران,پروازکرد14:20,4,2025-06-03 14:20:00,,CRJ200,فرودگاه اصفهان,Domestic Departure
2025-05-24 18:30:00,فلای دبی,FDB244,دبی,پروازکرد18:35,18:35,,737,2025-05-26,فرودگاه بندرعباس,International Departure
2025-05-24 19:00:00,آتا,TBZ5665,تهران,پروازکرد19:10,3-4,2025-05-24 19:10:00,,MD83,فرودگاه کرمان,Domestic Departure
2025-05-24 19:20:00,آتا,TBZ5728,مشهد,پروازکرد19:47,,2025-05-24 19:47:00,,,فرودگاه کرمان,Domestic Departure
2025-05-24 20:10:00,ماهان,IRM1066,تهران,پروازکرد20:10,3-5,2025-05-24 20:10:00,,A340,فرودگاه کرمان,Domestic Departure
2025-05-24 21:00:00,ماهان,IRM1052,تهران,باطل شد,,,,BAE146,فرودگاه کرمان,Domestic Departure
2025-05-24 21:45:00,ماهان,IRM1074,تهران,پروازکرد21:45,3-4,2025-05-24 21:45:00,,BAE146,فرودگاه کرمان,Domestic Departure
2025-06-03 13:10:00,کارون,KRU2533,خارگ,پروازکرد15:40,5,2025-06-03 15:40:00,,100,فرودگاه اصفهان,Domestic Departure
2025-05-25 08:00:00,ماهان,IRM1059,مشهد,طبق برنامه,,,,BAE146,فرودگاه کرمان,Domestic Departure
2025-05-25 08:15:00,ایران ایر,IRA473,تهران,طبق برنامه,,,,f100,فرودگاه کرمان,Domestic Departure
2025-05-25 09:30:00,آتا,TBZ5663,تهران,باطل شد,,,,MD83,فرودگاه کرمان,Domestic Departure
2025-05-25 11:45:00,ماهان,IRM1054,تهران,طبق برنامه,,,,BAE146,فرودگاه کرمان,Domestic Departure
2025-05-24 15:35:00,ایران ایر,IRA3504,مدینه,پروازکرد16:18,16:18,,ab6,2025-05-26,فرودگاه کرمان,International Departure
2025-05-24 16:40:00,ایران ایر,IRA3506,مدینه,پروازکرد17:55,17:55,,A330,2025-05-26,فرودگاه کرمان,International Departure
2025-05-25 12:55:00,هواپیمایی یزد,DZD9304,نجف,طبق برنامه,,,A310,2025-05-26,فرودگاه کرمان,International Departure
2025-05-24 22:50:00,ایران ایر,IRA3321,تهران,تاخیردارد00:50,,,,,فرودگاه ساري,Domestic Departure
2025-05-25 01:00:00,وارش,VRH5803,مشهد,پذیرش مسافر,"1,4",,,,فرودگاه ساري,Domestic Departure
2025-05-25 07:00:00,وارش,VRH5806,كيش,طبق برنامه,,,,,فرودگاه ساري,Domestic Departure
2025-06-03 14:25:00,ایران ایر,IRA3494,بندرعباس,پروازکرد15:50,12,2025-06-03 15:50:00,,ATR,فرودگاه اصفهان,Domestic Departure
2025-06-03 17:00:00,رایمون,RAI7513,تهران,پروازکرد17:00,18,2025-06-03 17:00:00,,EMB145,فرودگاه اصفهان,Domestic Departure
2025-05-24 20:00:00,وارش,VRH6819,نجف,پروازکرد20:10,20:10,,,2025-05-26,فرودگاه ساري,International Departure
2025-05-24 12:50:00,یزد ایر,DZD9418,تهران,پروازکرد13:25,2-3,2025-05-24 13:25:00,,146-100,فرودگاه يزد,Domestic Departure
2025-05-24 15:00:00,آتا,TBZ5708,مشهد,باطل شد,,,,MD83,فرودگاه يزد,Domestic Departure
2025-05-24 20:20:00,یزد ایر,DZD9442,تهران,پروازکرد20:50,2-3,2025-05-24 20:50:00,,146-100,فرودگاه يزد,Domestic Departure
2025-05-24 23:10:00,کارون,KRU2609,تهران,در حال سوار شدن,5,,,100,فرودگاه يزد,Domestic Departure
2025-05-24 23:20:00,آتا,TBZ5669,تهران,آماده پرواز,7,,,MD83,فرودگاه يزد,Domestic Departure
2025-05-25 07:30:00,پويا,PYA2315,تهران,طبق برنامه,,,,EMB145,فرودگاه يزد,Domestic Departure
2025-05-24 16:00:00,ماهان,IRM1003,تهران,پروازکرد16:05,5-6,2025-05-24 16:05:00,,,فرودگاه اروميه,Domestic Departure
2025-05-24 18:40:00,ایران ایر,IRA276,تهران,پروازکرد19:00,1-2,2025-05-24 19:00:00,,,فرودگاه اروميه,Domestic Departure
2025-05-24 21:30:00,آتا,TBZ5680,تهران,تاخیردارد01:45 | پذیرش مسافر,3-4,,,,فرودگاه اروميه,Domestic Departure
2025-06-03 18:00:00,آتا,TBZ5654,كيش,پروازکرد20:55,15-16,2025-06-03 20:55:00,,MD83,فرودگاه اصفهان,Domestic Departure
2025-05-24 12:00:00,آساجت,SJT8607,تهران,پروازکرد12:05,5,2025-05-24 12:05:00,,,فرودگاه کرمانشاه,Domestic Departure
2025-05-24 12:20:00,فلای پرشیا,FPI7437,عسلویه,پروازکرد12:15,6,2025-05-24 12:15:00,,,فرودگاه کرمانشاه,Domestic Departure
2025-05-24 13:55:00,ایران ایر,IRA284,تهران,پروازکرد14:00,1-2,2025-05-24 14:00:00,,,فرودگاه کرمانشاه,Domestic Departure
2025-05-24 21:50:00,آتا,TBZ5711,مشهد,پروازکرد22:15,5-6,2025-05-24 22:15:00,,,فرودگاه کرمانشاه,Domestic Departure
2025-05-25 08:55:00,سپهران,SHI4359,مشهد,طبق برنامه,,,,,فرودگاه کرمانشاه,Domestic Departure
2025-05-25 10:50:00,کارون,KRU2541,عسلویه,طبق برنامه,,,,,فرودگاه کرمانشاه,Domestic Departure
2025-06-03 18:30:00,آتا,TBZ5676,مشهد,پروازکرد19:55,13-14,2025-06-03 19:55:00,,MD80,فرودگاه اصفهان,Domestic Departure
2025-06-03 20:45:00,وارش,VRH5855,مشهد,پروازکرد20:50,13-14,2025-06-03 20:50:00,,B737-400,فرودگاه اصفهان,Domestic Departure
2025-05-24 11:45:00,وارش,VRH5907,عسلویه,پروازکرد12:00,2,2025-05-24 12:00:00,,,فرودگاه رشت,Domestic Departure
2025-05-24 13:30:00,زاگرس,IZG4149,مشهد,پروازکرد14:44,6-7,2025-05-24 14:44:00,,,فرودگاه رشت,Domestic Departure
2025-05-24 13:35:00,رایمون,RAI7511,تهران,پروازکرد13:45,2,2025-05-24 13:45:00,,,فرودگاه رشت,Domestic Departure
2025-05-24 15:25:00,سپهران,SHI4327,مشهد,پروازکرد16:00,6-7,2025-05-24 16:00:00,,,فرودگاه رشت,Domestic Departure
2025-05-24 15:30:00,ایران ایرتور,IRB905,مشهد,پروازکرد16:10,3-5,2025-05-24 16:10:00,,,فرودگاه رشت,Domestic Departure
2025-05-24 19:00:00,ایران ایر,IRA3330,تهران,پروازکرد21:45,4-5,2025-05-24 21:45:00,,,فرودگاه رشت,Domestic Departure
2025-06-03 22:30:00,آتا,TBZ5649,مشهد,ورود به سالن بازرسی | پذیرش مسافر,13-14,,,MD83,فرودگاه اصفهان,Domestic Departure
2025-05-25 08:45:00,آساجت,SJT8665,عسلویه,طبق برنامه,,,,,فرودگاه رشت,Domestic Departure
2025-05-25 11:50:00,آسمان,IRC647,بندرعباس,طبق برنامه,,,,,فرودگاه رشت,Domestic Departure
2025-06-03 23:00:00,زاگرس,IZG4141,مشهد,پروازکرد23:10,13-14,2025-06-03 23:10:00,,MD83,فرودگاه اصفهان,Domestic Departure
2025-06-03 23:30:00,تابان,TBN6210,مشهد,پروازکرد23:40,15-16,2025-06-03 23:40:00,,MD80,فرودگاه اصفهان,Domestic Departure
2025-06-03 23:55:00,کارون,KRU2624,اهواز,در حال سوار شدن,3,,,B737-400,فرودگاه اصفهان,Domestic Departure
2025-05-24 14:10:00,کاسپین,CPN6987,تهران,پروازکرد14:10,2,2025-05-24 14:10:00,,B737-400,فرودگاه زاهدان,Domestic Departure
2025-05-24 20:30:00,قشم,QSM1271,تهران,پروازکرد20:34,3,2025-05-24 20:34:00,,RJ85,فرودگاه زاهدان,Domestic Departure
2025-05-24 21:00:00,وارش,VRH5917,تهران,باطل شد,,,,B737-400,فرودگاه زاهدان,Domestic Departure
2025-05-24 21:30:00,ایران ایرتور,IRB975,تهران,پروازکرد21:43,4,2025-05-24 21:43:00,,MD82,فرودگاه زاهدان,Domestic Departure
2025-05-24 21:30:00,اطلس ایر,ATS8299,تهران,باطل شد,,,,MD82,فرودگاه زاهدان,Domestic Departure
2025-05-24 21:30:00,کاسپین,CPN6923,مشهد,پروازکرد21:25,2,2025-05-24 21:25:00,,B737-400,فرودگاه زاهدان,Domestic Departure
2025-05-24 14:55:00,قشم,QSM2224,دبی,پروازکرد15:10,15:10,,RJ85,2025-05-26,فرودگاه زاهدان,International Departure
2025-05-24 11:35:00,ایر وان,INA6753,مشهد,پروازکرد13:02,3,2025-05-24 13:02:00,,,فرودگاه آبادان,Domestic Departure
2025-05-24 14:50:00,ساها,IRZ167,تهران,باطل شد,,,,,فرودگاه آبادان,Domestic Departure
2025-05-24 19:15:00,پارس,PRS4414,مشهد,پروازکرد19:28,4,2025-05-24 19:28:00,,,فرودگاه آبادان,Domestic Departure
2025-05-24 23:00:00,کیش ایر,KIS7011,مشهد,پروازکرد23:38,4,2025-05-24 23:38:00,,MD82,فرودگاه آبادان,Domestic Departure
2025-05-24 23:15:00,قشم,QSM1217,تهران,پروازکرد23:31,2,2025-05-24 23:31:00,,CRJ200,فرودگاه آبادان,Domestic Departure
2025-05-25 02:00:00,تابان,TBN6218,مشهد,طبق برنامه,,,,,فرودگاه آبادان,Domestic Departure
2025-05-25 02:05:00,سپهران,SHI4367,مشهد,طبق برنامه,,,,,فرودگاه آبادان,Domestic Departure
2025-05-25 10:45:00,پارس,PRS4457,مشهد,طبق برنامه,,,,737,فرودگاه آبادان,Domestic Departure
2025-05-25 11:30:00,چابهار ایر,IRU7655,مشهد,طبق برنامه,,,,737,فرودگاه آبادان,Domestic Departure
2025-05-24 14:40:00,آسمان,IRC631,تهران,پروازکرد17:00,6-7,2025-05-24 17:00:00,,100,فرودگاه گرگان,Domestic Departure
2025-05-24 19:45:00,پارس,PRS5419,چابهار,پروازکرد20:20,5,2025-05-24 20:20:00,,,فرودگاه گرگان,Domestic Departure
2025-05-24 17:00:00,ایران ایر,IRA1628,جده,پروازکرد16:55,16:55,,ab6,2025-05-26,فرودگاه گرگان,International Departure
2025-05-24 17:30:00,ایران ایر,IRA1632,جده,پروازکرد19:51,19:51,,ab6,2025-05-26,فرودگاه گرگان,International Departure
2025-05-25 04:00:00,ایران ایر,IRA1526,جده,طبق برنامه,,,ab6,2025-05-26,فرودگاه گرگان,International Departure
2025-05-25 05:00:00,ایران ایر,IRA1534,جده,طبق برنامه,,,ab6,2025-05-26,فرودگاه گرگان,International Departure
2025-05-25 17:00:00,ایران ایر,IRA1528,جده,طبق برنامه,,,ab6,2025-05-26,فرودگاه گرگان,International Departure
2025-05-25 17:30:00,ایران ایر,IRA1532,جده,طبق برنامه,,,ab6,2025-05-26,فرودگاه گرگان,International Departure
2025-05-25 05:00:00,ایران ایر,IRA1530,جده,طبق برنامه,,,,$mDate,فرودگاه همدان,International Departure
2025-05-24 14:00:00,آتا,TBZ5634,تهران,پروازکرد14:15,4-5,2025-05-24 14:15:00,,MD83,فرودگاه اردبيل,Domestic Departure
2025-05-24 20:20:00,ماهان,IRM1027,تهران,پروازکرد20:10,2-3,2025-05-24 20:10:00,,RJ100,فرودگاه اردبيل,Domestic Departure
2025-06-04 11:30:00,کارون,KRU2562,عسلویه,طبق برنامه,,,,737,فرودگاه اصفهان,Domestic Departure
2025-05-25 07:00:00,زاگرس,IZG4105,مشهد,طبق برنامه,,,,,فرودگاه ايلام,Domestic Departure
2025-05-24 20:30:00,ماهان,IRM1048,تهران,پروازکرد20:35,4,2025-05-24 20:35:00,,146-100,فرودگاه بيرجند,Domestic Departure
2025-05-25 07:30:00,ایران ایرتور,IRB931,تهران,طبق برنامه,,,,MD82,فرودگاه بيرجند,Domestic Departure
2025-05-25 08:00:00,ایران ایر,IRA3413,تهران,طبق برنامه,,,,ATR,فرودگاه بجنورد,Domestic Departure
2025-05-24 12:15:00,فلای دبی,FDB268,دبی,پروازکرد12:15,12:15,,737,2025-05-26,فرودگاه لارستان,International Departure
2025-05-24 14:15:00,العربیه,ABY218,شارجه,پروازکرد14:10,14:10,,,2025-05-26,فرودگاه لارستان,International Departure
2025-05-25 09:55:00,ایران ایر,IRA607,کویت,طبق برنامه,,,A320,2025-05-26,فرودگاه لارستان,International Departure
2025-05-25 10:15:00,العربیه,ABY218,شارجه,طبق برنامه,,,A321,2025-05-26,فرودگاه لارستان,International Departure
2025-05-25 12:10:00,فلای دبی,FDB268,دبی,طبق برنامه,,,737,2025-05-26,فرودگاه لارستان,International Departure
2025-05-24 16:15:00,ماهان,IRM1005,تهران,پروازکرد16:15,"1,3",2025-05-24 16:15:00,,,فرودگاه خرم آباد,Domestic Departure
2025-05-25 04:30:00,زاگرس,IZG4022,اهواز,پرواز كرد,3,2025-05-25 04:56:00,EPZAQ,MD83,فرودگاه مهرآباد,Domestic Departure
2025-05-25 05:00:00,کاسپین,CPN048,شیراز,پرواز كرد,"10, 11",2025-05-25 05:13:00,EPCPU,MD83,فرودگاه مهرآباد,Domestic Departure
2025-05-25 05:05:00,آتا,TBZ5625,اهواز,پرواز كرد,"12, 13",2025-05-25 08:52:00,EPTAO,MD83,فرودگاه مهرآباد,Domestic Departure
2025-05-25 05:05:00,ایران ایرتور,IRB930,بیرجند,پرواز كرد,"5, 6",2025-05-25 05:00:00,EPMDE,MD83,فرودگاه مهرآباد,Domestic Departure
2025-05-25 05:10:00,چابهار,IRU7646,شیراز,پرواز كرد,5,2025-05-25 05:22:00,EPSEB,MD83,فرودگاه مهرآباد,Domestic Departure
2025-05-25 05:10:00,کاسپین,CPN026,مشهد,پرواز كرد,"14, 15",2025-05-25 05:31:00,EPCPD,MD83,فرودگاه مهرآباد,Domestic Departure
2025-05-25 05:15:00,کیش ایر,KIS7193,عسلویه,پرواز كرد,"9, 10",2025-05-25 05:40:00,EPLCJ,MD83,فرودگاه مهرآباد,Domestic Departure
2025-05-25 05:20:00,قشم ایر,QSM1293,سنندج,پرواز كرد,"21, 22",2025-05-25 05:28:00,EPFQI,RJ100,فرودگاه مهرآباد,Domestic Departure
2025-05-25 05:25:00,ایران ایر,IRA3412,بجنورد,پرواز كرد,2,2025-05-25 08:24:00,EPITI,ATR-72-500,فرودگاه مهرآباد,Domestic Departure
2025-05-25 05:30:00,پويا,PYA2314,یزد,پرواز كرد,13,2025-05-25 05:37:00,EPPUR,EMB145,فرودگاه مهرآباد,Domestic Departure
2025-05-25 05:35:00,پارس ایر,PRS4454,مشهد,پرواز كرد,"20, 21",2025-05-25 05:51:00,EPPAM,737-700,فرودگاه مهرآباد,Domestic Departure
2025-05-25 05:35:00,کارون,KRU2584,عسلویه,پرواز كرد,"14, 15",2025-05-25 06:09:00,EPJIA,737-700,فرودگاه مهرآباد,Domestic Departure
2025-05-25 05:40:00,آتا,TBZ5643,سیرجان,پرواز كرد,"26, 27",2025-05-25 05:57:00,EPTAH,B737,فرودگاه مهرآباد,Domestic Departure
2025-05-25 05:45:00,ماهان,IRM4525,چابهار,پرواز كرد,25,2025-05-25 05:53:00,EPMOI,rj100,فرودگاه مهرآباد,Domestic Departure
2025-05-25 05:45:00,چابهار,IRU7628,بوشهر,پرواز كرد,4,2025-05-25 06:07:00,EPCBD,MD83,فرودگاه مهرآباد,Domestic Departure
2025-05-25 05:50:00,آساجت,SJT8604,عسلویه,پرواز كرد,18,2025-05-25 05:59:00,EPRHO,EMB145,فرودگاه مهرآباد,Domestic Departure
2025-05-25 05:55:00,ایران ایر,IRA472,کرمان,پرواز كرد,"3, 4",2025-05-25 06:15:00,EPCFR,F100,فرودگاه مهرآباد,Domestic Departure
2025-05-25 05:55:00,کارون,KRU2528,لاوان,پرواز كرد,16,2025-05-25 08:36:00,EPAWZ,F100,فرودگاه مهرآباد,Domestic Departure
2025-05-25 06:00:00,وارش,VRH5918,عسلویه,پرواز كرد,3,2025-05-25 06:42:00,EPVAF,737-700,فرودگاه مهرآباد,Domestic Departure
2025-05-25 06:00:00,آتا,TBZ5677,ارومیه,پرواز كرد,"28, 29",2025-05-25 07:12:00,EPTAJ,MD83,فرودگاه مهرآباد,Domestic Departure
2025-05-25 06:05:00,آتا,TBZ5610,تبریز,پرواز كرد,11,2025-05-25 06:32:00,EPTAZ,md88,فرودگاه مهرآباد,Domestic Departure
2025-05-25 06:10:00,چابهار,IRU7660,مشهد,پرواز كرد,5,2025-05-25 06:38:00,EPCBI,MD83,فرودگاه مهرآباد,Domestic Departure
2025-05-25 06:10:00,کاسپین,CPN014,عسلویه,پرواز كرد,"8, 9",2025-05-25 06:17:00,EPCAS,MD83,فرودگاه مهرآباد,Domestic Departure
2025-05-25 06:15:00,ماهان,IRM1033,مشهد,پرواز كرد,23,2025-05-25 06:25:00,EPMEB,RJ85,فرودگاه مهرآباد,Domestic Departure
2025-05-25 06:15:00,آسمان,IRC644,بندرعباس,پرواز كرد,28,2025-05-25 06:22:00,EPASR,F100,فرودگاه مهرآباد,Domestic Departure
2025-05-25 06:20:00,وارش,VRH5924,گناباد,پرواز كرد,2,2025-05-25 06:52:00,EPVBM,737-700,فرودگاه مهرآباد,Domestic Departure
2025-05-25 06:20:00,کیش ایر,KIS7055,كيش,پرواز كرد,"11, 12",2025-05-25 06:34:00,EPLCM,MD83,فرودگاه مهرآباد,Domestic Departure
2025-05-25 06:25:00,پارس ایر,PRS5422,اصفهان,پرواز كرد,"18, 19",2025-05-25 06:57:00,EPPAO,B737,فرودگاه مهرآباد,Domestic Departure
2025-05-25 06:30:00,کیش ایر,KIS7093,عسلویه,پرواز كرد,"9, 10",2025-05-25 07:07:00,EPLCO,MD83,فرودگاه مهرآباد,Domestic Departure
2025-05-25 06:30:00,ایران ایرتور,IRB912,بندرعباس,پرواز كرد,"7, 8",2025-05-25 06:50:00,EPMDF,MD83,فرودگاه مهرآباد,Domestic Departure
2025-05-25 06:35:00,اروان,INA6750,مشهد,پرواز كرد,6,2025-05-25 06:59:00,EPNSR,737-700,فرودگاه مهرآباد,Domestic Departure
2025-05-25 06:40:00,قشم ایر,QSM1202,عسلویه,پرواز كرد,"21, 22",2025-05-25 07:07:00,EPFQF,F100,فرودگاه مهرآباد,Domestic Departure
2025-05-25 06:40:00,کاسپین,CPN6956,جاسک,پرواز كرد,"6, 7",2025-05-25 07:11:00,EPKPC,737-700,فرودگاه مهرآباد,Domestic Departure
2025-05-25 06:45:00,پارس ایر,PRS4438,گچساران,پرواز كرد,20,2025-05-25 06:45:00,EPPRA,CRJ200,فرودگاه مهرآباد,Domestic Departure
2025-05-25 06:50:00,ایران ایر,IRA311,اهواز,پرواز كرد,"5, 6",2025-05-25 07:20:00,EPIEQ,A319,فرودگاه مهرآباد,Domestic Departure
2025-05-25 07:05:00,اطلس ایر,ATS8295,بندرعباس,پرواز كرد,16,2025-05-25 07:18:00,EPLEE,737-700,فرودگاه مهرآباد,Domestic Departure
2025-05-25 07:05:00,قشم ایر,QSM1230,ماهشهر,پرواز كرد,18,2025-05-25 07:25:00,EPFQU,RJ100,فرودگاه مهرآباد,Domestic Departure
2025-05-25 07:10:00,پويا,PYA2350,مشهد,پرواز كرد,14,2025-05-25 07:28:00,EPPUN,EMB145,فرودگاه مهرآباد,Domestic Departure
2025-05-25 07:10:00,ایران ایر,IRA3498,شیراز,پرواز كرد,"9, 10",2025-05-25 07:40:00,EPIEP,A319,فرودگاه مهرآباد,Domestic Departure
2025-05-25 07:15:00,آساجت,SJT8634,رشت,پرواز كرد,19,2025-05-25 07:32:00,EPJEK,EMB145,فرودگاه مهرآباد,Domestic Departure
2025-05-25 07:15:00,معراج,MRJ2816,عسلویه,پرواز كرد,"14, 15",2025-05-25 07:34:00,EPSSN,A321,فرودگاه مهرآباد,Domestic Departure
2025-05-25 07:25:00,آسمان,IRC3771,شیراز,پرواز كرد,26,2025-05-25 07:48:00,EPATE,F100,فرودگاه مهرآباد,Domestic Departure
2025-05-25 07:35:00,ایران ایرتور,IRB916,كيش,پرواز كرد,"7, 8",2025-05-25 07:53:00,EPMDD,MD83,فرودگاه مهرآباد,Domestic Departure
2025-05-25 07:50:00,قشم ایر,QSM1238,خارگ,پرواز كرد,21,2025-05-25 08:19:00,EPFQV,rj100,فرودگاه مهرآباد,Domestic Departure
2025-05-25 07:50:00,ماهان,IRM4575,جیرفت,پرواز كرد,24,2025-05-25 08:11:00,EPMEU,RJ85,فرودگاه مهرآباد,Domestic Departure
2025-05-25 08:00:00,ماهان,IRM4536,اردبیل,پرواز كرد,22,2025-05-25 08:15:00,EPMEA,RJ85,فرودگاه مهرآباد,Domestic Departure
2025-05-25 08:05:00,آتا,TBZ5602,تبریز,پرواز كرد,11,2025-05-25 08:58:00,EPTAL,MD83,فرودگاه مهرآباد,Domestic Departure
2025-05-25 08:10:00,ماهان,IRM1051,کرمان,پرواز كرد,25,2025-05-25 08:21:00,EPMOC,146-200,فرودگاه مهرآباد,Domestic Departure
2025-05-25 08:15:00,ماهان,IRM1039,مشهد,پرواز كرد,23,2025-05-25 08:27:00,EPMOH,RJ100,فرودگاه مهرآباد,Domestic Departure
2025-05-25 08:20:00,آتا,TBZ5659,كيش,پرواز كرد,"12, 13",2025-05-25 13:31:00,EPTAL,MD83,فرودگاه مهرآباد,Domestic Departure
2025-05-25 08:30:00,زاگرس,IZG4030,كيش,پرواز كرد,3,2025-05-25 09:07:00,EPZAQ,MD83,فرودگاه مهرآباد,Domestic Departure
2025-05-25 08:50:00,آتا,TBZ5611,شیراز,پرواز كرد,"26, 27",2025-05-25 09:25:00,EPTAM,MD83,فرودگاه مهرآباد,Domestic Departure
2025-05-25 09:05:00,آتا,TBZ5631,اهواز,پرواز كرد,24,2025-05-25 10:41:00,EPTAZ,md88,فرودگاه مهرآباد,Domestic Departure
2025-05-25 09:15:00,ماهان,IRM1043,كيش,پرواز كرد,"20, 21, 22",2025-05-25 09:32:00,EPMJA,A340,فرودگاه مهرآباد,Domestic Departure
2025-05-25 09:20:00,زاگرس,IZG4042,مشهد,پرواز كرد,5,2025-05-25 09:35:00,EPZAE,MD82,فرودگاه مهرآباد,Domestic Departure
2025-05-25 09:20:00,قشم ایر,QSM1210,اهواز,پرواز كرد,"16, 17",2025-05-25 09:39:00,EPFQI,F100,فرودگاه مهرآباد,Domestic Departure
2025-05-25 09:25:00,رایمون,RAI7514,عسلویه,پرواز كرد,"3, 4",2025-05-25 09:29:00,EPNEA,EMB145,فرودگاه مهرآباد,Domestic Departure
2025-05-25 09:30:00,پويا,PYA2312,مشهد,پرواز كرد,15,2025-05-25 09:48:00,EPPUR,EMB145,فرودگاه مهرآباد,Domestic Departure
2025-05-25 09:40:00,چابهار,IRU7640,مشهد,پرواز كرد,4,2025-05-25 10:10:00,EPSEB,MD83,فرودگاه مهرآباد,Domestic Departure
2025-05-25 09:50:00,اطلس ایر,ATS8270,مشهد,پرواز كرد,"14, 15",2025-05-25 10:01:00,EPTHI,RJ85,فرودگاه مهرآباد,Domestic Departure
2025-05-25 10:00:00,وارش,VRH5840,مشهد,پرواز كرد,3,2025-05-25 11:21:00,EPVBM,B737,فرودگاه مهرآباد,Domestic Departure
2025-05-25 10:00:00,ایران ایرتور,IRB940,قشم,پرواز كرد,"7, 8",2025-05-25 10:27:00,EPMDE,MD83,فرودگاه مهرآباد,Domestic Departure
2025-05-25 10:20:00,آتا,TBZ5613,مشهد,پرواز كرد,"12, 13",2025-05-25 11:35:00,EPTAJ,MD82,فرودگاه مهرآباد,Domestic Departure
2025-05-25 10:30:00,یزد ایر,DZD9403,رشت,پرواز كرد,"10, 11",2025-05-25 10:36:00,EPDZH,RJ85,فرودگاه مهرآباد,Domestic Departure
2025-05-25 10:35:00,پارس ایر,PRS4488,طبس,پرواز كرد,19,2025-05-25 10:39:00,EPPRA,CRJ200,فرودگاه مهرآباد,Domestic Departure
2025-05-25 10:35:00,آتا,TBZ5627,اهواز,پرواز كرد,"28, 29",2025-05-25 13:16:00,EPTAO,MD83,فرودگاه مهرآباد,Domestic Departure
2025-05-25 10:40:00,چابهار,IRU7610,مشهد,پرواز كرد,5,2025-05-25 10:59:00,EPCBD,MD82,فرودگاه مهرآباد,Domestic Departure
2025-05-25 10:45:00,ایران ایر,IRA5393,همدان,پرواز كرد,4,2025-05-25 14:34:00,EPITI,ATR,فرودگاه مهرآباد,Domestic Departure
2025-05-25 10:50:00,آتا,TBZ5629,مشهد,پرواز كرد,"28, 29",2025-05-25 11:12:00,EPTAH,MD83,فرودگاه مهرآباد,Domestic Departure
2025-05-25 10:50:00,ایران ایر,IRA350,كيش,پرواز كرد,3,2025-05-25 11:26:00,EPCFR,F100,فرودگاه مهرآباد,Domestic Departure
2025-05-25 11:00:00,آتا,TBZ5600,تبریز,پرواز كرد,11,2025-05-25 11:46:00,EPEMB,EMB145,فرودگاه مهرآباد,Domestic Departure
2025-05-25 11:20:00,قشم ایر,QSM1291,کرمانشاه,پرواز كرد,"16, 17",2025-05-25 11:53:00,EPFQU,RJ100,فرودگاه مهرآباد,Domestic Departure
2025-05-25 11:30:00,ایران ایر,IRA3385,سهند,پرواز كرد,1,2025-05-25 11:58:00,EPITM,ATR,فرودگاه مهرآباد,Domestic Departure
2025-05-25 12:00:00,آتا,TBZ5604,تبریز,پرواز كرد,"24, 25",2025-05-25 14:39:00,EPTAR,MD83,فرودگاه مهرآباد,Domestic Departure
2025-05-25 12:50:00,آتا,TBZ5698,مشهد,پرواز كرد,"12, 13",2025-05-25 13:18:00,EPTAQ,MD83,فرودگاه مهرآباد,Domestic Departure
2025-05-25 13:00:00,فلای پرشیا,FPI7446,عسلویه,پرواز كرد,"18, 19",2025-05-25 13:02:00,EPFPA,737-700,فرودگاه مهرآباد,Domestic Departure
2025-05-25 13:30:00,آتا,TBZ5619,مشهد,پرواز كرد,"26, 27",2025-05-25 13:52:00,EPTAM,MD83,فرودگاه مهرآباد,Domestic Departure
2025-05-25 13:30:00,ماهان,IRM4522,یاسوج,پرواز كرد,24,2025-05-25 13:34:00,EPMEA,RJ85,فرودگاه مهرآباد,Domestic Departure
2025-05-25 13:40:00,آتا,TBZ5719,مشهد,پرواز كرد,"24, 25",2025-05-25 17:39:00,EPTAO,MD83,فرودگاه مهرآباد,Domestic Departure
2025-05-25 14:00:00,ماهان,IRM1004,ارومیه,پرواز كرد,23,2025-05-25 14:30:00,EPMOC,146-200,فرودگاه مهرآباد,Domestic Departure
2025-05-25 14:15:00,ماهان,IRM1006,خرم‌آباد,پرواز كرد,25,2025-05-25 14:40:00,EPMOH,rj100,فرودگاه مهرآباد,Domestic Departure
2025-05-25 14:25:00,پارس ایر,PRS4480,مشهد,پرواز كرد,20,2025-05-25 15:00:00,EPPRA,CRJ200,فرودگاه مهرآباد,Domestic Departure
2025-05-25 14:40:00,قشم ایر,QSM1240,قشم,پرواز كرد,"21, 22",2025-05-25 14:44:00,EPFQI,F100,فرودگاه مهرآباد,Domestic Departure
2025-05-25 15:45:00,ایران ایرتور,IRB946,تبریز,پرواز كرد,"9, 10",2025-05-25 16:12:00,EPMDF,MD83,فرودگاه مهرآباد,Domestic Departure
2025-05-25 15:50:00,کاسپین,CPN6936,قشم,پرواز كرد,"10, 11",2025-05-25 16:22:00,EPCPD,MD83,فرودگاه مهرآباد,Domestic Departure
2025-05-25 15:55:00,کاسپین,CPN036,ارومیه,پرواز كرد,"12, 13",2025-05-25 16:01:00,EPKPC,737,فرودگاه مهرآباد,Domestic Departure
2025-05-25 16:00:00,آتا,TBZ5664,کرمان,پرواز كرد,"12, 13",2025-05-25 17:08:00,EPTAH,B737,فرودگاه مهرآباد,Domestic Departure
2025-05-25 16:00:00,کاسپین,CPN024,مشهد,پرواز كرد,"6, 7",2025-05-25 16:23:00,EPCPU,MD83,فرودگاه مهرآباد,Domestic Departure
2025-05-25 16:10:00,ایران ایرتور,IRB960,مشهد,پرواز كرد,"7, 8",2025-05-25 16:49:00,EPMDE,MD83,فرودگاه مهرآباد,Domestic Departure
2025-05-25 16:30:00,اطلس ایر,ATS8288,مشهد,پرواز كرد,"16, 17",2025-05-25 16:52:00,EPLEE,737-700,فرودگاه مهرآباد,Domestic Departure
2025-05-25 16:30:00,ماهان,IRM1067,کرمان,پرواز كرد,23,2025-05-25 16:42:00,EPMEU,RJ85,فرودگاه مهرآباد,Domestic Departure
2025-05-25 16:40:00,آتا,TBZ5670,یزد,پرواز كرد,"26, 27",2025-05-25 17:31:00,EPTAJ,MD82,فرودگاه مهرآباد,Domestic Departure
2025-05-25 16:45:00,ایران ایر,IRA3310,اصفهان,باطل شد,,,,ATR-72-500,فرودگاه مهرآباد,Domestic Departure
2025-05-25 16:50:00,آتا,TBZ5623,شیراز,پرواز كرد,"28, 29",2025-05-25 19:12:00,EPTAF,737,فرودگاه مهرآباد,Domestic Departure
2025-05-25 16:55:00,آتا,TBZ5668,تبریز,پرواز كرد,11,2025-05-25 19:14:00,EPTAL,MD83,فرودگاه مهرآباد,Domestic Departure
2025-05-25 17:00:00,ایران ایر,IRA216,بیرجند,پرواز كرد,4,2025-05-25 17:27:00,EPCFM,F100,فرودگاه مهرآباد,Domestic Departure
2025-05-25 17:00:00,زاگرس,IZG4020,اهواز,پرواز كرد,3,2025-05-25 17:14:00,EPZAQ,MD83,فرودگاه مهرآباد,Domestic Departure
2025-05-25 17:05:00,کارون,KRU2608,یزد,پرواز كرد,"14, 15",2025-05-25 17:10:00,EPJIA,B737,فرودگاه مهرآباد,Domestic Departure
2025-05-25 17:10:00,پارس ایر,PRS4494,آبادان,پرواز كرد,"19, 20",2025-05-25 17:26:00,EPPAO,737,فرودگاه مهرآباد,Domestic Departure
2025-05-25 17:10:00,پويا,PYA2340,شیراز,پرواز كرد,"15, 16",2025-05-25 17:34:00,EPPUR,EMB145,فرودگاه مهرآباد,Domestic Departure
2025-05-25 17:25:00,کاسپین,CPN044,كيش,پرواز كرد,"10, 11",2025-05-25 17:42:00,EPCAS,MD83,فرودگاه مهرآباد,Domestic Departure
2025-05-25 17:25:00,آسمان,IRC600,مشهد,پرواز كرد,28,2025-05-25 17:45:00,EPASR,F100,فرودگاه مهرآباد,Domestic Departure
2025-05-25 17:45:00,کارون,KRU2668,اهواز,پرواز كرد,"16, 17",2025-05-25 17:49:00,EPAWZ,F100,فرودگاه مهرآباد,Domestic Departure
2025-05-25 18:00:00,یزد ایر,DZD9441,یزد,پرواز كرد,"12, 13",2025-05-25 18:57:00,EPMOC,146-200,فرودگاه مهرآباد,Domestic Departure
2025-05-25 18:00:00,تابان,TBN6256,مشهد,پرواز كرد,"3, 4",2025-05-25 18:40:00,EPSMA,MD.88,فرودگاه مهرآباد,Domestic Departure
2025-05-25 18:10:00,چابهار,IRU7636,کرمانشاه,پرواز كرد,3,2025-05-25 18:44:00,EPSEB,MD83,فرودگاه مهرآباد,Domestic Departure
2025-05-25 18:10:00,ایران ایر,IRA262,مشهد,پرواز كرد,"7, 8",2025-05-25 18:35:00,EPIEQ,A319,فرودگاه مهرآباد,Domestic Departure
2025-05-25 18:15:00,ماهان,IRM1026,اردبیل,پرواز كرد,24,2025-05-25 18:25:00,EPMOI,RJ100,فرودگاه مهرآباد,Domestic Departure
2025-05-25 18:20:00,ماهان,IRM1055,کرمان,پرواز كرد,25,2025-05-25 18:24:00,EPMEB,RJ85,فرودگاه مهرآباد,Domestic Departure
2025-05-25 18:25:00,ایران ایر,IRA419,اهواز,پرواز كرد,"9, 10",2025-05-25 18:52:00,EPIEP,A319,فرودگاه مهرآباد,Domestic Departure
2025-05-25 18:30:00,ماهان,IRM1081,مشهد,پرواز كرد,20,2025-05-25 18:31:00,EPMEA,RJ85,فرودگاه مهرآباد,Domestic Departure
2025-05-25 18:35:00,آتا,TBZ5646,تبریز,پرواز كرد,"24, 25",2025-05-25 21:39:00,EPTAU,MD83,فرودگاه مهرآباد,Domestic Departure
2025-05-25 18:35:00,پارس ایر,PRS4426,شیراز,پرواز كرد,18,2025-05-25 19:41:00,EPPRA,CRJ200,فرودگاه مهرآباد,Domestic Departure
2025-05-25 18:40:00,پارس ایر,PRS5400,مشهد,پرواز كرد,"21, 22",2025-05-25 18:47:00,EPPAM,737-700,فرودگاه مهرآباد,Domestic Departure
2025-05-25 18:40:00,وارش,VRH5896,ماهشهر,پرواز كرد,5,2025-05-25 19:00:00,EPVAF,B737,فرودگاه مهرآباد,Domestic Departure
2025-05-25 18:55:00,قشم ایر,QSM1288,کرمان,پرواز كرد,"21, 22",2025-05-25 19:07:00,EPFQF,F100,فرودگاه مهرآباد,Domestic Departure
2025-05-25 19:00:00,اطلس ایر,ATS8291,مشهد,پرواز كرد,"14, 15",2025-05-25 19:04:00,EPSAP,MD83,فرودگاه مهرآباد,Domestic Departure
2025-05-25 19:00:00,وارش,VRH5814,بندرعباس,پرواز كرد,4,2025-05-25 19:16:00,EPVAR,B737,فرودگاه مهرآباد,Domestic Departure
2025-05-25 19:15:00,تابان,TBN6326,مشهد,پرواز كرد,"3, 4",2025-05-25 19:29:00,EPTBB,MD.88,فرودگاه مهرآباد,Domestic Departure
2025-05-25 19:25:00,آتا,TBZ5729,مشهد,پرواز كرد,"12, 13",2025-05-25 20:08:00,EPTAN,MD83,فرودگاه مهرآباد,Domestic Departure
2025-05-25 19:40:00,فلای پرشیا,FPI7401,شیراز,پرواز كرد,"18, 19",2025-05-25 19:58:00,EPFPA,737-700,فرودگاه مهرآباد,Domestic Departure
2025-05-25 20:05:00,کیش ایر,KIS7035,اصفهان,پرواز كرد,10,2025-05-25 20:13:00,EPLCO,MD83,فرودگاه مهرآباد,Domestic Departure
2025-05-25 20:05:00,چابهار,IRU7612,زاهدان,پرواز كرد,6,2025-05-25 20:10:00,EPCBD,MD83,فرودگاه مهرآباد,Domestic Departure
2025-05-25 20:15:00,کیش ایر,KIS7081,كيش,پرواز كرد,9,2025-05-25 20:30:00,EPLCK,MD83,فرودگاه مهرآباد,Domestic Departure
2025-05-25 20:25:00,کیش ایر,KIS7053,كيش,پرواز كرد,11,2025-05-25 20:26:00,EPLCL,MD83,فرودگاه مهرآباد,Domestic Departure
2025-05-25 20:35:00,ماهان,IRM1037,مشهد,پرواز كرد,"21, 22, 23",2025-05-25 20:53:00,EPMEE,747,فرودگاه مهرآباد,Domestic Departure
2025-05-25 20:45:00,کیش ایر,KIS7069,مشهد,پرواز كرد,12,2025-05-25 21:19:00,EPLCJ,MD82,فرودگاه مهرآباد,Domestic Departure
2025-05-25 20:50:00,کارون,KRU2620,اهواز,پرواز كرد,"14, 15",2025-05-25 21:20:00,EPJIA,737,فرودگاه مهرآباد,Domestic Departure
2025-05-25 20:55:00,کارون,KRU2602,اصفهان,آماده پرواز,"16, 17",,EPMIS,F100,فرودگاه مهرآباد,Domestic Departure
2025-05-25 21:00:00,زاگرس,IZG4050,بندرعباس,پرواز كرد,3,2025-05-25 21:36:00,EPZAQ,MD83,فرودگاه مهرآباد,Domestic Departure
2025-05-25 21:05:00,ایران ایرتور,IRB966,مشهد,پرواز كرد,"7, 8",2025-05-25 22:45:00,EPMDC,MD82,فرودگاه مهرآباد,Domestic Departure
2025-05-25 21:10:00,رایمون,RAI7510,رشت,پرواز كرد,"3, 4",2025-05-25 21:20:00,EPNEA,EMB145,فرودگاه مهرآباد,Domestic Departure
2025-05-25 21:15:00,معراج,MRJ2804,مشهد,پرواز كرد,"18, 19",2025-05-25 22:00:00,EPSSN,A321,فرودگاه مهرآباد,Domestic Departure
2025-05-25 21:20:00,کاسپین,CPN6900,بوشهر,پرواز كرد,"12, 13",2025-05-25 21:30:00,EPCPD,MD83,فرودگاه مهرآباد,Domestic Departure
2025-05-25 21:50:00,چابهار,IRU7642,اهواز,پرواز كرد,5,2025-05-25 22:58:00,EPSEB,MD83,فرودگاه مهرآباد,Domestic Departure
2025-05-25 22:00:00,کارون,KRU2610,دزفول,پرواز كرد,"14, 15",2025-05-25 22:05:00,EPAWZ,F100,فرودگاه مهرآباد,Domestic Departure
2025-05-25 22:05:00,آتا,TBZ5635,اهواز,پرواز كرد,"28, 29",2025-05-25 23:52:00,EPTAF,737,فرودگاه مهرآباد,Domestic Departure
2025-05-25 22:15:00,آسمان,IRC830,اهواز,پرواز كرد,28,2025-05-25 22:39:00,EPASR,F100,فرودگاه مهرآباد,Domestic Departure
2025-05-25 22:30:00,یزد ایر,DZD9443,یزد,پرواز كرد,"10, 11",2025-05-25 23:12:00,EPMOC,146-200,فرودگاه مهرآباد,Domestic Departure
2025-05-25 22:35:00,ماهان,IRM1071,زاهدان,پرواز كرد,20,2025-05-25 22:42:00,EPMEU,RJ85,فرودگاه مهرآباد,Domestic Departure
2025-05-25 23:00:00,پارس ایر,PRS4460,شیراز,آماده پرواز,"18, 19",,EPPAM,B737,فرودگاه مهرآباد,Domestic Departure
2025-05-25 23:10:00,وارش,VRH5902,مشهد,پرواز كرد,3,2025-05-25 23:34:00,EPVAF,B737,فرودگاه مهرآباد,Domestic Departure
2025-05-25 23:30:00,آتا,TBZ5640,تبریز,دريافت كارت پرواز,"26, 27",,,MD83,فرودگاه مهرآباد,Domestic Departure
2025-05-25 23:45:00,تابان,TBN6252,مشهد,در حال سوار شدن,"3, 4",,EPSMA,MD.88,فرودگاه مهرآباد,Domestic Departure
2025-05-25 23:50:00,ماهان,IRM1053,کرمان,آماده پرواز,24,,EPMEB,RJ85,فرودگاه مهرآباد,Domestic Departure
2025-05-25 23:55:00,کیش ایر,KIS7025,كيش,آماده پرواز,"9, 10",,EPLCO,MD83,فرودگاه مهرآباد,Domestic Departure
2025-06-03 12:45:00,عراقی,IAW172,نجف,پروازکرد12:55,12:55,,B737-400,2025-06-05,فرودگاه اصفهان,International Departure
2025-06-03 12:50:00,قشم,QSM2233,نجف,پروازکرد13:30,13:30,,A320,2025-06-05,فرودگاه اصفهان,International Departure
2025-06-03 13:45:00,فلای دبی,FDB274,دبی,پروازکرد14:00,14:00,,B737-400,2025-06-05,فرودگاه اصفهان,International Departure
2025-06-03 11:30:00,کارون,KRU2669,تهران,پروازکرد15:02,10,2025-06-03 15:02:00,,,فرودگاه اهواز,Domestic Departure
2025-06-03 13:30:00,آتا,TBZ5628,تهران,پروازکرد18:55,1,2025-06-03 18:55:00,,MD.88,فرودگاه اهواز,Domestic Departure
2025-06-03 14:00:00,آتا,TBZ5632,تهران,پروازکرد14:34,2,2025-06-03 14:34:00,,MD.88,فرودگاه اهواز,Domestic Departure
2025-06-03 14:15:00,پارس,PRS4445,تهران,پروازکرد14:00,9,2025-06-03 14:00:00,,CRJ200,فرودگاه اهواز,Domestic Departure
2025-06-03 17:45:00,کارون,KRU2631,بندرعباس,پروازکرد17:57,10,2025-06-03 17:57:00,,,فرودگاه اهواز,Domestic Departure
2025-06-03 18:30:00,زاگرس,IZG4003,كيش,پروازکرد19:04,4,2025-06-03 19:04:00,,,فرودگاه اهواز,Domestic Departure
2025-06-03 19:00:00,زاگرس,IZG4021,تهران,پروازکرد20:02,2,2025-06-03 20:02:00,,,فرودگاه اهواز,Domestic Departure
2025-06-03 19:45:00,آسمان,IRC3974,ساری,پروازکرد19:54,10,2025-06-03 19:54:00,,100,فرودگاه اهواز,Domestic Departure
2025-06-03 21:00:00,سپهران,SHI4339,مشهد,پروازکرد21:45,10,2025-06-03 21:45:00,,MD.88,فرودگاه اهواز,Domestic Departure
2025-06-03 22:30:00,کارون,KRU2625,اصفهان,پروازکرد22:40,10,2025-06-03 22:40:00,,,فرودگاه اهواز,Domestic Departure
2025-06-03 22:40:00,آتا,TBZ5636,تهران,پروازکرد23:18,4,2025-06-03 23:18:00,,,فرودگاه اهواز,Domestic Departure
2025-06-03 22:40:00,فلای پرشیا,FPI7427,تهران,پروازکرد23:05,2,2025-06-03 23:05:00,,MD.88,فرودگاه اهواز,Domestic Departure
2025-06-03 23:30:00,زاگرس,IZG4121,مشهد,پروازکرد23:35,1,2025-06-03 23:35:00,,,فرودگاه اهواز,Domestic Departure
2025-06-03 23:30:00,ایران ایرتور,IRB955,مشهد,پروازکرد23:40,5-6,2025-06-03 23:40:00,,MD.88,فرودگاه اهواز,Domestic Departure
2025-06-04 01:45:00,آوا ایرلاین,AXV7749,مشهد,طبق برنامه,,,,MD.88,فرودگاه اهواز,Domestic Departure
2025-06-03 09:00:00,زاگرس,IZG4061,تهران,پروازکرد14:53,6-7,2025-06-03 14:53:00,,,فرودگاه بوشهر,Domestic Departure
2025-06-03 11:15:00,کارون,KRU2539,خارگ,پروازکرد12:35,6-7,2025-06-03 12:35:00,,,فرودگاه بوشهر,Domestic Departure
2025-06-03 12:30:00,ایران ایرتور,IRB971,تهران,پروازکرد13:05,4-5,2025-06-03 13:05:00,,,فرودگاه بوشهر,Domestic Departure
2025-06-03 18:35:00,کاسپین,CPN6901,تهران,پروازکرد18:45,6-7,2025-06-03 18:45:00,,,فرودگاه بوشهر,Domestic Departure
2025-06-03 22:50:00,قشم,QSM1219,تهران,پروازکرد23:30,4-5,2025-06-03 23:30:00,,,فرودگاه بوشهر,Domestic Departure
2025-06-04 01:15:00,وارش,VRH05873,تهران,پذیرش مسافر,6-7,,,,فرودگاه بوشهر,Domestic Departure
2025-06-03 13:00:00,ماهان,IRM4597,جزیره ابوموسی,پروازکرد13:01,2,2025-06-03 13:01:00,,,فرودگاه بندرعباس,Domestic Departure
2025-06-03 14:40:00,آسمان,IRC645,تهران,پروازکرد16:49,4-5,2025-06-03 16:49:00,,A320,فرودگاه بندرعباس,Domestic Departure
2025-06-03 15:40:00,سپهران,SHI4322,مشهد,پروازکرد16:21,1-2,2025-06-03 16:21:00,,737,فرودگاه بندرعباس,Domestic Departure
2025-06-03 16:00:00,ماهان,IRM4583,تنب بزرگ,پروازکرد16:33,3,2025-06-03 16:33:00,,,فرودگاه بندرعباس,Domestic Departure
2025-06-03 16:15:00,کیش ایر,KIS7063,كيش,باطل شد,,,,MD80,فرودگاه بندرعباس,Domestic Departure
2025-06-03 17:45:00,ایران ایر,IRA3397,جزیره ابوموسی,پروازکرد19:17,8-9,2025-06-03 19:17:00,,ATR,فرودگاه بندرعباس,Domestic Departure
2025-06-03 19:30:00,کیش ایر,KIS7088,تهران,پروازکرد22:07,3-5,2025-06-03 22:07:00,,MD80,فرودگاه بندرعباس,Domestic Departure
2025-06-03 20:00:00,کارون,KRU2630,اهواز,پروازکرد20:06,1-2,2025-06-03 20:06:00,,100,فرودگاه بندرعباس,Domestic Departure
2025-06-03 21:15:00,ایران ایر,IRA3367,یزد,پروازکرد22:42,11,2025-06-03 22:42:00,,,فرودگاه بندرعباس,Domestic Departure
2025-06-03 21:30:00,ایران ایرتور,IRB933,تهران,پروازکرد21:39,8-9,2025-06-03 21:39:00,,MD83,فرودگاه بندرعباس,Domestic Departure
2025-06-03 21:45:00,وارش,VRH5815,تهران,پروازکرد22:05,6-7,2025-06-03 22:05:00,,737-500,فرودگاه بندرعباس,Domestic Departure
2025-06-03 23:35:00,کاسپین,CPN6961,تهران,پروازکرد23:52,1-3,2025-06-03 23:52:00,,MD80,فرودگاه بندرعباس,Domestic Departure
2025-06-03 23:45:00,زاگرس,IZG4051,تهران,ورود به سالن بازرسی | پذیرش مسافر,6-7,,,,فرودگاه بندرعباس,Domestic Departure
2025-06-03 18:30:00,فلای دبی,FDB244,دبی,پروازکرد18:41,18:41,,737,2025-06-05,فرودگاه بندرعباس,International Departure
2025-06-03 13:30:00,ماهان,IRM4594,كيش,پروازکرد13:21,2-3,2025-06-03 13:21:00,,BAE146,فرودگاه کرمان,Domestic Departure
2025-06-03 18:15:00,ماهان,IRM1077,مشهد,پروازکرد18:08,3-4,2025-06-03 18:08:00,,BAE146,فرودگاه کرمان,Domestic Departure
2025-06-03 19:00:00,آتا,TBZ5665,تهران,پروازکرد19:20,1-2,2025-06-03 19:20:00,,MD83,فرودگاه کرمان,Domestic Departure
2025-06-03 19:40:00,ماهان,IRM1066,تهران,پروازکرد19:35,3-4,2025-06-03 19:35:00,,BAE146,فرودگاه کرمان,Domestic Departure
2025-06-03 20:40:00,اطلس گلوبال,KKK8292,تهران,پروازکرد20:45,1-2,2025-06-03 20:45:00,,CRJ200,فرودگاه کرمان,Domestic Departure
2025-06-03 21:00:00,ماهان,IRM1052,تهران,پروازکرد21:12,3-4,2025-06-03 21:12:00,,BAE146,فرودگاه کرمان,Domestic Departure
2025-06-03 23:10:00,قشم,QSM1289,تهران,پروازکرد23:00,1-2,2025-06-03 23:00:00,,f100,فرودگاه کرمان,Domestic Departure
2025-06-03 23:55:00,کارون,KRU2677,تهران,تاخیردارد01:15 | پذیرش مسافر,3-4,,,100,فرودگاه کرمان,Domestic Departure
2025-06-03 12:45:00,وارش,VRH5806,كيش,پروازکرد12:35,"1,4",2025-06-03 12:35:00,,,فرودگاه ساري,Domestic Departure
2025-06-03 16:15:00,وارش,VRH5803,مشهد,پروازکرد16:05,"1,4",2025-06-03 16:05:00,,,فرودگاه ساري,Domestic Departure
2025-06-03 21:00:00,وارش,VRH5844,شیراز,پروازکرد21:40,4,2025-06-03 21:40:00,,,فرودگاه ساري,Domestic Departure
2025-06-03 21:50:00,آسمان,IRC3975,اهواز,پروازکرد22:05,1,2025-06-03 22:05:00,,,فرودگاه ساري,Domestic Departure
2025-06-03 16:00:00,وارش,VRH6819,نجف,پروازکرد16:35,16:35,,,2025-06-05,فرودگاه ساري,International Departure
2025-06-03 12:50:00,یزد ایر,DZD9418,تهران,پروازکرد13:05,2-3,2025-06-03 13:05:00,,146-100,فرودگاه يزد,Domestic Departure
2025-06-03 20:05:00,یزد ایر,DZD9442,تهران,پروازکرد20:20,2-3,2025-06-03 20:20:00,,146-100,فرودگاه يزد,Domestic Departure
2025-06-03 23:20:00,آتا,TBZ5669,تهران,ورود به سالن بازرسی | پایان پذیرش مسافر,5,,,MD83,فرودگاه يزد,Domestic Departure
2025-06-03 23:25:00,ایران ایر,IRA299,تهران,پروازکرد23:25,2-3,2025-06-03 23:25:00,,ATR-72-200/210,فرودگاه يزد,Domestic Departure
2025-06-03 23:30:00,کارون,KRU2609,تهران,پروازکرد23:50,7,2025-06-03 23:50:00,,737-100,فرودگاه يزد,Domestic Departure
2025-06-03 23:30:00,ایران ایر,IRA3366,بندرعباس,تاخیردارد00:15 | پذیرش مسافر,2-3,,,ATR-72-500,فرودگاه يزد,Domestic Departure
2025-06-03 16:10:00,ماهان,IRM1003,تهران,پروازکرد16:30,5-6,2025-06-03 16:30:00,,,فرودگاه اروميه,Domestic Departure
2025-06-03 21:30:00,آتا,TBZ5680,تهران,پروازکرد23:35,3-4,2025-06-03 23:35:00,,,فرودگاه اروميه,Domestic Departure
2025-06-03 15:10:00,ماهان,IRM1009,تهران,پروازکرد15:10,9-10,2025-06-03 15:10:00,,,فرودگاه کرمانشاه,Domestic Departure
2025-06-04 15:10:00,ماهان,IRM1009,تهران,طبق برنامه,,,,,فرودگاه کرمانشاه,Domestic Departure
2025-06-03 09:10:00,کارون,KRU2632,اهواز,پروازکرد12:53,6-7,2025-06-03 12:53:00,,,فرودگاه رشت,Domestic Departure
2025-06-03 11:50:00,آسمان,IRC647,بندرعباس,پروازکرد14:08,9,2025-06-03 14:08:00,,,فرودگاه رشت,Domestic Departure
2025-06-03 12:10:00,آسمان,IRC3941,شیراز,پروازکرد12:18,9,2025-06-03 12:18:00,,,فرودگاه رشت,Domestic Departure
2025-06-03 19:40:00,آتا,TBZ5718,مشهد,پروازکرد22:24,6-7,2025-06-03 22:24:00,,,فرودگاه رشت,Domestic Departure
2025-06-03 13:45:00,عراقی,IAW1200,بغداد,پروازکرد14:23,14:23,,,2025-06-05,فرودگاه رشت,International Departure
2025-06-03 21:50:00,آسمان,IRC852,مشهد,تاخیردارد23:40 | پذیرش مسافر,7,,,,فرودگاه زاهدان,Domestic Departure
2025-06-03 19:45:00,پارس,PRS4414,مشهد,پروازکرد20:00,4,2025-06-03 20:00:00,,,فرودگاه آبادان,Domestic Departure
2025-06-03 22:30:00,سپهران,SHI4367,مشهد,پروازکرد22:46,4,2025-06-03 22:46:00,,,فرودگاه آبادان,Domestic Departure
2025-06-03 23:55:00,آتا,TBZ5648,مشهد,تاخیردارد00:50 | پذیرش مسافر,3,,,,فرودگاه آبادان,Domestic Departure
2025-06-04 01:45:00,پارس,PRS4495,تهران,پذیرش مسافر,4,,,,فرودگاه آبادان,Domestic Departure
2025-06-03 21:20:00,پويا,PYA2311,تهران,پروازکرد22:07,4-5,2025-06-03 22:07:00,,EMB145,فرودگاه گرگان,Domestic Departure
2025-06-04 00:05:00,قشم,QSM1299,تهران,آماده پرواز,4-5,,,146-100,فرودگاه گرگان,Domestic Departure
2025-06-03 15:00:00,یزد ایر,DZD9316,استانبول,باطل شد,,,A310,2025-06-05,فرودگاه گرگان,International Departure
2025-06-03 17:50:00,قشم,QSM2235,آکتائو,پروازکرد17:55,17:55,,RJ100,2025-06-05,فرودگاه گرگان,International Departure
2025-06-03 19:30:00,آسمان,IRC3711,تهران,باطل شد,,,,100,فرودگاه اردبيل,Domestic Departure
2025-06-03 20:20:00,ماهان,IRM1027,تهران,پروازکرد20:25,2-3,2025-06-03 20:25:00,,RJ100,فرودگاه اردبيل,Domestic Departure
2025-06-03 09:00:00,ایران ایر,IRA627,دوحه,پروازکرد15:30,15:30,,A320,2025-06-03,فرودگاه لارستان,International Departure
2025-06-03 12:15:00,فلای دبی,FDB268,دبی,پروازکرد12:15,12:15,,737,2025-06-03,فرودگاه لارستان,International Departure
2025-06-04 10:15:00,العربیه,ABY218,شارجه,طبق برنامه,,,A321,2025-06-03,فرودگاه لارستان,International Departure
2025-06-04 11:55:00,فلای دبی,FDB268,دبی,طبق برنامه,,,737,2025-06-03,فرودگاه لارستان,International Departure
2025-06-03 16:15:00,ماهان,IRM1005,تهران,پروازکرد16:20,"1,4",2025-06-03 16:20:00,,,فرودگاه خرم آباد,Domestic Departure
2025-06-04 10:35:00,یزد ایر,DZD9402,تهران,پروازکرد12:35,2,2025-06-04 12:35:00,,,فرودگاه رشت,Domestic Departure
2025-06-04 11:45:00,وارش,VRH5907,عسلویه,پروازکرد11:44,6-7,2025-06-04 11:44:00,,,فرودگاه رشت,Domestic Departure
2025-06-04 12:30:00,رایمون,RAI7511,تهران,پروازکرد12:27,,2025-06-04 12:27:00,,,فرودگاه رشت,Domestic Departure
2025-06-04 14:45:00,سپهران,SHI4327,مشهد,آماده پرواز,6-7,,,,فرودگاه رشت,Domestic Departure
2025-06-04 15:00:00,ایران ایرتور,IRB905,مشهد,ورود به سالن بازرسی | پایان پذیرش مسافر,3-5,,,,فرودگاه رشت,Domestic Departure
2025-06-04 13:45:00,عراقی,IAW1200,بغداد,پروازکرد14:24,14:24,,,2025-06-04,فرودگاه رشت,International Departure
2025-06-04 04:40:00,ماهان,IRM1070,تهران,پروازکرد04:40,6,2025-06-04 04:40:00,,,فرودگاه زاهدان,Domestic Departure
2025-06-04 12:50:00,ماهان,IRM4559,چابهار,باطل شد,,,,,فرودگاه زاهدان,Domestic Departure
2025-06-04 07:50:00,زاگرس,IZG4107,مشهد,پروازکرد08:16,3,2025-06-04 08:16:00,,MD83,فرودگاه آبادان,Domestic Departure
2025-06-04 10:45:00,اطلس ایر,ATS8291,تهران,پروازکرد11:59,3,2025-06-04 11:59:00,,MD83,فرودگاه آبادان,Domestic Departure
2025-06-04 10:45:00,پارس,PRS4457,مشهد,پروازکرد11:18,4,2025-06-04 11:18:00,,737,فرودگاه آبادان,Domestic Departure
2025-06-04 11:35:00,ایر وان,INA6753,مشهد,پروازکرد12:29,1,2025-06-04 12:29:00,,MD82,فرودگاه آبادان,Domestic Departure
2025-06-04 09:55:00,یزد ایر,DZD9412,تهران,باطل شد,,,,CRJ200,فرودگاه گرگان,Domestic Departure
2025-06-04 11:20:00,آسمان,IRC631,تهران,باطل شد,,,,100,فرودگاه گرگان,Domestic Departure
2025-06-04 14:30:00,آساجت,SJT8631,تهران,پروازکرد14:48,4-5,2025-06-04 14:48:00,,EMB145,فرودگاه گرگان,Domestic Departure
2025-06-04 17:00:00,قشم,QSM1297,زاهدان,پذیرش مسافر,4-5,,,f100,فرودگاه گرگان,Domestic Departure
2025-06-04 11:25:00,کاسپین,CPN4923,مشهد,پروازکرد11:50,1-2,2025-06-04 11:50:00,,,فرودگاه همدان,Domestic Departure
2025-06-04 13:05:00,ماهان,IRM4537,تهران,پروازکرد12:54,2-3,2025-06-04 12:54:00,,RJ100,فرودگاه اردبيل,Domestic Departure
2025-06-04 15:20:00,آتا,TBZ5634,تهران,ورود به سالن بازرسی | پذیرش مسافر,4-5,,,MD83,فرودگاه اردبيل,Domestic Departure
2025-06-04 06:35:00,آسمان,IRC841,تهران,باطل شد,,,,,فرودگاه ايلام,Domestic Departure
2025-06-04 09:00:00,ماهان,IRM1040,مشهد,پروازکرد09:05,2,2025-06-04 09:05:00,,,فرودگاه زابل,Domestic Departure
2025-06-04 13:50:00,ماهان,IRM1084,تهران,پروازکرد14:00,2,2025-06-04 14:00:00,,BAE146,فرودگاه زابل,Domestic Departure
2025-05-25 11:40:00,قشم,QSM1232,خارگ,پروازکرد12:11,3-4,2025-05-25 12:11:00,,100,فرودگاه شيراز,Domestic Departure
2025-05-25 12:25:00,ماهان,IRM1088,تهران,پروازکرد12:22,1-2,2025-05-25 12:22:00,,RJ85,فرودگاه شيراز,Domestic Departure
2025-05-25 17:20:00,فلای پرشیا,FPI7404,تهران,پروازکرد17:38,3-4,2025-05-25 17:38:00,,737,فرودگاه شيراز,Domestic Departure
2025-05-25 05:00:00,آسمان,IRC3770,تهران,طبق برنامه,,,,100,فرودگاه شيراز,Domestic Departure
2025-05-25 08:45:00,ساها,IRZ164,لاوان,طبق برنامه,,,,737,فرودگاه شيراز,Domestic Departure
2025-05-25 09:00:00,ماهان,IRM4582,تهران,طبق برنامه,,,,F50,فرودگاه شيراز,Domestic Departure
2025-05-25 09:40:00,آسمان,IRC3812,تبریز,طبق برنامه,,,,100,فرودگاه شيراز,Domestic Departure
2025-05-25 11:45:00,اطلس,ATS8280,مشهد,طبق برنامه,,,,737,فرودگاه شيراز,Domestic Departure
2025-05-25 12:15:00,ساها,IRZ159,تهران,طبق برنامه,,,,737,فرودگاه شيراز,Domestic Departure
2025-05-25 12:30:00,یزد ایر,DZD6894,تهران,طبق برنامه,,,,146-100,فرودگاه شيراز,Domestic Departure
2025-05-25 13:15:00,پارس,PRS4427,تهران,طبق برنامه,,,,CRJ200,فرودگاه شيراز,Domestic Departure
2025-05-25 15:10:00,قشم,QSM1261,تهران,طبق برنامه,,,,100,فرودگاه شيراز,Domestic Departure
2025-05-25 17:30:00,آسمان,IRC3776,تهران,طبق برنامه,,,,100,فرودگاه شيراز,Domestic Departure
2025-05-25 06:00:00,آتا,TBZ5601,تهران,طبق برنامه,,,,MD83,فرودگاه تبريز,Domestic Departure
2025-05-25 07:50:00,ایران ایر,IRA342,تهران,طبق برنامه,,,,A319,فرودگاه تبريز,Domestic Departure
2025-05-25 08:00:00,آتا,TBZ5609,تهران,طبق برنامه,,,,MD83,فرودگاه تبريز,Domestic Departure
2025-05-25 10:00:00,آتا,TBZ5603,تهران,طبق برنامه,,,,MD83,فرودگاه تبريز,Domestic Departure
2025-05-25 10:15:00,معراج,MRJ2872,مشهد,باطل شد,,,,A320,فرودگاه تبريز,Domestic Departure
2025-05-25 10:15:00,معراج,MRJ2824,تهران,طبق برنامه,,,,A319,فرودگاه تبريز,Domestic Departure
2025-05-25 10:30:00,زاگرس,IZG4103,مشهد,طبق برنامه,,,,MD83,فرودگاه تبريز,Domestic Departure
2025-05-25 10:50:00,ماهان,IRM04561,کرمان,طبق برنامه,,,,BAE100,فرودگاه تبريز,Domestic Departure
2025-05-25 10:50:00,ماهان,IRM4561,اصفهان,طبق برنامه,,,,BAE100,فرودگاه تبريز,Domestic Departure
2025-05-25 11:00:00,ایران ایرتور,IRB951,مشهد,باطل شد,,,,MDC-DC-9-82,فرودگاه تبريز,Domestic Departure
2025-05-25 11:25:00,آسمان,IRC641,تهران,باطل شد,,,,100,فرودگاه تبريز,Domestic Departure
2025-05-25 12:05:00,آسمان,IRC3813,شیراز,طبق برنامه,,,,100,فرودگاه تبريز,Domestic Departure
2025-05-25 13:30:00,ایران ایرتور,IRB972,كيش,طبق برنامه,,,,MDC-DC-9-82,فرودگاه تبريز,Domestic Departure
2025-05-25 14:00:00,ایران ایرتور,IRB901,مشهد,طبق برنامه,,,,MDC-DC-9-82,فرودگاه تبريز,Domestic Departure
2025-05-25 16:00:00,آتا,TBZ5645,تهران,طبق برنامه,,,,MD83,فرودگاه تبريز,Domestic Departure
2025-05-25 17:30:00,آتا,TBZ5639,تهران,طبق برنامه,,,,MD83,فرودگاه تبريز,Domestic Departure
2025-05-25 10:25:00,کارون,KRU2569,لاوان,پروازکرد12:55,5-6,2025-05-25 12:55:00,,100,فرودگاه اصفهان,Domestic Departure
2025-05-25 12:45:00,پارس,PRS5423,تهران,پروازکرد13:20,2-3,2025-05-25 13:20:00,,B737-400,فرودگاه اصفهان,Domestic Departure
2025-05-25 14:50:00,قشم,QSM1234,خارگ,پروازکرد15:25,6,2025-05-25 15:25:00,,CRJ200,فرودگاه اصفهان,Domestic Departure
2025-05-25 15:15:00,کیش ایر,KIS7023,كيش,پروازکرد15:00,1-2,2025-05-25 15:00:00,,MD83,فرودگاه اصفهان,Domestic Departure
2025-05-25 15:55:00,کارون,KRU2562,عسلویه,پروازکرد16:00,5,2025-05-25 16:00:00,,737,فرودگاه اصفهان,Domestic Departure
2025-05-25 16:00:00,معراج,MRJ2813,عسلویه,پروازکرد16:00,2-3,2025-05-25 16:00:00,,A321,فرودگاه اصفهان,Domestic Departure
2025-05-25 09:05:00,آساجت,SJT8656,رشت,طبق برنامه,,,,EMB145,فرودگاه اصفهان,Domestic Departure
2025-05-25 10:00:00,وارش,VRH5855,مشهد,باطل شد,,,,B737-400,فرودگاه اصفهان,Domestic Departure
2025-05-25 11:15:00,کیش ایر,KIS7023,كيش,طبق برنامه,,,,MD83,فرودگاه اصفهان,Domestic Departure
2025-05-25 12:35:00,آساجت,SJT8617,تهران,طبق برنامه,,,,EMB145,فرودگاه اصفهان,Domestic Departure
2025-05-25 13:20:00,ماهان,IRM04561,کرمان,طبق برنامه,,,,146-100,فرودگاه اصفهان,Domestic Departure
2025-05-25 16:35:00,رایمون,RAI7513,تهران,طبق برنامه,,,,EMB145,فرودگاه اصفهان,Domestic Departure
2025-05-25 12:30:00,آتا,TBZ5628,تهران,پروازکرد15:15,2,2025-05-25 15:15:00,,,فرودگاه اهواز,Domestic Departure
2025-05-25 15:20:00,ایران ایر,IRA310,تهران,پروازکرد15:32,5,2025-05-25 15:32:00,,,فرودگاه اهواز,Domestic Departure
2025-05-25 17:30:00,کارون,KRU2623,اصفهان,پروازکرد17:32,10,2025-05-25 17:32:00,,,فرودگاه اهواز,Domestic Departure
2025-05-25 19:00:00,زاگرس,IZG4021,تهران,پروازکرد19:12,2,2025-05-25 19:12:00,,,فرودگاه اهواز,Domestic Departure
2025-05-25 19:15:00,وارش,VRH5811,مشهد,پروازکرد20:48,1,2025-05-25 20:48:00,,,فرودگاه اهواز,Domestic Departure
2025-05-25 19:30:00,زاگرس,IZG4121,مشهد,پروازکرد20:10,4,2025-05-25 20:10:00,,,فرودگاه اهواز,Domestic Departure
2025-05-25 19:45:00,کارون,KRU2669,تهران,پروازکرد19:54,10,2025-05-25 19:54:00,,,فرودگاه اهواز,Domestic Departure
2025-05-25 20:15:00,کارون,KRU2613,تهران,پروازکرد20:23,9,2025-05-25 20:23:00,,,فرودگاه اهواز,Domestic Departure
2025-05-25 20:40:00,ایران ایر,IRA334,مشهد,پروازکرد20:54,5-6,2025-05-25 20:54:00,,,فرودگاه اهواز,Domestic Departure
2025-05-25 23:10:00,کارون,KRU2621,تهران,پروازکرد23:08,10,2025-05-25 23:08:00,,,فرودگاه اهواز,Domestic Departure
2025-05-25 01:10:00,سپهران,SHI4339,مشهد,پذیرش مسافر,10,,,MD.88,فرودگاه اهواز,Domestic Departure
2025-05-25 06:00:00,کارون,KRU2531,سیری,طبق برنامه,,,,,فرودگاه اهواز,Domestic Departure
2025-05-25 06:30:00,زاگرس,IZG4023,تهران,طبق برنامه,,,,,فرودگاه اهواز,Domestic Departure
2025-05-25 07:00:00,آتا,TBZ5636,تهران,طبق برنامه,,,,,فرودگاه اهواز,Domestic Departure
2025-05-25 07:30:00,وارش,VRH5853,تهران,طبق برنامه,,,,,فرودگاه اهواز,Domestic Departure
2025-05-25 07:40:00,فلای پرشیا,FPI7427,تهران,طبق برنامه,,,,MD.88,فرودگاه اهواز,Domestic Departure
2025-05-25 11:00:00,آتا,TBZ5642,مشهد,طبق برنامه,,,,,فرودگاه اهواز,Domestic Departure
2025-05-25 11:00:00,آتا,TBZ5694,تهران,طبق برنامه,,,,,فرودگاه اهواز,Domestic Departure
2025-05-25 13:35:00,کارون,KRU2643,تهران,طبق برنامه,,,,,فرودگاه اهواز,Domestic Departure
2025-05-25 17:45:00,زاگرس,IZG4121,مشهد,طبق برنامه,,,,,فرودگاه اهواز,Domestic Departure
2025-05-25 23:30:00,کاسپین,CPN6901,تهران,پروازکرد23:45,6-7,2025-05-25 23:45:00,,,فرودگاه بوشهر,Domestic Departure
2025-05-25 07:15:00,چابهار,IRU7659,تهران,طبق برنامه,,,,,فرودگاه بوشهر,Domestic Departure
2025-05-25 09:00:00,زاگرس,IZG4061,تهران,طبق برنامه,,,,,فرودگاه بوشهر,Domestic Departure
2025-05-25 12:20:00,آتا,TBZ5688,تهران,طبق برنامه,,,,,فرودگاه بوشهر,Domestic Departure
2025-05-25 16:10:00,زاگرس,IZG4109,مشهد,طبق برنامه,,,,,فرودگاه بوشهر,Domestic Departure
2025-05-25 12:45:00,کیش ایر,KIS7139,اصفهان,پروازکرد12:39,1-3,2025-05-25 12:39:00,,MD80,فرودگاه بندرعباس,Domestic Departure
2025-05-25 14:40:00,آسمان,IRC645,تهران,پروازکرد14:47,4-5,2025-05-25 14:47:00,,A320,فرودگاه بندرعباس,Domestic Departure
2025-05-25 15:15:00,کیش ایر,KIS7106,مشهد,پروازکرد15:58,1-3,2025-05-25 15:58:00,,A321,فرودگاه بندرعباس,Domestic Departure
2025-05-25 21:00:00,ایران ایرتور,IRB913,تهران,پروازکرد21:28,8-9,2025-05-25 21:28:00,,,فرودگاه بندرعباس,Domestic Departure
2025-05-25 21:45:00,وارش,VRH5815,تهران,پروازکرد21:45,6-7,2025-05-25 21:45:00,,737-500,فرودگاه بندرعباس,Domestic Departure
2025-05-25 23:45:00,زاگرس,IZG4051,تهران,در حال سوار شدن,6-7,,,,فرودگاه بندرعباس,Domestic Departure
2025-05-25 07:00:00,ایران ایر,IRA3397,جزیره ابوموسی,طبق برنامه,,,,ATR,فرودگاه بندرعباس,Domestic Departure
2025-05-25 09:00:00,ایران ایرتور,IRB913,تهران,باطل شد,,,,,فرودگاه بندرعباس,Domestic Departure
2025-05-25 10:10:00,پويا,PYA2358,چابهار,طبق برنامه,,,,EMB145,فرودگاه بندرعباس,Domestic Departure
2025-05-25 10:25:00,ماهان,IRM1094,تهران,طبق برنامه,,,,,فرودگاه بندرعباس,Domestic Departure
2025-05-25 10:55:00,کارون,KRU2561,سیری,طبق برنامه,,,,f100,فرودگاه بندرعباس,Domestic Departure
2025-05-25 11:40:00,قشم,QSM1285,کرمانشاه,طبق برنامه,,,,,فرودگاه بندرعباس,Domestic Departure
2025-05-25 13:20:00,پويا,PYA2349,تهران,طبق برنامه,,,,EMB145,فرودگاه بندرعباس,Domestic Departure
2025-05-25 14:35:00,سپهران,SHI4322,مشهد,طبق برنامه,,,,737,فرودگاه بندرعباس,Domestic Departure
2025-05-25 05:25:00,ماهان,IRM1050,تهران,طبق برنامه,,,,146-100,فرودگاه کرمان,Domestic Departure
2025-05-25 11:30:00,وارش,VRH5908,عسلویه,پروازکرد12:20,"1,4",2025-05-25 12:20:00,,,فرودگاه ساري,Domestic Departure
2025-05-25 14:30:00,وارش,VRH5803,مشهد,پروازکرد16:06,"1,4",2025-05-25 16:06:00,,,فرودگاه ساري,Domestic Departure
2025-05-25 15:15:00,یزد ایر,DZD9418,تهران,پروازکرد15:15,3,2025-05-25 15:15:00,,146-100,فرودگاه يزد,Domestic Departure
2025-05-25 18:40:00,آتا,TBZ5708,مشهد,پروازکرد19:40,5,2025-05-25 19:40:00,,MD83,فرودگاه يزد,Domestic Departure
2025-05-25 19:00:00,کارون,KRU2609,تهران,پروازکرد19:00,7,2025-05-25 19:00:00,,100,فرودگاه يزد,Domestic Departure
2025-05-25 20:20:00,یزد ایر,DZD9442,تهران,پروازکرد21:00,3,2025-05-25 21:00:00,,146-100,فرودگاه يزد,Domestic Departure
2025-05-25 05:30:00,یزد ایر,DZD9440,تهران,طبق برنامه,,,,146-100,فرودگاه يزد,Domestic Departure
2025-05-25 07:05:00,کیش ایر,KIS7084,تهران,طبق برنامه,,,,MD83,فرودگاه يزد,Domestic Departure
2025-05-25 16:10:00,ماهان,IRM1003,تهران,پروازکرد16:30,5-6,2025-05-25 16:30:00,,,فرودگاه اروميه,Domestic Departure
2025-05-25 17:55:00,کاسپین,CPN037,تهران,پروازکرد17:50,3-4,2025-05-25 17:50:00,,,فرودگاه اروميه,Domestic Departure
2025-05-25 21:30:00,آتا,TBZ5680,تهران,باطل شد,,,,,فرودگاه اروميه,Domestic Departure
2025-05-25 23:55:00,چابهار ایر,IRU7643,تهران,آماده پرواز,4,,,,فرودگاه اهواز,Domestic Departure
2025-05-25 08:00:00,آتا,TBZ5678,تهران,باطل شد,,,,,فرودگاه اروميه,Domestic Departure
2025-05-25 13:45:00,کاسپین,CPN037,تهران,طبق برنامه,,,,,فرودگاه اروميه,Domestic Departure
2025-05-25 15:00:00,ایران ایرتور,IRB953,مشهد,طبق برنامه,,,,,فرودگاه اروميه,Domestic Departure
2025-05-25 13:15:00,قشم,QSM1290,تهران,پروازکرد13:37,7-8,2025-05-25 13:37:00,,,فرودگاه کرمانشاه,Domestic Departure
2025-05-25 13:50:00,آوا,AXV7729,مشهد,پروازکرد13:47,5-6,2025-05-25 13:47:00,,,فرودگاه کرمانشاه,Domestic Departure
2025-05-25 20:00:00,چابهار ایر,IRU7637,تهران,پروازکرد20:30,5-6,2025-05-25 20:30:00,,,فرودگاه کرمانشاه,Domestic Departure
2025-05-25 08:35:00,قشم,QSM1284,بندرعباس,طبق برنامه,,,,,فرودگاه کرمانشاه,Domestic Departure
2025-05-25 09:00:00,سپهران,SHI4359,مشهد,طبق برنامه,,,,,فرودگاه کرمانشاه,Domestic Departure
2025-05-25 14:15:00,آوا,AXV7729,مشهد,طبق برنامه,,,,,فرودگاه کرمانشاه,Domestic Departure
2025-05-25 14:35:00,قشم,QSM1290,تهران,طبق برنامه,,,,,فرودگاه کرمانشاه,Domestic Departure
2025-05-25 15:35:00,ماهان,IRM1009,تهران,طبق برنامه,,,,,فرودگاه کرمانشاه,Domestic Departure
2025-05-25 12:10:00,آسمان,IRC3941,شیراز,پروازکرد12:08,8,2025-05-25 12:08:00,,,فرودگاه رشت,Domestic Departure
2025-05-25 12:30:00,یزد ایر,DZD9445,یزد,پروازکرد12:28,6-7,2025-05-25 12:28:00,,,فرودگاه رشت,Domestic Departure
2025-05-25 13:45:00,آساجت,SJT8635,تهران,پروازکرد13:38,6-7,2025-05-25 13:38:00,,,فرودگاه رشت,Domestic Departure
2025-05-25 16:30:00,ایران ایرتور,IRB905,مشهد,پروازکرد16:37,3-5,2025-05-25 16:37:00,,,فرودگاه رشت,Domestic Departure
2025-05-25 18:30:00,تابان,TBN6314,مشهد,باطل شد,,,,,فرودگاه رشت,Domestic Departure
2025-05-25 07:30:00,رایمون,RAI7511,تهران,طبق برنامه,,,,,فرودگاه رشت,Domestic Departure
2025-05-25 09:30:00,ایران ایرتور,IRB905,مشهد,طبق برنامه,,,,,فرودگاه رشت,Domestic Departure
2025-05-25 10:50:00,آساجت,SJT8657,اصفهان,طبق برنامه,,,,,فرودگاه رشت,Domestic Departure
2025-05-25 14:20:00,سپهران,SHI4327,مشهد,طبق برنامه,,,,,فرودگاه رشت,Domestic Departure
2025-05-25 17:30:00,آساجت,SJT8635,تهران,طبق برنامه,,,,,فرودگاه رشت,Domestic Departure
2025-05-25 22:45:00,ماهان,IRM4540,تهران,پروازکرد22:48,6,2025-05-25 22:48:00,,RJ100,فرودگاه زاهدان,Domestic Departure
2025-05-25 23:00:00,چابهار ایر,IRU7613,تهران,پروازکرد23:00,2,2025-05-25 23:00:00,,MD82,فرودگاه زاهدان,Domestic Departure
2025-05-25 04:40:00,ماهان,IRM1070,تهران,طبق برنامه,,,,,فرودگاه زاهدان,Domestic Departure
2025-05-25 12:50:00,ماهان,IRM4559,چابهار,طبق برنامه,,,,,فرودگاه زاهدان,Domestic Departure
2025-05-25 11:35:00,ایر وان,INA6753,مشهد,پروازکرد12:59,1,2025-05-25 12:59:00,,,فرودگاه آبادان,Domestic Departure
2025-05-25 19:10:00,سپهران,SHI4387,مشهد,پروازکرد19:07,4,2025-05-25 19:07:00,,737,فرودگاه آبادان,Domestic Departure
2025-05-25 19:15:00,پارس,PRS4414,مشهد,پروازکرد19:30,,2025-05-25 19:30:00,,737,فرودگاه آبادان,Domestic Departure
2025-05-25 19:45:00,آوا ایر,AVA7711,مشهد,پروازکرد19:54,2,2025-05-25 19:54:00,,737,فرودگاه آبادان,Domestic Departure
2025-05-25 21:45:00,اطلس ایر,ATS8287,مشهد,پروازکرد22:14,3,2025-05-25 22:14:00,,737,فرودگاه آبادان,Domestic Departure
2025-05-25 23:10:00,آتا,TBZ5689,تهران,پروازکرد23:36,3,2025-05-25 23:36:00,,MD83,فرودگاه آبادان,Domestic Departure
2025-05-25 00:50:00,آسمان,IRC3819,شیراز,ورود به سالن بازرسی | پذیرش مسافر,5,,,,فرودگاه آبادان,Domestic Departure
2025-05-25 11:55:00,ماهان,IRM1099,مشهد,پروازکرد11:56,2-3,2025-05-25 11:56:00,,146-100,فرودگاه اردبيل,Domestic Departure
2025-05-25 10:05:00,ماهان,IRM4537,تهران,طبق برنامه,,,,RJ100,فرودگاه اردبيل,Domestic Departure
2025-05-25 15:00:00,ایران ایر,IRA327,تهران,باطل شد,,,,A321,فرودگاه لارستان,Domestic Departure
2025-05-26 06:05:00,ماهان,IRM1085,زابل,طبق برنامه,22,,,146-200,فرودگاه مهرآباد,Domestic Departure
2025-05-26 06:10:00,قشم ایر,QSM1202,عسلویه,طبق برنامه,"16, 17",,,F100,فرودگاه مهرآباد,Domestic Departure
2025-05-26 06:15:00,ماهان,IRM1033,مشهد,طبق برنامه,26,,,146-200,فرودگاه مهرآباد,Domestic Departure
2025-05-26 06:15:00,کاسپین,CPN6978,لامرد,طبق برنامه,"8, 9",,,MD83,فرودگاه مهرآباد,Domestic Departure
2025-05-26 06:20:00,آتا,TBZ5610,تبریز,طبق برنامه,11,,,MD83,فرودگاه مهرآباد,Domestic Departure
2025-05-26 06:20:00,کیش ایر,KIS7055,كيش,طبق برنامه,"9, 10",,,MD83,فرودگاه مهرآباد,Domestic Departure
2025-05-26 06:30:00,ساها,IRZ158,شیراز,طبق برنامه,"6, 7",,,737-700,فرودگاه مهرآباد,Domestic Departure
2025-05-26 06:40:00,اروان,INA6750,مشهد,طبق برنامه,4,,,737-700,فرودگاه مهرآباد,Domestic Departure
2025-05-26 06:40:00,کاسپین,CPN014,عسلویه,طبق برنامه,"10, 11",,,MD83,فرودگاه مهرآباد,Domestic Departure
2025-05-26 06:45:00,قشم ایر,QSM1291,کرمانشاه,طبق برنامه,15,,,F100,فرودگاه مهرآباد,Domestic Departure
2025-05-26 06:50:00,کارون,KRU2584,عسلویه,طبق برنامه,22,,,F100,فرودگاه مهرآباد,Domestic Departure
2025-05-26 06:50:00,ماهان,IRM1095,بندرعباس,طبق برنامه,"23, 24, 25",,,146-200,فرودگاه مهرآباد,Domestic Departure
2025-05-26 06:55:00,ایران ایر,IRA232,شیراز,طبق برنامه,"5, 6",,,F100,فرودگاه مهرآباد,Domestic Departure
2025-05-26 07:00:00,اطلس ایر,ATS8288,مشهد,طبق برنامه,"18, 19",,,737-700,فرودگاه مهرآباد,Domestic Departure
2025-05-26 07:00:00,ایران ایرتور,IRB918,چابهار,طبق برنامه,"9, 10",,,MD83,فرودگاه مهرآباد,Domestic Departure
2025-05-26 07:10:00,ماهان,IRM4525,چابهار,طبق برنامه,27,,,146-200,فرودگاه مهرآباد,Domestic Departure
2025-05-26 07:20:00,پويا,PYA2348,بندرعباس,طبق برنامه,13,,,EMB145,فرودگاه مهرآباد,Domestic Departure
2025-05-26 07:25:00,آسمان,IRC3771,شیراز,طبق برنامه,26,,,F100,فرودگاه مهرآباد,Domestic Departure
2025-05-26 07:30:00,ایران ایرتور,IRB916,كيش,طبق برنامه,"7, 8",,,MD83,فرودگاه مهرآباد,Domestic Departure
2025-05-26 07:35:00,آساجت,SJT8616,اصفهان,طبق برنامه,14,,,EMB145,فرودگاه مهرآباد,Domestic Departure
2025-05-26 07:45:00,کیش ایر,KIS7053,كيش,طبق برنامه,"11, 12",,,MD83,فرودگاه مهرآباد,Domestic Departure
2025-05-26 08:00:00,ماهان,IRM4536,اردبیل,طبق برنامه,18,,,146-200,فرودگاه مهرآباد,Domestic Departure
2025-05-26 08:05:00,ایران ایر,IRA5390,شیراز,طبق برنامه,"5, 6",,,A330,فرودگاه مهرآباد,Domestic Departure
2025-05-26 09:00:00,تابان,TBN6258,مشهد,طبق برنامه,"1, 2",,,MD.88,فرودگاه مهرآباد,Domestic Departure
2025-05-26 09:05:00,آتا,TBZ5693,اهواز,طبق برنامه,"28, 29",,,MD83,فرودگاه مهرآباد,Domestic Departure
2025-05-26 09:15:00,کیش ایر,KIS7105,آبادان,طبق برنامه,"9, 10",,,MD83,فرودگاه مهرآباد,Domestic Departure
2025-05-26 09:25:00,رایمون,RAI7514,عسلویه,طبق برنامه,"3, 4",,,EMB145,فرودگاه مهرآباد,Domestic Departure
2025-05-26 09:35:00,پارس ایر,PRS4492,آغاجاری,طبق برنامه,20,,,CRJ200,فرودگاه مهرآباد,Domestic Departure
2025-05-25 21:30:00,ایران ایرتور,IRB981,تهران,پروازکرد21:45,1-2,2025-05-26 21:45:00,,,فرودگاه اروميه,Domestic Departure
2025-05-26 09:40:00,چابهار,IRU7640,مشهد,طبق برنامه,5,,,MD83,فرودگاه مهرآباد,Domestic Departure
2025-05-26 09:50:00,فلای پرشیا,FPI7438,مشهد,طبق برنامه,"18, 19",,,737-700,فرودگاه مهرآباد,Domestic Departure
2025-05-26 09:55:00,آتا,TBZ5687,بوشهر,طبق برنامه,"24, 25",,,B737,فرودگاه مهرآباد,Domestic Departure
2025-05-26 10:00:00,وارش,VRH5840,مشهد,طبق برنامه,7,,,B737,فرودگاه مهرآباد,Domestic Departure
2025-05-26 10:00:00,ایران ایر,IRA321,خرم‌آباد,طبق برنامه,1,,,F100,فرودگاه مهرآباد,Domestic Departure
2025-05-26 10:10:00,چابهار,IRU7660,مشهد,طبق برنامه,2,,,MD83,فرودگاه مهرآباد,Domestic Departure
2025-05-26 10:20:00,آتا,TBZ5629,مشهد,تاخیر - 11:00,"12, 13",,,MD83,فرودگاه مهرآباد,Domestic Departure
2025-05-26 10:40:00,چابهار,IRU7610,مشهد,طبق برنامه,4,,,MD83,فرودگاه مهرآباد,Domestic Departure
2025-05-26 11:00:00,آتا,TBZ5659,كيش,طبق برنامه,"26, 27",,,MD83,فرودگاه مهرآباد,Domestic Departure
2025-05-26 11:05:00,کیش ایر,KIS7193,عسلویه,طبق برنامه,"11, 12",,,MD83,فرودگاه مهرآباد,Domestic Departure
2025-05-26 11:20:00,کاسپین,CPN026,مشهد,طبق برنامه,"14, 15",,,MD83,فرودگاه مهرآباد,Domestic Departure
2025-05-26 11:40:00,کاسپین,CPN036,ارومیه,طبق برنامه,"6, 7",,,MD83,فرودگاه مهرآباد,Domestic Departure
2025-05-26 11:45:00,کارون,KRU2642,اهواز,طبق برنامه,"21, 22",,,F100,فرودگاه مهرآباد,Domestic Departure
2025-05-26 11:55:00,آتا,TBZ5613,مشهد,طبق برنامه,"24, 25",,,MD83,فرودگاه مهرآباد,Domestic Departure
2025-05-26 12:00:00,وارش,VRH5814,بندرعباس,طبق برنامه,6,,,B737,فرودگاه مهرآباد,Domestic Departure
2025-05-26 12:00:00,آتا,TBZ5604,تبریز,طبق برنامه,"12, 13",,,MD83,فرودگاه مهرآباد,Domestic Departure
2025-05-26 12:30:00,قشم ایر,QSM1260,شیراز,طبق برنامه,"16, 17",,,F100,فرودگاه مهرآباد,Domestic Departure
2025-05-26 13:20:00,آتا,TBZ5698,مشهد,طبق برنامه,"12, 13",,,MD83,فرودگاه مهرآباد,Domestic Departure
2025-05-26 13:25:00,ماهان,IRM1010,کرمانشاه,طبق برنامه,21,,,RJ85,فرودگاه مهرآباد,Domestic Departure
2025-05-26 13:40:00,آتا,TBZ5700,آبادان,طبق برنامه,"28, 29",,,MD83,فرودگاه مهرآباد,Domestic Departure
2025-05-26 13:40:00,ایران ایرتور,IRB962,مشهد,طبق برنامه,"9, 10",,,MD83,فرودگاه مهرآباد,Domestic Departure
2025-05-26 13:50:00,ماهان,IRM1023,كيش,طبق برنامه,"18, 19, 20",,,146-200,فرودگاه مهرآباد,Domestic Departure
2025-05-26 14:00:00,ماهان,IRM1004,ارومیه,طبق برنامه,22,,,146-200,فرودگاه مهرآباد,Domestic Departure
2025-05-26 14:30:00,پويا,PYA2350,ارومیه,طبق برنامه,13,,,EMB145,فرودگاه مهرآباد,Domestic Departure
2025-05-26 14:45:00,رایمون,RAI7512,اصفهان,طبق برنامه,"3, 4",,,EMB145,فرودگاه مهرآباد,Domestic Departure
2025-05-26 14:55:00,ایران ایر,IRA497,اردبیل,طبق برنامه,4,,,F100,فرودگاه مهرآباد,Domestic Departure
2025-05-26 15:45:00,آساجت,SJT8634,رشت,طبق برنامه,14,,,EMB145,فرودگاه مهرآباد,Domestic Departure
2025-05-26 15:50:00,کاسپین,CPN6936,قشم,طبق برنامه,"8, 9",,,MD83,فرودگاه مهرآباد,Domestic Departure
2025-05-26 15:50:00,آتا,TBZ5619,مشهد,طبق برنامه,"24, 25",,,MD83,فرودگاه مهرآباد,Domestic Departure
2025-05-26 15:55:00,ایران ایر,IRA246,گرگان,طبق برنامه,2,,,F100,فرودگاه مهرآباد,Domestic Departure
2025-05-26 16:20:00,کاسپین,CPN6986,زاهدان,طبق برنامه,"10, 11",,,MD83,فرودگاه مهرآباد,Domestic Departure
2025-05-26 16:25:00,آتا,TBZ5719,مشهد,طبق برنامه,"12, 13",,,MD83,فرودگاه مهرآباد,Domestic Departure
2025-05-26 16:30:00,ماهان,IRM1067,کرمان,طبق برنامه,23,,,AB6,فرودگاه مهرآباد,Domestic Departure
2025-05-26 16:50:00,قشم ایر,QSM1220,بندرعباس,طبق برنامه,"16, 17",,,F100,فرودگاه مهرآباد,Domestic Departure
2025-05-26 16:55:00,یزد ایر,DZD9401,ارومیه,طبق برنامه,"6, 7",,,146-200,فرودگاه مهرآباد,Domestic Departure
2025-05-26 17:00:00,سپهران,SHI4340,مشهد,طبق برنامه,"28, 29",,,737-700,فرودگاه مهرآباد,Domestic Departure
2025-05-26 17:00:00,زاگرس,IZG4020,اهواز,طبق برنامه,3,,,MD83,فرودگاه مهرآباد,Domestic Departure
2025-05-26 17:05:00,آتا,TBZ5668,تبریز,طبق برنامه,"24, 25",,,MD83,فرودگاه مهرآباد,Domestic Departure
2025-05-26 17:05:00,آتا,TBZ5623,شیراز,طبق برنامه,"28, 29",,,MD83,فرودگاه مهرآباد,Domestic Departure
2025-05-26 17:10:00,پارس ایر,PRS4454,مشهد,طبق برنامه,"20, 21",,,CRJ200,فرودگاه مهرآباد,Domestic Departure
2025-05-26 17:20:00,قشم ایر,QSM1252,مشهد,طبق برنامه,"18, 19",,,F100,فرودگاه مهرآباد,Domestic Departure
2025-05-26 17:25:00,کیش ایر,KIS7031,اهواز,طبق برنامه,"9, 10",,,MD83,فرودگاه مهرآباد,Domestic Departure
2025-05-26 17:30:00,کارون,KRU2608,یزد,طبق برنامه,"21, 22",,,737-700,فرودگاه مهرآباد,Domestic Departure
2025-05-26 17:35:00,آتا,TBZ5673,اهواز,طبق برنامه,"12, 13",,,MD83,فرودگاه مهرآباد,Domestic Departure
2025-05-26 17:45:00,چابهار,IRU7650,مشهد,طبق برنامه,5,,,MD83,فرودگاه مهرآباد,Domestic Departure
2025-05-26 17:45:00,پارس ایر,PRS4462,سیرجان,طبق برنامه,18,,,CRJ200,فرودگاه مهرآباد,Domestic Departure
2025-05-26 17:50:00,معراج,MRJ2818,كيش,طبق برنامه,"14, 15",,,A321,فرودگاه مهرآباد,Domestic Departure
2025-05-26 17:55:00,آسمان,IRC3710,اردبیل,طبق برنامه,27,,,F100,فرودگاه مهرآباد,Domestic Departure
2025-05-26 18:00:00,یزد ایر,DZD9441,یزد,طبق برنامه,"8, 9",,,146-200,فرودگاه مهرآباد,Domestic Departure
2025-05-26 18:05:00,کارون,KRU2508,ماهشهر,طبق برنامه,"16, 17",,,F100,فرودگاه مهرآباد,Domestic Departure
2025-05-26 18:10:00,پويا,PYA2318,کرمانشاه,طبق برنامه,14,,,EMB145,فرودگاه مهرآباد,Domestic Departure
2025-05-26 18:15:00,ماهان,IRM1026,اردبیل,طبق برنامه,24,,,146-200,فرودگاه مهرآباد,Domestic Departure
2025-05-26 18:20:00,ماهان,IRM1055,کرمان,طبق برنامه,25,,,AB6,فرودگاه مهرآباد,Domestic Departure
2025-05-26 18:20:00,کارون,KRU2628,شیراز,طبق برنامه,"18, 19",,,F100,فرودگاه مهرآباد,Domestic Departure
2025-05-26 18:30:00,وارش,VRH5800,ساری,طبق برنامه,7,,,B737,فرودگاه مهرآباد,Domestic Departure
2025-05-26 18:30:00,ماهان,IRM1002,تبریز,طبق برنامه,26,,,146-200,فرودگاه مهرآباد,Domestic Departure
2025-05-26 18:35:00,رایمون,RAI7510,رشت,طبق برنامه,"3, 4",,,EMB145,فرودگاه مهرآباد,Domestic Departure
2025-05-26 18:40:00,آتا,TBZ5646,تبریز,طبق برنامه,"28, 29",,,MD83,فرودگاه مهرآباد,Domestic Departure
2025-05-26 18:50:00,اطلس ایر,ATS8273,اصفهان,طبق برنامه,"14, 15",,,737-700,فرودگاه مهرآباد,Domestic Departure
2025-05-26 19:00:00,ایران ایرتور,IRB970,بوشهر,طبق برنامه,"9, 10",,,MD83,فرودگاه مهرآباد,Domestic Departure
2025-05-26 19:05:00,آساجت,SJT8624,یزد,طبق برنامه,22,,,EMB145,فرودگاه مهرآباد,Domestic Departure
2025-05-26 19:15:00,تابان,TBN6326,مشهد,طبق برنامه,"1, 2",,,MD.88,فرودگاه مهرآباد,Domestic Departure
2025-05-26 19:20:00,ایران ایر,IRA458,بندرعباس,طبق برنامه,3,,,F100,فرودگاه مهرآباد,Domestic Departure
2025-05-26 19:25:00,آسمان,IRC3777,شیراز,طبق برنامه,28,,,F100,فرودگاه مهرآباد,Domestic Departure
2025-05-26 19:30:00,ماهان,IRM4541,زاهدان,طبق برنامه,27,,,146-200,فرودگاه مهرآباد,Domestic Departure
2025-05-26 19:35:00,ایران ایرتور,IRB984,شیراز,طبق برنامه,"7, 8",,,MD82,فرودگاه مهرآباد,Domestic Departure
2025-05-26 19:35:00,آتا,TBZ5679,ارومیه,طبق برنامه,"12, 13",,,MD83,فرودگاه مهرآباد,Domestic Departure
2025-05-26 19:45:00,ساها,IRZ156,شیراز,طبق برنامه,"8, 9",,,737-700,فرودگاه مهرآباد,Domestic Departure
2025-05-26 20:00:00,چابهار,IRU7614,چابهار,طبق برنامه,2,,,MD83,فرودگاه مهرآباد,Domestic Departure
2025-05-26 20:05:00,کیش ایر,KIS7169,مشهد,طبق برنامه,"11, 12",,,MD83,فرودگاه مهرآباد,Domestic Departure
2025-05-26 20:10:00,ساها,IRZ174,كيش,طبق برنامه,"10, 11",,,737-700,فرودگاه مهرآباد,Domestic Departure
2025-05-26 20:20:00,کیش ایر,KIS7025,كيش,طبق برنامه,"9, 10",,,MD83,فرودگاه مهرآباد,Domestic Departure
2025-05-26 20:25:00,ماهان,IRM1037,مشهد,طبق برنامه,"18, 19, 20",,,AB6,فرودگاه مهرآباد,Domestic Departure
2025-05-26 20:30:00,آتا,TBZ5625,اهواز,طبق برنامه,"24, 25",,,MD83,فرودگاه مهرآباد,Domestic Departure
2025-05-26 20:35:00,آوا,AXV7702,مشهد,طبق برنامه,"18, 19",,,B737,فرودگاه مهرآباد,Domestic Departure
2025-05-26 20:40:00,ماهان,IRM1079,کرمان,طبق برنامه,21,,,RJ100,فرودگاه مهرآباد,Domestic Departure
2025-05-26 21:00:00,زاگرس,IZG4050,بندرعباس,طبق برنامه,4,,,MD83,فرودگاه مهرآباد,Domestic Departure
2025-05-26 21:05:00,کیش ایر,KIS7051,شیراز,طبق برنامه,"11, 12",,,MD83,فرودگاه مهرآباد,Domestic Departure
2025-05-26 21:10:00,آتا,TBZ5643,سیرجان,طبق برنامه,"28, 29",,,B737,فرودگاه مهرآباد,Domestic Departure
2025-05-26 21:10:00,کاسپین,CPN6900,بوشهر,طبق برنامه,"12, 13",,,MD83,فرودگاه مهرآباد,Domestic Departure
2025-05-26 21:15:00,کارون,KRU2610,دزفول,طبق برنامه,"21, 22",,,F100,فرودگاه مهرآباد,Domestic Departure
2025-05-26 21:30:00,آتا,TBZ5690,آبادان,طبق برنامه,"26, 27",,,MD83,فرودگاه مهرآباد,Domestic Departure
2025-05-26 21:35:00,کیش ایر,KIS7081,كيش,طبق برنامه,"9, 10",,,MD83,فرودگاه مهرآباد,Domestic Departure
2025-05-26 21:55:00,آسمان,IRC3750,آبادان,طبق برنامه,29,,,F100,فرودگاه مهرآباد,Domestic Departure
2025-05-26 22:05:00,آتا,TBZ5670,یزد,طبق برنامه,"12, 13",,,MD83,فرودگاه مهرآباد,Domestic Departure
2025-05-26 22:15:00,پارس ایر,PRS4402,بیرجند,طبق برنامه,19,,,CRJ200,فرودگاه مهرآباد,Domestic Departure
2025-05-26 22:15:00,کارون,KRU2602,اصفهان,طبق برنامه,"21, 22",,,F100,فرودگاه مهرآباد,Domestic Departure
2025-05-26 22:20:00,پارس ایر,PRS4404,شیراز,طبق برنامه,"20, 21",,,737-700,فرودگاه مهرآباد,Domestic Departure
2025-05-26 22:30:00,چابهار,IRU7642,اهواز,طبق برنامه,6,,,MD83,فرودگاه مهرآباد,Domestic Departure
2025-05-26 22:30:00,یزد ایر,DZD9443,یزد,طبق برنامه,"10, 11",,,146-200,فرودگاه مهرآباد,Domestic Departure
2025-05-26 23:20:00,کارون,KRU2618,اهواز,طبق برنامه,"18, 19",,,F100,فرودگاه مهرآباد,Domestic Departure
2025-05-26 23:30:00,آتا,TBZ5640,تبریز,طبق برنامه,"28, 29",,,MD83,فرودگاه مهرآباد,Domestic Departure
2025-05-26 23:45:00,تابان,TBN6252,مشهد,طبق برنامه,"1, 2",,,MD.88,فرودگاه مهرآباد,Domestic Departure
2025-05-26 23:50:00,ماهان,IRM1053,کرمان,طبق برنامه,22,,,146-200,فرودگاه مهرآباد,Domestic Departure
2025-05-27 06:15:00,ایران ایر,IRA326,لارستان,طبق برنامه,,,,F100,فرودگاه مهرآباد,Domestic Departure
2025-05-27 06:20:00,کیش ایر,KIS7055,كيش,طبق برنامه,,,,MD83,فرودگاه مهرآباد,Domestic Departure
2025-05-27 06:20:00,آسمان,IRC644,بندرعباس,طبق برنامه,,,,F100,فرودگاه مهرآباد,Domestic Departure
2025-05-27 06:25:00,چابهار,IRU7610,مشهد,طبق برنامه,,,,MD83,فرودگاه مهرآباد,Domestic Departure
2025-05-27 06:25:00,ساها,IRZ166,آبادان,طبق برنامه,,,,737-700,فرودگاه مهرآباد,Domestic Departure
2025-05-27 06:25:00,ساها,IRZ184,عسلویه,طبق برنامه,,,,737-700,فرودگاه مهرآباد,Domestic Departure
2025-05-27 06:30:00,پارس ایر,PRS5416,چابهار,طبق برنامه,,,,CRJ200,فرودگاه مهرآباد,Domestic Departure
2025-05-27 06:30:00,زاگرس,IZG4060,بوشهر,طبق برنامه,,,,MD83,فرودگاه مهرآباد,Domestic Departure
2025-05-27 06:35:00,قشم ایر,QSM1250,مشهد,طبق برنامه,,,,F100,فرودگاه مهرآباد,Domestic Departure
2025-05-27 06:40:00,آساجت,SJT8634,رشت,طبق برنامه,,,,EMB145,فرودگاه مهرآباد,Domestic Departure
2025-05-27 06:40:00,ماهان,IRM1089,شیراز,طبق برنامه,,,,146-200,فرودگاه مهرآباد,Domestic Departure
2025-05-27 06:45:00,اروان,INA6750,مشهد,طبق برنامه,,,,737-700,فرودگاه مهرآباد,Domestic Departure
2025-05-27 06:45:00,کاسپین,CPN014,عسلویه,طبق برنامه,,,,MD83,فرودگاه مهرآباد,Domestic Departure
2025-05-27 06:55:00,آتا,TBZ5662,کرمان,طبق برنامه,,,,MD83,فرودگاه مهرآباد,Domestic Departure
2025-05-27 06:55:00,کاسپین,CPN038,شیراز,طبق برنامه,,,,MD83,فرودگاه مهرآباد,Domestic Departure
2025-05-27 07:00:00,وارش,VRH5820,كيش,طبق برنامه,,,,B737,فرودگاه مهرآباد,Domestic Departure
2025-05-27 07:00:00,کارون,KRU2642,اهواز,طبق برنامه,,,,F100,فرودگاه مهرآباد,Domestic Departure
2025-05-27 07:05:00,قشم ایر,QSM1260,شیراز,طبق برنامه,,,,F100,فرودگاه مهرآباد,Domestic Departure
2025-05-27 07:05:00,ماهان,IRM4589,زاهدان,طبق برنامه,,,,146-200,فرودگاه مهرآباد,Domestic Departure
2025-05-27 07:10:00,کاسپین,CPN024,مشهد,طبق برنامه,,,,MD83,فرودگاه مهرآباد,Domestic Departure
2025-05-27 07:15:00,قشم ایر,QSM1230,ماهشهر,طبق برنامه,,,,F100,فرودگاه مهرآباد,Domestic Departure
2025-05-27 07:15:00,کارون,KRU2504,خارگ,طبق برنامه,,,,F100,فرودگاه مهرآباد,Domestic Departure
2025-05-27 07:25:00,آسمان,IRC3771,شیراز,طبق برنامه,,,,F100,فرودگاه مهرآباد,Domestic Departure
2025-05-27 07:30:00,آساجت,SJT8618,آبادان,طبق برنامه,,,,EMB145,فرودگاه مهرآباد,Domestic Departure
2025-05-27 07:30:00,کیش ایر,KIS7027,كيش,طبق برنامه,,,,MD83,فرودگاه مهرآباد,Domestic Departure
2025-05-27 07:35:00,پويا,PYA2340,شیراز,طبق برنامه,,,,EMB145,فرودگاه مهرآباد,Domestic Departure
2025-05-27 07:50:00,یزد ایر,DZD6888,خوی,طبق برنامه,,,,146-200,فرودگاه مهرآباد,Domestic Departure
2025-05-27 07:55:00,پارس ایر,PRS4408,ماهشهر,طبق برنامه,,,,CRJ200,فرودگاه مهرآباد,Domestic Departure
2025-05-27 08:00:00,کیش ایر,KIS7021,كيش,طبق برنامه,,,,MD83,فرودگاه مهرآباد,Domestic Departure
2025-05-27 08:00:00,ماهان,IRM4536,اردبیل,طبق برنامه,,,,146-200,فرودگاه مهرآباد,Domestic Departure
2025-05-27 08:05:00,آتا,TBZ5602,تبریز,طبق برنامه,,,,MD83,فرودگاه مهرآباد,Domestic Departure
2025-05-27 08:05:00,پويا,PYA2316,قشم,طبق برنامه,,,,EMB145,فرودگاه مهرآباد,Domestic Departure
2025-05-27 08:10:00,یزد ایر,DZD9439,اصفهان,طبق برنامه,,,,146-200,فرودگاه مهرآباد,Domestic Departure
2025-05-27 08:10:00,ماهان,IRM1051,کرمان,طبق برنامه,,,,146-200,فرودگاه مهرآباد,Domestic Departure
2025-05-27 08:15:00,پارس ایر,PRS5412,یاسوج,طبق برنامه,,,,CRJ200,فرودگاه مهرآباد,Domestic Departure
2025-05-27 08:20:00,کیش ایر,KIS7117,چابهار,طبق برنامه,,,,MD83,فرودگاه مهرآباد,Domestic Departure
2025-05-27 08:20:00,آتا,TBZ5659,كيش,طبق برنامه,,,,MD83,فرودگاه مهرآباد,Domestic Departure
2025-05-27 08:25:00,قشم ایر,QSM1280,اصفهان,طبق برنامه,,,,F100,فرودگاه مهرآباد,Domestic Departure
2025-05-27 08:30:00,ایران ایرتور,IRB960,مشهد,طبق برنامه,,,,MD83,فرودگاه مهرآباد,Domestic Departure
2025-05-27 08:40:00,زاگرس,IZG4030,كيش,طبق برنامه,,,,MD83,فرودگاه مهرآباد,Domestic Departure
2025-05-27 08:50:00,تابان,TBN6261,كيش,طبق برنامه,,,,MD.88,فرودگاه مهرآباد,Domestic Departure
2025-05-27 09:00:00,تابان,TBN6258,مشهد,طبق برنامه,,,,MD.88,فرودگاه مهرآباد,Domestic Departure
2025-05-27 09:10:00,ساها,IRZ170,مشهد,طبق برنامه,,,,737-700,فرودگاه مهرآباد,Domestic Departure
2025-05-27 09:20:00,زاگرس,IZG4042,مشهد,طبق برنامه,,,,MD83,فرودگاه مهرآباد,Domestic Departure
2025-05-27 09:30:00,اطلس ایر,ATS8270,مشهد,طبق برنامه,,,,RJ85,فرودگاه مهرآباد,Domestic Departure
2025-05-27 09:30:00,رایمون,RAI7518,كيش,طبق برنامه,,,,EMB145,فرودگاه مهرآباد,Domestic Departure
2025-05-27 09:35:00,پارس ایر,PRS4444,اهواز,طبق برنامه,,,,CRJ200,فرودگاه مهرآباد,Domestic Departure
2025-05-27 09:40:00,چابهار,IRU7640,مشهد,طبق برنامه,,,,MD83,فرودگاه مهرآباد,Domestic Departure
2025-05-27 09:40:00,آسمان,IRC840,ایلام,طبق برنامه,,,,F100,فرودگاه مهرآباد,Domestic Departure
2025-05-27 09:45:00,کیش ایر,KIS7053,كيش,طبق برنامه,,,,MD83,فرودگاه مهرآباد,Domestic Departure
2025-05-27 09:45:00,قشم ایر,QSM1240,قشم,طبق برنامه,,,,F100,فرودگاه مهرآباد,Domestic Departure
2025-05-27 09:50:00,آتا,TBZ5698,مشهد,طبق برنامه,,,,MD83,فرودگاه مهرآباد,Domestic Departure
2025-05-27 09:50:00,آساجت,SJT8624,یزد,طبق برنامه,,,,EMB145,فرودگاه مهرآباد,Domestic Departure
2025-05-27 09:55:00,ایران ایرتور,IRB940,قشم,طبق برنامه,,,,MD83,فرودگاه مهرآباد,Domestic Departure
2025-05-27 10:00:00,آتا,TBZ5721,كيش,طبق برنامه,,,,MD83,فرودگاه مهرآباد,Domestic Departure
2025-05-27 10:00:00,وارش,VRH5840,مشهد,طبق برنامه,,,,B737,فرودگاه مهرآباد,Domestic Departure
2025-05-27 10:20:00,کیش ایر,KIS7193,عسلویه,طبق برنامه,,,,MD83,فرودگاه مهرآباد,Domestic Departure
2025-05-27 10:30:00,تابان,TBN6224,مشهد,طبق برنامه,,,,MD.88,فرودگاه مهرآباد,Domestic Departure
2025-05-27 10:30:00,کارون,KRU2612,اهواز,طبق برنامه,,,,F100,فرودگاه مهرآباد,Domestic Departure
2025-05-27 10:40:00,آتا,TBZ5729,مشهد,طبق برنامه,,,,MD83,فرودگاه مهرآباد,Domestic Departure
2025-05-27 11:00:00,ایران ایرتور,IRB970,بوشهر,طبق برنامه,,,,MD83,فرودگاه مهرآباد,Domestic Departure
2025-05-27 11:10:00,چابهار,IRU7616,كيش,طبق برنامه,,,,MD83,فرودگاه مهرآباد,Domestic Departure
2025-05-27 11:15:00,کاسپین,CPN046,تبریز,طبق برنامه,,,,MD83,فرودگاه مهرآباد,Domestic Departure
2025-05-27 11:20:00,ایران ایر,IRA5390,قشم,طبق برنامه,,,,A319,فرودگاه مهرآباد,Domestic Departure
2025-05-27 11:30:00,زاگرس,IZG4040,مشهد,طبق برنامه,,,,MD83,فرودگاه مهرآباد,Domestic Departure
2025-05-27 11:55:00,سپهران,SHI5560,بندرعباس,طبق برنامه,,,,737-700,فرودگاه مهرآباد,Domestic Departure
2025-05-27 12:00:00,آتا,TBZ5604,تبریز,طبق برنامه,,,,MD83,فرودگاه مهرآباد,Domestic Departure
2025-05-27 12:05:00,آتا,TBZ5631,اهواز,طبق برنامه,,,,MD83,فرودگاه مهرآباد,Domestic Departure
2025-05-27 12:05:00,ماهان,IRM4578,ماکو,طبق برنامه,,,,146-200,فرودگاه مهرآباد,Domestic Departure
2025-05-27 12:30:00,یزد ایر,DZD9413,گرگان,طبق برنامه,,,,146-200,فرودگاه مهرآباد,Domestic Departure
2025-05-27 12:35:00,آتا,TBZ5617,مشهد,طبق برنامه,,,,MD83,فرودگاه مهرآباد,Domestic Departure
2025-05-27 13:00:00,معراج,MRJ2816,عسلویه,طبق برنامه,,,,A321,فرودگاه مهرآباد,Domestic Departure
2025-05-27 13:00:00,ماهان,IRM1010,کرمانشاه,طبق برنامه,,,,146-200,فرودگاه مهرآباد,Domestic Departure
2025-05-27 13:15:00,قشم ایر,QSM1224,كيش,طبق برنامه,,,,F100,فرودگاه مهرآباد,Domestic Departure
2025-05-27 13:30:00,ایران ایر,IRA260,مشهد,طبق برنامه,,,,F100,فرودگاه مهرآباد,Domestic Departure
2025-05-27 14:00:00,اطلس ایر,ATS8284,مشهد,طبق برنامه,,,,RJ85,فرودگاه مهرآباد,Domestic Departure
2025-05-27 14:00:00,ماهان,IRM1004,ارومیه,طبق برنامه,,,,146-200,فرودگاه مهرآباد,Domestic Departure
2025-05-27 14:15:00,ماهان,IRM1006,خرم‌آباد,طبق برنامه,,,,146-200,فرودگاه مهرآباد,Domestic Departure
2025-05-27 14:45:00,تابان,TBN6227,قشم,طبق برنامه,,,,MD.88,فرودگاه مهرآباد,Domestic Departure
2025-05-27 14:55:00,قشم ایر,QSM1294,گرگان,طبق برنامه,,,,F100,فرودگاه مهرآباد,Domestic Departure
2025-05-27 14:55:00,رایمون,RAI7512,اصفهان,طبق برنامه,,,,EMB145,فرودگاه مهرآباد,Domestic Departure
2025-05-27 14:55:00,قشم ایر,QSM1298,گرگان,طبق برنامه,,,,F100,فرودگاه مهرآباد,Domestic Departure
2025-05-27 15:15:00,پارس ایر,PRS4454,مشهد,طبق برنامه,,,,CRJ200,فرودگاه مهرآباد,Domestic Departure
2025-05-27 15:15:00,کاسپین,CPN044,كيش,طبق برنامه,,,,MD83,فرودگاه مهرآباد,Domestic Departure
2025-05-27 15:30:00,ایران ایر,IRA214,قشم,طبق برنامه,,,,F100,فرودگاه مهرآباد,Domestic Departure
2025-05-27 15:55:00,پويا,PYA2310,گرگان,طبق برنامه,,,,EMB145,فرودگاه مهرآباد,Domestic Departure
2025-05-27 16:00:00,آتا,TBZ5627,اهواز,طبق برنامه,,,,MD83,فرودگاه مهرآباد,Domestic Departure
2025-05-27 16:00:00,اطلس ایر,ATS8288,مشهد,طبق برنامه,,,,737-700,فرودگاه مهرآباد,Domestic Departure
2025-05-27 16:05:00,کاسپین,CPN6936,قشم,طبق برنامه,,,,MD83,فرودگاه مهرآباد,Domestic Departure
2025-05-27 16:15:00,کاسپین,CPN6900,بوشهر,طبق برنامه,,,,MD83,فرودگاه مهرآباد,Domestic Departure
2025-05-27 16:20:00,آوا,AXV7702,مشهد,طبق برنامه,,,,B737,فرودگاه مهرآباد,Domestic Departure
2025-05-27 16:30:00,ماهان,IRM1067,کرمان,طبق برنامه,,,,AB6,فرودگاه مهرآباد,Domestic Departure
2025-05-27 16:35:00,کیش ایر,KIS7089,بندرعباس,طبق برنامه,,,,MD83,فرودگاه مهرآباد,Domestic Departure
2025-05-27 16:40:00,آتا,TBZ5664,کرمان,طبق برنامه,,,,MD83,فرودگاه مهرآباد,Domestic Departure
2025-05-27 16:45:00,کارون,KRU2584,عسلویه,طبق برنامه,,,,F100,فرودگاه مهرآباد,Domestic Departure
2025-05-27 16:55:00,کیش ایر,KIS7199,مشهد,طبق برنامه,,,,MD83,فرودگاه مهرآباد,Domestic Departure
2025-05-27 17:00:00,آتا,TBZ5668,تبریز,طبق برنامه,,,,MD83,فرودگاه مهرآباد,Domestic Departure
2025-05-27 17:00:00,زاگرس,IZG4020,اهواز,طبق برنامه,,,,MD83,فرودگاه مهرآباد,Domestic Departure
2025-05-27 17:05:00,آسمان,IRC600,مشهد,طبق برنامه,,,,F100,فرودگاه مهرآباد,Domestic Departure
2025-05-27 17:25:00,چابهار,IRU7660,مشهد,طبق برنامه,,,,MD83,فرودگاه مهرآباد,Domestic Departure
2025-05-27 17:45:00,معراج,MRJ2804,مشهد,طبق برنامه,,,,A320,فرودگاه مهرآباد,Domestic Departure
2025-05-27 17:45:00,کارون,KRU2508,ماهشهر,طبق برنامه,,,,F100,فرودگاه مهرآباد,Domestic Departure
2025-05-27 17:50:00,ماهان,IRM4525,چابهار,طبق برنامه,,,,146-200,فرودگاه مهرآباد,Domestic Departure
2025-05-27 17:50:00,آسمان,IRC3710,اردبیل,طبق برنامه,,,,F100,فرودگاه مهرآباد,Domestic Departure
2025-05-27 17:55:00,چابهار,IRU7650,مشهد,طبق برنامه,,,,MD83,فرودگاه مهرآباد,Domestic Departure
2025-05-27 17:55:00,وارش,VRH5850,اهواز,طبق برنامه,,,,B737,فرودگاه مهرآباد,Domestic Departure
2025-05-27 18:00:00,پارس ایر,PRS4494,آبادان,طبق برنامه,,,,CRJ200,فرودگاه مهرآباد,Domestic Departure
2025-05-27 18:00:00,یزد ایر,DZD9441,یزد,طبق برنامه,,,,146-200,فرودگاه مهرآباد,Domestic Departure
2025-05-27 18:05:00,پارس ایر,PRS4462,سیرجان,طبق برنامه,,,,CRJ200,فرودگاه مهرآباد,Domestic Departure
2025-05-27 18:05:00,تابان,TBN6256,مشهد,طبق برنامه,,,,MD.88,فرودگاه مهرآباد,Domestic Departure
2025-05-27 18:10:00,آتا,TBZ5611,شیراز,طبق برنامه,,,,MD83,فرودگاه مهرآباد,Domestic Departure
2025-05-27 18:10:00,ایران ایرتور,IRB946,تبریز,طبق برنامه,,,,MD83,فرودگاه مهرآباد,Domestic Departure
2025-05-27 18:15:00,کیش ایر,KIS7029,كيش,طبق برنامه,,,,MD83,فرودگاه مهرآباد,Domestic Departure
2025-05-27 18:15:00,ماهان,IRM1026,اردبیل,طبق برنامه,,,,146-200,فرودگاه مهرآباد,Domestic Departure
2025-05-27 18:20:00,ایران ایر,IRA262,مشهد,طبق برنامه,,,,F100,فرودگاه مهرآباد,Domestic Departure
2025-05-27 18:20:00,ماهان,IRM1055,کرمان,طبق برنامه,,,,AB6,فرودگاه مهرآباد,Domestic Departure
2025-05-27 18:30:00,ماهان,IRM1002,تبریز,طبق برنامه,,,,146-200,فرودگاه مهرآباد,Domestic Departure
2025-05-27 18:30:00,ایران ایرتور,IRB932,بندرعباس,طبق برنامه,,,,MD83,فرودگاه مهرآباد,Domestic Departure
2025-05-27 18:40:00,وارش,VRH5896,ماهشهر,طبق برنامه,,,,B737,فرودگاه مهرآباد,Domestic Departure
2025-05-27 18:45:00,معراج,MRJ2844,قشم,طبق برنامه,,,,A320,فرودگاه مهرآباد,Domestic Departure
2025-05-27 18:55:00,رایمون,RAI7510,رشت,طبق برنامه,,,,EMB145,فرودگاه مهرآباد,Domestic Departure
2025-05-27 19:00:00,ساها,IRZ172,بوشهر,طبق برنامه,,,,737-700,فرودگاه مهرآباد,Domestic Departure
2025-05-27 19:00:00,وارش,VRH5814,بندرعباس,طبق برنامه,,,,B737,فرودگاه مهرآباد,Domestic Departure
2025-05-27 19:05:00,ایران ایرتور,IRB966,مشهد,طبق برنامه,,,,MD83,فرودگاه مهرآباد,Domestic Departure
2025-05-27 19:15:00,ماهان,IRM1075,کرمان,طبق برنامه,,,,AB6,فرودگاه مهرآباد,Domestic Departure
2025-05-27 19:15:00,تابان,TBN6281,شیراز,طبق برنامه,,,,MD.88,فرودگاه مهرآباد,Domestic Departure
2025-05-27 19:25:00,قشم ایر,QSM1288,کرمان,طبق برنامه,,,,F100,فرودگاه مهرآباد,Domestic Departure
2025-05-27 19:30:00,کیش ایر,KIS7151,شیراز,طبق برنامه,,,,MD83,فرودگاه مهرآباد,Domestic Departure
2025-05-27 19:30:00,آتا,TBZ5679,ارومیه,طبق برنامه,,,,MD83,فرودگاه مهرآباد,Domestic Departure
2025-05-27 19:45:00,کیش ایر,KIS7081,كيش,طبق برنامه,,,,MD83,فرودگاه مهرآباد,Domestic Departure
2025-05-27 19:45:00,کارون,KRU2506,ماهشهر,طبق برنامه,,,,F100,فرودگاه مهرآباد,Domestic Departure
2025-05-27 19:50:00,ساها,IRZ156,شیراز,طبق برنامه,,,,737-700,فرودگاه مهرآباد,Domestic Departure
2025-05-27 19:55:00,چابهار,IRU7612,زاهدان,طبق برنامه,,,,MD83,فرودگاه مهرآباد,Domestic Departure
2025-05-27 20:00:00,وارش,VRH5902,مشهد,طبق برنامه,,,,B737,فرودگاه مهرآباد,Domestic Departure
2025-05-27 20:00:00,زاگرس,IZG4010,شیراز,طبق برنامه,,,,MD83,فرودگاه مهرآباد,Domestic Departure
2025-05-27 22:35:00,ماهان,IRM1071,زاهدان,طبق برنامه,,,,146-200,فرودگاه مهرآباد,Domestic Departure
2025-05-27 22:40:00,آتا,TBZ5646,تبریز,طبق برنامه,,,,MD83,فرودگاه مهرآباد,Domestic Departure
2025-05-27 23:15:00,وارش,VRH5872,بوشهر,طبق برنامه,,,,B737,فرودگاه مهرآباد,Domestic Departure
2025-05-27 23:30:00,آتا,TBZ5640,تبریز,طبق برنامه,,,,MD83,فرودگاه مهرآباد,Domestic Departure
2025-05-27 23:45:00,پارس ایر,PRS4406,شیراز,طبق برنامه,,,,CRJ200,فرودگاه مهرآباد,Domestic Departure
2025-05-27 23:45:00,تابان,TBN6252,مشهد,طبق برنامه,,,,MD.88,فرودگاه مهرآباد,Domestic Departure
2025-05-27 23:50:00,ماهان,IRM1053,کرمان,طبق برنامه,,,,146-200,فرودگاه مهرآباد,Domestic Departure
2025-05-27 23:55:00,پارس ایر,PRS4426,شیراز,طبق برنامه,,,,CRJ200,فرودگاه مهرآباد,Domestic Departure
2025-05-25 21:00:00,تابان,TBN6233,شیراز,پرواز كرد,17,2025-05-25 21:15:00,,MD.88,فرودگاه مشهد,Domestic Departure
2025-05-25 21:00:00,آتا,TBZ5709,یزد,پرواز كرد,"13, 14",2025-05-25 22:00:00,,MD80,فرودگاه مشهد,Domestic Departure
2025-05-25 21:00:00,ایران ایر,IRA387,بیرجند,پرواز كرد,"24, 25",2025-05-25 21:49:00,,F100,فرودگاه مشهد,Domestic Departure
2025-05-25 21:00:00,ماهان,IRM1080,تهران,پرواز كرد,"1, 2",2025-05-25 21:30:00,,BAE100,فرودگاه مشهد,Domestic Departure
2025-05-25 21:15:00,هواپیمایی اطلس,ATS8292,تهران,پرواز كرد,"7, 8",2025-05-25 21:45:00,,MD83,فرودگاه مشهد,Domestic Departure
2025-05-25 21:30:00,تابان,TBN6325,تهران,پرواز كرد,19,2025-05-25 21:55:00,,MD.88,فرودگاه مشهد,Domestic Departure
2025-05-25 21:50:00,آتا,TBZ5730,تهران,پرواز كرد,"11, 12",2025-05-25 22:40:00,,MD80,فرودگاه مشهد,Domestic Departure
2025-05-25 22:10:00,سپهران,SHI4338,اهواز,پرواز كرد,"5, 6",2025-05-25 22:12:00,,B737,فرودگاه مشهد,Domestic Departure
2025-05-25 22:15:00,هواپیمایی پارس,PRS4415,آبادان,پرواز كرد,10,2025-05-25 22:25:00,,B737,فرودگاه مشهد,Domestic Departure
2025-05-25 22:15:00,وارش,VRH5841,تهران,پرواز كرد,22,2025-05-25 23:17:00,,B737,فرودگاه مشهد,Domestic Departure
2025-05-25 23:00:00,کیش ایر,KIS7059,شیراز,پرواز كرد,"7, 8",2025-05-25 23:36:00,,MD82,فرودگاه مشهد,Domestic Departure
2025-05-25 23:25:00,کاسپین,CPN025,تهران,پرواز كرد,"5, 6",2025-05-25 23:50:00,,MD82,فرودگاه مشهد,Domestic Departure
2025-05-25 23:30:00,ایران ایر,IRA467,تهران,پرواز كرد,"25, 26, 27",2025-05-25 23:42:00,,A319,فرودگاه مشهد,Domestic Departure
2025-05-25 23:45:00,معراج,MRJ2805,تهران,پرواز كرد,"2, 3, 4",2025-05-26 00:09:00,,A321,فرودگاه مشهد,Domestic Departure
2025-05-25 23:55:00,وارش,VRH5804,ساری,دريافت كارت پرواز,20,,,B737,فرودگاه مشهد,Domestic Departure
2025-05-26 00:45:00,هواپیمایی اطلس,ATS8289,تهران,در حال سوار شدن,"9, 10",,,737,فرودگاه مشهد,Domestic Departure
2025-05-26 04:00:00,کیش ایر,KIS7068,تهران,طبق برنامه,"7, 8",,,MD82,فرودگاه مشهد,Domestic Departure
2025-05-26 05:00:00,زاگرس,IZG4106,آبادان,طبق برنامه,23,,,MD82,فرودگاه مشهد,Domestic Departure
2025-05-26 05:00:00,تابان,TBN6217,آبادان,طبق برنامه,18,,,MD.88,فرودگاه مشهد,Domestic Departure
2025-05-26 06:00:00,آتا,TBZ5651,اصفهان,طبق برنامه,,,,MD80,فرودگاه مشهد,Domestic Departure
2025-05-26 06:00:00,آوا,AXV7731,تهران,طبق برنامه,"1, 2",,,B737,فرودگاه مشهد,Domestic Departure
2025-05-26 06:00:00,سپهران,SHI4358,کرمانشاه,طبق برنامه,"3, 4",,,B737,فرودگاه مشهد,Domestic Departure
2025-05-26 06:00:00,ماهان,IRM1036,تهران,طبق برنامه,"5, 6, 7, 8",,,747,فرودگاه مشهد,Domestic Departure
2025-05-26 06:00:00,ایران ایرتور,IRB961,تهران,طبق برنامه,,,,MD82,فرودگاه مشهد,Domestic Departure
2025-05-26 06:30:00,تابان,TBN6257,تهران,طبق برنامه,22,,,MD.88,فرودگاه مشهد,Domestic Departure
2025-05-26 07:00:00,ایران ایرتور,IRB904,رشت,طبق برنامه,,,,MD82,فرودگاه مشهد,Domestic Departure
2025-05-26 07:15:00,هواپیمایی اطلس,ATS8296,آبادان,طبق برنامه,"9, 10",,,MD83,فرودگاه مشهد,Domestic Departure
2025-05-26 07:30:00,زاگرس,IZG4102,تبریز,طبق برنامه,21,,,MD82,فرودگاه مشهد,Domestic Departure
2025-05-26 08:00:00,هواپیمایی پارس,PRS4456,آبادان,طبق برنامه,"5, 6",,,B737,فرودگاه مشهد,Domestic Departure
2025-05-26 08:00:00,آتا,TBZ5717,رامسر,طبق برنامه,,,,MD80,فرودگاه مشهد,Domestic Departure
2025-05-26 08:00:00,آتا,TBZ5641,اهواز,طبق برنامه,,,,MD80,فرودگاه مشهد,Domestic Departure
2025-05-26 08:10:00,کاسپین,CPN6940,خرم‌آباد,طبق برنامه,"3, 4",,,MD83,فرودگاه مشهد,Domestic Departure
2025-05-26 08:40:00,آتا,TBZ5720,تهران,طبق برنامه,,,,MD80,فرودگاه مشهد,Domestic Departure
2025-05-26 08:45:00,اروان,INA6752,آبادان,طبق برنامه,23,,,B737,فرودگاه مشهد,Domestic Departure
2025-05-26 08:50:00,ماهان,IRM1090,زنجان,طبق برنامه,"9, 10",,,BAE100,فرودگاه مشهد,Domestic Departure
2025-05-26 09:15:00,هواپیمایی اطلس,ATS8281,شیراز,طبق برنامه,,,,737,فرودگاه مشهد,Domestic Departure
2025-05-26 10:30:00,کارون,KRU2555,ماهشهر,طبق برنامه,,,,B737,فرودگاه مشهد,Domestic Departure
2025-05-26 10:45:00,وارش,VRH5903,تهران,طبق برنامه,,,,B737,فرودگاه مشهد,Domestic Departure
2025-05-26 11:00:00,آتا,TBZ5699,تهران,طبق برنامه,,,,MD80,فرودگاه مشهد,Domestic Departure
2025-05-26 11:00:00,آوا,AXV7728,کرمانشاه,طبق برنامه,,,,B737,فرودگاه مشهد,Domestic Departure
2025-05-26 11:00:00,ایران ایرتور,IRB900,تبریز,طبق برنامه,,,,MD82,فرودگاه مشهد,Domestic Departure
2025-05-26 11:25:00,ماهان,IRM1041,زابل,طبق برنامه,,,,BAE100,فرودگاه مشهد,Domestic Departure
2025-05-26 11:45:00,سپهران,SHI4323,بندرعباس,طبق برنامه,,,,B737,فرودگاه مشهد,Domestic Departure
2025-05-26 12:00:00,فلای پرشیا,FPI7439,تهران,طبق برنامه,,,,B737,فرودگاه مشهد,Domestic Departure
2025-05-26 12:00:00,چابهار,IRU7641,تهران,طبق برنامه,,,,MD83,فرودگاه مشهد,Domestic Departure
2025-05-26 12:00:00,ایران ایرتور,IRB952,ارومیه,طبق برنامه,,,,MD82,فرودگاه مشهد,Domestic Departure
2025-05-26 12:05:00,سپهران,SHI4326,رشت,طبق برنامه,,,,B737,فرودگاه مشهد,Domestic Departure
2025-05-26 12:30:00,چابهار,IRU7661,تهران,طبق برنامه,,,,MD83,فرودگاه مشهد,Domestic Departure
2025-05-26 12:30:00,وارش,VRH5802,ساری,طبق برنامه,,,,B737,فرودگاه مشهد,Domestic Departure
2025-05-26 12:40:00,آتا,TBZ5630,تهران,طبق برنامه,,,,MD80,فرودگاه مشهد,Domestic Departure
2025-05-26 13:00:00,آتا,TBZ5618,تهران,طبق برنامه,,,,MD80,فرودگاه مشهد,Domestic Departure
2025-05-26 13:00:00,چابهار,IRU7611,تهران,طبق برنامه,,,,MD82,فرودگاه مشهد,Domestic Departure
2025-05-26 13:15:00,هواپیمایی اطلس,ATS8279,تهران,طبق برنامه,,,,MD83,فرودگاه مشهد,Domestic Departure
2025-05-26 13:30:00,زاگرس,IZG4108,بوشهر,طبق برنامه,,,,MD82,فرودگاه مشهد,Domestic Departure
2025-05-26 13:35:00,کاسپین,CPN4928,نوشهر,طبق برنامه,,,,B737,فرودگاه مشهد,Domestic Departure
2025-05-26 14:00:00,کاسپین,CPN025,تهران,طبق برنامه,,,,MD83,فرودگاه مشهد,Domestic Departure
2025-05-26 14:00:00,هواپیمایی پارس,PRS5401,تهران,طبق برنامه,,,,B737,فرودگاه مشهد,Domestic Departure
2025-05-26 14:15:00,هواپیمایی اطلس,ATS8289,تهران,طبق برنامه,,,,737,فرودگاه مشهد,Domestic Departure
2025-05-26 14:20:00,آتا,TBZ5614,تهران,طبق برنامه,,,,MD80,فرودگاه مشهد,Domestic Departure
2025-05-26 14:25:00,اروان,INA6751,تهران,طبق برنامه,,,,B737,فرودگاه مشهد,Domestic Departure
2025-05-26 14:45:00,زاگرس,IZG4120,اهواز,طبق برنامه,,,,MD82,فرودگاه مشهد,Domestic Departure
2025-05-26 14:45:00,ماهان,IRM1032,تهران,طبق برنامه,,,,BAE100,فرودگاه مشهد,Domestic Departure
2025-05-26 15:30:00,کیش ایر,KIS7073,كيش,طبق برنامه,,,,MD82,فرودگاه مشهد,Domestic Departure
2025-05-26 15:30:00,آتا,TBZ5675,اصفهان,طبق برنامه,,,,MD80,فرودگاه مشهد,Domestic Departure
2025-05-26 16:00:00,تابان,TBN6313,رشت,طبق برنامه,,,,MD.88,فرودگاه مشهد,Domestic Departure
2025-05-26 16:00:00,ایران ایرتور,IRB963,تهران,طبق برنامه,,,,MD82,فرودگاه مشهد,Domestic Departure
2025-05-26 17:00:00,وارش,VRH5810,اهواز,طبق برنامه,,,,B737,فرودگاه مشهد,Domestic Departure
2025-05-26 17:00:00,تابان,TBN6251,تهران,طبق برنامه,,,,MD.88,فرودگاه مشهد,Domestic Departure
2025-05-26 17:00:00,آتا,TBZ5750,اصفهان,طبق برنامه,,,,MD80,فرودگاه مشهد,Domestic Departure
2025-05-26 17:25:00,سپهران,SHI4356,تبریز,طبق برنامه,,,,B737,فرودگاه مشهد,Domestic Departure
2025-05-26 17:30:00,ایران ایرتور,IRB908,کرمانشاه,طبق برنامه,,,,MD82,فرودگاه مشهد,Domestic Departure
2025-05-26 17:40:00,سپهران,SHI4338,اهواز,طبق برنامه,,,,B737,فرودگاه مشهد,Domestic Departure
2025-05-26 18:00:00,کاسپین,CPN027,تهران,طبق برنامه,,,,B737,فرودگاه مشهد,Domestic Departure
2025-05-26 18:00:00,آوا,AXV7703,تهران,طبق برنامه,,,,B737,فرودگاه مشهد,Domestic Departure
2025-05-26 18:10:00,آتا,TBZ5620,تهران,طبق برنامه,,,,MD80,فرودگاه مشهد,Domestic Departure
2025-05-26 19:00:00,آتا,TBZ5727,کرمان,طبق برنامه,,,,MD80,فرودگاه مشهد,Domestic Departure
2025-05-26 19:30:00,هواپیمایی پارس,PRS4436,یزد,طبق برنامه,,,,B737,فرودگاه مشهد,Domestic Departure
2025-05-26 19:45:00,قشم ایر,QSM1253,تهران,طبق برنامه,,,,F100,فرودگاه مشهد,Domestic Departure
2025-05-26 20:00:00,سپهران,SHI4366,آبادان,طبق برنامه,,,,B737,فرودگاه مشهد,Domestic Departure
2025-05-26 20:05:00,چابهار,IRU7651,تهران,طبق برنامه,,,,MD83,فرودگاه مشهد,Domestic Departure
2025-05-26 20:30:00,آتا,TBZ5647,آبادان,طبق برنامه,,,,MD80,فرودگاه مشهد,Domestic Departure
2025-05-26 20:30:00,زاگرس,IZG4110,شیراز,طبق برنامه,20,,,MD82,فرودگاه مشهد,Domestic Departure
2025-05-26 20:30:00,ایران ایرتور,IRB954,اهواز,طبق برنامه,,,,MD82,فرودگاه مشهد,Domestic Departure
2025-05-26 21:00:00,تابان,TBN6233,شیراز,طبق برنامه,,,,MD.88,فرودگاه مشهد,Domestic Departure
2025-05-26 21:10:00,کاسپین,CPN6928,قشم,طبق برنامه,,,,MD83,فرودگاه مشهد,Domestic Departure
2025-05-26 21:25:00,کاسپین,CPN6922,زاهدان,طبق برنامه,,,,MD83,فرودگاه مشهد,Domestic Departure
2025-05-26 21:30:00,تابان,TBN6325,تهران,طبق برنامه,,,,MD.88,فرودگاه مشهد,Domestic Departure
2025-05-26 22:15:00,کیش ایر,KIS7168,تهران,طبق برنامه,,,,MD82,فرودگاه مشهد,Domestic Departure
2025-05-26 22:15:00,وارش,VRH5841,تهران,طبق برنامه,,,,B737,فرودگاه مشهد,Domestic Departure
2025-05-26 23:00:00,وارش,VRH5804,ساری,طبق برنامه,,,,B737,فرودگاه مشهد,Domestic Departure
2025-05-26 23:30:00,سپهران,SHI4346,آبادان,طبق برنامه,,,,B737,فرودگاه مشهد,Domestic Departure
2025-05-26 23:59:00,هواپیمایی پارس,PRS4455,تهران,طبق برنامه,,,,B737,فرودگاه مشهد,Domestic Departure
2025-05-25 23:00:00,کیش ایر,KIS7061,كيش,پروازکرد00:28,3-4,2025-05-26 00:28:00,,MD83,فرودگاه شيراز,Domestic Departure
2025-05-26 06:00:00,آتا,TBZ5601,تهران,طبق برنامه,,,,MD83,فرودگاه تبريز,Domestic Departure
2025-05-26 07:50:00,ایران ایر,IRA342,تهران,طبق برنامه,,,,A319,فرودگاه تبريز,Domestic Departure
2025-05-26 08:00:00,آتا,TBZ5609,تهران,طبق برنامه,,,,MD83,فرودگاه تبريز,Domestic Departure
2025-05-26 10:00:00,آتا,TBZ5603,تهران,طبق برنامه,,,,MD83,فرودگاه تبريز,Domestic Departure
2025-05-26 10:15:00,معراج,MRJ2824,تهران,طبق برنامه,,,,A319,فرودگاه تبريز,Domestic Departure
2025-05-26 10:30:00,زاگرس,IZG4103,مشهد,طبق برنامه,,,,MD83,فرودگاه تبريز,Domestic Departure
2025-05-26 10:50:00,ماهان,IRM04561,کرمان,طبق برنامه,,,,BAE100,فرودگاه تبريز,Domestic Departure
2025-05-26 10:50:00,ماهان,IRM4561,اصفهان,طبق برنامه,,,,BAE100,فرودگاه تبريز,Domestic Departure
2025-05-26 11:00:00,ایران ایرتور,IRB951,مشهد,باطل شد,,,,MDC-DC-9-82,فرودگاه تبريز,Domestic Departure
2025-05-26 11:25:00,آسمان,IRC641,تهران,باطل شد,,,,100,فرودگاه تبريز,Domestic Departure
2025-05-26 12:05:00,آسمان,IRC3813,شیراز,طبق برنامه,,,,100,فرودگاه تبريز,Domestic Departure
2025-05-26 13:30:00,ایران ایرتور,IRB972,كيش,طبق برنامه,,,,MDC-DC-9-82,فرودگاه تبريز,Domestic Departure
2025-05-26 14:00:00,ایران ایرتور,IRB901,مشهد,طبق برنامه,,,,MDC-DC-9-82,فرودگاه تبريز,Domestic Departure
2025-05-26 16:00:00,آتا,TBZ5645,تهران,طبق برنامه,,,,MD83,فرودگاه تبريز,Domestic Departure
2025-05-26 17:30:00,آتا,TBZ5639,تهران,طبق برنامه,,,,MD83,فرودگاه تبريز,Domestic Departure
2025-05-25 23:40:00,آتا,TBZ5636,تهران,تاخیردارد01:00 | پایان پذیرش مسافر,2,,,,فرودگاه اهواز,Domestic Departure
2025-05-25 23:55:00,آسمان,IRC831,تهران,پروازکرد00:19,9,2025-05-26 00:19:00,,100,فرودگاه اهواز,Domestic Departure
2025-05-26 01:10:00,سپهران,SHI4339,مشهد,پایان پذیرش مسافر | در حال سوار شدن,10,,,MD.88,فرودگاه اهواز,Domestic Departure
2025-05-26 06:00:00,کارون,KRU2531,سیری,طبق برنامه,,,,,فرودگاه اهواز,Domestic Departure
2025-05-26 06:30:00,زاگرس,IZG4023,تهران,طبق برنامه,,,,,فرودگاه اهواز,Domestic Departure
2025-05-26 07:00:00,آتا,TBZ5636,تهران,طبق برنامه,,,,,فرودگاه اهواز,Domestic Departure
2025-05-26 07:30:00,وارش,VRH5853,تهران,طبق برنامه,,,,,فرودگاه اهواز,Domestic Departure
2025-05-26 07:40:00,فلای پرشیا,FPI7427,تهران,طبق برنامه,,,,MD.88,فرودگاه اهواز,Domestic Departure
2025-05-26 11:00:00,آتا,TBZ5642,مشهد,طبق برنامه,,,,,فرودگاه اهواز,Domestic Departure
2025-05-26 11:00:00,آتا,TBZ5694,تهران,طبق برنامه,,,,,فرودگاه اهواز,Domestic Departure
2025-05-26 13:35:00,کارون,KRU2643,تهران,طبق برنامه,,,,,فرودگاه اهواز,Domestic Departure
2025-05-26 17:45:00,زاگرس,IZG4121,مشهد,طبق برنامه,,,,,فرودگاه اهواز,Domestic Departure
2025-05-26 18:30:00,زاگرس,IZG4003,كيش,طبق برنامه,,,,,فرودگاه اهواز,Domestic Departure
2025-05-26 18:30:00,کارون,KRU2671,شیراز,طبق برنامه,,,,100,فرودگاه اهواز,Domestic Departure
2025-05-25 22:55:00,ساها,IRZ173,تهران,باطل شد,,,,,فرودگاه بوشهر,Domestic Departure
2025-05-26 07:15:00,چابهار,IRU7659,تهران,طبق برنامه,,,,,فرودگاه بوشهر,Domestic Departure
2025-05-26 09:00:00,زاگرس,IZG4061,تهران,طبق برنامه,,,,,فرودگاه بوشهر,Domestic Departure
2025-05-26 12:20:00,آتا,TBZ5688,تهران,طبق برنامه,,,,,فرودگاه بوشهر,Domestic Departure
2025-05-26 16:10:00,زاگرس,IZG4109,مشهد,طبق برنامه,,,,,فرودگاه بوشهر,Domestic Departure
2025-05-25 21:35:00,ایران ایر,IRA3353,كيش,تاخیردارد03:35,,,,ATR,فرودگاه بندرعباس,Domestic Departure
2025-05-26 07:00:00,ایران ایر,IRA3397,جزیره ابوموسی,طبق برنامه,,,,ATR,فرودگاه بندرعباس,Domestic Departure
2025-05-26 09:00:00,ایران ایرتور,IRB913,تهران,باطل شد,,,,,فرودگاه بندرعباس,Domestic Departure
2025-05-26 10:10:00,پويا,PYA2358,چابهار,طبق برنامه,,,,EMB145,فرودگاه بندرعباس,Domestic Departure
2025-05-26 10:25:00,ماهان,IRM1094,تهران,طبق برنامه,,,,,فرودگاه بندرعباس,Domestic Departure
2025-05-26 10:55:00,کارون,KRU2561,سیری,طبق برنامه,,,,f100,فرودگاه بندرعباس,Domestic Departure
2025-05-26 11:40:00,قشم,QSM1285,کرمانشاه,طبق برنامه,,,,,فرودگاه بندرعباس,Domestic Departure
2025-05-26 13:20:00,پويا,PYA2349,تهران,طبق برنامه,,,,EMB145,فرودگاه بندرعباس,Domestic Departure
2025-05-26 14:35:00,سپهران,SHI4322,مشهد,طبق برنامه,,,,737,فرودگاه بندرعباس,Domestic Departure
2025-05-26 15:00:00,وارش,VRH5827,ساری,طبق برنامه,,,,737-500,فرودگاه بندرعباس,Domestic Departure
2025-05-26 16:20:00,ایران ایر,IRA3361,كيش,طبق برنامه,,,,ATR,فرودگاه بندرعباس,Domestic Departure
2025-05-26 05:25:00,ماهان,IRM1050,تهران,طبق برنامه,,,,146-100,فرودگاه کرمان,Domestic Departure
2025-05-26 06:00:00,ماهان,IRM4560,تبریز,طبق برنامه,,,,BAE146,فرودگاه کرمان,Domestic Departure
2025-05-26 07:40:00,چابهار ایر لاین,IRU7673,تهران,طبق برنامه,,,,MD83,فرودگاه کرمان,Domestic Departure
2025-05-26 08:30:00,آتا,TBZ5663,تهران,طبق برنامه,,,,MD83,فرودگاه کرمان,Domestic Departure
2025-05-26 10:55:00,ماهان,IRM1054,تهران,طبق برنامه,,,,BAE146,فرودگاه کرمان,Domestic Departure
2025-05-26 18:00:00,ماهان,IRM1078,تهران,طبق برنامه,,,,BAE146,فرودگاه کرمان,Domestic Departure
2025-05-26 18:30:00,آتا,TBZ5665,تهران,باطل شد,,,,MD83,فرودگاه کرمان,Domestic Departure
2025-05-26 06:30:00,وارش,VRH5801,تهران,طبق برنامه,,,,,فرودگاه ساري,Domestic Departure
2025-05-26 15:00:00,وارش,VRH5803,مشهد,طبق برنامه,,,,,فرودگاه ساري,Domestic Departure
2025-05-26 17:45:00,وارش,VRH5826,بندرعباس,طبق برنامه,,,,,فرودگاه ساري,Domestic Departure
2025-05-25 23:10:00,آتا,TBZ5669,تهران,پروازکرد00:10,6-7,2025-05-26 00:10:00,,MD83,فرودگاه يزد,Domestic Departure
2025-05-26 05:30:00,یزد ایر,DZD9440,تهران,پذیرش مسافر,2-3,,,146-100,فرودگاه يزد,Domestic Departure
2025-05-26 07:05:00,کیش ایر,KIS7084,تهران,طبق برنامه,,,,MD83,فرودگاه يزد,Domestic Departure
2025-05-26 08:00:00,آتا,TBZ5678,تهران,باطل شد,,,,,فرودگاه اروميه,Domestic Departure
2025-05-26 13:45:00,کاسپین,CPN037,تهران,طبق برنامه,,,,,فرودگاه اروميه,Domestic Departure
2025-05-26 15:35:00,ماهان,IRM1009,تهران,طبق برنامه,,,,,فرودگاه کرمانشاه,Domestic Departure
2025-05-25 19:40:00,آتا,TBZ5718,مشهد,تاخیردارد02:30 | پایان پذیرش مسافر,6-7,,,,فرودگاه رشت,Domestic Departure
2025-05-26 07:30:00,رایمون,RAI7511,تهران,طبق برنامه,,,,,فرودگاه رشت,Domestic Departure
2025-05-26 09:30:00,ایران ایرتور,IRB905,مشهد,طبق برنامه,,,,,فرودگاه رشت,Domestic Departure
2025-05-26 10:50:00,آساجت,SJT8657,اصفهان,طبق برنامه,,,,,فرودگاه رشت,Domestic Departure
2025-05-26 14:20:00,سپهران,SHI4327,مشهد,طبق برنامه,,,,,فرودگاه رشت,Domestic Departure
2025-05-26 17:30:00,آساجت,SJT8635,تهران,طبق برنامه,,,,,فرودگاه رشت,Domestic Departure
2025-05-26 18:30:00,تابان,HH6314,مشهد,طبق برنامه,,,,,فرودگاه رشت,Domestic Departure
2025-05-26 04:40:00,ماهان,IRM1070,تهران,طبق برنامه,,,,,فرودگاه زاهدان,Domestic Departure
2025-05-26 12:50:00,ماهان,IRM4559,چابهار,طبق برنامه,,,,,فرودگاه زاهدان,Domestic Departure
2025-05-25 23:30:00,ایران ایرتور,IRB977,مشهد,پروازکرد00:08,4,2025-05-26 00:08:00,,,فرودگاه آبادان,Domestic Departure
2025-05-26 00:50:00,آسمان,IRC3819,شیراز,در حال سوار شدن,5,,,,فرودگاه آبادان,Domestic Departure
2025-05-26 01:15:00,پارس,PRS4495,تهران,ورود به سالن بازرسی | پذیرش مسافر,4,,,737,فرودگاه آبادان,Domestic Departure
2025-05-26 08:00:00,تابان,IZG6218,مشهد,طبق برنامه,,,,,فرودگاه آبادان,Domestic Departure
2025-05-26 08:00:00,زاگرس,IZG4107,مشهد,طبق برنامه,,,,,فرودگاه آبادان,Domestic Departure
2025-05-26 10:15:00,اطلس ایر,ATS8297,مشهد,طبق برنامه,,,,,فرودگاه آبادان,Domestic Departure
2025-05-26 10:30:00,پارس,PRS4457,مشهد,طبق برنامه,,,,,فرودگاه آبادان,Domestic Departure
2025-05-26 11:30:00,کیش ایر,KIS7104,تهران,طبق برنامه,,,,MD82,فرودگاه آبادان,Domestic Departure
2025-05-26 12:00:00,ایر وان,INA6753,مشهد,طبق برنامه,,,,,فرودگاه آبادان,Domestic Departure
2025-05-26 16:00:00,آتا,TBZ5701,تهران,طبق برنامه,,,,,فرودگاه آبادان,Domestic Departure
2025-05-26 18:00:00,ایران ایر,IRA247,تهران,پایان پذیرش مسافر,3,,,100,فرودگاه گرگان,Domestic Departure
2025-05-26 10:05:00,ماهان,IRM4537,تهران,طبق برنامه,,,,RJ100,فرودگاه اردبيل,Domestic Departure
2025-05-26 17:05:00,ایران ایر,IRA496,تهران,طبق برنامه,,,,100,فرودگاه اردبيل,Domestic Departure
2025-05-26 11:55:00,ماهان,IRM1091,مشهد,طبق برنامه,,,,146-100,فرودگاه زنجان,Domestic Departure
2025-05-26 09:00:00,ماهان,IRM1040,مشهد,طبق برنامه,,,,,فرودگاه زابل,Domestic Departure
2025-05-26 13:50:00,ماهان,IRM1084,تهران,طبق برنامه,,,,BAE146,فرودگاه زابل,Domestic Departure
