scheduled_time,airline,flight_number,destination_or_origin,status,counter,actual_time,register,aircraft,airport,flight_type,scheduled,actual,scheduled_datetime,actual_datetime,delay,delay_minutes,scheduled_day_of_week,is_weekend,is_Nourooz_4,is_Nourooz_13,Normal_holiday,scheduled_season,scheduled_time_of_day,Early_OnTime_Late_Indicator,Actual_Day_Matches_Scheduled_Day,Scheduled_Hour_of_Day
2025-05-28 06:50:00,کاسپین,CPN024,مشهد,پرواز كرد,"12, 13",2025-05-28 07:21:00,EPCPU,MD83,فرودگاه مهرآباد,Domestic Departure,2025-05-28 06:50:00,2025-05-28 07:21:00,2025-05-28 06:50:00,2025-05-28 07:21:00,0 days 00:31:00,31.0,Wednesday,0,0,0,0,Spring,Morning,Late,1,6
2025-05-28 07:00:00,اطلس ایر,ATS8271,كيش,پرواز كرد,"16, 17",2025-05-28 07:39:00,EPSAP,MD83,فرودگاه مهرآباد,Domestic Departure,2025-05-28 07:00:00,2025-05-28 07:39:00,2025-05-28 07:00:00,2025-05-28 07:39:00,0 days 00:39:00,39.0,Wednesday,0,0,0,0,Spring,Morning,Late,1,7
2025-05-28 07:00:00,آتا,TBZ5700,سیرجان,پرواز كرد,"26, 27",2025-05-28 07:27:00,EPTAH,737-700,فرودگاه مهرآباد,Domestic Departure,2025-05-28 07:00:00,2025-05-28 07:27:00,2025-05-28 07:00:00,2025-05-28 07:27:00,0 days 00:27:00,27.0,Wednesday,0,0,0,0,Spring,Morning,Late,1,7
2025-05-28 07:05:00,پويا,PYA2350,اصفهان,پرواز كرد,14,2025-05-28 07:23:00,EPPUN,EMB145,فرودگاه مهرآباد,Domestic Departure,2025-05-28 07:05:00,2025-05-28 07:23:00,2025-05-28 07:05:00,2025-05-28 07:23:00,0 days 00:18:00,18.0,Wednesday,0,0,0,0,Spring,Morning,Late,1,7
2025-05-28 07:05:00,ایران ایر,IRA311,اهواز,پرواز كرد,"5, 6",2025-05-28 07:29:00,EPIEQ,A319,فرودگاه مهرآباد,Domestic Departure,2025-05-28 07:05:00,2025-05-28 07:29:00,2025-05-28 07:05:00,2025-05-28 07:29:00,0 days 00:24:00,24.0,Wednesday,0,0,0,0,Spring,Morning,Late,1,7
2025-05-28 07:10:00,ماهان,IRM4525,چابهار,پرواز كرد,25,2025-05-28 07:32:00,EPMEU,rj100,فرودگاه مهرآباد,Domestic Departure,2025-05-28 07:10:00,2025-05-28 07:32:00,2025-05-28 07:10:00,2025-05-28 07:32:00,0 days 00:22:00,22.0,Wednesday,0,0,0,0,Spring,Morning,Late,1,7
2025-05-28 07:30:00,کارون,KRU2516,لاوان,پرواز كرد,"18, 19",2025-05-28 08:10:00,EPMIS,F100,فرودگاه مهرآباد,Domestic Departure,2025-05-28 07:30:00,2025-05-28 08:10:00,2025-05-28 07:30:00,2025-05-28 08:10:00,0 days 00:40:00,40.0,Wednesday,0,0,0,0,Spring,Morning,Late,1,7
2025-05-28 07:35:00,معراج,MRJ2816,عسلویه,پرواز كرد,"14, 15",2025-05-28 07:45:00,EPSSN,A321,فرودگاه مهرآباد,Domestic Departure,2025-05-28 07:35:00,2025-05-28 07:45:00,2025-05-28 07:35:00,2025-05-28 07:45:00,0 days 00:10:00,10.0,Wednesday,0,0,0,0,Spring,Morning,On Time,1,7
2025-05-28 07:35:00,کاسپین,CPN016,چابهار,پرواز كرد,"8, 9",2025-05-28 07:47:00,EPCPD,MD83,فرودگاه مهرآباد,Domestic Departure,2025-05-28 07:35:00,2025-05-28 07:47:00,2025-05-28 07:35:00,2025-05-28 07:47:00,0 days 00:12:00,12.0,Wednesday,0,0,0,0,Spring,Morning,On Time,1,7
2025-05-28 08:30:00,وارش,VRH5876,مشهد,پرواز كرد,7,2025-05-28 09:00:00,EPVAF,B737,فرودگاه مهرآباد,Domestic Departure,2025-05-28 08:30:00,2025-05-28 09:00:00,2025-05-28 08:30:00,2025-05-28 09:00:00,0 days 00:30:00,30.0,Wednesday,0,0,0,0,Spring,Morning,Late,1,8
2025-05-28 08:45:00,وارش,VRH5856,مشهد,پرواز كرد,6,2025-05-28 08:54:00,EPVBM,B737,فرودگاه مهرآباد,Domestic Departure,2025-05-28 08:45:00,2025-05-28 08:54:00,2025-05-28 08:45:00,2025-05-28 08:54:00,0 days 00:09:00,9.0,Wednesday,0,0,0,0,Spring,Morning,On Time,1,8
2025-05-28 09:00:00,رایمون,RAI7512,اصفهان,پرواز كرد,"3, 4",2025-05-28 09:09:00,EPNEA,EMB145,فرودگاه مهرآباد,Domestic Departure,2025-05-28 09:00:00,2025-05-28 09:09:00,2025-05-28 09:00:00,2025-05-28 09:09:00,0 days 00:09:00,9.0,Wednesday,0,0,0,0,Spring,Morning,On Time,1,9
2025-05-28 09:05:00,آتا,TBZ5655,سبزوار,پرواز كرد,"28, 29",2025-05-28 09:34:00,EPTAR,MD83,فرودگاه مهرآباد,Domestic Departure,2025-05-28 09:05:00,2025-05-28 09:34:00,2025-05-28 09:05:00,2025-05-28 09:34:00,0 days 00:29:00,29.0,Wednesday,0,0,0,0,Spring,Morning,Late,1,9
2025-05-28 09:10:00,ساها,IRZ170,مشهد,پرواز كرد,"8, 9",2025-05-28 10:01:00,EPSII,737-700,فرودگاه مهرآباد,Domestic Departure,2025-05-28 09:10:00,2025-05-28 10:01:00,2025-05-28 09:10:00,2025-05-28 10:01:00,0 days 00:51:00,51.0,Wednesday,0,0,0,0,Spring,Morning,Late,1,9
2025-05-28 09:20:00,فلای پرشیا,FPI7440,مشهد,پرواز كرد,"18, 19",2025-05-28 10:56:00,EPFPA,B737,فرودگاه مهرآباد,Domestic Departure,2025-05-28 09:20:00,2025-05-28 10:56:00,2025-05-28 09:20:00,2025-05-28 10:56:00,0 days 01:36:00,96.0,Wednesday,0,0,0,0,Spring,Morning,Late,1,9
2025-05-28 09:25:00,آتا,TBZ5623,شیراز,پرواز كرد,"12, 13",2025-05-28 09:50:00,EPTAM,MD83,فرودگاه مهرآباد,Domestic Departure,2025-05-28 09:25:00,2025-05-28 09:50:00,2025-05-28 09:25:00,2025-05-28 09:50:00,0 days 00:25:00,25.0,Wednesday,0,0,0,0,Spring,Morning,Late,1,9
2025-05-28 09:30:00,آساجت,SJT8660,رشت,پرواز كرد,14,2025-05-28 09:30:00,EPJEK,EMB145,فرودگاه مهرآباد,Domestic Departure,2025-05-28 09:30:00,2025-05-28 09:30:00,2025-05-28 09:30:00,2025-05-28 09:30:00,0 days 00:00:00,0.0,Wednesday,0,0,0,0,Spring,Morning,On Time,1,9
2025-05-28 09:30:00,پويا,PYA2312,مشهد,پرواز كرد,14,2025-05-28 09:56:00,EPPUO,EMB145,فرودگاه مهرآباد,Domestic Departure,2025-05-28 09:30:00,2025-05-28 09:56:00,2025-05-28 09:30:00,2025-05-28 09:56:00,0 days 00:26:00,26.0,Wednesday,0,0,0,0,Spring,Morning,Late,1,9
2025-05-28 09:30:00,ماهان,IRM1095,بندرعباس,پرواز كرد,"21, 22, 23",2025-05-28 09:46:00,EPMEE,146-200,فرودگاه مهرآباد,Domestic Departure,2025-05-28 09:30:00,2025-05-28 09:46:00,2025-05-28 09:30:00,2025-05-28 09:46:00,0 days 00:16:00,16.0,Wednesday,0,0,0,0,Spring,Morning,Late,1,9
2025-05-28 09:35:00,چابهار,IRU7640,مشهد,پرواز كرد,3,2025-05-28 09:41:00,EPSEB,MD83,فرودگاه مهرآباد,Domestic Departure,2025-05-28 09:35:00,2025-05-28 09:41:00,2025-05-28 09:35:00,2025-05-28 09:41:00,0 days 00:06:00,6.0,Wednesday,0,0,0,0,Spring,Morning,On Time,1,9
2025-05-28 09:40:00,آسمان,IRC630,گرگان,پرواز كرد,28,2025-05-28 09:55:00,EPASR,F100,فرودگاه مهرآباد,Domestic Departure,2025-05-28 09:40:00,2025-05-28 09:55:00,2025-05-28 09:40:00,2025-05-28 09:55:00,0 days 00:15:00,15.0,Wednesday,0,0,0,0,Spring,Morning,On Time,1,9
2025-05-28 09:50:00,وارش,VRH5840,مشهد,پرواز كرد,5,2025-05-28 10:13:00,EPVAR,B737,فرودگاه مهرآباد,Domestic Departure,2025-05-28 09:50:00,2025-05-28 10:13:00,2025-05-28 09:50:00,2025-05-28 10:13:00,0 days 00:23:00,23.0,Wednesday,0,0,0,0,Spring,Morning,Late,1,9
2025-05-28 09:50:00,کاسپین,CPN044,كيش,پرواز كرد,"12, 13",2025-05-28 10:17:00,EPCAQ,737,فرودگاه مهرآباد,Domestic Departure,2025-05-28 09:50:00,2025-05-28 10:17:00,2025-05-28 09:50:00,2025-05-28 10:17:00,0 days 00:27:00,27.0,Wednesday,0,0,0,0,Spring,Morning,Late,1,9
2025-05-28 10:00:00,آتا,TBZ5631,اهواز,پرواز كرد,"24, 25",2025-05-28 11:02:00,EPTAJ,MD83,فرودگاه مهرآباد,Domestic Departure,2025-05-28 10:00:00,2025-05-28 11:02:00,2025-05-28 10:00:00,2025-05-28 11:02:00,0 days 01:02:00,62.0,Wednesday,0,0,0,0,Spring,Morning,Late,1,10
2025-05-28 10:00:00,کیش ایر,KIS7053,كيش,پرواز كرد,"11, 12",2025-05-28 10:08:00,EPLCK,MD83,فرودگاه مهرآباد,Domestic Departure,2025-05-28 10:00:00,2025-05-28 10:08:00,2025-05-28 10:00:00,2025-05-28 10:08:00,0 days 00:08:00,8.0,Wednesday,0,0,0,0,Spring,Morning,On Time,1,10
2025-05-28 10:10:00,کارون,KRU2520,ماهشهر,پرواز كرد,"21, 22",2025-05-28 10:19:00,EPJIB,737,فرودگاه مهرآباد,Domestic Departure,2025-05-28 10:10:00,2025-05-28 10:19:00,2025-05-28 10:10:00,2025-05-28 10:19:00,0 days 00:09:00,9.0,Wednesday,0,0,0,0,Spring,Morning,On Time,1,10
2025-05-28 10:10:00,آسمان,IRC602,مشهد,پرواز كرد,29,2025-05-28 10:32:00,EPATE,F100,فرودگاه مهرآباد,Domestic Departure,2025-05-28 10:10:00,2025-05-28 10:32:00,2025-05-28 10:10:00,2025-05-28 10:32:00,0 days 00:22:00,22.0,Wednesday,0,0,0,0,Spring,Morning,Late,1,10
2025-05-28 10:20:00,قشم ایر,QSM1252,مشهد,پرواز كرد,"16, 17",2025-05-28 10:28:00,EPFQI,F100,فرودگاه مهرآباد,Domestic Departure,2025-05-28 10:20:00,2025-05-28 10:28:00,2025-05-28 10:20:00,2025-05-28 10:28:00,0 days 00:08:00,8.0,Wednesday,0,0,0,0,Spring,Morning,On Time,1,10
2025-05-28 10:30:00,آتا,TBZ5729,مشهد,پرواز كرد,"28, 29",2025-05-28 11:00:00,EPTAZ,MD83,فرودگاه مهرآباد,Domestic Departure,2025-05-28 10:30:00,2025-05-28 11:00:00,2025-05-28 10:30:00,2025-05-28 11:00:00,0 days 00:30:00,30.0,Wednesday,0,0,0,0,Spring,Morning,Late,1,10
2025-05-28 10:30:00,ایران ایرتور,IRB996,كيش,پرواز كرد,"5, 6",2025-05-28 10:51:00,EPMDC,MD83,فرودگاه مهرآباد,Domestic Departure,2025-05-28 10:30:00,2025-05-28 10:51:00,2025-05-28 10:30:00,2025-05-28 10:51:00,0 days 00:21:00,21.0,Wednesday,0,0,0,0,Spring,Morning,Late,1,10
2025-05-28 10:45:00,کارون,KRU2604,اهواز,پرواز كرد,"14, 15",2025-05-28 12:05:00,EPJIA,737,فرودگاه مهرآباد,Domestic Departure,2025-05-28 10:45:00,2025-05-28 12:05:00,2025-05-28 10:45:00,2025-05-28 12:05:00,0 days 01:20:00,80.0,Wednesday,0,0,0,0,Spring,Morning,Late,1,10
2025-05-28 11:10:00,آتا,TBZ5659,كيش,پرواز كرد,"12, 13",2025-05-28 11:16:00,EPTAO,MD83,فرودگاه مهرآباد,Domestic Departure,2025-05-28 11:10:00,2025-05-28 11:16:00,2025-05-28 11:10:00,2025-05-28 11:16:00,0 days 00:06:00,6.0,Wednesday,0,0,0,0,Spring,Morning,On Time,1,11
2025-05-28 11:50:00,یزد ایر,DZD9441,یزد,پرواز كرد,"6, 7",2025-05-28 13:04:00,EPMOC,146-200,فرودگاه مهرآباد,Domestic Departure,2025-05-28 11:50:00,2025-05-28 13:04:00,2025-05-28 11:50:00,2025-05-28 13:04:00,0 days 01:14:00,74.0,Wednesday,0,0,0,0,Spring,Morning,Late,1,11
2025-05-28 11:50:00,کاسپین,CPN6914,عسلویه,پرواز كرد,"8, 9",2025-05-28 12:08:00,EPCAS,MD83,فرودگاه مهرآباد,Domestic Departure,2025-05-28 11:50:00,2025-05-28 12:08:00,2025-05-28 11:50:00,2025-05-28 12:08:00,0 days 00:18:00,18.0,Wednesday,0,0,0,0,Spring,Morning,Late,1,11
2025-05-28 12:05:00,آتا,TBZ5633,اردبیل,پرواز كرد,"24, 25",2025-05-28 12:12:00,EPTAH,MD83,فرودگاه مهرآباد,Domestic Departure,2025-05-28 12:05:00,2025-05-28 12:12:00,2025-05-28 12:05:00,2025-05-28 12:12:00,0 days 00:07:00,7.0,Wednesday,0,0,0,0,Spring,Afternoon,On Time,1,12
2025-05-28 12:30:00,یزد ایر,DZD9449,بوشهر,پرواز كرد,"10, 11",2025-05-28 13:05:00,EPDZH,146-200,فرودگاه مهرآباد,Domestic Departure,2025-05-28 12:30:00,2025-05-28 13:05:00,2025-05-28 12:30:00,2025-05-28 13:05:00,0 days 00:35:00,35.0,Wednesday,0,0,0,0,Spring,Afternoon,Late,1,12
2025-05-28 12:50:00,رایمون,RAI7514,عسلویه,پرواز كرد,"3, 4",2025-05-28 12:42:00,EPNEA,EMB145,فرودگاه مهرآباد,Domestic Departure,2025-05-28 12:50:00,2025-05-28 12:42:00,2025-05-28 12:50:00,2025-05-28 12:42:00,-1 days +23:52:00,-8.0,Wednesday,0,0,0,0,Spring,Afternoon,Early,1,12
2025-05-28 13:00:00,ماهان,IRM1010,کرمانشاه,پرواز كرد,"22, 23",2025-05-28 13:18:00,EPMOS,146-200,فرودگاه مهرآباد,Domestic Departure,2025-05-28 13:00:00,2025-05-28 13:18:00,2025-05-28 13:00:00,2025-05-28 13:18:00,0 days 00:18:00,18.0,Wednesday,0,0,0,0,Spring,Afternoon,Late,1,13
2025-05-28 13:00:00,آتا,TBZ5604,تبریز,پرواز كرد,"26, 27",2025-05-28 13:39:00,EPTAR,MD83,فرودگاه مهرآباد,Domestic Departure,2025-05-28 13:00:00,2025-05-28 13:39:00,2025-05-28 13:00:00,2025-05-28 13:39:00,0 days 00:39:00,39.0,Wednesday,0,0,0,0,Spring,Afternoon,Late,1,13
2025-05-28 13:10:00,آتا,TBZ5629,مشهد,پرواز كرد,"12, 13",2025-05-28 13:40:00,EPTAQ,MD83,فرودگاه مهرآباد,Domestic Departure,2025-05-28 13:10:00,2025-05-28 13:40:00,2025-05-28 13:10:00,2025-05-28 13:40:00,0 days 00:30:00,30.0,Wednesday,0,0,0,0,Spring,Afternoon,Late,1,13
2025-05-28 13:30:00,ماهان,IRM4522,یاسوج,پرواز كرد,21,2025-05-28 13:25:00,EPMEI,146-200,فرودگاه مهرآباد,Domestic Departure,2025-05-28 13:30:00,2025-05-28 13:25:00,2025-05-28 13:30:00,2025-05-28 13:25:00,-1 days +23:55:00,-5.0,Wednesday,0,0,0,0,Spring,Afternoon,Early,1,13
2025-05-28 13:50:00,قشم ایر,QSM1240,قشم,پرواز كرد,"18, 19",2025-05-28 14:31:00,EPFQV,RJ100,فرودگاه مهرآباد,Domestic Departure,2025-05-28 13:50:00,2025-05-28 14:31:00,2025-05-28 13:50:00,2025-05-28 14:31:00,0 days 00:41:00,41.0,Wednesday,0,0,0,0,Spring,Afternoon,Late,1,13
2025-05-28 14:10:00,آتا,TBZ5613,مشهد,پرواز كرد,"24, 25",2025-05-28 14:49:00,EPTAM,MD83,فرودگاه مهرآباد,Domestic Departure,2025-05-28 14:10:00,2025-05-28 14:49:00,2025-05-28 14:10:00,2025-05-28 14:49:00,0 days 00:39:00,39.0,Wednesday,0,0,0,0,Spring,Afternoon,Late,1,14
2025-05-28 14:15:00,ماهان,IRM1006,خرم‌آباد,پرواز كرد,23,2025-05-28 14:40:00,EPMEI,146-200,فرودگاه مهرآباد,Domestic Departure,2025-05-28 14:15:00,2025-05-28 14:40:00,2025-05-28 14:15:00,2025-05-28 14:40:00,0 days 00:25:00,25.0,Wednesday,0,0,0,0,Spring,Afternoon,Late,1,14
2025-05-28 14:50:00,ایران ایر,IRA3495,عسلویه,پرواز كرد,"7, 8",2025-05-28 15:19:00,EPIEP,A319,فرودگاه مهرآباد,Domestic Departure,2025-05-28 14:50:00,2025-05-28 15:19:00,2025-05-28 14:50:00,2025-05-28 15:19:00,0 days 00:29:00,29.0,Wednesday,0,0,0,0,Spring,Afternoon,Late,1,14
2025-05-28 15:40:00,ایران ایر,IRA3431,پارس‌آباد,پرواز كرد,4,2025-05-28 16:03:00,EPITM,F100,فرودگاه مهرآباد,Domestic Departure,2025-05-28 15:40:00,2025-05-28 16:03:00,2025-05-28 15:40:00,2025-05-28 16:03:00,0 days 00:23:00,23.0,Wednesday,0,0,0,0,Spring,Afternoon,Late,1,15
2025-05-28 15:45:00,ایران ایر,IRA277,ارومیه,پرواز كرد,3,2025-05-28 16:24:00,EPCFR,F100,فرودگاه مهرآباد,Domestic Departure,2025-05-28 15:45:00,2025-05-28 16:24:00,2025-05-28 15:45:00,2025-05-28 16:24:00,0 days 00:39:00,39.0,Wednesday,0,0,0,0,Spring,Afternoon,Late,1,15
2025-05-28 15:55:00,آساجت,SJT8634,رشت,پرواز كرد,18,2025-05-28 16:28:00,EPJEK,EMB145,فرودگاه مهرآباد,Domestic Departure,2025-05-28 15:55:00,2025-05-28 16:28:00,2025-05-28 15:55:00,2025-05-28 16:28:00,0 days 00:33:00,33.0,Wednesday,0,0,0,0,Spring,Afternoon,Late,1,15
2025-05-28 15:55:00,پويا,PYA2348,بندرعباس,پرواز كرد,14,2025-05-28 16:12:00,EPPUO,EMB145,فرودگاه مهرآباد,Domestic Departure,2025-05-28 15:55:00,2025-05-28 16:12:00,2025-05-28 15:55:00,2025-05-28 16:12:00,0 days 00:17:00,17.0,Wednesday,0,0,0,0,Spring,Afternoon,Late,1,15
2025-05-28 16:00:00,آتا,TBZ5627,اهواز,پرواز كرد,"28, 29",2025-05-28 16:07:00,EPTAJ,md88,فرودگاه مهرآباد,Domestic Departure,2025-05-28 16:00:00,2025-05-28 16:07:00,2025-05-28 16:00:00,2025-05-28 16:07:00,0 days 00:07:00,7.0,Wednesday,0,0,0,0,Spring,Afternoon,On Time,1,16
2025-05-28 16:05:00,ایران ایر,IRA246,گرگان,پرواز كرد,"5, 6",2025-05-28 16:10:00,EPCFM,F100,فرودگاه مهرآباد,Domestic Departure,2025-05-28 16:05:00,2025-05-28 16:10:00,2025-05-28 16:05:00,2025-05-28 16:10:00,0 days 00:05:00,5.0,Wednesday,0,0,0,0,Spring,Afternoon,On Time,1,16
2025-05-28 16:10:00,آوا,AXV7702,مشهد,پرواز كرد,"14, 15",2025-05-28 16:46:00,EPRBC,B737,فرودگاه مهرآباد,Domestic Departure,2025-05-28 16:10:00,2025-05-28 16:46:00,2025-05-28 16:10:00,2025-05-28 16:46:00,0 days 00:36:00,36.0,Wednesday,0,0,0,0,Spring,Afternoon,Late,1,16
2025-05-28 16:10:00,ایران ایرتور,IRB946,تبریز,پرواز كرد,"7, 8",2025-05-28 16:21:00,EPMDD,MD83,فرودگاه مهرآباد,Domestic Departure,2025-05-28 16:10:00,2025-05-28 16:21:00,2025-05-28 16:10:00,2025-05-28 16:21:00,0 days 00:11:00,11.0,Wednesday,0,0,0,0,Spring,Afternoon,On Time,1,16
2025-05-28 16:15:00,کاسپین,CPN6982,لارستان,پرواز كرد,"8, 9",2025-05-28 17:10:00,EPCPU,MD83,فرودگاه مهرآباد,Domestic Departure,2025-05-28 16:15:00,2025-05-28 17:10:00,2025-05-28 16:15:00,2025-05-28 17:10:00,0 days 00:55:00,55.0,Wednesday,0,0,0,0,Spring,Afternoon,Late,1,16
2025-05-28 16:20:00,آتا,TBZ5719,مشهد,پرواز كرد,"26, 27",2025-05-28 16:34:00,EPTAO,MD83,فرودگاه مهرآباد,Domestic Departure,2025-05-28 16:20:00,2025-05-28 16:34:00,2025-05-28 16:20:00,2025-05-28 16:34:00,0 days 00:14:00,14.0,Wednesday,0,0,0,0,Spring,Afternoon,On Time,1,16
2025-05-28 16:45:00,اطلس ایر,ATS8288,مشهد,پرواز كرد,"21, 22",2025-05-28 16:54:00,EPLEE,737-700,فرودگاه مهرآباد,Domestic Departure,2025-05-28 16:45:00,2025-05-28 16:54:00,2025-05-28 16:45:00,2025-05-28 16:54:00,0 days 00:09:00,9.0,Wednesday,0,0,0,0,Spring,Afternoon,On Time,1,16
2025-05-28 16:55:00,ایران ایرتور,IRB980,ارومیه,پرواز كرد,"9, 10",2025-05-28 17:13:00,EPMDC,MD83,فرودگاه مهرآباد,Domestic Departure,2025-05-28 16:55:00,2025-05-28 17:13:00,2025-05-28 16:55:00,2025-05-28 17:13:00,0 days 00:18:00,18.0,Wednesday,0,0,0,0,Spring,Afternoon,Late,1,16
2025-05-28 16:55:00,کارون,KRU2628,شیراز,پرواز كرد,"16, 17",2025-05-28 17:05:00,EPJIB,737,فرودگاه مهرآباد,Domestic Departure,2025-05-28 16:55:00,2025-05-28 17:05:00,2025-05-28 16:55:00,2025-05-28 17:05:00,0 days 00:10:00,10.0,Wednesday,0,0,0,0,Spring,Afternoon,On Time,1,16
2025-05-25 06:25:00,اطلس ایر,ATS8278,مشهد,پرواز كرد,17,2025-05-25 08:07:00,EPSAP,MD83,فرودگاه مهرآباد,Domestic Departure,2025-05-25 06:25:00,2025-05-25 08:07:00,2025-05-25 06:25:00,2025-05-25 08:07:00,0 days 01:42:00,102.0,Sunday,0,0,0,0,Spring,Morning,Late,1,6
2025-05-28 17:00:00,آتا,TBZ5668,تبریز,پرواز كرد,11,2025-05-28 17:40:00,EPTAZ,MD83,فرودگاه مهرآباد,Domestic Departure,2025-05-28 17:00:00,2025-05-28 17:40:00,2025-05-28 17:00:00,2025-05-28 17:40:00,0 days 00:40:00,40.0,Wednesday,0,0,0,0,Spring,Evening,Late,1,17
2025-05-28 17:05:00,قشم ایر,QSM1220,بندرعباس,پرواز كرد,"18, 19",2025-05-28 17:16:00,EPFQU,F100,فرودگاه مهرآباد,Domestic Departure,2025-05-28 17:05:00,2025-05-28 17:16:00,2025-05-28 17:05:00,2025-05-28 17:16:00,0 days 00:11:00,11.0,Wednesday,0,0,0,0,Spring,Evening,On Time,1,17
2025-05-28 17:10:00,آتا,TBZ5619,مشهد,پرواز كرد,"28, 29",2025-05-28 17:36:00,EPTAH,737,فرودگاه مهرآباد,Domestic Departure,2025-05-28 17:10:00,2025-05-28 17:36:00,2025-05-28 17:10:00,2025-05-28 17:36:00,0 days 00:26:00,26.0,Wednesday,0,0,0,0,Spring,Evening,Late,1,17
2025-05-28 17:20:00,اطلس ایر,ATS8270,مشهد,پرواز كرد,14,2025-05-28 19:20:00,EPTHI,RJ85,فرودگاه مهرآباد,Domestic Departure,2025-05-28 17:20:00,2025-05-28 19:20:00,2025-05-28 17:20:00,2025-05-28 19:20:00,0 days 02:00:00,120.0,Wednesday,0,0,0,0,Spring,Evening,Late,1,17
2025-05-28 17:20:00,کارون,KRU2508,ماهشهر,پرواز كرد,15,2025-05-28 17:33:00,EPMIS,F100,فرودگاه مهرآباد,Domestic Departure,2025-05-28 17:20:00,2025-05-28 17:33:00,2025-05-28 17:20:00,2025-05-28 17:33:00,0 days 00:13:00,13.0,Wednesday,0,0,0,0,Spring,Evening,On Time,1,17
2025-05-28 17:35:00,پارس ایر,PRS4454,مشهد,پرواز كرد,21,2025-05-28 18:13:00,EPPAM,CRJ200,فرودگاه مهرآباد,Domestic Departure,2025-05-28 17:35:00,2025-05-28 18:13:00,2025-05-28 17:35:00,2025-05-28 18:13:00,0 days 00:38:00,38.0,Wednesday,0,0,0,0,Spring,Evening,Late,1,17
2025-05-28 17:45:00,کیش ایر,KIS7069,مشهد,پرواز كرد,"9, 10",2025-05-28 18:24:00,EPLCL,MD83,فرودگاه مهرآباد,Domestic Departure,2025-05-28 17:45:00,2025-05-28 18:24:00,2025-05-28 17:45:00,2025-05-28 18:24:00,0 days 00:39:00,39.0,Wednesday,0,0,0,0,Spring,Evening,Late,1,17
2025-05-28 17:50:00,ماهان,IRM4542,شهرکرد,پرواز كرد,25,2025-05-28 17:57:00,EPMEA,146-200,فرودگاه مهرآباد,Domestic Departure,2025-05-28 17:50:00,2025-05-28 17:57:00,2025-05-28 17:50:00,2025-05-28 17:57:00,0 days 00:07:00,7.0,Wednesday,0,0,0,0,Spring,Evening,On Time,1,17
2025-05-28 17:55:00,فلای پرشیا,FPI7442,مشهد,پرواز كرد,"18, 19",2025-05-28 18:17:00,EPFPA,B737,فرودگاه مهرآباد,Domestic Departure,2025-05-28 17:55:00,2025-05-28 18:17:00,2025-05-28 17:55:00,2025-05-28 18:17:00,0 days 00:22:00,22.0,Wednesday,0,0,0,0,Spring,Evening,Late,1,17
2025-05-28 17:55:00,آسمان,IRC3750,آبادان,پرواز كرد,28,2025-05-28 23:08:00,EPASR,F100,فرودگاه مهرآباد,Domestic Departure,2025-05-28 17:55:00,2025-05-28 23:08:00,2025-05-28 17:55:00,2025-05-28 23:08:00,0 days 05:13:00,313.0,Wednesday,0,0,0,0,Spring,Evening,Late,1,17
2025-05-28 18:00:00,آتا,TBZ5646,تبریز,پرواز كرد,"26, 27",2025-05-28 19:11:00,EPTAN,MD83,فرودگاه مهرآباد,Domestic Departure,2025-05-28 18:00:00,2025-05-28 19:11:00,2025-05-28 18:00:00,2025-05-28 19:11:00,0 days 01:11:00,71.0,Wednesday,0,0,0,0,Spring,Evening,Late,1,18
2025-05-28 18:05:00,کارون,KRU2506,ماهشهر,پرواز كرد,"16, 17",2025-05-28 18:09:00,EPAWZ,F100,فرودگاه مهرآباد,Domestic Departure,2025-05-28 18:05:00,2025-05-28 18:09:00,2025-05-28 18:05:00,2025-05-28 18:09:00,0 days 00:04:00,4.0,Wednesday,0,0,0,0,Spring,Evening,On Time,1,18
2025-05-28 18:10:00,رایمون,RAI7526,یزد,پرواز كرد,"3, 4",2025-05-28 18:31:00,EPNEA,EMB145,فرودگاه مهرآباد,Domestic Departure,2025-05-28 18:10:00,2025-05-28 18:31:00,2025-05-28 18:10:00,2025-05-28 18:31:00,0 days 00:21:00,21.0,Wednesday,0,0,0,0,Spring,Evening,Late,1,18
2025-05-28 18:15:00,چابهار,IRU7636,کرمانشاه,پرواز كرد,3,2025-05-28 18:58:00,EPSEB,MD83,فرودگاه مهرآباد,Domestic Departure,2025-05-28 18:15:00,2025-05-28 18:58:00,2025-05-28 18:15:00,2025-05-28 18:58:00,0 days 00:43:00,43.0,Wednesday,0,0,0,0,Spring,Evening,Late,1,18
2025-05-28 18:30:00,وارش,VRH5800,ساری,پرواز كرد,5,2025-05-28 21:08:00,EPVBM,B737,فرودگاه مهرآباد,Domestic Departure,2025-05-28 18:30:00,2025-05-28 21:08:00,2025-05-28 18:30:00,2025-05-28 21:08:00,0 days 02:38:00,158.0,Wednesday,0,0,0,0,Spring,Evening,Late,1,18
2025-05-28 18:35:00,ایران ایرتور,IRB974,زاهدان,پرواز كرد,"9, 10",2025-05-28 21:54:00,EPMDC,MD83,فرودگاه مهرآباد,Domestic Departure,2025-05-28 18:35:00,2025-05-28 21:54:00,2025-05-28 18:35:00,2025-05-28 21:54:00,0 days 03:19:00,199.0,Wednesday,0,0,0,0,Spring,Evening,Late,1,18
2025-05-28 18:40:00,ماهان,IRM4527,ایرانشهر,پرواز كرد,20,2025-05-28 19:00:00,EPMEI,146-200,فرودگاه مهرآباد,Domestic Departure,2025-05-28 18:40:00,2025-05-28 19:00:00,2025-05-28 18:40:00,2025-05-28 19:00:00,0 days 00:20:00,20.0,Wednesday,0,0,0,0,Spring,Evening,Late,1,18
2025-05-28 18:50:00,ایران ایر,IRA468,مشهد,پرواز كرد,"9, 10",2025-05-28 19:14:00,EPIEQ,A319,فرودگاه مهرآباد,Domestic Departure,2025-05-28 18:50:00,2025-05-28 19:14:00,2025-05-28 18:50:00,2025-05-28 19:14:00,0 days 00:24:00,24.0,Wednesday,0,0,0,0,Spring,Evening,Late,1,18
2025-05-28 18:50:00,کیش ایر,KIS7081,كيش,پرواز كرد,"11, 12",2025-05-28 19:03:00,EPLCK,MD83,فرودگاه مهرآباد,Domestic Departure,2025-05-28 18:50:00,2025-05-28 19:03:00,2025-05-28 18:50:00,2025-05-28 19:03:00,0 days 00:13:00,13.0,Wednesday,0,0,0,0,Spring,Evening,On Time,1,18
2025-05-28 18:55:00,کاسپین,CPN6936,قشم,پرواز كرد,"10, 11",2025-05-28 20:17:00,EPCPD,MD83,فرودگاه مهرآباد,Domestic Departure,2025-05-28 18:55:00,2025-05-28 20:17:00,2025-05-28 18:55:00,2025-05-28 20:17:00,0 days 01:22:00,82.0,Wednesday,0,0,0,0,Spring,Evening,Late,1,18
2025-05-28 19:00:00,اطلس ایر,ATS8278,مشهد,پرواز كرد,"18, 19",2025-05-28 19:40:00,EPSAP,MD83,فرودگاه مهرآباد,Domestic Departure,2025-05-28 19:00:00,2025-05-28 19:40:00,2025-05-28 19:00:00,2025-05-28 19:40:00,0 days 00:40:00,40.0,Wednesday,0,0,0,0,Spring,Evening,Late,1,19
2025-05-28 19:10:00,آتا,TBZ5679,ارومیه,پرواز كرد,26,2025-05-28 21:49:00,EPTAZ,MD83,فرودگاه مهرآباد,Domestic Departure,2025-05-28 19:10:00,2025-05-28 21:49:00,2025-05-28 19:10:00,2025-05-28 21:49:00,0 days 02:39:00,159.0,Wednesday,0,0,0,0,Spring,Evening,Late,1,19
2025-05-28 19:15:00,آساجت,SJT8624,یزد,پرواز كرد,22,2025-05-28 19:22:00,EPJEK,EMB145,فرودگاه مهرآباد,Domestic Departure,2025-05-28 19:15:00,2025-05-28 19:22:00,2025-05-28 19:15:00,2025-05-28 19:22:00,0 days 00:07:00,7.0,Wednesday,0,0,0,0,Spring,Evening,On Time,1,19
2025-05-28 19:20:00,کیش ایر,KIS7029,كيش,پرواز كرد,"9, 10",2025-05-28 19:33:00,EPLCM,MD83,فرودگاه مهرآباد,Domestic Departure,2025-05-28 19:20:00,2025-05-28 19:33:00,2025-05-28 19:20:00,2025-05-28 19:33:00,0 days 00:13:00,13.0,Wednesday,0,0,0,0,Spring,Evening,On Time,1,19
2025-05-28 19:30:00,آتا,TBZ5635,اهواز,پرواز كرد,"24, 25",2025-05-28 20:28:00,EPTAL,MD83,فرودگاه مهرآباد,Domestic Departure,2025-05-28 19:30:00,2025-05-28 20:28:00,2025-05-28 19:30:00,2025-05-28 20:28:00,0 days 00:58:00,58.0,Wednesday,0,0,0,0,Spring,Evening,Late,1,19
2025-05-28 19:30:00,ماهان,IRM4541,زاهدان,پرواز كرد,25,2025-05-28 19:42:00,EPMEU,146-200,فرودگاه مهرآباد,Domestic Departure,2025-05-28 19:30:00,2025-05-28 19:42:00,2025-05-28 19:30:00,2025-05-28 19:42:00,0 days 00:12:00,12.0,Wednesday,0,0,0,0,Spring,Evening,On Time,1,19
2025-05-28 19:35:00,آتا,TBZ5643,سیرجان,پرواز كرد,27,2025-05-28 22:42:00,EPTAE,737-700,فرودگاه مهرآباد,Domestic Departure,2025-05-28 19:35:00,2025-05-28 22:42:00,2025-05-28 19:35:00,2025-05-28 22:42:00,0 days 03:07:00,187.0,Wednesday,0,0,0,0,Spring,Evening,Late,1,19
2025-05-28 19:55:00,آسمان,IRC3777,شیراز,پرواز كرد,28,2025-05-28 20:56:00,EPATE,F100,فرودگاه مهرآباد,Domestic Departure,2025-05-28 19:55:00,2025-05-28 20:56:00,2025-05-28 19:55:00,2025-05-28 20:56:00,0 days 01:01:00,61.0,Wednesday,0,0,0,0,Spring,Evening,Late,1,19
2025-05-28 20:05:00,چابهار,IRU7614,چابهار,پرواز كرد,4,2025-05-28 20:09:00,EPCBD,MD83,فرودگاه مهرآباد,Domestic Departure,2025-05-28 20:05:00,2025-05-28 20:09:00,2025-05-28 20:05:00,2025-05-28 20:09:00,0 days 00:04:00,4.0,Wednesday,0,0,0,0,Spring,Evening,On Time,1,20
2025-05-28 20:15:00,ساها,IRZ156,شیراز,پرواز كرد,"8, 9",2025-05-28 20:25:00,EPSIJ,737-700,فرودگاه مهرآباد,Domestic Departure,2025-05-28 20:15:00,2025-05-28 20:25:00,2025-05-28 20:15:00,2025-05-28 20:25:00,0 days 00:10:00,10.0,Wednesday,0,0,0,0,Spring,Evening,On Time,1,20
2025-05-28 20:15:00,ایران ایر,IRA265,آبادان,پرواز كرد,3,2025-05-28 21:17:00,EPCFR,F100,فرودگاه مهرآباد,Domestic Departure,2025-05-28 20:15:00,2025-05-28 21:17:00,2025-05-28 20:15:00,2025-05-28 21:17:00,0 days 01:02:00,62.0,Wednesday,0,0,0,0,Spring,Evening,Late,1,20
2025-05-28 20:20:00,آتا,TBZ5670,یزد,پرواز كرد,"28, 29",2025-05-28 20:33:00,EPTAJ,MD83,فرودگاه مهرآباد,Domestic Departure,2025-05-28 20:20:00,2025-05-28 20:33:00,2025-05-28 20:20:00,2025-05-28 20:33:00,0 days 00:13:00,13.0,Wednesday,0,0,0,0,Spring,Evening,On Time,1,20
2025-05-28 20:25:00,پارس ایر,PRS4404,شیراز,پرواز كرد,"18, 19",2025-05-28 20:36:00,EPPAO,737-700,فرودگاه مهرآباد,Domestic Departure,2025-05-28 20:25:00,2025-05-28 20:36:00,2025-05-28 20:25:00,2025-05-28 20:36:00,0 days 00:11:00,11.0,Wednesday,0,0,0,0,Spring,Evening,On Time,1,20
2025-05-28 20:30:00,آتا,TBZ5690,آبادان,پرواز كرد,"12, 13",2025-05-28 22:56:00,EPTAH,737,فرودگاه مهرآباد,Domestic Departure,2025-05-28 20:30:00,2025-05-28 22:56:00,2025-05-28 20:30:00,2025-05-28 22:56:00,0 days 02:26:00,146.0,Wednesday,0,0,0,0,Spring,Evening,Late,1,20
2025-05-28 20:30:00,ماهان,IRM1037,مشهد,پرواز كرد,"20, 21, 22",2025-05-28 20:50:00,EPMEE,747,فرودگاه مهرآباد,Domestic Departure,2025-05-28 20:30:00,2025-05-28 20:50:00,2025-05-28 20:30:00,2025-05-28 20:50:00,0 days 00:20:00,20.0,Wednesday,0,0,0,0,Spring,Evening,Late,1,20
2025-05-28 20:35:00,ساها,IRZ172,بوشهر,پرواز كرد,"6, 7",2025-05-28 20:53:00,EPSII,737-700,فرودگاه مهرآباد,Domestic Departure,2025-05-28 20:35:00,2025-05-28 20:53:00,2025-05-28 20:35:00,2025-05-28 20:53:00,0 days 00:18:00,18.0,Wednesday,0,0,0,0,Spring,Evening,Late,1,20
2025-05-28 20:40:00,ماهان,IRM1079,کرمان,پرواز كرد,23,2025-05-28 21:02:00,EPMEB,RJ100,فرودگاه مهرآباد,Domestic Departure,2025-05-28 20:40:00,2025-05-28 21:02:00,2025-05-28 20:40:00,2025-05-28 21:02:00,0 days 00:22:00,22.0,Wednesday,0,0,0,0,Spring,Evening,Late,1,20
2025-05-28 20:45:00,ایران ایر,IRA3331,رشت,پرواز كرد,1,2025-05-28 22:06:00,EPITM,F100,فرودگاه مهرآباد,Domestic Departure,2025-05-28 20:45:00,2025-05-28 22:06:00,2025-05-28 20:45:00,2025-05-28 22:06:00,0 days 01:21:00,81.0,Wednesday,0,0,0,0,Spring,Evening,Late,1,20
2025-05-28 21:00:00,وارش,VRH5872,بوشهر,پرواز كرد,3,2025-05-28 22:50:00,EPVAF,B737,فرودگاه مهرآباد,Domestic Departure,2025-05-28 21:00:00,2025-05-28 22:50:00,2025-05-28 21:00:00,2025-05-28 22:50:00,0 days 01:50:00,110.0,Wednesday,0,0,0,0,Spring,Night,Late,1,21
2025-05-28 21:05:00,یزد ایر,DZD9439,اصفهان,پرواز كرد,"10, 11",2025-05-28 21:21:00,EPDZH,146-200,فرودگاه مهرآباد,Domestic Departure,2025-05-28 21:05:00,2025-05-28 21:21:00,2025-05-28 21:05:00,2025-05-28 21:21:00,0 days 00:16:00,16.0,Wednesday,0,0,0,0,Spring,Night,Late,1,21
2025-05-28 21:20:00,کاسپین,CPN6900,بوشهر,پرواز كرد,"12, 13",2025-05-28 22:39:00,EPCPU',MD83,فرودگاه مهرآباد,Domestic Departure,2025-05-28 21:20:00,2025-05-28 22:39:00,2025-05-28 21:20:00,2025-05-28 22:39:00,0 days 01:19:00,79.0,Wednesday,0,0,0,0,Spring,Night,Late,1,21
2025-05-28 21:35:00,کارون,KRU2610,دزفول,پرواز كرد,"18, 19",2025-05-28 21:59:00,EPJIB,737,فرودگاه مهرآباد,Domestic Departure,2025-05-28 21:35:00,2025-05-28 21:59:00,2025-05-28 21:35:00,2025-05-28 21:59:00,0 days 00:24:00,24.0,Wednesday,0,0,0,0,Spring,Night,Late,1,21
2025-05-28 22:00:00,آتا,TBZ5606,تبریز,پرواز كرد,"24, 25",2025-05-28 23:12:00,EPTAN,MD83,فرودگاه مهرآباد,Domestic Departure,2025-05-28 22:00:00,2025-05-28 23:12:00,2025-05-28 22:00:00,2025-05-28 23:12:00,0 days 01:12:00,72.0,Wednesday,0,0,0,0,Spring,Night,Late,1,22
2025-05-28 22:25:00,معراج,MRJ2804,مشهد,پرواز كرد,"16, 17",2025-05-28 22:53:00,EPSSP,A320,فرودگاه مهرآباد,Domestic Departure,2025-05-28 22:25:00,2025-05-28 22:53:00,2025-05-28 22:25:00,2025-05-28 22:53:00,0 days 00:28:00,28.0,Wednesday,0,0,0,0,Spring,Night,Late,1,22
2025-05-28 22:25:00,رایمون,RAI7510,رشت,پرواز كرد,"3, 4",2025-05-28 22:27:00,EPNEA,EMB145,فرودگاه مهرآباد,Domestic Departure,2025-05-28 22:25:00,2025-05-28 22:27:00,2025-05-28 22:25:00,2025-05-28 22:27:00,0 days 00:02:00,2.0,Wednesday,0,0,0,0,Spring,Night,On Time,1,22
2025-05-28 22:30:00,یزد ایر,DZD9443,یزد,پرواز كرد,"10, 11",2025-05-28 22:44:00,EPMOC,146-200,فرودگاه مهرآباد,Domestic Departure,2025-05-28 22:30:00,2025-05-28 22:44:00,2025-05-28 22:30:00,2025-05-28 22:44:00,0 days 00:14:00,14.0,Wednesday,0,0,0,0,Spring,Night,On Time,1,22
2025-05-31 02:55:00,ایران ایر,IRA236,شیراز/بندرلنگه,پرواز كرد,"3, 4",2025-05-31 03:13:00,EPCFR,F100,فرودگاه مهرآباد,Domestic Departure,2025-05-31 02:55:00,2025-05-31 03:13:00,2025-05-31 02:55:00,2025-05-31 03:13:00,0 days 00:18:00,18.0,Saturday,0,0,0,0,Spring,Night,Late,1,2
2025-05-28 04:30:00,ساها,IRZ158,شیراز,پرواز كرد,"8, 9",2025-05-28 05:01:00,EPSII,737-700,فرودگاه مهرآباد,Domestic Departure,2025-05-28 04:30:00,2025-05-28 05:01:00,2025-05-28 04:30:00,2025-05-28 05:01:00,0 days 00:31:00,31.0,Wednesday,0,0,0,0,Spring,Night,Late,1,4
2025-05-28 04:45:00,فلای پرشیا,FPI7438,مشهد,پرواز كرد,,2025-05-28 06:16:00,EPFPA,B737,فرودگاه مهرآباد,Domestic Departure,2025-05-28 04:45:00,2025-05-28 06:16:00,2025-05-28 04:45:00,2025-05-28 06:16:00,0 days 01:31:00,91.0,Wednesday,0,0,0,0,Spring,Night,Late,1,4
2025-05-28 04:55:00,آتا,TBZ5693,اهواز,پرواز كرد,"12, 13",2025-05-28 05:41:00,EPTAR,MD83,فرودگاه مهرآباد,Domestic Departure,2025-05-28 04:55:00,2025-05-28 05:41:00,2025-05-28 04:55:00,2025-05-28 05:41:00,0 days 00:46:00,46.0,Wednesday,0,0,0,0,Spring,Night,Late,1,4
2025-05-28 05:00:00,ماهان,IRM4597,زاهدان,پرواز كرد,,2025-05-28 05:06:00,EPMMV,BAE146,فرودگاه مهرآباد,Domestic Departure,2025-05-28 05:00:00,2025-05-28 05:06:00,2025-05-28 05:00:00,2025-05-28 05:06:00,0 days 00:06:00,6.0,Wednesday,0,0,0,0,Spring,Morning,On Time,1,5
2025-05-28 05:05:00,چابهار,IRU7652,اهواز,پرواز كرد,5,2025-05-28 05:31:00,EPSEB,MD83,فرودگاه مهرآباد,Domestic Departure,2025-05-28 05:05:00,2025-05-28 05:31:00,2025-05-28 05:05:00,2025-05-28 05:31:00,0 days 00:26:00,26.0,Wednesday,0,0,0,0,Spring,Morning,Late,1,5
2025-05-28 05:05:00,آسمان,IRC3914,بوشهر,پرواز كرد,28,2025-05-28 05:19:00,EPASR,F100,فرودگاه مهرآباد,Domestic Departure,2025-05-28 05:05:00,2025-05-28 05:19:00,2025-05-28 05:05:00,2025-05-28 05:19:00,0 days 00:14:00,14.0,Wednesday,0,0,0,0,Spring,Morning,On Time,1,5
2025-05-28 05:10:00,چابهار,IRU7660,مشهد,پرواز كرد,7,2025-05-28 05:21:00,EPCBI,MD83,فرودگاه مهرآباد,Domestic Departure,2025-05-28 05:10:00,2025-05-28 05:21:00,2025-05-28 05:10:00,2025-05-28 05:21:00,0 days 00:11:00,11.0,Wednesday,0,0,0,0,Spring,Morning,On Time,1,5
2025-05-28 05:15:00,کیش ایر,KIS7093,عسلویه,پرواز كرد,9,2025-05-28 06:58:00,EPLCL,MD83,فرودگاه مهرآباد,Domestic Departure,2025-05-28 05:15:00,2025-05-28 06:58:00,2025-05-28 05:15:00,2025-05-28 06:58:00,0 days 01:43:00,103.0,Wednesday,0,0,0,0,Spring,Morning,Late,1,5
2025-05-28 05:20:00,وارش,VRH5918,عسلویه,پرواز كرد,4,2025-05-28 07:16:00,EPVAA,737-700,فرودگاه مهرآباد,Domestic Departure,2025-05-28 05:20:00,2025-05-28 07:16:00,2025-05-28 05:20:00,2025-05-28 07:16:00,0 days 01:56:00,116.0,Wednesday,0,0,0,0,Spring,Morning,Late,1,5
2025-05-28 05:20:00,ساها,IRZ162,مشهد,پرواز كرد,"10, 11",2025-05-28 05:44:00,EPSIJ,737-700,فرودگاه مهرآباد,Domestic Departure,2025-05-28 05:20:00,2025-05-28 05:44:00,2025-05-28 05:20:00,2025-05-28 05:44:00,0 days 00:24:00,24.0,Wednesday,0,0,0,0,Spring,Morning,Late,1,5
2025-05-28 05:25:00,پارس ایر,PRS5400,مشهد,پرواز كرد,"20, 21",2025-05-28 06:00:00,EPPAM,B737,فرودگاه مهرآباد,Domestic Departure,2025-05-28 05:25:00,2025-05-28 06:00:00,2025-05-28 05:25:00,2025-05-28 06:00:00,0 days 00:35:00,35.0,Wednesday,0,0,0,0,Spring,Morning,Late,1,5
2025-05-28 05:25:00,پويا,PYA2314,یزد,پرواز كرد,14,2025-05-28 05:36:00,EPPUO,EMB145,فرودگاه مهرآباد,Domestic Departure,2025-05-28 05:25:00,2025-05-28 05:36:00,2025-05-28 05:25:00,2025-05-28 05:36:00,0 days 00:11:00,11.0,Wednesday,0,0,0,0,Spring,Morning,On Time,1,5
2025-05-28 05:35:00,ایران ایرتور,IRB984,شیراز,پرواز كرد,"5, 6",2025-05-28 05:54:00,EPMDC,MD83,فرودگاه مهرآباد,Domestic Departure,2025-05-28 05:35:00,2025-05-28 05:54:00,2025-05-28 05:35:00,2025-05-28 05:54:00,0 days 00:19:00,19.0,Wednesday,0,0,0,0,Spring,Morning,Late,1,5
2025-05-28 05:35:00,کارون,KRU2590,ماهشهر,پرواز كرد,15,2025-05-28 05:46:00,EPJIB,737,فرودگاه مهرآباد,Domestic Departure,2025-05-28 05:35:00,2025-05-28 05:46:00,2025-05-28 05:35:00,2025-05-28 05:46:00,0 days 00:11:00,11.0,Wednesday,0,0,0,0,Spring,Morning,On Time,1,5
2025-05-28 05:40:00,آساجت,SJT8604,عسلویه,پرواز كرد,22,2025-05-28 06:11:00,EPRHO,EMB145,فرودگاه مهرآباد,Domestic Departure,2025-05-28 05:40:00,2025-05-28 06:11:00,2025-05-28 05:40:00,2025-05-28 06:11:00,0 days 00:31:00,31.0,Wednesday,0,0,0,0,Spring,Morning,Late,1,5
2025-05-28 05:40:00,کیش ایر,KIS7085,یزد,پرواز كرد,12,2025-05-28 05:57:00,EPLCK,MD82,فرودگاه مهرآباد,Domestic Departure,2025-05-28 05:40:00,2025-05-28 05:57:00,2025-05-28 05:40:00,2025-05-28 05:57:00,0 days 00:17:00,17.0,Wednesday,0,0,0,0,Spring,Morning,Late,1,5
2025-05-28 05:45:00,پارس ایر,PRS4480,مشهد,پرواز كرد,"18, 19",2025-05-28 06:56:00,EPPAO,B737,فرودگاه مهرآباد,Domestic Departure,2025-05-28 05:45:00,2025-05-28 06:56:00,2025-05-28 05:45:00,2025-05-28 06:56:00,0 days 01:11:00,71.0,Wednesday,0,0,0,0,Spring,Morning,Late,1,5
2025-05-28 05:45:00,کارون,KRU2676,کرمان,پرواز كرد,14,2025-05-28 07:18:00,EPJIA,737,فرودگاه مهرآباد,Domestic Departure,2025-05-28 05:45:00,2025-05-28 07:18:00,2025-05-28 05:45:00,2025-05-28 07:18:00,0 days 01:33:00,93.0,Wednesday,0,0,0,0,Spring,Morning,Late,1,5
2025-05-28 05:50:00,اطلس ایر,ATS8295,بندرعباس,پرواز كرد,"18, 19",2025-05-28 06:26:00,EPLEE,737-700,فرودگاه مهرآباد,Domestic Departure,2025-05-28 05:50:00,2025-05-28 06:26:00,2025-05-28 05:50:00,2025-05-28 06:26:00,0 days 00:36:00,36.0,Wednesday,0,0,0,0,Spring,Morning,Late,1,5
2025-05-28 05:50:00,چابهار,IRU7626,شیراز,پرواز كرد,3,2025-05-28 06:21:00,EPCBD,MD83,فرودگاه مهرآباد,Domestic Departure,2025-05-28 05:50:00,2025-05-28 06:21:00,2025-05-28 05:50:00,2025-05-28 06:21:00,0 days 00:31:00,31.0,Wednesday,0,0,0,0,Spring,Morning,Late,1,5
2025-05-28 05:55:00,قشم ایر,QSM1238,خارگ,پرواز كرد,17,2025-05-28 06:19:00,EPFQV,rj100,فرودگاه مهرآباد,Domestic Departure,2025-05-28 05:55:00,2025-05-28 06:19:00,2025-05-28 05:55:00,2025-05-28 06:19:00,0 days 00:24:00,24.0,Wednesday,0,0,0,0,Spring,Morning,Late,1,5
2025-05-28 06:00:00,کارون,KRU2586,سیری,پرواز كرد,16,2025-05-28 08:13:00,EPAWZ,F100,فرودگاه مهرآباد,Domestic Departure,2025-05-28 06:00:00,2025-05-28 08:13:00,2025-05-28 06:00:00,2025-05-28 08:13:00,0 days 02:13:00,133.0,Wednesday,0,0,0,0,Spring,Morning,Late,1,6
2025-05-28 06:05:00,کیش ایر,KIS7193,عسلویه,پرواز كرد,11,2025-05-28 06:39:00,EPLCM,MD83,فرودگاه مهرآباد,Domestic Departure,2025-05-28 06:05:00,2025-05-28 06:39:00,2025-05-28 06:05:00,2025-05-28 06:39:00,0 days 00:34:00,34.0,Wednesday,0,0,0,0,Spring,Morning,Late,1,6
2025-05-28 06:05:00,ماهان,IRM1085,زابل,پرواز كرد,25,2025-05-28 06:27:00,EPMEA,146-200,فرودگاه مهرآباد,Domestic Departure,2025-05-28 06:05:00,2025-05-28 06:27:00,2025-05-28 06:05:00,2025-05-28 06:27:00,0 days 00:22:00,22.0,Wednesday,0,0,0,0,Spring,Morning,Late,1,6
2025-05-28 06:10:00,قشم ایر,QSM1293,سنندج,پرواز كرد,21,2025-05-28 06:52:00,EPFQI,F100,فرودگاه مهرآباد,Domestic Departure,2025-05-28 06:10:00,2025-05-28 06:52:00,2025-05-28 06:10:00,2025-05-28 06:52:00,0 days 00:42:00,42.0,Wednesday,0,0,0,0,Spring,Morning,Late,1,6
2025-05-28 06:10:00,یزد ایر,DZD9419,یزد,پرواز كرد,"6, 7",2025-05-28 06:30:00,EPDZH,146-200,فرودگاه مهرآباد,Domestic Departure,2025-05-28 06:10:00,2025-05-28 06:30:00,2025-05-28 06:10:00,2025-05-28 06:30:00,0 days 00:20:00,20.0,Wednesday,0,0,0,0,Spring,Morning,Late,1,6
2025-05-28 06:15:00,ماهان,IRM1083,جاسک,پرواز كرد,24,2025-05-28 06:46:00,EPMOH,146-200,فرودگاه مهرآباد,Domestic Departure,2025-05-28 06:15:00,2025-05-28 06:46:00,2025-05-28 06:15:00,2025-05-28 06:46:00,0 days 00:31:00,31.0,Wednesday,0,0,0,0,Spring,Morning,Late,1,6
2025-05-28 06:15:00,ایران ایرتور,IRB962,مشهد,پرواز كرد,"7, 8",2025-05-28 06:41:00,EPMDF,MD83,فرودگاه مهرآباد,Domestic Departure,2025-05-28 06:15:00,2025-05-28 06:41:00,2025-05-28 06:15:00,2025-05-28 06:41:00,0 days 00:26:00,26.0,Wednesday,0,0,0,0,Spring,Morning,Late,1,6
2025-05-31 04:30:00,ساها,IRZ158,شیراز,پرواز كرد,"10, 11",2025-05-31 04:39:00,EPSIJ,737-700,فرودگاه مهرآباد,Domestic Departure,2025-05-31 04:30:00,2025-05-31 04:39:00,2025-05-31 04:30:00,2025-05-31 04:39:00,0 days 00:09:00,9.0,Saturday,0,0,0,0,Spring,Night,On Time,1,4
2025-05-31 04:35:00,زاگرس,IZG4022,اهواز,پرواز كرد,3,2025-05-31 04:51:00,EPZAG,MD83,فرودگاه مهرآباد,Domestic Departure,2025-05-31 04:35:00,2025-05-31 04:51:00,2025-05-31 04:35:00,2025-05-31 04:51:00,0 days 00:16:00,16.0,Saturday,0,0,0,0,Spring,Night,Late,1,4
2025-05-31 04:50:00,چابهار,IRU7660,مشهد,پرواز كرد,5,2025-05-31 05:07:00,EPCBI,MD83,فرودگاه مهرآباد,Domestic Departure,2025-05-31 04:50:00,2025-05-31 05:07:00,2025-05-31 04:50:00,2025-05-31 05:07:00,0 days 00:17:00,17.0,Saturday,0,0,0,0,Spring,Night,Late,1,4
2025-05-31 04:55:00,وارش,VRH5818,مشهد,پرواز كرد,7,2025-05-31 06:25:00,EPVAA,B737,فرودگاه مهرآباد,Domestic Departure,2025-05-31 04:55:00,2025-05-31 06:25:00,2025-05-31 04:55:00,2025-05-31 06:25:00,0 days 01:30:00,90.0,Saturday,0,0,0,0,Spring,Night,Late,1,4
2025-05-31 04:55:00,پارس ایر,PRS4492,آغاجاری,پرواز كرد,20,2025-05-31 04:59:00,EPPRA,CRJ200,فرودگاه مهرآباد,Domestic Departure,2025-05-31 04:55:00,2025-05-31 04:59:00,2025-05-31 04:55:00,2025-05-31 04:59:00,0 days 00:04:00,4.0,Saturday,0,0,0,0,Spring,Night,On Time,1,4
2025-05-31 05:00:00,کاسپین,CPN048,شیراز,پرواز كرد,"6, 7",2025-05-31 05:09:00,EPCPD,MD83,فرودگاه مهرآباد,Domestic Departure,2025-05-31 05:00:00,2025-05-31 05:09:00,2025-05-31 05:00:00,2025-05-31 05:09:00,0 days 00:09:00,9.0,Saturday,0,0,0,0,Spring,Morning,On Time,1,5
2025-05-25 19:30:00,ماهان,IRM4541,زاهدان,پرواز كرد,24,2025-05-25 19:45:00,EPMOH,rj100,فرودگاه مهرآباد,Domestic Departure,2025-05-25 19:30:00,2025-05-25 19:45:00,2025-05-25 19:30:00,2025-05-25 19:45:00,0 days 00:15:00,15.0,Sunday,0,0,0,0,Spring,Evening,On Time,1,19
2025-05-25 19:35:00,ایران ایرتور,IRB980,ارومیه,پرواز كرد,"9, 10",2025-05-25 19:55:00,EPMDD,MD83,فرودگاه مهرآباد,Domestic Departure,2025-05-25 19:35:00,2025-05-25 19:55:00,2025-05-25 19:35:00,2025-05-25 19:55:00,0 days 00:20:00,20.0,Sunday,0,0,0,0,Spring,Evening,Late,1,19
2025-05-25 19:50:00,ساها,IRZ156,شیراز,پرواز كرد,"10, 11",2025-05-25 20:01:00,EPSII,737-700,فرودگاه مهرآباد,Domestic Departure,2025-05-25 19:50:00,2025-05-25 20:01:00,2025-05-25 19:50:00,2025-05-25 20:01:00,0 days 00:11:00,11.0,Sunday,0,0,0,0,Spring,Evening,On Time,1,19
2025-05-25 21:00:00,آتا,TBZ5690,آبادان,پرواز كرد,"12, 13",2025-05-25 21:34:00,EPTAH,737,فرودگاه مهرآباد,Domestic Departure,2025-05-25 21:00:00,2025-05-25 21:34:00,2025-05-25 21:00:00,2025-05-25 21:34:00,0 days 00:34:00,34.0,Sunday,0,0,0,0,Spring,Night,Late,1,21
2025-05-31 05:05:00,ایران ایرتور,IRB930,بیرجند,پرواز كرد,"9, 10",2025-05-31 05:19:00,EPMDE,MD83,فرودگاه مهرآباد,Domestic Departure,2025-05-31 05:05:00,2025-05-31 05:19:00,2025-05-31 05:05:00,2025-05-31 05:19:00,0 days 00:14:00,14.0,Saturday,0,0,0,0,Spring,Morning,On Time,1,5
2025-05-31 05:10:00,چابهار,IRU7646,شیراز,پرواز كرد,4,2025-05-31 05:21:00,EPSEB,MD83,فرودگاه مهرآباد,Domestic Departure,2025-05-31 05:10:00,2025-05-31 05:21:00,2025-05-31 05:10:00,2025-05-31 05:21:00,0 days 00:11:00,11.0,Saturday,0,0,0,0,Spring,Morning,On Time,1,5
2025-05-31 05:10:00,کیش ایر,KIS7169,مشهد,پرواز كرد,"9, 10",2025-05-31 05:16:00,EPLCO,MD83,فرودگاه مهرآباد,Domestic Departure,2025-05-31 05:10:00,2025-05-31 05:16:00,2025-05-31 05:10:00,2025-05-31 05:16:00,0 days 00:06:00,6.0,Saturday,0,0,0,0,Spring,Morning,On Time,1,5
2025-05-31 05:20:00,اطلس ایر,ATS8278,مشهد,پرواز كرد,15,2025-05-31 05:23:00,EPSAP,MD83,فرودگاه مهرآباد,Domestic Departure,2025-05-31 05:20:00,2025-05-31 05:23:00,2025-05-31 05:20:00,2025-05-31 05:23:00,0 days 00:03:00,3.0,Saturday,0,0,0,0,Spring,Morning,On Time,1,5
2025-05-31 05:20:00,آسمان,IRC840,ایلام,پرواز كرد,"26, 27",2025-05-31 05:36:00,EPATE,F100,فرودگاه مهرآباد,Domestic Departure,2025-05-31 05:20:00,2025-05-31 05:36:00,2025-05-31 05:20:00,2025-05-31 05:36:00,0 days 00:16:00,16.0,Saturday,0,0,0,0,Spring,Morning,Late,1,5
2025-05-31 05:25:00,فلای پرشیا,FPI7405,شیراز,پرواز كرد,"18, 19",2025-05-31 06:06:00,EPFPA,737-700,فرودگاه مهرآباد,Domestic Departure,2025-05-31 05:25:00,2025-05-31 06:06:00,2025-05-31 05:25:00,2025-05-31 06:06:00,0 days 00:41:00,41.0,Saturday,0,0,0,0,Spring,Morning,Late,1,5
2025-05-31 05:25:00,کارون,KRU2508,ماهشهر,پرواز كرد,14,2025-05-31 06:01:00,EPJIA,737-700,فرودگاه مهرآباد,Domestic Departure,2025-05-31 05:25:00,2025-05-31 06:01:00,2025-05-31 05:25:00,2025-05-31 06:01:00,0 days 00:36:00,36.0,Saturday,0,0,0,0,Spring,Morning,Late,1,5
2025-05-31 05:30:00,وارش,VRH5852,اهواز,پرواز كرد,6,2025-05-31 05:40:00,EPVAR,B737,فرودگاه مهرآباد,Domestic Departure,2025-05-31 05:30:00,2025-05-31 05:40:00,2025-05-31 05:30:00,2025-05-31 05:40:00,0 days 00:10:00,10.0,Saturday,0,0,0,0,Spring,Morning,On Time,1,5
2025-05-31 05:30:00,پويا,PYA2340,شیراز,پرواز كرد,14,2025-05-31 05:50:00,EPPUN,EMB145,فرودگاه مهرآباد,Domestic Departure,2025-05-31 05:30:00,2025-05-31 05:50:00,2025-05-31 05:30:00,2025-05-31 05:50:00,0 days 00:20:00,20.0,Saturday,0,0,0,0,Spring,Morning,Late,1,5
2025-05-31 05:35:00,کیش ایر,KIS7093,عسلویه,پرواز كرد,"11, 12",2025-05-31 05:54:00,EPLCK,MD83,فرودگاه مهرآباد,Domestic Departure,2025-05-31 05:35:00,2025-05-31 05:54:00,2025-05-31 05:35:00,2025-05-31 05:54:00,0 days 00:19:00,19.0,Saturday,0,0,0,0,Spring,Morning,Late,1,5
2025-05-31 05:35:00,آتا,TBZ5643,سیرجان,پرواز كرد,"12, 13",2025-05-31 05:57:00,EPTAE,B737,فرودگاه مهرآباد,Domestic Departure,2025-05-31 05:35:00,2025-05-31 05:57:00,2025-05-31 05:35:00,2025-05-31 05:57:00,0 days 00:22:00,22.0,Saturday,0,0,0,0,Spring,Morning,Late,1,5
2025-05-31 05:40:00,پارس ایر,PRS4480,مشهد,پرواز كرد,"21, 22",2025-05-31 06:07:00,EPPAM,737,فرودگاه مهرآباد,Domestic Departure,2025-05-31 05:40:00,2025-05-31 06:07:00,2025-05-31 05:40:00,2025-05-31 06:07:00,0 days 00:27:00,27.0,Saturday,0,0,0,0,Spring,Morning,Late,1,5
2025-05-31 05:40:00,ایران ایر,IRA407,بوشهر,پرواز كرد,"3, 4",2025-05-31 06:03:00,EPIEP,A319,فرودگاه مهرآباد,Domestic Departure,2025-05-31 05:40:00,2025-05-31 06:03:00,2025-05-31 05:40:00,2025-05-31 06:03:00,0 days 00:23:00,23.0,Saturday,0,0,0,0,Spring,Morning,Late,1,5
2025-05-31 05:45:00,ماهان,IRM1010,کرمانشاه,پرواز كرد,25,2025-05-31 06:22:00,EPMEI,146-200,فرودگاه مهرآباد,Domestic Departure,2025-05-31 05:45:00,2025-05-31 06:22:00,2025-05-31 05:45:00,2025-05-31 06:22:00,0 days 00:37:00,37.0,Saturday,0,0,0,0,Spring,Morning,Late,1,5
2025-05-31 05:50:00,معراج,MRJ2816,عسلویه,پرواز كرد,"21, 22",2025-05-31 06:09:00,EPSSN,A321,فرودگاه مهرآباد,Domestic Departure,2025-05-31 05:50:00,2025-05-31 06:09:00,2025-05-31 05:50:00,2025-05-31 06:09:00,0 days 00:19:00,19.0,Saturday,0,0,0,0,Spring,Morning,Late,1,5
2025-05-31 05:50:00,ماهان,IRM4527,ایرانشهر,پرواز كرد,24,2025-05-31 06:15:00,EPMEA,rj100,فرودگاه مهرآباد,Domestic Departure,2025-05-31 05:50:00,2025-05-31 06:15:00,2025-05-31 05:50:00,2025-05-31 06:15:00,0 days 00:25:00,25.0,Saturday,0,0,0,0,Spring,Morning,Late,1,5
2025-05-31 05:55:00,چابهار,IRU7624,آبادان,پرواز كرد,3,2025-05-31 06:10:00,EPCBD,MD83,فرودگاه مهرآباد,Domestic Departure,2025-05-31 05:55:00,2025-05-31 06:10:00,2025-05-31 05:55:00,2025-05-31 06:10:00,0 days 00:15:00,15.0,Saturday,0,0,0,0,Spring,Morning,On Time,1,5
2025-05-31 06:00:00,اطلس ایر,ATS8291,یزد,پرواز كرد,"18, 19",2025-05-31 06:12:00,EPTHI,RJ85,فرودگاه مهرآباد,Domestic Departure,2025-05-31 06:00:00,2025-05-31 06:12:00,2025-05-31 06:00:00,2025-05-31 06:12:00,0 days 00:12:00,12.0,Saturday,0,0,0,0,Spring,Morning,On Time,1,6
2025-05-31 06:00:00,آتا,TBZ5677,ارومیه,پرواز كرد,"26, 27",2025-05-31 06:28:00,EPTAJ,MD82,فرودگاه مهرآباد,Domestic Departure,2025-05-31 06:00:00,2025-05-31 06:28:00,2025-05-31 06:00:00,2025-05-31 06:28:00,0 days 00:28:00,28.0,Saturday,0,0,0,0,Spring,Morning,Late,1,6
2025-05-31 06:05:00,ایران ایرتور,IRB912,بندرعباس,پرواز كرد,"9, 10",2025-05-31 06:36:00,EPMDF,MD83,فرودگاه مهرآباد,Domestic Departure,2025-05-31 06:05:00,2025-05-31 06:36:00,2025-05-31 06:05:00,2025-05-31 06:36:00,0 days 00:31:00,31.0,Saturday,0,0,0,0,Spring,Morning,Late,1,6
2025-05-31 06:05:00,کارون,KRU2584,عسلویه,پرواز كرد,17,2025-05-31 06:39:00,EPNFC,737,فرودگاه مهرآباد,Domestic Departure,2025-05-31 06:05:00,2025-05-31 06:39:00,2025-05-31 06:05:00,2025-05-31 06:39:00,0 days 00:34:00,34.0,Saturday,0,0,0,0,Spring,Morning,Late,1,6
2025-05-28 06:20:00,آتا,TBZ5610,تبریز,پرواز كرد,11,2025-05-28 06:49:00,EPTAZ,MD83,فرودگاه مهرآباد,Domestic Departure,2025-05-28 06:20:00,2025-05-28 06:49:00,2025-05-28 06:20:00,2025-05-28 06:49:00,0 days 00:29:00,29.0,Wednesday,0,0,0,0,Spring,Morning,Late,1,6
2025-05-31 06:10:00,آتا,TBZ5617,مشهد,پرواز كرد,"28, 29",2025-05-31 06:53:00,EPTAH,B737,فرودگاه مهرآباد,Domestic Departure,2025-05-31 06:10:00,2025-05-31 06:53:00,2025-05-31 06:10:00,2025-05-31 06:53:00,0 days 00:43:00,43.0,Saturday,0,0,0,0,Spring,Morning,Late,1,6
2025-05-31 06:10:00,یزد ایر,DZD9419,یزد,پرواز كرد,"12, 13",2025-05-31 06:35:00,EPMEU,RJ85,فرودگاه مهرآباد,Domestic Departure,2025-05-31 06:10:00,2025-05-31 06:35:00,2025-05-31 06:10:00,2025-05-31 06:35:00,0 days 00:25:00,25.0,Saturday,0,0,0,0,Spring,Morning,Late,1,6
2025-05-31 06:15:00,آتا,TBZ5610,تبریز,پرواز كرد,11,2025-05-31 06:44:00,EPTAZ,MD.88,فرودگاه مهرآباد,Domestic Departure,2025-05-31 06:15:00,2025-05-31 06:44:00,2025-05-31 06:15:00,2025-05-31 06:44:00,0 days 00:29:00,29.0,Saturday,0,0,0,0,Spring,Morning,Late,1,6
2025-05-31 06:20:00,کیش ایر,KIS7055,كيش,پرواز كرد,"9, 10",2025-05-31 06:31:00,EPLCL,MD83,فرودگاه مهرآباد,Domestic Departure,2025-05-31 06:20:00,2025-05-31 06:31:00,2025-05-31 06:20:00,2025-05-31 06:31:00,0 days 00:11:00,11.0,Saturday,0,0,0,0,Spring,Morning,On Time,1,6
2025-05-31 06:25:00,اروان,INA6750,مشهد,پرواز كرد,5,2025-05-31 06:42:00,EPNSR,B737,فرودگاه مهرآباد,Domestic Departure,2025-05-31 06:25:00,2025-05-31 06:42:00,2025-05-31 06:25:00,2025-05-31 06:42:00,0 days 00:17:00,17.0,Saturday,0,0,0,0,Spring,Morning,Late,1,6
2025-05-31 06:25:00,ماهان,IRM1085,زابل,پرواز كرد,23,2025-05-31 06:50:00,EPMOH,RJ85,فرودگاه مهرآباد,Domestic Departure,2025-05-31 06:25:00,2025-05-31 06:50:00,2025-05-31 06:25:00,2025-05-31 06:50:00,0 days 00:25:00,25.0,Saturday,0,0,0,0,Spring,Morning,Late,1,6
2025-05-31 06:30:00,زاگرس,IZG4060,بوشهر,پرواز كرد,7,2025-05-31 06:55:00,EPZAQ,MD83,فرودگاه مهرآباد,Domestic Departure,2025-05-31 06:30:00,2025-05-31 06:55:00,2025-05-31 06:30:00,2025-05-31 06:55:00,0 days 00:25:00,25.0,Saturday,0,0,0,0,Spring,Morning,Late,1,6
2025-05-31 06:35:00,ماهان,IRM1033,مشهد,پرواز كرد,26,2025-05-31 06:59:00,EPMOC,BAE146,فرودگاه مهرآباد,Domestic Departure,2025-05-31 06:35:00,2025-05-31 06:59:00,2025-05-31 06:35:00,2025-05-31 06:59:00,0 days 00:24:00,24.0,Saturday,0,0,0,0,Spring,Morning,Late,1,6
2025-05-31 06:35:00,کاسپین,CPN6982,لارستان,پرواز كرد,"6, 7",2025-05-31 06:34:00,EPCAS,MD83,فرودگاه مهرآباد,Domestic Departure,2025-05-31 06:35:00,2025-05-31 06:34:00,2025-05-31 06:35:00,2025-05-31 06:34:00,-1 days +23:59:00,-1.0,Saturday,0,0,0,0,Spring,Morning,Early,1,6
2025-05-28 06:25:00,آسمان,IRC840,ایلام,پرواز كرد,28,2025-05-28 07:01:00,EPATE,F100,فرودگاه مهرآباد,Domestic Departure,2025-05-28 06:25:00,2025-05-28 07:01:00,2025-05-28 06:25:00,2025-05-28 07:01:00,0 days 00:36:00,36.0,Wednesday,0,0,0,0,Spring,Morning,Late,1,6
2025-05-28 06:30:00,ایران ایر,IRA236,شیراز/بندرلنگه,پرواز كرد,3,2025-05-28 07:08:00,EPCFM,F100,فرودگاه مهرآباد,Domestic Departure,2025-05-28 06:30:00,2025-05-28 07:08:00,2025-05-28 06:30:00,2025-05-28 07:08:00,0 days 00:38:00,38.0,Wednesday,0,0,0,0,Spring,Morning,Late,1,6
2025-05-28 06:30:00,ایران ایرتور,IRB912,بندرعباس,پرواز كرد,"9, 10",2025-05-28 07:05:00,EPMDD,MD83,فرودگاه مهرآباد,Domestic Departure,2025-05-28 06:30:00,2025-05-28 07:05:00,2025-05-28 06:30:00,2025-05-28 07:05:00,0 days 00:35:00,35.0,Wednesday,0,0,0,0,Spring,Morning,Late,1,6
2025-05-31 06:40:00,قشم ایر,QSM1212,دزفول,پرواز كرد,16,2025-05-31 07:06:00,EPFQV,rj100,فرودگاه مهرآباد,Domestic Departure,2025-05-31 06:40:00,2025-05-31 07:06:00,2025-05-31 06:40:00,2025-05-31 07:06:00,0 days 00:26:00,26.0,Saturday,0,0,0,0,Spring,Morning,Late,1,6
2025-05-28 06:35:00,اروان,INA6750,مشهد,پرواز كرد,5,2025-05-28 07:41:00,EPNSR,737-700,فرودگاه مهرآباد,Domestic Departure,2025-05-28 06:35:00,2025-05-28 07:41:00,2025-05-28 06:35:00,2025-05-28 07:41:00,0 days 01:06:00,66.0,Wednesday,0,0,0,0,Spring,Morning,Late,1,6
2025-05-31 06:40:00,ماهان,IRM4520,گچساران,پرواز كرد,21,2025-05-31 07:11:00,EPMOS,RJ85,فرودگاه مهرآباد,Domestic Departure,2025-05-31 06:40:00,2025-05-31 07:11:00,2025-05-31 06:40:00,2025-05-31 07:11:00,0 days 00:31:00,31.0,Saturday,0,0,0,0,Spring,Morning,Late,1,6
2025-05-31 06:45:00,وارش,VRH5918,عسلویه,پرواز كرد,4,2025-05-31 07:03:00,EPVAK,737-700,فرودگاه مهرآباد,Domestic Departure,2025-05-31 06:45:00,2025-05-31 07:03:00,2025-05-31 06:45:00,2025-05-31 07:03:00,0 days 00:18:00,18.0,Saturday,0,0,0,0,Spring,Morning,Late,1,6
2025-05-28 06:40:00,قشم ایر,QSM1280,اصفهان,پرواز كرد,22,2025-05-28 07:34:00,EPFQF,F100,فرودگاه مهرآباد,Domestic Departure,2025-05-28 06:40:00,2025-05-28 07:34:00,2025-05-28 06:40:00,2025-05-28 07:34:00,0 days 00:54:00,54.0,Wednesday,0,0,0,0,Spring,Morning,Late,1,6
2025-05-31 06:55:00,آتا,TBZ5662,کرمان,پرواز كرد,"12, 13",2025-05-31 07:26:00,EPTAL,MD83,فرودگاه مهرآباد,Domestic Departure,2025-05-31 06:55:00,2025-05-31 07:26:00,2025-05-31 06:55:00,2025-05-31 07:26:00,0 days 00:31:00,31.0,Saturday,0,0,0,0,Spring,Morning,Late,1,6
2025-05-31 06:55:00,کارون,KRU2576,سیری,پرواز كرد,"14, 15",2025-05-31 07:31:00,EPAWZ,F100,فرودگاه مهرآباد,Domestic Departure,2025-05-31 06:55:00,2025-05-31 07:31:00,2025-05-31 06:55:00,2025-05-31 07:31:00,0 days 00:36:00,36.0,Saturday,0,0,0,0,Spring,Morning,Late,1,6
2025-05-31 07:00:00,قدر ایر,SEP2702,شیراز,پرواز كرد,"14, 15",2025-05-31 07:15:00,152282,IL76,فرودگاه مهرآباد,Domestic Departure,2025-05-31 07:00:00,2025-05-31 07:15:00,2025-05-31 07:00:00,2025-05-31 07:15:00,0 days 00:15:00,15.0,Saturday,0,0,0,0,Spring,Morning,On Time,1,7
2025-05-31 07:00:00,اطلس ایر,ATS8295,بندرعباس,پرواز كرد,"21, 22",2025-05-31 07:08:00,EPLEE,737,فرودگاه مهرآباد,Domestic Departure,2025-05-31 07:00:00,2025-05-31 07:08:00,2025-05-31 07:00:00,2025-05-31 07:08:00,0 days 00:08:00,8.0,Saturday,0,0,0,0,Spring,Morning,On Time,1,7
2025-05-31 07:00:00,ساها,IRZ166,آبادان,پرواز كرد,"10, 11",2025-05-31 07:14:00,EPSII,737-700,فرودگاه مهرآباد,Domestic Departure,2025-05-31 07:00:00,2025-05-31 07:14:00,2025-05-31 07:00:00,2025-05-31 07:14:00,0 days 00:14:00,14.0,Saturday,0,0,0,0,Spring,Morning,On Time,1,7
2025-05-31 07:05:00,قشم ایر,QSM1277,ارومیه,پرواز كرد,18,2025-05-31 07:20:00,EPFQF,F100,فرودگاه مهرآباد,Domestic Departure,2025-05-31 07:05:00,2025-05-31 07:20:00,2025-05-31 07:05:00,2025-05-31 07:20:00,0 days 00:15:00,15.0,Saturday,0,0,0,0,Spring,Morning,On Time,1,7
2025-05-31 07:10:00,کاسپین,CPN044,كيش,پرواز كرد,"8, 9",2025-05-31 07:39:00,EPKPC,737,فرودگاه مهرآباد,Domestic Departure,2025-05-31 07:10:00,2025-05-31 07:39:00,2025-05-31 07:10:00,2025-05-31 07:39:00,0 days 00:29:00,29.0,Saturday,0,0,0,0,Spring,Morning,Late,1,7
2025-05-31 07:15:00,کیش ایر,KIS7117,چابهار,پرواز كرد,"11, 12",2025-05-31 07:35:00,EPLCM,MD83,فرودگاه مهرآباد,Domestic Departure,2025-05-31 07:15:00,2025-05-31 07:35:00,2025-05-31 07:15:00,2025-05-31 07:35:00,0 days 00:20:00,20.0,Saturday,0,0,0,0,Spring,Morning,Late,1,7
2025-05-31 07:15:00,کارون,KRU2504,خارگ,پرواز كرد,19,2025-05-31 07:47:00,EPMIS,F100,فرودگاه مهرآباد,Domestic Departure,2025-05-31 07:15:00,2025-05-31 07:47:00,2025-05-31 07:15:00,2025-05-31 07:47:00,0 days 00:32:00,32.0,Saturday,0,0,0,0,Spring,Morning,Late,1,7
2025-05-31 07:20:00,آساجت,SJT8634,رشت,پرواز كرد,17,2025-05-31 07:43:00,EPJEK,EMB145,فرودگاه مهرآباد,Domestic Departure,2025-05-31 07:20:00,2025-05-31 07:43:00,2025-05-31 07:20:00,2025-05-31 07:43:00,0 days 00:23:00,23.0,Saturday,0,0,0,0,Spring,Morning,Late,1,7
2025-05-31 08:00:00,ماهان,IRM4536,اردبیل,پرواز كرد,19,2025-05-31 08:20:00,EPMOI,rj100,فرودگاه مهرآباد,Domestic Departure,2025-05-31 08:00:00,2025-05-31 08:20:00,2025-05-31 08:00:00,2025-05-31 08:20:00,0 days 00:20:00,20.0,Saturday,0,0,0,0,Spring,Morning,Late,1,8
2025-05-31 08:05:00,آتا,TBZ5602,تبریز,پرواز كرد,11,2025-05-31 08:17:00,EPTAU,md88,فرودگاه مهرآباد,Domestic Departure,2025-05-31 08:05:00,2025-05-31 08:17:00,2025-05-31 08:05:00,2025-05-31 08:17:00,0 days 00:12:00,12.0,Saturday,0,0,0,0,Spring,Morning,On Time,1,8
2025-05-31 08:20:00,آتا,TBZ5625,اهواز,پرواز كرد,"12, 13",2025-05-31 09:14:00,EPTAM,MD83,فرودگاه مهرآباد,Domestic Departure,2025-05-31 08:20:00,2025-05-31 09:14:00,2025-05-31 08:20:00,2025-05-31 09:14:00,0 days 00:54:00,54.0,Saturday,0,0,0,0,Spring,Morning,Late,1,8
2025-05-31 08:20:00,قشم ایر,QSM1224,كيش,پرواز كرد,"16, 17",2025-05-31 08:35:00,EPFQI,F100,فرودگاه مهرآباد,Domestic Departure,2025-05-31 08:20:00,2025-05-31 08:35:00,2025-05-31 08:20:00,2025-05-31 08:35:00,0 days 00:15:00,15.0,Saturday,0,0,0,0,Spring,Morning,On Time,1,8
2025-05-31 08:25:00,پويا,PYA2330,تبریز,پرواز كرد,14,2025-05-31 08:33:00,EPPUR,EMB145,فرودگاه مهرآباد,Domestic Departure,2025-05-31 08:25:00,2025-05-31 08:33:00,2025-05-31 08:25:00,2025-05-31 08:33:00,0 days 00:08:00,8.0,Saturday,0,0,0,0,Spring,Morning,On Time,1,8
2025-05-31 08:30:00,زاگرس,IZG4030,كيش,پرواز كرد,6,2025-05-31 09:04:00,EPZAG,MD82,فرودگاه مهرآباد,Domestic Departure,2025-05-31 08:30:00,2025-05-31 09:04:00,2025-05-31 08:30:00,2025-05-31 09:04:00,0 days 00:34:00,34.0,Saturday,0,0,0,0,Spring,Morning,Late,1,8
2025-05-31 08:35:00,وارش,VRH5876,مشهد,پرواز كرد,3,2025-05-31 08:38:00,EPVAF,B737,فرودگاه مهرآباد,Domestic Departure,2025-05-31 08:35:00,2025-05-31 08:38:00,2025-05-31 08:35:00,2025-05-31 08:38:00,0 days 00:03:00,3.0,Saturday,0,0,0,0,Spring,Morning,On Time,1,8
2025-05-31 08:45:00,وارش,VRH5856,مشهد,پرواز كرد,5,2025-05-31 08:42:00,EPVBM,B737,فرودگاه مهرآباد,Domestic Departure,2025-05-31 08:45:00,2025-05-31 08:42:00,2025-05-31 08:45:00,2025-05-31 08:42:00,-1 days +23:57:00,-3.0,Saturday,0,0,0,0,Spring,Morning,Early,1,8
2025-05-31 09:00:00,کاسپین,CPN6914,عسلویه,پرواز كرد,"6, 7",2025-05-31 09:42:00,EPKPB,737,فرودگاه مهرآباد,Domestic Departure,2025-05-31 09:00:00,2025-05-31 09:42:00,2025-05-31 09:00:00,2025-05-31 09:42:00,0 days 00:42:00,42.0,Saturday,0,0,0,0,Spring,Morning,Late,1,9
2025-05-28 06:45:00,کاسپین,CPN014,عسلویه,پرواز كرد,"10, 11",2025-05-28 07:11:00,EPCAS,MD83,فرودگاه مهرآباد,Domestic Departure,2025-05-28 06:45:00,2025-05-28 07:11:00,2025-05-28 06:45:00,2025-05-28 07:11:00,0 days 00:26:00,26.0,Wednesday,0,0,0,0,Spring,Morning,Late,1,6
2025-05-31 09:05:00,آوا,AXV7714,بندرعباس,پرواز كرد,"18, 19",2025-05-31 11:32:00,EPSAP,MD83,فرودگاه مهرآباد,Domestic Departure,2025-05-31 09:05:00,2025-05-31 11:32:00,2025-05-31 09:05:00,2025-05-31 11:32:00,0 days 02:27:00,147.0,Saturday,0,0,0,0,Spring,Morning,Late,1,9
2025-05-31 09:10:00,ساها,IRZ170,مشهد,پرواز كرد,"10, 11",2025-05-31 09:39:00,EPSIJ,737-700,فرودگاه مهرآباد,Domestic Departure,2025-05-31 09:10:00,2025-05-31 09:39:00,2025-05-31 09:10:00,2025-05-31 09:39:00,0 days 00:29:00,29.0,Saturday,0,0,0,0,Spring,Morning,Late,1,9
2025-05-31 09:15:00,ایران ایر,IRA5395,همدان,پرواز كرد,,2025-05-31 09:23:00,EPITM,ATR-72-500,فرودگاه مهرآباد,Domestic Departure,2025-05-31 09:15:00,2025-05-31 09:23:00,2025-05-31 09:15:00,2025-05-31 09:23:00,0 days 00:08:00,8.0,Saturday,0,0,0,0,Spring,Morning,On Time,1,9
2025-05-31 09:30:00,ماهان,IRM1051,کرمان,پرواز كرد,"23, 24, 25",2025-05-31 09:45:00,EPMEE,747,فرودگاه مهرآباد,Domestic Departure,2025-05-31 09:30:00,2025-05-31 09:45:00,2025-05-31 09:30:00,2025-05-31 09:45:00,0 days 00:15:00,15.0,Saturday,0,0,0,0,Spring,Morning,On Time,1,9
2025-05-31 09:30:00,آسمان,IRC630,گرگان,پرواز كرد,"28, 29",2025-05-31 09:50:00,EPATE,F100,فرودگاه مهرآباد,Domestic Departure,2025-05-31 09:30:00,2025-05-31 09:50:00,2025-05-31 09:30:00,2025-05-31 09:50:00,0 days 00:20:00,20.0,Saturday,0,0,0,0,Spring,Morning,Late,1,9
2025-05-31 09:40:00,چابهار,IRU7640,مشهد,پرواز كرد,4,2025-05-31 10:00:00,EPSEB,MD83,فرودگاه مهرآباد,Domestic Departure,2025-05-31 09:40:00,2025-05-31 10:00:00,2025-05-31 09:40:00,2025-05-31 10:00:00,0 days 00:20:00,20.0,Saturday,0,0,0,0,Spring,Morning,Late,1,9
2025-05-31 10:00:00,وارش,VRH5840,مشهد,پرواز كرد,7,2025-05-31 10:19:00,EPVAR,B737,فرودگاه مهرآباد,Domestic Departure,2025-05-31 10:00:00,2025-05-31 10:19:00,2025-05-31 10:00:00,2025-05-31 10:19:00,0 days 00:19:00,19.0,Saturday,0,0,0,0,Spring,Morning,Late,1,10
2025-05-31 10:00:00,ایران ایرتور,IRB916,كيش,پرواز كرد,"7, 8",2025-05-31 11:29:00,EPMDE,MD83,فرودگاه مهرآباد,Domestic Departure,2025-05-31 10:00:00,2025-05-31 11:29:00,2025-05-31 10:00:00,2025-05-31 11:29:00,0 days 01:29:00,89.0,Saturday,0,0,0,0,Spring,Morning,Late,1,10
2025-05-31 10:05:00,آتا,TBZ5635,اهواز,پرواز كرد,"12, 13",2025-05-31 10:59:00,EPTAZ,MD.88,فرودگاه مهرآباد,Domestic Departure,2025-05-31 10:05:00,2025-05-31 10:59:00,2025-05-31 10:05:00,2025-05-31 10:59:00,0 days 00:54:00,54.0,Saturday,0,0,0,0,Spring,Morning,Late,1,10
2025-05-31 10:05:00,پويا,PYA2348,بندرعباس,پرواز كرد,15,2025-05-31 10:16:00,EPPUN,EMB145,فرودگاه مهرآباد,Domestic Departure,2025-05-31 10:05:00,2025-05-31 10:16:00,2025-05-31 10:05:00,2025-05-31 10:16:00,0 days 00:11:00,11.0,Saturday,0,0,0,0,Spring,Morning,On Time,1,10
2025-05-31 10:10:00,کارون,KRU2644,اهواز,پرواز كرد,"14, 15",2025-05-31 10:32:00,EPJIA,737,فرودگاه مهرآباد,Domestic Departure,2025-05-31 10:10:00,2025-05-31 10:32:00,2025-05-31 10:10:00,2025-05-31 10:32:00,0 days 00:22:00,22.0,Saturday,0,0,0,0,Spring,Morning,Late,1,10
2025-05-31 10:30:00,آساجت,SJT8606,کرمانشاه,پرواز كرد,22,2025-05-31 10:37:00,EPJEK,EMB145,فرودگاه مهرآباد,Domestic Departure,2025-05-31 10:30:00,2025-05-31 10:37:00,2025-05-31 10:30:00,2025-05-31 10:37:00,0 days 00:07:00,7.0,Saturday,0,0,0,0,Spring,Morning,On Time,1,10
2025-05-31 10:30:00,آتا,TBZ5611,شیراز,پرواز كرد,"26, 27",2025-05-31 10:56:00,EPTAJ,MD83,فرودگاه مهرآباد,Domestic Departure,2025-05-31 10:30:00,2025-05-31 10:56:00,2025-05-31 10:30:00,2025-05-31 10:56:00,0 days 00:26:00,26.0,Saturday,0,0,0,0,Spring,Morning,Late,1,10
2025-05-31 10:40:00,چابهار,IRU7610,مشهد,پرواز كرد,6,2025-05-31 10:50:00,EPCBD,MD83,فرودگاه مهرآباد,Domestic Departure,2025-05-31 10:40:00,2025-05-31 10:50:00,2025-05-31 10:40:00,2025-05-31 10:50:00,0 days 00:10:00,10.0,Saturday,0,0,0,0,Spring,Morning,On Time,1,10
2025-05-31 10:50:00,قشم ایر,QSM1273,تبریز,پرواز كرد,"16, 17",2025-05-31 11:09:00,EPFQV,rj100,فرودگاه مهرآباد,Domestic Departure,2025-05-31 10:50:00,2025-05-31 11:09:00,2025-05-31 10:50:00,2025-05-31 11:09:00,0 days 00:19:00,19.0,Saturday,0,0,0,0,Spring,Morning,Late,1,10
2025-05-31 11:00:00,ایران ایر,IRA262,مشهد,پرواز كرد,"5, 6",2025-05-31 11:08:00,EPIEQ,A319,فرودگاه مهرآباد,Domestic Departure,2025-05-31 11:00:00,2025-05-31 11:08:00,2025-05-31 11:00:00,2025-05-31 11:08:00,0 days 00:08:00,8.0,Saturday,0,0,0,0,Spring,Morning,On Time,1,11
2025-05-31 11:05:00,آتا,TBZ5659,كيش,پرواز كرد,"28, 29",2025-05-31 11:16:00,EPTAQ,MD83,فرودگاه مهرآباد,Domestic Departure,2025-05-31 11:05:00,2025-05-31 11:16:00,2025-05-31 11:05:00,2025-05-31 11:16:00,0 days 00:11:00,11.0,Saturday,0,0,0,0,Spring,Morning,On Time,1,11
2025-05-31 11:20:00,اطلس ایر,ATS8284,مشهد,پرواز كرد,"14, 15",2025-05-31 11:51:00,EPTHI,RJ85,فرودگاه مهرآباد,Domestic Departure,2025-05-31 11:20:00,2025-05-31 11:51:00,2025-05-31 11:20:00,2025-05-31 11:51:00,0 days 00:31:00,31.0,Saturday,0,0,0,0,Spring,Morning,Late,1,11
2025-05-31 11:30:00,کاسپین,CPN024,مشهد,پرواز كرد,"8, 9",2025-05-31 11:40:00,EPCAS,MD83,فرودگاه مهرآباد,Domestic Departure,2025-05-31 11:30:00,2025-05-31 11:40:00,2025-05-31 11:30:00,2025-05-31 11:40:00,0 days 00:10:00,10.0,Saturday,0,0,0,0,Spring,Morning,On Time,1,11
2025-05-31 11:40:00,زاگرس,IZG4040,مشهد,پرواز كرد,3,2025-05-31 12:14:00,EPZAQ,MD83,فرودگاه مهرآباد,Domestic Departure,2025-05-31 11:40:00,2025-05-31 12:14:00,2025-05-31 11:40:00,2025-05-31 12:14:00,0 days 00:34:00,34.0,Saturday,0,0,0,0,Spring,Morning,Late,1,11
2025-05-31 11:50:00,تابان,TBN6258,مشهد,پرواز كرد,"3, 4",2025-05-31 15:05:00,EPSMA,MD.88,فرودگاه مهرآباد,Domestic Departure,2025-05-31 11:50:00,2025-05-31 15:05:00,2025-05-31 11:50:00,2025-05-31 15:05:00,0 days 03:15:00,195.0,Saturday,0,0,0,0,Spring,Morning,Late,1,11
2025-05-31 11:55:00,ماهان,IRM4578,ماکو,پرواز كرد,22,2025-05-31 12:04:00,EPMEI,RJ85,فرودگاه مهرآباد,Domestic Departure,2025-05-31 11:55:00,2025-05-31 12:04:00,2025-05-31 11:55:00,2025-05-31 12:04:00,0 days 00:09:00,9.0,Saturday,0,0,0,0,Spring,Morning,On Time,1,11
2025-05-31 12:00:00,ایران ایرتور,IRB970,بوشهر,پرواز كرد,"7, 8",2025-05-31 12:12:00,EPMDF,MD83,فرودگاه مهرآباد,Domestic Departure,2025-05-31 12:00:00,2025-05-31 12:12:00,2025-05-31 12:00:00,2025-05-31 12:12:00,0 days 00:12:00,12.0,Saturday,0,0,0,0,Spring,Afternoon,On Time,1,12
2025-05-31 12:05:00,ایران ایر,IRA285,کرمانشاه,پرواز كرد,"5, 6",2025-05-31 12:16:00,EPCFR,F100,فرودگاه مهرآباد,Domestic Departure,2025-05-31 12:05:00,2025-05-31 12:16:00,2025-05-31 12:05:00,2025-05-31 12:16:00,0 days 00:11:00,11.0,Saturday,0,0,0,0,Spring,Afternoon,On Time,1,12
2025-05-31 12:15:00,آتا,TBZ5633,اردبیل,پرواز كرد,"12, 13",2025-05-31 13:20:00,EPTAR,MD83,فرودگاه مهرآباد,Domestic Departure,2025-05-31 12:15:00,2025-05-31 13:20:00,2025-05-31 12:15:00,2025-05-31 13:20:00,0 days 01:05:00,65.0,Saturday,0,0,0,0,Spring,Afternoon,Late,1,12
2025-05-31 12:20:00,آتا,TBZ5629,مشهد,پرواز كرد,"26, 27",2025-05-31 13:48:00,EPTAM,MD83,فرودگاه مهرآباد,Domestic Departure,2025-05-31 12:20:00,2025-05-31 13:48:00,2025-05-31 12:20:00,2025-05-31 13:48:00,0 days 01:28:00,88.0,Saturday,0,0,0,0,Spring,Afternoon,Late,1,12
2025-05-31 12:20:00,کاسپین,CPN6936,قشم,پرواز كرد,"6, 7",2025-05-31 12:37:00,EPKPC,737,فرودگاه مهرآباد,Domestic Departure,2025-05-31 12:20:00,2025-05-31 12:37:00,2025-05-31 12:20:00,2025-05-31 12:37:00,0 days 00:17:00,17.0,Saturday,0,0,0,0,Spring,Afternoon,Late,1,12
2025-05-31 13:30:00,ماهان,IRM4522,یاسوج,پرواز كرد,21,2025-05-31 13:52:00,EPMEI,RJ85,فرودگاه مهرآباد,Domestic Departure,2025-05-31 13:30:00,2025-05-31 13:52:00,2025-05-31 13:30:00,2025-05-31 13:52:00,0 days 00:22:00,22.0,Saturday,0,0,0,0,Spring,Afternoon,Late,1,13
2025-05-31 13:45:00,آساجت,SJT8630,گرگان,پرواز كرد,22,2025-05-31 13:56:00,EPJEK,EMB145,فرودگاه مهرآباد,Domestic Departure,2025-05-31 13:45:00,2025-05-31 13:56:00,2025-05-31 13:45:00,2025-05-31 13:56:00,0 days 00:11:00,11.0,Saturday,0,0,0,0,Spring,Afternoon,On Time,1,13
2025-05-31 13:50:00,ماهان,IRM1004,ارومیه,پرواز كرد,22,2025-05-31 14:02:00,EPMOS,RJ85,فرودگاه مهرآباد,Domestic Departure,2025-05-31 13:50:00,2025-05-31 14:02:00,2025-05-31 13:50:00,2025-05-31 14:02:00,0 days 00:12:00,12.0,Saturday,0,0,0,0,Spring,Afternoon,On Time,1,13
2025-05-31 13:50:00,آسمان,IRC600,مشهد,پرواز كرد,"26, 27",2025-05-31 13:57:00,EPATE,F100,فرودگاه مهرآباد,Domestic Departure,2025-05-31 13:50:00,2025-05-31 13:57:00,2025-05-31 13:50:00,2025-05-31 13:57:00,0 days 00:07:00,7.0,Saturday,0,0,0,0,Spring,Afternoon,On Time,1,13
2025-05-31 14:15:00,پارس ایر,PRS5416,چابهار,پرواز كرد,18,2025-05-31 14:37:00,EPPRA,CRJ200,فرودگاه مهرآباد,Domestic Departure,2025-05-31 14:15:00,2025-05-31 14:37:00,2025-05-31 14:15:00,2025-05-31 14:37:00,0 days 00:22:00,22.0,Saturday,0,0,0,0,Spring,Afternoon,Late,1,14
2025-05-31 14:15:00,ماهان,IRM1006,خرم‌آباد,پرواز كرد,19,2025-05-31 14:16:00,EPMEA,RJ85,فرودگاه مهرآباد,Domestic Departure,2025-05-31 14:15:00,2025-05-31 14:16:00,2025-05-31 14:15:00,2025-05-31 14:16:00,0 days 00:01:00,1.0,Saturday,0,0,0,0,Spring,Afternoon,On Time,1,14
2025-05-28 14:55:00,وارش,VRH5926,اراک,پرواز كرد,4,2025-05-28 15:20:00,EPVAK,B737,فرودگاه مهرآباد,Domestic Departure,2025-05-28 14:55:00,2025-05-28 15:20:00,2025-05-28 14:55:00,2025-05-28 15:20:00,0 days 00:25:00,25.0,Wednesday,0,0,0,0,Spring,Afternoon,Late,1,14
2025-05-31 14:25:00,آتا,TBZ5698,مشهد,پرواز كرد,"12, 13",2025-05-31 15:00:00,EPTAO,MD83,فرودگاه مهرآباد,Domestic Departure,2025-05-31 14:25:00,2025-05-31 15:00:00,2025-05-31 14:25:00,2025-05-31 15:00:00,0 days 00:35:00,35.0,Saturday,0,0,0,0,Spring,Afternoon,Late,1,14
2025-05-31 14:50:00,آوا,AXV7702,مشهد,پرواز كرد,"18, 19",2025-05-31 17:20:00,EPSAP,MD83,فرودگاه مهرآباد,Domestic Departure,2025-05-31 14:50:00,2025-05-31 17:20:00,2025-05-31 14:50:00,2025-05-31 17:20:00,0 days 02:30:00,150.0,Saturday,0,0,0,0,Spring,Afternoon,Late,1,14
2025-05-31 14:50:00,قشم ایر,QSM1240,قشم,پرواز كرد,"16, 17",2025-05-31 15:14:00,EPFQU,rj100,فرودگاه مهرآباد,Domestic Departure,2025-05-31 14:50:00,2025-05-31 15:14:00,2025-05-31 14:50:00,2025-05-31 15:14:00,0 days 00:24:00,24.0,Saturday,0,0,0,0,Spring,Afternoon,Late,1,14
2025-05-31 15:30:00,رایمون,RAI7512,اصفهان,پرواز كرد,"3, 4",2025-05-31 15:39:00,EPNEA,EMB145,فرودگاه مهرآباد,Domestic Departure,2025-05-31 15:30:00,2025-05-31 15:39:00,2025-05-31 15:30:00,2025-05-31 15:39:00,0 days 00:09:00,9.0,Saturday,0,0,0,0,Spring,Afternoon,On Time,1,15
2025-05-28 14:55:00,آسمان,IRC3771,شیراز,پرواز كرد,28,2025-05-28 15:57:00,EPATE,F100,فرودگاه مهرآباد,Domestic Departure,2025-05-28 14:55:00,2025-05-28 15:57:00,2025-05-28 14:55:00,2025-05-28 15:57:00,0 days 01:02:00,62.0,Wednesday,0,0,0,0,Spring,Afternoon,Late,1,14
2025-05-31 15:50:00,ایران ایرتور,IRB946,تبریز,پرواز كرد,"7, 8",2025-05-31 17:05:00,EPMDE,MD83,فرودگاه مهرآباد,Domestic Departure,2025-05-31 15:50:00,2025-05-31 17:05:00,2025-05-31 15:50:00,2025-05-31 17:05:00,0 days 01:15:00,75.0,Saturday,0,0,0,0,Spring,Afternoon,Late,1,15
2025-05-31 15:50:00,کاسپین,CPN014,عسلویه,پرواز كرد,"8, 9",2025-05-31 16:18:00,EPCPD,MD83,فرودگاه مهرآباد,Domestic Departure,2025-05-31 15:50:00,2025-05-31 16:18:00,2025-05-31 15:50:00,2025-05-31 16:18:00,0 days 00:28:00,28.0,Saturday,0,0,0,0,Spring,Afternoon,Late,1,15
2025-05-31 16:05:00,آتا,TBZ5613,مشهد,پرواز كرد,"24, 25",2025-05-31 17:40:00,ETAR,MD83,فرودگاه مهرآباد,Domestic Departure,2025-05-31 16:05:00,2025-05-31 17:40:00,2025-05-31 16:05:00,2025-05-31 17:40:00,0 days 01:35:00,95.0,Saturday,0,0,0,0,Spring,Afternoon,Late,1,16
2025-05-31 16:10:00,کاسپین,CPN6960,بندرعباس,پرواز كرد,"6, 7",2025-05-31 16:33:00,EPCAS,MD83,فرودگاه مهرآباد,Domestic Departure,2025-05-31 16:10:00,2025-05-31 16:33:00,2025-05-31 16:10:00,2025-05-31 16:33:00,0 days 00:23:00,23.0,Saturday,0,0,0,0,Spring,Afternoon,Late,1,16
2025-05-31 16:25:00,آتا,TBZ5719,مشهد,پرواز كرد,"26, 27",2025-05-31 17:18:00,EPTAQ,MD83,فرودگاه مهرآباد,Domestic Departure,2025-05-31 16:25:00,2025-05-31 17:18:00,2025-05-31 16:25:00,2025-05-31 17:18:00,0 days 00:53:00,53.0,Saturday,0,0,0,0,Spring,Afternoon,Late,1,16
2025-05-31 16:30:00,ماهان,IRM1067,کرمان,پرواز كرد,"23, 24, 25",2025-05-31 16:44:00,EPMEE,747,فرودگاه مهرآباد,Domestic Departure,2025-05-31 16:30:00,2025-05-31 16:44:00,2025-05-31 16:30:00,2025-05-31 16:44:00,0 days 00:14:00,14.0,Saturday,0,0,0,0,Spring,Afternoon,On Time,1,16
2025-05-31 16:35:00,ایران ایر,IRA277,ارومیه,پرواز كرد,"5, 6",2025-05-31 16:52:00,EPCFR,F100,فرودگاه مهرآباد,Domestic Departure,2025-05-31 16:35:00,2025-05-31 16:52:00,2025-05-31 16:35:00,2025-05-31 16:52:00,0 days 00:17:00,17.0,Saturday,0,0,0,0,Spring,Afternoon,Late,1,16
2025-05-31 16:40:00,آتا,TBZ5664,کرمان,پرواز كرد,"28, 29",2025-05-31 16:57:00,EPTAJ,MD83,فرودگاه مهرآباد,Domestic Departure,2025-05-31 16:40:00,2025-05-31 16:57:00,2025-05-31 16:40:00,2025-05-31 16:57:00,0 days 00:17:00,17.0,Saturday,0,0,0,0,Spring,Afternoon,Late,1,16
2025-05-31 16:50:00,کاسپین,CPN026,مشهد,پرواز كرد,"8, 9",2025-05-31 17:10:00,EPCAS,MD83,فرودگاه مهرآباد,Domestic Departure,2025-05-31 16:50:00,2025-05-31 17:10:00,2025-05-31 16:50:00,2025-05-31 17:10:00,0 days 00:20:00,20.0,Saturday,0,0,0,0,Spring,Afternoon,Late,1,16
2025-05-31 16:55:00,اطلس ایر,ATS8288,مشهد,پرواز كرد,"21, 22",2025-05-31 17:02:00,EPLEE,737,فرودگاه مهرآباد,Domestic Departure,2025-05-31 16:55:00,2025-05-31 17:02:00,2025-05-31 16:55:00,2025-05-31 17:02:00,0 days 00:07:00,7.0,Saturday,0,0,0,0,Spring,Afternoon,On Time,1,16
2025-05-28 15:10:00,قشم ایر,QSM1294,گرگان,پرواز كرد,"21, 22",2025-05-28 15:24:00,EPFQF,F100,فرودگاه مهرآباد,Domestic Departure,2025-05-28 15:10:00,2025-05-28 15:24:00,2025-05-28 15:10:00,2025-05-28 15:24:00,0 days 00:14:00,14.0,Wednesday,0,0,0,0,Spring,Afternoon,On Time,1,15
2025-05-31 17:00:00,چابهار,IRU7630,مشهد,پرواز كرد,7,2025-05-31 17:33:00,EPCBI,MD83,فرودگاه مهرآباد,Domestic Departure,2025-05-31 17:00:00,2025-05-31 17:33:00,2025-05-31 17:00:00,2025-05-31 17:33:00,0 days 00:33:00,33.0,Saturday,0,0,0,0,Spring,Evening,Late,1,17
2025-05-31 17:00:00,زاگرس,IZG4020,اهواز,پرواز كرد,5,2025-05-31 17:24:00,EPZAG,MD83,فرودگاه مهرآباد,Domestic Departure,2025-05-31 17:00:00,2025-05-31 17:24:00,2025-05-31 17:00:00,2025-05-31 17:24:00,0 days 00:24:00,24.0,Saturday,0,0,0,0,Spring,Evening,Late,1,17
2025-05-31 17:05:00,پارس ایر,PRS4494,آبادان,پرواز كرد,"18, 19",2025-05-31 17:38:00,EPPAM,737,فرودگاه مهرآباد,Domestic Departure,2025-05-31 17:05:00,2025-05-31 17:38:00,2025-05-31 17:05:00,2025-05-31 17:38:00,0 days 00:33:00,33.0,Saturday,0,0,0,0,Spring,Evening,Late,1,17
2025-05-28 15:20:00,کاسپین,CPN026,مشهد,پرواز كرد,"10, 11",2025-05-28 15:44:00,EPCAQ,737,فرودگاه مهرآباد,Domestic Departure,2025-05-28 15:20:00,2025-05-28 15:44:00,2025-05-28 15:20:00,2025-05-28 15:44:00,0 days 00:24:00,24.0,Wednesday,0,0,0,0,Spring,Afternoon,Late,1,15
2025-05-28 15:25:00,قشم ایر,QSM1273,تبریز,پرواز كرد,"16, 17",2025-05-28 15:48:00,EPFQI,F100,فرودگاه مهرآباد,Domestic Departure,2025-05-28 15:25:00,2025-05-28 15:48:00,2025-05-28 15:25:00,2025-05-28 15:48:00,0 days 00:23:00,23.0,Wednesday,0,0,0,0,Spring,Afternoon,Late,1,15
2025-05-31 17:05:00,آتا,TBZ5668,تبریز,پرواز كرد,11,2025-05-31 17:31:00,EPTAZ,md88,فرودگاه مهرآباد,Domestic Departure,2025-05-31 17:05:00,2025-05-31 17:31:00,2025-05-31 17:05:00,2025-05-31 17:31:00,0 days 00:26:00,26.0,Saturday,0,0,0,0,Spring,Evening,Late,1,17
2025-05-31 17:10:00,کارون,KRU2614,اهواز,پرواز كرد,"14, 15",2025-05-31 17:37:00,EPNFC,737,فرودگاه مهرآباد,Domestic Departure,2025-05-31 17:10:00,2025-05-31 17:37:00,2025-05-31 17:10:00,2025-05-31 17:37:00,0 days 00:27:00,27.0,Saturday,0,0,0,0,Spring,Evening,Late,1,17
2025-05-31 17:15:00,قشم ایر,QSM1270,زاهدان,پرواز كرد,"16, 17",2025-05-31 17:47:00,EPFQV,rj100,فرودگاه مهرآباد,Domestic Departure,2025-05-31 17:15:00,2025-05-31 17:47:00,2025-05-31 17:15:00,2025-05-31 17:47:00,0 days 00:32:00,32.0,Saturday,0,0,0,0,Spring,Evening,Late,1,17
2025-05-31 17:15:00,ایران ایر,IRA3331,رشت,پرواز كرد,3,2025-05-31 17:27:00,EPITM,ATR-42-320,فرودگاه مهرآباد,Domestic Departure,2025-05-31 17:15:00,2025-05-31 17:27:00,2025-05-31 17:15:00,2025-05-31 17:27:00,0 days 00:12:00,12.0,Saturday,0,0,0,0,Spring,Evening,On Time,1,17
2025-05-31 17:30:00,آتا,TBZ5623,شیراز,پرواز كرد,"12, 13",2025-05-31 18:35:00,EPTAH,737,فرودگاه مهرآباد,Domestic Departure,2025-05-31 17:30:00,2025-05-31 18:35:00,2025-05-31 17:30:00,2025-05-31 18:35:00,0 days 01:05:00,65.0,Saturday,0,0,0,0,Spring,Evening,Late,1,17
2025-05-31 17:50:00,ماهان,IRM1049,بیرجند,پرواز كرد,22,2025-05-31 18:10:00,EPMOI,rj100,فرودگاه مهرآباد,Domestic Departure,2025-05-31 17:50:00,2025-05-31 18:10:00,2025-05-31 17:50:00,2025-05-31 18:10:00,0 days 00:20:00,20.0,Saturday,0,0,0,0,Spring,Evening,Late,1,17
2025-05-31 17:55:00,چابهار,IRU7650,مشهد,پرواز كرد,4,2025-05-31 18:12:00,EPSEB,MD83,فرودگاه مهرآباد,Domestic Departure,2025-05-31 17:55:00,2025-05-31 18:12:00,2025-05-31 17:55:00,2025-05-31 18:12:00,0 days 00:17:00,17.0,Saturday,0,0,0,0,Spring,Evening,Late,1,17
2025-05-28 15:30:00,آتا,TBZ5664,کرمان,پرواز كرد,"24, 25",2025-05-28 18:04:00,EPTAR,MD83,فرودگاه مهرآباد,Domestic Departure,2025-05-28 15:30:00,2025-05-28 18:04:00,2025-05-28 15:30:00,2025-05-28 18:04:00,0 days 02:34:00,154.0,Wednesday,0,0,0,0,Spring,Afternoon,Late,1,15
2025-05-31 17:55:00,کارون,KRU2506,ماهشهر,پرواز كرد,"18, 19",2025-05-31 18:49:00,EPMIS,F100,فرودگاه مهرآباد,Domestic Departure,2025-05-31 17:55:00,2025-05-31 18:49:00,2025-05-31 17:55:00,2025-05-31 18:49:00,0 days 00:54:00,54.0,Saturday,0,0,0,0,Spring,Evening,Late,1,17
2025-05-31 18:00:00,اطلس ایر,ATS8286,مشهد,پرواز كرد,"21, 22",2025-05-31 22:23:00,EPSAP,MD83,فرودگاه مهرآباد,Domestic Departure,2025-05-31 18:00:00,2025-05-31 22:23:00,2025-05-31 18:00:00,2025-05-31 22:23:00,0 days 04:23:00,263.0,Saturday,0,0,0,0,Spring,Evening,Late,1,18
2025-05-28 15:35:00,کاسپین,CPN036,ارومیه,پرواز كرد,"12, 13",2025-05-28 15:52:00,EPKPC,MD83,فرودگاه مهرآباد,Domestic Departure,2025-05-28 15:35:00,2025-05-28 15:52:00,2025-05-28 15:35:00,2025-05-28 15:52:00,0 days 00:17:00,17.0,Wednesday,0,0,0,0,Spring,Afternoon,Late,1,15
2025-05-31 18:00:00,یزد ایر,DZD9441,یزد,پرواز كرد,"12, 13",2025-05-31 18:29:00,EPMEA,RJ85,فرودگاه مهرآباد,Domestic Departure,2025-05-31 18:00:00,2025-05-31 18:29:00,2025-05-31 18:00:00,2025-05-31 18:29:00,0 days 00:29:00,29.0,Saturday,0,0,0,0,Spring,Evening,Late,1,18
2025-05-31 18:05:00,طوس ایر,IRT8161,سراوان,پرواز كرد,,2025-05-31 18:09:00,EPTOF,ARGOSY,فرودگاه مهرآباد,Domestic Departure,2025-05-31 18:05:00,2025-05-31 18:09:00,2025-05-31 18:05:00,2025-05-31 18:09:00,0 days 00:04:00,4.0,Saturday,0,0,0,0,Spring,Evening,On Time,1,18
2025-05-31 18:10:00,ماهان,IRM1026,اردبیل,پرواز كرد,21,2025-05-31 18:16:00,EPMOH,rj100,فرودگاه مهرآباد,Domestic Departure,2025-05-31 18:10:00,2025-05-31 18:16:00,2025-05-31 18:10:00,2025-05-31 18:16:00,0 days 00:06:00,6.0,Saturday,0,0,0,0,Spring,Evening,On Time,1,18
2025-05-31 18:20:00,ماهان,IRM1055,کرمان,پرواز كرد,25,2025-05-31 18:27:00,EPMOS,RJ85,فرودگاه مهرآباد,Domestic Departure,2025-05-31 18:20:00,2025-05-31 18:27:00,2025-05-31 18:20:00,2025-05-31 18:27:00,0 days 00:07:00,7.0,Saturday,0,0,0,0,Spring,Evening,On Time,1,18
2025-05-31 18:25:00,کیش ایر,KIS7031,اهواز,پرواز كرد,"9, 10",2025-05-31 19:30:00,EPLCK,MD83,فرودگاه مهرآباد,Domestic Departure,2025-05-31 18:25:00,2025-05-31 19:30:00,2025-05-31 18:25:00,2025-05-31 19:30:00,0 days 01:05:00,65.0,Saturday,0,0,0,0,Spring,Evening,Late,1,18
2025-05-31 18:35:00,کارون,KRU2628,شیراز,پرواز كرد,"14, 15",2025-05-31 18:42:00,EPJIA,737,فرودگاه مهرآباد,Domestic Departure,2025-05-31 18:35:00,2025-05-31 18:42:00,2025-05-31 18:35:00,2025-05-31 18:42:00,0 days 00:07:00,7.0,Saturday,0,0,0,0,Spring,Evening,On Time,1,18
2025-05-31 18:40:00,آتا,TBZ5646,تبریز,پرواز كرد,11,2025-05-31 19:56:00,EPTAN,MD83,فرودگاه مهرآباد,Domestic Departure,2025-05-31 18:40:00,2025-05-31 19:56:00,2025-05-31 18:40:00,2025-05-31 19:56:00,0 days 01:16:00,76.0,Saturday,0,0,0,0,Spring,Evening,Late,1,18
2025-05-31 18:45:00,آسمان,IRC3908,اصفهان,پرواز كرد,"28, 29",2025-05-31 18:43:00,EPATE,F100,فرودگاه مهرآباد,Domestic Departure,2025-05-31 18:45:00,2025-05-31 18:43:00,2025-05-31 18:45:00,2025-05-31 18:43:00,-1 days +23:58:00,-2.0,Saturday,0,0,0,0,Spring,Evening,Early,1,18
2025-05-31 19:00:00,وارش,VRH5814,بندرعباس,پرواز كرد,6,2025-05-31 19:36:00,EPVAK,B737,فرودگاه مهرآباد,Domestic Departure,2025-05-31 19:00:00,2025-05-31 19:36:00,2025-05-31 19:00:00,2025-05-31 19:36:00,0 days 00:36:00,36.0,Saturday,0,0,0,0,Spring,Evening,Late,1,19
2025-05-31 19:10:00,فلای پرشیا,FPI7438,مشهد,پرواز كرد,"18, 19",2025-05-31 19:13:00,EPFPA,737-700,فرودگاه مهرآباد,Domestic Departure,2025-05-31 19:10:00,2025-05-31 19:13:00,2025-05-31 19:10:00,2025-05-31 19:13:00,0 days 00:03:00,3.0,Saturday,0,0,0,0,Spring,Evening,On Time,1,19
2025-05-31 19:15:00,تابان,TBN6326,مشهد,پرواز كرد,"3, 4",2025-05-31 20:01:00,EPSMA,MD.88,فرودگاه مهرآباد,Domestic Departure,2025-05-31 19:15:00,2025-05-31 20:01:00,2025-05-31 19:15:00,2025-05-31 20:01:00,0 days 00:46:00,46.0,Saturday,0,0,0,0,Spring,Evening,Late,1,19
2025-05-31 19:20:00,رایمون,RAI7510,رشت,پرواز كرد,"1, 2",2025-05-31 19:24:00,EPNEA,EMB145,فرودگاه مهرآباد,Domestic Departure,2025-05-31 19:20:00,2025-05-31 19:24:00,2025-05-31 19:20:00,2025-05-31 19:24:00,0 days 00:04:00,4.0,Saturday,0,0,0,0,Spring,Evening,On Time,1,19
2025-05-25 20:30:00,هواپیمایی پارس,PRS5401,تهران,پرواز كرد,"9, 10",2025-05-25 21:10:00,,B737,فرودگاه مشهد,Domestic Departure,2025-05-25 20:30:00,2025-05-25 21:10:00,2025-05-25 20:30:00,2025-05-25 21:10:00,0 days 00:40:00,40.0,Sunday,0,0,0,0,Spring,Evening,Late,1,20
2025-05-25 20:30:00,آتا,TBZ5675,اصفهان,پرواز كرد,"11, 12",2025-05-25 21:36:00,,MD80,فرودگاه مشهد,Domestic Departure,2025-05-25 20:30:00,2025-05-25 21:36:00,2025-05-25 20:30:00,2025-05-25 21:36:00,0 days 01:06:00,66.0,Sunday,0,0,0,0,Spring,Evening,Late,1,20
2025-05-25 20:30:00,زاگرس,IZG4140,اصفهان,پرواز كرد,21,2025-05-25 20:53:00,,MD82,فرودگاه مشهد,Domestic Departure,2025-05-25 20:30:00,2025-05-25 20:53:00,2025-05-25 20:30:00,2025-05-25 20:53:00,0 days 00:23:00,23.0,Sunday,0,0,0,0,Spring,Evening,Late,1,20
2025-05-25 20:30:00,ایران ایرتور,IRB976,آبادان,پرواز كرد,28,2025-05-25 20:58:00,,MD82,فرودگاه مشهد,Domestic Departure,2025-05-25 20:30:00,2025-05-25 20:58:00,2025-05-25 20:30:00,2025-05-25 20:58:00,0 days 00:28:00,28.0,Sunday,0,0,0,0,Spring,Evening,Late,1,20
2025-05-25 20:35:00,ماهان,IRM1076,کرمان,پرواز كرد,"3, 4",2025-05-25 20:47:00,,BAE100,فرودگاه مشهد,Domestic Departure,2025-05-25 20:35:00,2025-05-25 20:47:00,2025-05-25 20:35:00,2025-05-25 20:47:00,0 days 00:12:00,12.0,Sunday,0,0,0,0,Spring,Evening,On Time,1,20
2025-05-31 19:25:00,کیش ایر,KIS7057,كيش,پرواز كرد,"11, 12",2025-05-31 19:49:00,EPLCL,MD82,فرودگاه مهرآباد,Domestic Departure,2025-05-31 19:25:00,2025-05-31 19:49:00,2025-05-31 19:25:00,2025-05-31 19:49:00,0 days 00:24:00,24.0,Saturday,0,0,0,0,Spring,Evening,Late,1,19
2025-05-31 19:30:00,آتا,TBZ5679,ارومیه,پرواز كرد,"24, 25",2025-05-31 22:58:00,EPTAR,MD83,فرودگاه مهرآباد,Domestic Departure,2025-05-31 19:30:00,2025-05-31 22:58:00,2025-05-31 19:30:00,2025-05-31 22:58:00,0 days 03:28:00,208.0,Saturday,0,0,0,0,Spring,Evening,Late,1,19
2025-05-31 19:30:00,ایران ایرتور,IRB988,اهواز,پرواز كرد,"7, 8",2025-05-31 19:45:00,EPMDF,MD83,فرودگاه مهرآباد,Domestic Departure,2025-05-31 19:30:00,2025-05-31 19:45:00,2025-05-31 19:30:00,2025-05-31 19:45:00,0 days 00:15:00,15.0,Saturday,0,0,0,0,Spring,Evening,On Time,1,19
2025-05-31 19:40:00,کارون,KRU2618,اهواز,پرواز كرد,"16, 17",2025-05-31 20:25:00,EPAWZ,F100,فرودگاه مهرآباد,Domestic Departure,2025-05-31 19:40:00,2025-05-31 20:25:00,2025-05-31 19:40:00,2025-05-31 20:25:00,0 days 00:45:00,45.0,Saturday,0,0,0,0,Spring,Evening,Late,1,19
2025-05-31 19:50:00,آوا,AXV7730,مشهد,پرواز كرد,"18, 19",2025-05-31 20:04:00,EPRBC,B737,فرودگاه مهرآباد,Domestic Departure,2025-05-31 19:50:00,2025-05-31 20:04:00,2025-05-31 19:50:00,2025-05-31 20:04:00,0 days 00:14:00,14.0,Saturday,0,0,0,0,Spring,Evening,On Time,1,19
2025-05-31 19:50:00,ساها,IRZ156,شیراز,پرواز كرد,"10, 11",2025-05-31 19:59:00,EPSII,737-700,فرودگاه مهرآباد,Domestic Departure,2025-05-31 19:50:00,2025-05-31 19:59:00,2025-05-31 19:50:00,2025-05-31 19:59:00,0 days 00:09:00,9.0,Saturday,0,0,0,0,Spring,Evening,On Time,1,19
2025-05-31 20:00:00,زاگرس,IZG4010,شیراز,پرواز كرد,3,2025-05-31 20:23:00,EPZAQ,MD83,فرودگاه مهرآباد,Domestic Departure,2025-05-31 20:00:00,2025-05-31 20:23:00,2025-05-31 20:00:00,2025-05-31 20:23:00,0 days 00:23:00,23.0,Saturday,0,0,0,0,Spring,Evening,Late,1,20
2025-05-31 20:05:00,چابهار,IRU7614,چابهار,پرواز كرد,5,2025-05-31 20:19:00,EPCBD,MD82,فرودگاه مهرآباد,Domestic Departure,2025-05-31 20:05:00,2025-05-31 20:19:00,2025-05-31 20:05:00,2025-05-31 20:19:00,0 days 00:14:00,14.0,Saturday,0,0,0,0,Spring,Evening,On Time,1,20
2025-05-31 20:10:00,کیش ایر,KIS7081,كيش,پرواز كرد,"9, 10",2025-05-31 20:21:00,EPLCJ,MD82,فرودگاه مهرآباد,Domestic Departure,2025-05-31 20:10:00,2025-05-31 20:21:00,2025-05-31 20:10:00,2025-05-31 20:21:00,0 days 00:11:00,11.0,Saturday,0,0,0,0,Spring,Evening,On Time,1,20
2025-05-31 20:20:00,آتا,TBZ5619,مشهد,پرواز كرد,"26, 27",2025-05-31 21:53:00,EPTAZ,md88,فرودگاه مهرآباد,Domestic Departure,2025-05-31 20:20:00,2025-05-31 21:53:00,2025-05-31 20:20:00,2025-05-31 21:53:00,0 days 01:33:00,93.0,Saturday,0,0,0,0,Spring,Evening,Late,1,20
2025-05-31 20:45:00,ایران ایر,IRA458,بندرعباس,پرواز كرد,"5, 6",2025-05-31 20:57:00,EPCFR,F100,فرودگاه مهرآباد,Domestic Departure,2025-05-31 20:45:00,2025-05-31 20:57:00,2025-05-31 20:45:00,2025-05-31 20:57:00,0 days 00:12:00,12.0,Saturday,0,0,0,0,Spring,Evening,On Time,1,20
2025-05-31 20:50:00,قشم ایر,QSM1216,آبادان,پرواز كرد,"16, 17",2025-05-31 21:20:00,EPFQU,rj100,فرودگاه مهرآباد,Domestic Departure,2025-05-31 20:50:00,2025-05-31 21:20:00,2025-05-31 20:50:00,2025-05-31 21:20:00,0 days 00:30:00,30.0,Saturday,0,0,0,0,Spring,Evening,Late,1,20
2025-05-31 20:50:00,ماهان,IRM1079,کرمان,پرواز كرد,24,2025-05-31 21:03:00,EPMEI,RJ85,فرودگاه مهرآباد,Domestic Departure,2025-05-31 20:50:00,2025-05-31 21:03:00,2025-05-31 20:50:00,2025-05-31 21:03:00,0 days 00:13:00,13.0,Saturday,0,0,0,0,Spring,Evening,On Time,1,20
2025-05-31 20:55:00,وارش,VRH5902,مشهد,پرواز كرد,7,2025-05-31 21:30:00,EPVBM,B737,فرودگاه مهرآباد,Domestic Departure,2025-05-31 20:55:00,2025-05-31 21:30:00,2025-05-31 20:55:00,2025-05-31 21:30:00,0 days 00:35:00,35.0,Saturday,0,0,0,0,Spring,Evening,Late,1,20
2025-05-31 21:00:00,زاگرس,IZG4050,بندرعباس,پرواز كرد,4,2025-05-31 21:43:00,EPZAG,MD82,فرودگاه مهرآباد,Domestic Departure,2025-05-31 21:00:00,2025-05-31 21:43:00,2025-05-31 21:00:00,2025-05-31 21:43:00,0 days 00:43:00,43.0,Saturday,0,0,0,0,Spring,Night,Late,1,21
2025-05-31 21:05:00,یزد ایر,DZD9439,اصفهان,پرواز كرد,"10, 11",2025-05-31 21:12:00,EPMEU,RJ85,فرودگاه مهرآباد,Domestic Departure,2025-05-31 21:05:00,2025-05-31 21:12:00,2025-05-31 21:05:00,2025-05-31 21:12:00,0 days 00:07:00,7.0,Saturday,0,0,0,0,Spring,Night,On Time,1,21
2025-05-31 21:05:00,ایران ایر,IRA3320,ساری,پرواز كرد,3,2025-05-31 21:08:00,EPITM,ATR-42-400,فرودگاه مهرآباد,Domestic Departure,2025-05-31 21:05:00,2025-05-31 21:08:00,2025-05-31 21:05:00,2025-05-31 21:08:00,0 days 00:03:00,3.0,Saturday,0,0,0,0,Spring,Night,On Time,1,21
2025-05-31 21:10:00,کارون,KRU2608,یزد,پرواز كرد,"14, 15",2025-05-31 21:37:00,EPNFC,737-700,فرودگاه مهرآباد,Domestic Departure,2025-05-31 21:10:00,2025-05-31 21:37:00,2025-05-31 21:10:00,2025-05-31 21:37:00,0 days 00:27:00,27.0,Saturday,0,0,0,0,Spring,Night,Late,1,21
2025-05-31 21:10:00,کاسپین,CPN6900,بوشهر,پرواز كرد,"8, 9",2025-05-31 21:16:00,EPCPD,MD83,فرودگاه مهرآباد,Domestic Departure,2025-05-31 21:10:00,2025-05-31 21:16:00,2025-05-31 21:10:00,2025-05-31 21:16:00,0 days 00:06:00,6.0,Saturday,0,0,0,0,Spring,Night,On Time,1,21
2025-05-31 21:15:00,کیش ایر,KIS7105,آبادان,پرواز كرد,"11, 12",2025-05-31 21:32:00,EPLCO,MD83,فرودگاه مهرآباد,Domestic Departure,2025-05-31 21:15:00,2025-05-31 21:32:00,2025-05-31 21:15:00,2025-05-31 21:32:00,0 days 00:17:00,17.0,Saturday,0,0,0,0,Spring,Night,Late,1,21
2025-05-31 21:25:00,اطلس ایر,ATS8280,اهواز,پرواز كرد,"18, 19",2025-05-31 22:00:00,EPLEE,737,فرودگاه مهرآباد,Domestic Departure,2025-05-31 21:25:00,2025-05-31 22:00:00,2025-05-31 21:25:00,2025-05-31 22:00:00,0 days 00:35:00,35.0,Saturday,0,0,0,0,Spring,Night,Late,1,21
2025-05-31 21:30:00,آتا,TBZ5670,یزد,پرواز كرد,"24, 25",2025-05-31 21:39:00,EPTAJ,MD83,فرودگاه مهرآباد,Domestic Departure,2025-05-31 21:30:00,2025-05-31 21:39:00,2025-05-31 21:30:00,2025-05-31 21:39:00,0 days 00:09:00,9.0,Saturday,0,0,0,0,Spring,Night,On Time,1,21
2025-05-31 21:30:00,کیش ایر,KIS7025,كيش,پرواز كرد,"9, 10",2025-05-31 21:46:00,EPLCM,MD83,فرودگاه مهرآباد,Domestic Departure,2025-05-31 21:30:00,2025-05-31 21:46:00,2025-05-31 21:30:00,2025-05-31 21:46:00,0 days 00:16:00,16.0,Saturday,0,0,0,0,Spring,Night,Late,1,21
2025-05-31 22:00:00,ایران ایر,IRA260,مشهد,پرواز كرد,"5, 6",2025-05-31 22:13:00,EPIEP,A319,فرودگاه مهرآباد,Domestic Departure,2025-05-31 22:00:00,2025-05-31 22:13:00,2025-05-31 22:00:00,2025-05-31 22:13:00,0 days 00:13:00,13.0,Saturday,0,0,0,0,Spring,Night,On Time,1,22
2025-05-31 22:05:00,کارون,KRU2610,دزفول,پرواز كرد,"16, 17",2025-05-31 23:16:00,EPMIS,F100,فرودگاه مهرآباد,Domestic Departure,2025-05-31 22:05:00,2025-05-31 23:16:00,2025-05-31 22:05:00,2025-05-31 23:16:00,0 days 01:11:00,71.0,Saturday,0,0,0,0,Spring,Night,Late,1,22
2025-05-28 20:00:00,ایران ایرتور,IRB966,مشهد,پرواز كرد,"7, 8",2025-05-28 22:35:00,EPMDF,MD83,فرودگاه مهرآباد,Domestic Departure,2025-05-28 20:00:00,2025-05-28 22:35:00,2025-05-28 20:00:00,2025-05-28 22:35:00,0 days 02:35:00,155.0,Wednesday,0,0,0,0,Spring,Evening,Late,1,20
2025-05-31 22:10:00,آتا,TBZ5627,اهواز,پرواز كرد,"28, 29",2025-05-31 23:27:00,EPTAH,737,فرودگاه مهرآباد,Domestic Departure,2025-05-31 22:10:00,2025-05-31 23:27:00,2025-05-31 22:10:00,2025-05-31 23:27:00,0 days 01:17:00,77.0,Saturday,0,0,0,0,Spring,Night,Late,1,22
2025-05-31 22:30:00,چابهار,IRU7642,اهواز,پرواز كرد,6,2025-05-31 23:13:00,EPSEB,MD83,فرودگاه مهرآباد,Domestic Departure,2025-05-31 22:30:00,2025-05-31 23:13:00,2025-05-31 22:30:00,2025-05-31 23:13:00,0 days 00:43:00,43.0,Saturday,0,0,0,0,Spring,Night,Late,1,22
2025-05-31 22:30:00,یزد ایر,DZD9443,یزد,پرواز كرد,"12, 13",2025-05-31 22:33:00,EPMOH,rj100,فرودگاه مهرآباد,Domestic Departure,2025-05-31 22:30:00,2025-05-31 22:33:00,2025-05-31 22:30:00,2025-05-31 22:33:00,0 days 00:03:00,3.0,Saturday,0,0,0,0,Spring,Night,On Time,1,22
2025-05-31 22:35:00,کیش ایر,KIS7151,شیراز,پرواز كرد,"11, 12",2025-05-31 23:21:00,EPLCK,MD82,فرودگاه مهرآباد,Domestic Departure,2025-05-31 22:35:00,2025-05-31 23:21:00,2025-05-31 22:35:00,2025-05-31 23:21:00,0 days 00:46:00,46.0,Saturday,0,0,0,0,Spring,Night,Late,1,22
2025-05-31 22:35:00,ماهان,IRM1071,زاهدان,پرواز كرد,23,2025-05-31 22:50:00,EPMOC,146-200,فرودگاه مهرآباد,Domestic Departure,2025-05-31 22:35:00,2025-05-31 22:50:00,2025-05-31 22:35:00,2025-05-31 22:50:00,0 days 00:15:00,15.0,Saturday,0,0,0,0,Spring,Night,On Time,1,22
2025-05-31 23:25:00,کارون,KRU2620,اهواز,پرواز كرد,"14, 15",2025-05-31 23:39:00,EPJIA,737,فرودگاه مهرآباد,Domestic Departure,2025-05-31 23:25:00,2025-05-31 23:39:00,2025-05-31 23:25:00,2025-05-31 23:39:00,0 days 00:14:00,14.0,Saturday,0,0,0,0,Spring,Night,On Time,1,23
2025-06-04 01:00:00,کارون,KRU2674,اهواز,پرواز كرد,"16, 17",2025-06-04 02:05:00,EPJIA,737-700,فرودگاه مهرآباد,Domestic Departure,2025-06-04 01:00:00,2025-06-04 02:05:00,2025-06-04 01:00:00,2025-06-04 02:05:00,0 days 01:05:00,65.0,Wednesday,0,0,0,1,Spring,Night,Late,1,1
2025-06-04 03:30:00,کیش ایر,KIS7085,یزد,پرواز كرد,"9, 10",2025-06-04 03:41:00,EPLCL,MD82,فرودگاه مهرآباد,Domestic Departure,2025-06-04 03:30:00,2025-06-04 03:41:00,2025-06-04 03:30:00,2025-06-04 03:41:00,0 days 00:11:00,11.0,Wednesday,0,0,0,1,Spring,Night,On Time,1,3
2025-06-04 04:00:00,فلای پرشیا,FPI7438,مشهد,پرواز كرد,"18, 19",2025-06-04 04:07:00,EPFPC,737-700,فرودگاه مهرآباد,Domestic Departure,2025-06-04 04:00:00,2025-06-04 04:07:00,2025-06-04 04:00:00,2025-06-04 04:07:00,0 days 00:07:00,7.0,Wednesday,0,0,0,1,Spring,Night,On Time,1,4
2025-06-04 04:30:00,آتا,TBZ5610,تبریز,پرواز كرد,11,2025-06-04 04:38:00,EPTAZ,MD83,فرودگاه مهرآباد,Domestic Departure,2025-06-04 04:30:00,2025-06-04 04:38:00,2025-06-04 04:30:00,2025-06-04 04:38:00,0 days 00:08:00,8.0,Wednesday,0,0,0,1,Spring,Night,On Time,1,4
2025-06-04 04:30:00,ساها,IRZ158,شیراز,پرواز كرد,"10, 11",2025-06-04 04:41:00,EPSII,737-700,فرودگاه مهرآباد,Domestic Departure,2025-06-04 04:30:00,2025-06-04 04:41:00,2025-06-04 04:30:00,2025-06-04 04:41:00,0 days 00:11:00,11.0,Wednesday,0,0,0,1,Spring,Night,On Time,1,4
2025-06-04 04:35:00,آتا,TBZ5693,اهواز,پرواز كرد,"12, 13",2025-06-04 04:47:00,EPTAL,MD83,فرودگاه مهرآباد,Domestic Departure,2025-06-04 04:35:00,2025-06-04 04:47:00,2025-06-04 04:35:00,2025-06-04 04:47:00,0 days 00:12:00,12.0,Wednesday,0,0,0,1,Spring,Night,On Time,1,4
2025-06-04 04:45:00,پويا,PYA2314,یزد,پرواز كرد,14,2025-06-04 04:54:00,EPPUR,EMB145,فرودگاه مهرآباد,Domestic Departure,2025-06-04 04:45:00,2025-06-04 04:54:00,2025-06-04 04:45:00,2025-06-04 04:54:00,0 days 00:09:00,9.0,Wednesday,0,0,0,1,Spring,Night,On Time,1,4
2025-06-04 04:55:00,وارش,VRH5818,مشهد,پرواز كرد,3,2025-06-04 06:20:00,EPVBM,B737,فرودگاه مهرآباد,Domestic Departure,2025-06-04 04:55:00,2025-06-04 06:20:00,2025-06-04 04:55:00,2025-06-04 06:20:00,0 days 01:25:00,85.0,Wednesday,0,0,0,1,Spring,Night,Late,1,4
2025-06-04 05:00:00,قدر ایر,SEP2702,اهواز,پرواز كرد,"12, 13",2025-06-04 05:14:00,,AN74,فرودگاه مهرآباد,Domestic Departure,2025-06-04 05:00:00,2025-06-04 05:14:00,2025-06-04 05:00:00,2025-06-04 05:14:00,0 days 00:14:00,14.0,Wednesday,0,0,0,1,Spring,Morning,On Time,1,5
2025-06-04 05:00:00,معراج,MRJ2816,عسلویه,پرواز كرد,"18, 19",2025-06-04 06:03:00,EPSSN,A321,فرودگاه مهرآباد,Domestic Departure,2025-06-04 05:00:00,2025-06-04 06:03:00,2025-06-04 05:00:00,2025-06-04 06:03:00,0 days 01:03:00,63.0,Wednesday,0,0,0,1,Spring,Morning,Late,1,5
2025-06-04 05:10:00,چابهار,IRU7660,مشهد,پرواز كرد,5,2025-06-04 05:21:00,EPCBI,MD83,فرودگاه مهرآباد,Domestic Departure,2025-06-04 05:10:00,2025-06-04 05:21:00,2025-06-04 05:10:00,2025-06-04 05:21:00,0 days 00:11:00,11.0,Wednesday,0,0,0,1,Spring,Morning,On Time,1,5
2025-06-04 05:20:00,وارش,VRH5918,عسلویه,پرواز كرد,4,2025-06-04 06:30:00,EPVAK,737-700,فرودگاه مهرآباد,Domestic Departure,2025-06-04 05:20:00,2025-06-04 06:30:00,2025-06-04 05:20:00,2025-06-04 06:30:00,0 days 01:10:00,70.0,Wednesday,0,0,0,1,Spring,Morning,Late,1,5
2025-06-04 05:20:00,ساها,IRZ162,مشهد,پرواز كرد,"6, 7",2025-06-04 05:29:00,EPSIJ,737-700,فرودگاه مهرآباد,Domestic Departure,2025-06-04 05:20:00,2025-06-04 05:29:00,2025-06-04 05:20:00,2025-06-04 05:29:00,0 days 00:09:00,9.0,Wednesday,0,0,0,1,Spring,Morning,On Time,1,5
2025-06-04 05:25:00,پارس ایر,PRS4492,آغاجاری,پرواز كرد,21,2025-06-04 05:31:00,EPPRA,CRJ200,فرودگاه مهرآباد,Domestic Departure,2025-06-04 05:25:00,2025-06-04 05:31:00,2025-06-04 05:25:00,2025-06-04 05:31:00,0 days 00:06:00,6.0,Wednesday,0,0,0,1,Spring,Morning,On Time,1,5
2025-06-04 05:40:00,پارس ایر,PRS5400,مشهد,پرواز كرد,"18, 19",2025-06-04 06:05:00,EPPAM,B737,فرودگاه مهرآباد,Domestic Departure,2025-06-04 05:40:00,2025-06-04 06:05:00,2025-06-04 05:40:00,2025-06-04 06:05:00,0 days 00:25:00,25.0,Wednesday,0,0,0,1,Spring,Morning,Late,1,5
2025-06-04 05:45:00,پارس ایر,PRS4480,مشهد,پرواز كرد,"20, 21",2025-06-04 07:44:00,EPPAO,B737,فرودگاه مهرآباد,Domestic Departure,2025-06-04 05:45:00,2025-06-04 07:44:00,2025-06-04 05:45:00,2025-06-04 07:44:00,0 days 01:59:00,119.0,Wednesday,0,0,0,1,Spring,Morning,Late,1,5
2025-06-04 05:45:00,آساجت,SJT8604,عسلویه,پرواز كرد,22,2025-06-04 06:15:00,EPJEK,EMB145,فرودگاه مهرآباد,Domestic Departure,2025-06-04 05:45:00,2025-06-04 06:15:00,2025-06-04 05:45:00,2025-06-04 06:15:00,0 days 00:30:00,30.0,Wednesday,0,0,0,1,Spring,Morning,Late,1,5
2025-06-04 05:50:00,کاسپین,CPN016,چابهار,پرواز كرد,"10, 11",2025-06-04 06:12:00,EPCAS,MD83,فرودگاه مهرآباد,Domestic Departure,2025-06-04 05:50:00,2025-06-04 06:12:00,2025-06-04 05:50:00,2025-06-04 06:12:00,0 days 00:22:00,22.0,Wednesday,0,0,0,1,Spring,Morning,Late,1,5
2025-06-04 05:55:00,قشم ایر,QSM1238,خارگ,پرواز كرد,15,2025-06-04 06:09:00,EPFQV,RJ100,فرودگاه مهرآباد,Domestic Departure,2025-06-04 05:55:00,2025-06-04 06:09:00,2025-06-04 05:55:00,2025-06-04 06:09:00,0 days 00:14:00,14.0,Wednesday,0,0,0,1,Spring,Morning,On Time,1,5
2025-06-04 06:00:00,کارون,KRU2586,سیری,پرواز كرد,21,2025-06-04 06:17:00,EPAWZ,F100,فرودگاه مهرآباد,Domestic Departure,2025-06-04 06:00:00,2025-06-04 06:17:00,2025-06-04 06:00:00,2025-06-04 06:17:00,0 days 00:17:00,17.0,Wednesday,0,0,0,1,Spring,Morning,Late,1,6
2025-06-04 06:05:00,ماهان,IRM1085,زابل,پرواز كرد,25,2025-06-04 06:24:00,EPMEU,146-200,فرودگاه مهرآباد,Domestic Departure,2025-06-04 06:05:00,2025-06-04 06:24:00,2025-06-04 06:05:00,2025-06-04 06:24:00,0 days 00:19:00,19.0,Wednesday,0,0,0,1,Spring,Morning,Late,1,6
2025-06-04 06:10:00,آتا,TBZ5729,مشهد,پرواز كرد,"12, 13",2025-06-04 12:45:00,EPTAJ,MD83,فرودگاه مهرآباد,Domestic Departure,2025-06-04 06:10:00,2025-06-04 12:45:00,2025-06-04 06:10:00,2025-06-04 12:45:00,0 days 06:35:00,395.0,Wednesday,0,0,0,1,Spring,Morning,Late,1,6
2025-06-04 06:25:00,وارش,VRH5876,مشهد,پرواز كرد,3,2025-06-04 07:30:00,EPVAR,B737,فرودگاه مهرآباد,Domestic Departure,2025-06-04 06:25:00,2025-06-04 07:30:00,2025-06-04 06:25:00,2025-06-04 07:30:00,0 days 01:05:00,65.0,Wednesday,0,0,0,1,Spring,Morning,Late,1,6
2025-06-04 06:30:00,ایران ایرتور,IRB912,بندرعباس,پرواز كرد,"9, 10",2025-06-04 06:42:00,EPMDD,MD83,فرودگاه مهرآباد,Domestic Departure,2025-06-04 06:30:00,2025-06-04 06:42:00,2025-06-04 06:30:00,2025-06-04 06:42:00,0 days 00:12:00,12.0,Wednesday,0,0,0,1,Spring,Morning,On Time,1,6
2025-06-04 06:30:00,ایران ایر,IRA236,شیراز/بندرلنگه,پرواز كرد,"3, 4",2025-06-04 06:39:00,EPCFR,F100,فرودگاه مهرآباد,Domestic Departure,2025-06-04 06:30:00,2025-06-04 06:39:00,2025-06-04 06:30:00,2025-06-04 06:39:00,0 days 00:09:00,9.0,Wednesday,0,0,0,1,Spring,Morning,On Time,1,6
2025-06-04 06:35:00,اروان,INA6750,مشهد,پرواز كرد,5,2025-06-04 07:02:00,EPNSR,737-700,فرودگاه مهرآباد,Domestic Departure,2025-06-04 06:35:00,2025-06-04 07:02:00,2025-06-04 06:35:00,2025-06-04 07:02:00,0 days 00:27:00,27.0,Wednesday,0,0,0,1,Spring,Morning,Late,1,6
2025-06-04 06:35:00,زاگرس,IZG4030,كيش,پرواز كرد,4,2025-06-04 06:52:00,EPZAG,MD83,فرودگاه مهرآباد,Domestic Departure,2025-06-04 06:35:00,2025-06-04 06:52:00,2025-06-04 06:35:00,2025-06-04 06:52:00,0 days 00:17:00,17.0,Wednesday,0,0,0,1,Spring,Morning,Late,1,6
2025-06-04 06:40:00,قشم ایر,QSM1280,اصفهان,پرواز كرد,"16, 17",2025-06-04 07:00:00,EPFQI,F100,فرودگاه مهرآباد,Domestic Departure,2025-06-04 06:40:00,2025-06-04 07:00:00,2025-06-04 06:40:00,2025-06-04 07:00:00,0 days 00:20:00,20.0,Wednesday,0,0,0,1,Spring,Morning,Late,1,6
2025-06-04 06:45:00,اطلس ایر,ATS8288,مشهد,پرواز كرد,"18, 19",2025-06-04 07:23:00,EPLEE,MD83,فرودگاه مهرآباد,Domestic Departure,2025-06-04 06:45:00,2025-06-04 07:23:00,2025-06-04 06:45:00,2025-06-04 07:23:00,0 days 00:38:00,38.0,Wednesday,0,0,0,1,Spring,Morning,Late,1,6
2025-06-04 06:45:00,کاسپین,CPN6914,عسلویه,پرواز كرد,"8, 9",2025-06-04 06:55:00,EPCPD,MD83,فرودگاه مهرآباد,Domestic Departure,2025-06-04 06:45:00,2025-06-04 06:55:00,2025-06-04 06:45:00,2025-06-04 06:55:00,0 days 00:10:00,10.0,Wednesday,0,0,0,1,Spring,Morning,On Time,1,6
2025-06-04 06:50:00,کاسپین,CPN024,مشهد,پرواز كرد,"10, 11",2025-06-04 07:06:00,EPCPU,MD83,فرودگاه مهرآباد,Domestic Departure,2025-06-04 06:50:00,2025-06-04 07:06:00,2025-06-04 06:50:00,2025-06-04 07:06:00,0 days 00:16:00,16.0,Wednesday,0,0,0,1,Spring,Morning,Late,1,6
2025-06-04 07:00:00,وارش,VRH5840,مشهد,پرواز كرد,6,2025-06-04 08:05:00,EPVAV,B737,فرودگاه مهرآباد,Domestic Departure,2025-06-04 07:00:00,2025-06-04 08:05:00,2025-06-04 07:00:00,2025-06-04 08:05:00,0 days 01:05:00,65.0,Wednesday,0,0,0,1,Spring,Morning,Late,1,7
2025-06-04 07:05:00,آتا,TBZ5662,کرمان,پرواز كرد,"28, 29",2025-06-04 08:00:00,EPTAQ,MD83,فرودگاه مهرآباد,Domestic Departure,2025-06-04 07:05:00,2025-06-04 08:00:00,2025-06-04 07:05:00,2025-06-04 08:00:00,0 days 00:55:00,55.0,Wednesday,0,0,0,1,Spring,Morning,Late,1,7
2025-06-04 07:05:00,ایران ایر,IRA311,اهواز,پرواز كرد,"1, 2",2025-06-04 07:14:00,EPIEP,A319,فرودگاه مهرآباد,Domestic Departure,2025-06-04 07:05:00,2025-06-04 07:14:00,2025-06-04 07:05:00,2025-06-04 07:14:00,0 days 00:09:00,9.0,Wednesday,0,0,0,1,Spring,Morning,On Time,1,7
2025-06-04 07:10:00,معراج,MRJ2804,مشهد,پرواز كرد,"14, 15",2025-06-04 07:12:00,EPSSM,A320,فرودگاه مهرآباد,Domestic Departure,2025-06-04 07:10:00,2025-06-04 07:12:00,2025-06-04 07:10:00,2025-06-04 07:12:00,0 days 00:02:00,2.0,Wednesday,0,0,0,1,Spring,Morning,On Time,1,7
2025-06-04 07:15:00,ماهان,IRM1051,کرمان,پرواز كرد,25,2025-06-04 07:20:00,EPMEA,146-200,فرودگاه مهرآباد,Domestic Departure,2025-06-04 07:15:00,2025-06-04 07:20:00,2025-06-04 07:15:00,2025-06-04 07:20:00,0 days 00:05:00,5.0,Wednesday,0,0,0,1,Spring,Morning,On Time,1,7
2025-06-04 07:25:00,ماهان,IRM4536,اردبیل,پرواز كرد,23,2025-06-04 07:37:00,EPMOH,146-200,فرودگاه مهرآباد,Domestic Departure,2025-06-04 07:25:00,2025-06-04 07:37:00,2025-06-04 07:25:00,2025-06-04 07:37:00,0 days 00:12:00,12.0,Wednesday,0,0,0,1,Spring,Morning,On Time,1,7
2025-06-04 07:25:00,آسمان,IRC3771,شیراز,پرواز كرد,29,2025-06-04 07:42:00,EPATE,F100,فرودگاه مهرآباد,Domestic Departure,2025-06-04 07:25:00,2025-06-04 07:42:00,2025-06-04 07:25:00,2025-06-04 07:42:00,0 days 00:17:00,17.0,Wednesday,0,0,0,1,Spring,Morning,Late,1,7
2025-06-04 07:30:00,وارش,VRH5856,مشهد,پرواز كرد,7,2025-06-04 07:56:00,EPVAF,B737,فرودگاه مهرآباد,Domestic Departure,2025-06-04 07:30:00,2025-06-04 07:56:00,2025-06-04 07:30:00,2025-06-04 07:56:00,0 days 00:26:00,26.0,Wednesday,0,0,0,1,Spring,Morning,Late,1,7
2025-06-04 07:30:00,یزد ایر,DZD9419,یزد,پرواز كرد,"6, 7",2025-06-04 07:40:00,EPDZH,146-200,فرودگاه مهرآباد,Domestic Departure,2025-06-04 07:30:00,2025-06-04 07:40:00,2025-06-04 07:30:00,2025-06-04 07:40:00,0 days 00:10:00,10.0,Wednesday,0,0,0,1,Spring,Morning,On Time,1,7
2025-06-04 07:35:00,آتا,TBZ5602,تبریز,پرواز كرد,"26, 27",2025-06-04 07:48:00,EPTAR,MD83,فرودگاه مهرآباد,Domestic Departure,2025-06-04 07:35:00,2025-06-04 07:48:00,2025-06-04 07:35:00,2025-06-04 07:48:00,0 days 00:13:00,13.0,Wednesday,0,0,0,1,Spring,Morning,On Time,1,7
2025-06-04 12:00:00,زاگرس,IZG4042,مشهد,پرواز كرد,3,2025-06-04 12:25:00,EPZAQ,MD83,فرودگاه مهرآباد,Domestic Departure,2025-06-04 12:00:00,2025-06-04 12:25:00,2025-06-04 12:00:00,2025-06-04 12:25:00,0 days 00:25:00,25.0,Wednesday,0,0,0,1,Spring,Afternoon,Late,1,12
2025-06-04 13:00:00,پويا,PYA2312,مشهد,پرواز كرد,13,2025-06-04 13:25:00,EPPUR,EMB145,فرودگاه مهرآباد,Domestic Departure,2025-06-04 13:00:00,2025-06-04 13:25:00,2025-06-04 13:00:00,2025-06-04 13:25:00,0 days 00:25:00,25.0,Wednesday,0,0,0,1,Spring,Afternoon,Late,1,13
2025-06-04 13:05:00,آساجت,SJT8630,گرگان,پرواز كرد,22,2025-06-04 13:22:00,EPRHN,EMB145,فرودگاه مهرآباد,Domestic Departure,2025-06-04 13:05:00,2025-06-04 13:22:00,2025-06-04 13:05:00,2025-06-04 13:22:00,0 days 00:17:00,17.0,Wednesday,0,0,0,1,Spring,Afternoon,Late,1,13
2025-06-04 13:05:00,آتا,TBZ5604,تبریز,پرواز كرد,11,2025-06-04 13:30:00,EPTAM,MD83,فرودگاه مهرآباد,Domestic Departure,2025-06-04 13:05:00,2025-06-04 13:30:00,2025-06-04 13:05:00,2025-06-04 13:30:00,0 days 00:25:00,25.0,Wednesday,0,0,0,1,Spring,Afternoon,Late,1,13
2025-06-04 13:20:00,فلای پرشیا,FPI7440,مشهد,پرواز كرد,"18, 19",2025-06-04 13:34:00,EPFPA,737-700,فرودگاه مهرآباد,Domestic Departure,2025-06-04 13:20:00,2025-06-04 13:34:00,2025-06-04 13:20:00,2025-06-04 13:34:00,0 days 00:14:00,14.0,Wednesday,0,0,0,1,Spring,Afternoon,On Time,1,13
2025-06-04 13:30:00,کاسپین,CPN026,مشهد,پرواز كرد,"6, 7",2025-06-04 13:45:00,EPCAQ,737,فرودگاه مهرآباد,Domestic Departure,2025-06-04 13:30:00,2025-06-04 13:45:00,2025-06-04 13:30:00,2025-06-04 13:45:00,0 days 00:15:00,15.0,Wednesday,0,0,0,1,Spring,Afternoon,On Time,1,13
2025-05-28 19:15:00,وارش,VRH5804,ساری,پرواز كرد,20,2025-05-28 19:52:00,,B737,فرودگاه مشهد,Domestic Departure,2025-05-28 19:15:00,2025-05-28 19:52:00,2025-05-28 19:15:00,2025-05-28 19:52:00,0 days 00:37:00,37.0,Wednesday,0,0,0,0,Spring,Evening,Late,1,19
2025-05-28 19:20:00,آتا,TBZ5620,تهران,پرواز كرد,"13, 14",2025-05-28 20:02:00,,MD80,فرودگاه مشهد,Domestic Departure,2025-05-28 19:20:00,2025-05-28 20:02:00,2025-05-28 19:20:00,2025-05-28 20:02:00,0 days 00:42:00,42.0,Wednesday,0,0,0,0,Spring,Evening,Late,1,19
2025-05-28 19:35:00,هواپیمایی اطلس,ATS8275,تهران,پرواز كرد,2,2025-05-28 21:40:00,,RJ85,فرودگاه مشهد,Domestic Departure,2025-05-28 19:35:00,2025-05-28 21:40:00,2025-05-28 19:35:00,2025-05-28 21:40:00,0 days 02:05:00,125.0,Wednesday,0,0,0,0,Spring,Evening,Late,1,19
2025-05-28 20:00:00,کیش ایر,KIS7010,آبادان,پرواز كرد,"5, 6",2025-05-28 20:47:00,,MD82,فرودگاه مشهد,Domestic Departure,2025-05-28 20:00:00,2025-05-28 20:47:00,2025-05-28 20:00:00,2025-05-28 20:47:00,0 days 00:47:00,47.0,Wednesday,0,0,0,0,Spring,Evening,Late,1,20
2025-05-28 20:15:00,هواپیمایی پارس,PRS4415,آبادان,پرواز كرد,"9, 10",2025-05-28 20:25:00,,B737,فرودگاه مشهد,Domestic Departure,2025-05-28 20:15:00,2025-05-28 20:25:00,2025-05-28 20:15:00,2025-05-28 20:25:00,0 days 00:10:00,10.0,Wednesday,0,0,0,0,Spring,Evening,On Time,1,20
2025-05-28 20:20:00,فلای پرشیا,FPI7443,تهران,پرواز كرد,"7, 8",2025-05-28 20:37:00,,B737,فرودگاه مشهد,Domestic Departure,2025-05-28 20:20:00,2025-05-28 20:37:00,2025-05-28 20:20:00,2025-05-28 20:37:00,0 days 00:17:00,17.0,Wednesday,0,0,0,0,Spring,Evening,Late,1,20
2025-05-28 20:20:00,قشم ایر,QSM1275,تبریز,پرواز كرد,"3, 4",2025-05-28 20:31:00,,F100,فرودگاه مشهد,Domestic Departure,2025-05-28 20:20:00,2025-05-28 20:31:00,2025-05-28 20:20:00,2025-05-28 20:31:00,0 days 00:11:00,11.0,Wednesday,0,0,0,0,Spring,Evening,On Time,1,20
2025-05-28 21:00:00,تابان,TBN6215,اهواز,پرواز كرد,17,2025-05-28 21:10:00,,MD.88,فرودگاه مشهد,Domestic Departure,2025-05-28 21:00:00,2025-05-28 21:10:00,2025-05-28 21:00:00,2025-05-28 21:10:00,0 days 00:10:00,10.0,Wednesday,0,0,0,0,Spring,Night,On Time,1,21
2025-05-28 21:00:00,آتا,TBZ5647,آبادان,پرواز كرد,"11, 12",2025-05-28 21:18:00,,MD80,فرودگاه مشهد,Domestic Departure,2025-05-28 21:00:00,2025-05-28 21:18:00,2025-05-28 21:00:00,2025-05-28 21:18:00,0 days 00:18:00,18.0,Wednesday,0,0,0,0,Spring,Night,Late,1,21
2025-05-28 21:05:00,ایران ایر,IRA335,اهواز,پرواز كرد,"25, 26, 27",2025-05-28 21:30:00,,A319,فرودگاه مشهد,Domestic Departure,2025-05-28 21:05:00,2025-05-28 21:30:00,2025-05-28 21:05:00,2025-05-28 21:30:00,0 days 00:25:00,25.0,Wednesday,0,0,0,0,Spring,Night,Late,1,21
2025-05-28 21:15:00,هواپیمایی اطلس,ATS8279,تهران,پرواز كرد,"5, 6",2025-05-28 21:54:00,,MD83,فرودگاه مشهد,Domestic Departure,2025-05-28 21:15:00,2025-05-28 21:54:00,2025-05-28 21:15:00,2025-05-28 21:54:00,0 days 00:39:00,39.0,Wednesday,0,0,0,0,Spring,Night,Late,1,21
2025-06-04 13:35:00,آتا,TBZ5633,اردبیل,پرواز كرد,"28, 29",2025-06-04 13:55:00,EPTAZ,MD.88,فرودگاه مهرآباد,Domestic Departure,2025-06-04 13:35:00,2025-06-04 13:55:00,2025-06-04 13:35:00,2025-06-04 13:55:00,0 days 00:20:00,20.0,Wednesday,0,0,0,1,Spring,Afternoon,Late,1,13
2025-06-04 13:40:00,آسمان,IRC602,مشهد,پرواز كرد,26,2025-06-04 13:59:00,EPATE,F100,فرودگاه مهرآباد,Domestic Departure,2025-06-04 13:40:00,2025-06-04 13:59:00,2025-06-04 13:40:00,2025-06-04 13:59:00,0 days 00:19:00,19.0,Wednesday,0,0,0,1,Spring,Afternoon,Late,1,13
2025-06-04 13:50:00,قشم ایر,QSM1240,قشم,پرواز كرد,"16, 17",2025-06-04 14:10:00,EPFQU,rj100,فرودگاه مهرآباد,Domestic Departure,2025-06-04 13:50:00,2025-06-04 14:10:00,2025-06-04 13:50:00,2025-06-04 14:10:00,0 days 00:20:00,20.0,Wednesday,0,0,0,1,Spring,Afternoon,Late,1,13
2025-06-04 14:00:00,قشم ایر,QSM1252,مشهد,پرواز كرد,"18, 19",2025-06-04 14:13:00,EPFQF,F100,فرودگاه مهرآباد,Domestic Departure,2025-06-04 14:00:00,2025-06-04 14:13:00,2025-06-04 14:00:00,2025-06-04 14:13:00,0 days 00:13:00,13.0,Wednesday,0,0,0,1,Spring,Afternoon,On Time,1,14
2025-06-04 14:00:00,یزد ایر,DZD9449,بوشهر,پرواز كرد,"8, 9",2025-06-04 14:45:00,EPDZH,RJ85,فرودگاه مهرآباد,Domestic Departure,2025-06-04 14:00:00,2025-06-04 14:45:00,2025-06-04 14:00:00,2025-06-04 14:45:00,0 days 00:45:00,45.0,Wednesday,0,0,0,1,Spring,Afternoon,Late,1,14
2025-06-04 14:05:00,رایمون,RAI7512,اصفهان,پرواز كرد,"3, 4",2025-06-04 14:16:00,EPNEA,EMB145,فرودگاه مهرآباد,Domestic Departure,2025-06-04 14:05:00,2025-06-04 14:16:00,2025-06-04 14:05:00,2025-06-04 14:16:00,0 days 00:11:00,11.0,Wednesday,0,0,0,1,Spring,Afternoon,On Time,1,14
2025-06-04 14:05:00,ماهان,IRM1010,کرمانشاه,پرواز كرد,20,2025-06-04 14:20:00,EPMEA,rj100,فرودگاه مهرآباد,Domestic Departure,2025-06-04 14:05:00,2025-06-04 14:20:00,2025-06-04 14:05:00,2025-06-04 14:20:00,0 days 00:15:00,15.0,Wednesday,0,0,0,1,Spring,Afternoon,On Time,1,14
2025-06-04 14:10:00,آتا,TBZ5613,مشهد,پرواز كرد,"12, 13",2025-06-04 14:38:00,EPTAQ,MD83,فرودگاه مهرآباد,Domestic Departure,2025-06-04 14:10:00,2025-06-04 14:38:00,2025-06-04 14:10:00,2025-06-04 14:38:00,0 days 00:28:00,28.0,Wednesday,0,0,0,1,Spring,Afternoon,Late,1,14
2025-06-04 14:15:00,آتا,TBZ5659,كيش,پرواز كرد,"24, 25",2025-06-04 14:24:00,EPTAL,MD83,فرودگاه مهرآباد,Domestic Departure,2025-06-04 14:15:00,2025-06-04 14:24:00,2025-06-04 14:15:00,2025-06-04 14:24:00,0 days 00:09:00,9.0,Wednesday,0,0,0,1,Spring,Afternoon,On Time,1,14
2025-06-04 14:15:00,ماهان,IRM1006,خرم‌آباد,پرواز كرد,21,2025-06-04 14:40:00,EPMEA,rj100,فرودگاه مهرآباد,Domestic Departure,2025-06-04 14:15:00,2025-06-04 14:40:00,2025-06-04 14:15:00,2025-06-04 14:40:00,0 days 00:25:00,25.0,Wednesday,0,0,0,1,Spring,Afternoon,Late,1,14
2025-06-04 14:20:00,کیش ایر,KIS7193,عسلویه,پرواز كرد,"9, 10",2025-06-04 14:35:00,EPLCK,MD82,فرودگاه مهرآباد,Domestic Departure,2025-06-04 14:20:00,2025-06-04 14:35:00,2025-06-04 14:20:00,2025-06-04 14:35:00,0 days 00:15:00,15.0,Wednesday,0,0,0,1,Spring,Afternoon,On Time,1,14
2025-06-04 14:20:00,آتا,TBZ5629,مشهد,پرواز كرد,"26, 27",2025-06-04 14:42:00,EPTAO,MD83,فرودگاه مهرآباد,Domestic Departure,2025-06-04 14:20:00,2025-06-04 14:42:00,2025-06-04 14:20:00,2025-06-04 14:42:00,0 days 00:22:00,22.0,Wednesday,0,0,0,1,Spring,Afternoon,Late,1,14
2025-06-04 14:25:00,یزد ایر,DZD9441,یزد,پرواز كرد,"10, 11",2025-06-04 14:49:00,EPMOC,146-200,فرودگاه مهرآباد,Domestic Departure,2025-06-04 14:25:00,2025-06-04 14:49:00,2025-06-04 14:25:00,2025-06-04 14:49:00,0 days 00:24:00,24.0,Wednesday,0,0,0,1,Spring,Afternoon,Late,1,14
2025-06-04 14:30:00,زاگرس,IZG4040,مشهد,پرواز كرد,5,2025-06-04 14:46:00,EPZAG,MD83,فرودگاه مهرآباد,Domestic Departure,2025-06-04 14:30:00,2025-06-04 14:46:00,2025-06-04 14:30:00,2025-06-04 14:46:00,0 days 00:16:00,16.0,Wednesday,0,0,0,1,Spring,Afternoon,Late,1,14
2025-05-29 00:45:00,پارس ایر,PRS4460,شیراز,پرواز كرد,"18, 19",2025-05-29 00:59:00,EPPAO,737-700,فرودگاه مهرآباد,Domestic Departure,2025-05-29 00:45:00,2025-05-29 00:59:00,2025-05-29 00:45:00,2025-05-29 00:59:00,0 days 00:14:00,14.0,Thursday,1,0,0,0,Spring,Night,On Time,1,0
2025-05-29 00:55:00,کیش ایر,KIS7151,شیراز,پرواز كرد,"11, 12",2025-05-29 01:00:00,EPLCL,MD83,فرودگاه مهرآباد,Domestic Departure,2025-05-29 00:55:00,2025-05-29 01:00:00,2025-05-29 00:55:00,2025-05-29 01:00:00,0 days 00:05:00,5.0,Thursday,1,0,0,0,Spring,Night,On Time,1,0
2025-05-29 04:30:00,زاگرس,IZG4022,اهواز,پرواز كرد,3,2025-05-29 05:06:00,EPZAQ,MD83,فرودگاه مهرآباد,Domestic Departure,2025-05-29 04:30:00,2025-05-29 05:06:00,2025-05-29 04:30:00,2025-05-29 05:06:00,0 days 00:36:00,36.0,Thursday,1,0,0,0,Spring,Night,Late,1,4
2025-05-29 04:55:00,کیش ایر,KIS7085,یزد,پرواز كرد,"9, 10",2025-05-29 05:22:00,EPLCK,MD82,فرودگاه مهرآباد,Domestic Departure,2025-05-29 04:55:00,2025-05-29 05:22:00,2025-05-29 04:55:00,2025-05-29 05:22:00,0 days 00:27:00,27.0,Thursday,1,0,0,0,Spring,Night,Late,1,4
2025-05-29 05:00:00,چابهار,IRU7646,شیراز,پرواز كرد,5,2025-05-29 05:02:00,EPSEB,MD83,فرودگاه مهرآباد,Domestic Departure,2025-05-29 05:00:00,2025-05-29 05:02:00,2025-05-29 05:00:00,2025-05-29 05:02:00,0 days 00:02:00,2.0,Thursday,1,0,0,0,Spring,Morning,On Time,1,5
2025-05-29 05:00:00,ایران ایر,IRA285,کرمانشاه,پرواز كرد,"5, 6",2025-05-29 05:13:00,EPCFR,F100,فرودگاه مهرآباد,Domestic Departure,2025-05-29 05:00:00,2025-05-29 05:13:00,2025-05-29 05:00:00,2025-05-29 05:13:00,0 days 00:13:00,13.0,Thursday,1,0,0,0,Spring,Morning,On Time,1,5
2025-05-29 05:05:00,ایران ایرتور,IRB930,بیرجند,پرواز كرد,"7, 8",2025-05-29 05:09:00,EPMDD,MD83,فرودگاه مهرآباد,Domestic Departure,2025-05-29 05:05:00,2025-05-29 05:09:00,2025-05-29 05:05:00,2025-05-29 05:09:00,0 days 00:04:00,4.0,Thursday,1,0,0,0,Spring,Morning,On Time,1,5
2025-05-29 05:10:00,ماهان,IRM4596,ایلام,پرواز كرد,,2025-05-29 04:57:00,EPNOQ,RJ85,فرودگاه مهرآباد,Domestic Departure,2025-05-29 05:10:00,2025-05-29 04:57:00,2025-05-29 05:10:00,2025-05-29 04:57:00,-1 days +23:47:00,-13.0,Thursday,1,0,0,0,Spring,Morning,Early,1,5
2025-05-29 05:25:00,آسمان,IRC600,مشهد,پرواز كرد,"26, 27",2025-05-29 07:03:00,EPASR,F100,فرودگاه مهرآباد,Domestic Departure,2025-05-29 05:25:00,2025-05-29 07:03:00,2025-05-29 05:25:00,2025-05-29 07:03:00,0 days 01:38:00,98.0,Thursday,1,0,0,0,Spring,Morning,Late,1,5
2025-05-29 05:30:00,وارش,VRH5852,اهواز,پرواز كرد,4,2025-05-29 07:31:00,EPVBM,B737,فرودگاه مهرآباد,Domestic Departure,2025-05-29 05:30:00,2025-05-29 07:31:00,2025-05-29 05:30:00,2025-05-29 07:31:00,0 days 02:01:00,121.0,Thursday,1,0,0,0,Spring,Morning,Late,1,5
2025-05-29 05:35:00,فلای پرشیا,FPI7426,اهواز,پرواز كرد,"18, 19",2025-05-29 05:59:00,EPFPA,737-700,فرودگاه مهرآباد,Domestic Departure,2025-05-29 05:35:00,2025-05-29 05:59:00,2025-05-29 05:35:00,2025-05-29 05:59:00,0 days 00:24:00,24.0,Thursday,1,0,0,0,Spring,Morning,Late,1,5
2025-05-29 05:40:00,کارون,KRU2506,ماهشهر,پرواز كرد,"21, 22",2025-05-29 05:55:00,EPJIB,737,فرودگاه مهرآباد,Domestic Departure,2025-05-29 05:40:00,2025-05-29 05:55:00,2025-05-29 05:40:00,2025-05-29 05:55:00,0 days 00:15:00,15.0,Thursday,1,0,0,0,Spring,Morning,On Time,1,5
2025-05-29 05:45:00,وارش,VRH5918,عسلویه,پرواز كرد,6,2025-05-29 07:22:00,EPVAA,737-700,فرودگاه مهرآباد,Domestic Departure,2025-05-29 05:45:00,2025-05-29 07:22:00,2025-05-29 05:45:00,2025-05-29 07:22:00,0 days 01:37:00,97.0,Thursday,1,0,0,0,Spring,Morning,Late,1,5
2025-05-29 05:50:00,ماهان,IRM4575,جیرفت,پرواز كرد,25,2025-05-29 06:02:00,EPMEU,146-200,فرودگاه مهرآباد,Domestic Departure,2025-05-29 05:50:00,2025-05-29 06:02:00,2025-05-29 05:50:00,2025-05-29 06:02:00,0 days 00:12:00,12.0,Thursday,1,0,0,0,Spring,Morning,On Time,1,5
2025-05-29 06:00:00,قدر ایر,SEP2702,یزد,پرواز كرد,,2025-05-29 06:30:00,152286,IL76,فرودگاه مهرآباد,Domestic Departure,2025-05-29 06:00:00,2025-05-29 06:30:00,2025-05-29 06:00:00,2025-05-29 06:30:00,0 days 00:30:00,30.0,Thursday,1,0,0,0,Spring,Morning,Late,1,6
2025-05-29 06:00:00,آتا,TBZ5677,ارومیه,پرواز كرد,"12, 13",2025-05-29 06:13:00,EPTAJ,MD83,فرودگاه مهرآباد,Domestic Departure,2025-05-29 06:00:00,2025-05-29 06:13:00,2025-05-29 06:00:00,2025-05-29 06:13:00,0 days 00:13:00,13.0,Thursday,1,0,0,0,Spring,Morning,On Time,1,6
2025-05-29 06:00:00,کارون,KRU2518,اصفهان/بهرگان,پرواز كرد,"18, 19",2025-05-29 06:18:00,EPMIS,F100,فرودگاه مهرآباد,Domestic Departure,2025-05-29 06:00:00,2025-05-29 06:18:00,2025-05-29 06:00:00,2025-05-29 06:18:00,0 days 00:18:00,18.0,Thursday,1,0,0,0,Spring,Morning,Late,1,6
2025-05-29 06:05:00,آتا,TBZ5619,مشهد,پرواز كرد,"24, 25",2025-05-29 06:17:00,EPTAE,737,فرودگاه مهرآباد,Domestic Departure,2025-05-29 06:05:00,2025-05-29 06:17:00,2025-05-29 06:05:00,2025-05-29 06:17:00,0 days 00:12:00,12.0,Thursday,1,0,0,0,Spring,Morning,On Time,1,6
2025-05-29 06:10:00,کاسپین,CPN048,شیراز,پرواز كرد,"6, 7",2025-05-29 06:23:00,EPCPD,MD83,فرودگاه مهرآباد,Domestic Departure,2025-05-29 06:10:00,2025-05-29 06:23:00,2025-05-29 06:10:00,2025-05-29 06:23:00,0 days 00:13:00,13.0,Thursday,1,0,0,0,Spring,Morning,On Time,1,6
2025-05-29 06:10:00,چابهار,IRU7624,آبادان,پرواز كرد,5,2025-05-29 06:31:00,EPCBD,MD83,فرودگاه مهرآباد,Domestic Departure,2025-05-29 06:10:00,2025-05-29 06:31:00,2025-05-29 06:10:00,2025-05-29 06:31:00,0 days 00:21:00,21.0,Thursday,1,0,0,0,Spring,Morning,Late,1,6
2025-05-29 06:15:00,ماهان,IRM1033,مشهد,پرواز كرد,24,2025-05-29 06:25:00,EPMOI,146-200,فرودگاه مهرآباد,Domestic Departure,2025-05-29 06:15:00,2025-05-29 06:25:00,2025-05-29 06:15:00,2025-05-29 06:25:00,0 days 00:10:00,10.0,Thursday,1,0,0,0,Spring,Morning,On Time,1,6
2025-05-29 06:20:00,کیش ایر,KIS7055,كيش,پرواز كرد,"9, 10",2025-05-29 06:34:00,EPLCL,MD83,فرودگاه مهرآباد,Domestic Departure,2025-05-29 06:20:00,2025-05-29 06:34:00,2025-05-29 06:20:00,2025-05-29 06:34:00,0 days 00:14:00,14.0,Thursday,1,0,0,0,Spring,Morning,On Time,1,6
2025-05-29 06:25:00,چابهار,IRU7660,مشهد,پرواز كرد,7,2025-05-29 06:46:00,EPCBI,MD83,فرودگاه مهرآباد,Domestic Departure,2025-05-29 06:25:00,2025-05-29 06:46:00,2025-05-29 06:25:00,2025-05-29 06:46:00,0 days 00:21:00,21.0,Thursday,1,0,0,0,Spring,Morning,Late,1,6
2025-05-29 06:40:00,اروان,INA6750,مشهد,پرواز كرد,4,2025-05-29 06:55:00,EPNSR,737-700,فرودگاه مهرآباد,Domestic Departure,2025-05-29 06:40:00,2025-05-29 06:55:00,2025-05-29 06:40:00,2025-05-29 06:55:00,0 days 00:15:00,15.0,Thursday,1,0,0,0,Spring,Morning,On Time,1,6
2025-05-29 06:40:00,کاسپین,CPN014,عسلویه,پرواز كرد,"8, 9",2025-05-29 06:50:00,EPCAS,MD83,فرودگاه مهرآباد,Domestic Departure,2025-05-29 06:40:00,2025-05-29 06:50:00,2025-05-29 06:40:00,2025-05-29 06:50:00,0 days 00:10:00,10.0,Thursday,1,0,0,0,Spring,Morning,On Time,1,6
2025-05-29 06:45:00,اطلس ایر,ATS8278,مشهد,پرواز كرد,17,2025-05-29 06:52:00,EPSAP,MD83,فرودگاه مهرآباد,Domestic Departure,2025-05-29 06:45:00,2025-05-29 06:52:00,2025-05-29 06:45:00,2025-05-29 06:52:00,0 days 00:07:00,7.0,Thursday,1,0,0,0,Spring,Morning,On Time,1,6
2025-05-29 06:50:00,قشم ایر,QSM1291,کرمانشاه,پرواز كرد,16,2025-05-29 07:27:00,EPFQF,F100,فرودگاه مهرآباد,Domestic Departure,2025-05-29 06:50:00,2025-05-29 07:27:00,2025-05-29 06:50:00,2025-05-29 07:27:00,0 days 00:37:00,37.0,Thursday,1,0,0,0,Spring,Morning,Late,1,6
2025-05-29 06:50:00,ماهان,IRM4589,زاهدان,پرواز كرد,23,2025-05-29 07:09:00,EPMOS,146-200,فرودگاه مهرآباد,Domestic Departure,2025-05-29 06:50:00,2025-05-29 07:09:00,2025-05-29 06:50:00,2025-05-29 07:09:00,0 days 00:19:00,19.0,Thursday,1,0,0,0,Spring,Morning,Late,1,6
2025-05-29 06:55:00,ماهان,IRM1010,کرمانشاه,پرواز كرد,22,2025-05-29 07:05:00,EPMEI,146-200,فرودگاه مهرآباد,Domestic Departure,2025-05-29 06:55:00,2025-05-29 07:05:00,2025-05-29 06:55:00,2025-05-29 07:05:00,0 days 00:10:00,10.0,Thursday,1,0,0,0,Spring,Morning,On Time,1,6
2025-05-29 07:00:00,ایران ایر,IRA252,اصفهان,پرواز كرد,"5, 6",2025-05-29 07:17:00,EPIEQ,A320,فرودگاه مهرآباد,Domestic Departure,2025-05-29 07:00:00,2025-05-29 07:17:00,2025-05-29 07:00:00,2025-05-29 07:17:00,0 days 00:17:00,17.0,Thursday,1,0,0,0,Spring,Morning,Late,1,7
2025-05-29 07:00:00,ایران ایرتور,IRB918,چابهار,پرواز كرد,"9, 10",2025-05-29 07:12:00,EPMDF,MD83,فرودگاه مهرآباد,Domestic Departure,2025-05-29 07:00:00,2025-05-29 07:12:00,2025-05-29 07:00:00,2025-05-29 07:12:00,0 days 00:12:00,12.0,Thursday,1,0,0,0,Spring,Morning,On Time,1,7
2025-05-29 07:05:00,قشم ایر,QSM1238,خارگ,پرواز كرد,18,2025-05-29 07:25:00,EPFSI,F100,فرودگاه مهرآباد,Domestic Departure,2025-05-29 07:05:00,2025-05-29 07:25:00,2025-05-29 07:05:00,2025-05-29 07:25:00,0 days 00:20:00,20.0,Thursday,1,0,0,0,Spring,Morning,Late,1,7
2025-05-29 07:10:00,آتا,TBZ5635,اهواز,پرواز كرد,"26, 27",2025-05-29 07:37:00,EPTAH,737,فرودگاه مهرآباد,Domestic Departure,2025-05-29 07:10:00,2025-05-29 07:37:00,2025-05-29 07:10:00,2025-05-29 07:37:00,0 days 00:27:00,27.0,Thursday,1,0,0,0,Spring,Morning,Late,1,7
2025-05-29 07:10:00,ساها,IRZ160,لاوان,پرواز كرد,"10, 11",2025-05-29 07:19:00,EPSII,737-700,فرودگاه مهرآباد,Domestic Departure,2025-05-29 07:10:00,2025-05-29 07:19:00,2025-05-29 07:10:00,2025-05-29 07:19:00,0 days 00:09:00,9.0,Thursday,1,0,0,0,Spring,Morning,On Time,1,7
2025-05-29 07:15:00,کارون,KRU2584,عسلویه,پرواز كرد,14,2025-05-29 07:34:00,EPAWZ,F100,فرودگاه مهرآباد,Domestic Departure,2025-05-29 07:15:00,2025-05-29 07:34:00,2025-05-29 07:15:00,2025-05-29 07:34:00,0 days 00:19:00,19.0,Thursday,1,0,0,0,Spring,Morning,Late,1,7
2025-05-29 07:15:00,کاسپین,CPN026,مشهد,پرواز كرد,"6, 7",2025-05-29 07:29:00,EPKPB,737,فرودگاه مهرآباد,Domestic Departure,2025-05-29 07:15:00,2025-05-29 07:29:00,2025-05-29 07:15:00,2025-05-29 07:29:00,0 days 00:14:00,14.0,Thursday,1,0,0,0,Spring,Morning,On Time,1,7
2025-05-29 07:20:00,قشم ایر,QSM1270,زاهدان,پرواز كرد,21,2025-05-29 07:54:00,EPFQV,RJ100,فرودگاه مهرآباد,Domestic Departure,2025-05-29 07:20:00,2025-05-29 07:54:00,2025-05-29 07:20:00,2025-05-29 07:54:00,0 days 00:34:00,34.0,Thursday,1,0,0,0,Spring,Morning,Late,1,7
2025-05-29 07:25:00,اطلس ایر,ATS8293,چابهار,پرواز كرد,22,2025-05-29 07:51:00,EPLEE,MD83,فرودگاه مهرآباد,Domestic Departure,2025-05-29 07:25:00,2025-05-29 07:51:00,2025-05-29 07:25:00,2025-05-29 07:51:00,0 days 00:26:00,26.0,Thursday,1,0,0,0,Spring,Morning,Late,1,7
2025-05-29 07:25:00,آسمان,IRC3771,شیراز,پرواز كرد,"28, 29",2025-05-29 07:41:00,EPATE,F100,فرودگاه مهرآباد,Domestic Departure,2025-05-29 07:25:00,2025-05-29 07:41:00,2025-05-29 07:25:00,2025-05-29 07:41:00,0 days 00:16:00,16.0,Thursday,1,0,0,0,Spring,Morning,Late,1,7
2025-05-29 07:30:00,ایران ایرتور,IRB916,كيش,پرواز كرد,"7, 8",2025-05-29 07:58:00,EPMDC,MD82,فرودگاه مهرآباد,Domestic Departure,2025-05-29 07:30:00,2025-05-29 07:58:00,2025-05-29 07:30:00,2025-05-29 07:58:00,0 days 00:28:00,28.0,Thursday,1,0,0,0,Spring,Morning,Late,1,7
2025-05-29 07:35:00,پويا,PYA2323,رشت,پرواز كرد,13,2025-05-29 07:43:00,EPPUN,EMB145,فرودگاه مهرآباد,Domestic Departure,2025-05-29 07:35:00,2025-05-29 07:43:00,2025-05-29 07:35:00,2025-05-29 07:43:00,0 days 00:08:00,8.0,Thursday,1,0,0,0,Spring,Morning,On Time,1,7
2025-05-29 07:45:00,کیش ایر,KIS7053,كيش,پرواز كرد,"9, 10",2025-05-29 08:04:00,EPLCM,MD83,فرودگاه مهرآباد,Domestic Departure,2025-05-29 07:45:00,2025-05-29 08:04:00,2025-05-29 07:45:00,2025-05-29 08:04:00,0 days 00:19:00,19.0,Thursday,1,0,0,0,Spring,Morning,Late,1,7
2025-05-29 08:00:00,ماهان,IRM4536,اردبیل,پرواز كرد,21,2025-05-29 08:10:00,EPMEA,RJ85,فرودگاه مهرآباد,Domestic Departure,2025-05-29 08:00:00,2025-05-29 08:10:00,2025-05-29 08:00:00,2025-05-29 08:10:00,0 days 00:10:00,10.0,Thursday,1,0,0,0,Spring,Morning,On Time,1,8
2025-05-29 08:05:00,آتا,TBZ5602,تبریز,پرواز كرد,11,2025-05-29 08:14:00,EPTAL,MD83,فرودگاه مهرآباد,Domestic Departure,2025-05-29 08:05:00,2025-05-29 08:14:00,2025-05-29 08:05:00,2025-05-29 08:14:00,0 days 00:09:00,9.0,Thursday,1,0,0,0,Spring,Morning,On Time,1,8
2025-05-29 08:10:00,ماهان,IRM1051,کرمان,پرواز كرد,22,2025-05-29 08:20:00,EPMOC,146-200,فرودگاه مهرآباد,Domestic Departure,2025-05-29 08:10:00,2025-05-29 08:20:00,2025-05-29 08:10:00,2025-05-29 08:20:00,0 days 00:10:00,10.0,Thursday,1,0,0,0,Spring,Morning,On Time,1,8
2025-05-29 08:25:00,معراج,MRJ2825,تبریز,پرواز كرد,"16, 17",2025-05-29 08:42:00,EPSSN,A320,فرودگاه مهرآباد,Domestic Departure,2025-05-29 08:25:00,2025-05-29 08:42:00,2025-05-29 08:25:00,2025-05-29 08:42:00,0 days 00:17:00,17.0,Thursday,1,0,0,0,Spring,Morning,Late,1,8
2025-05-29 08:25:00,کاسپین,CPN044,كيش,پرواز كرد,"6, 7",2025-05-29 08:26:00,EPCPU,MD82,فرودگاه مهرآباد,Domestic Departure,2025-05-29 08:25:00,2025-05-29 08:26:00,2025-05-29 08:25:00,2025-05-29 08:26:00,0 days 00:01:00,1.0,Thursday,1,0,0,0,Spring,Morning,On Time,1,8
2025-05-29 08:35:00,زاگرس,IZG4030,كيش,پرواز كرد,3,2025-05-29 09:29:00,EPZAQ,MD83,فرودگاه مهرآباد,Domestic Departure,2025-05-29 08:35:00,2025-05-29 09:29:00,2025-05-29 08:35:00,2025-05-29 09:29:00,0 days 00:54:00,54.0,Thursday,1,0,0,0,Spring,Morning,Late,1,8
2025-05-29 08:55:00,ایران ایر,IRA407,بوشهر,پرواز كرد,"5, 6",2025-05-29 09:09:00,EPCFR,F100,فرودگاه مهرآباد,Domestic Departure,2025-05-29 08:55:00,2025-05-29 09:09:00,2025-05-29 08:55:00,2025-05-29 09:09:00,0 days 00:14:00,14.0,Thursday,1,0,0,0,Spring,Morning,On Time,1,8
2025-05-29 09:00:00,تابان,TBN6258,مشهد,پرواز كرد,"3, 4",2025-05-29 09:04:00,EPTBB,MD.88,فرودگاه مهرآباد,Domestic Departure,2025-05-29 09:00:00,2025-05-29 09:04:00,2025-05-29 09:00:00,2025-05-29 09:04:00,0 days 00:04:00,4.0,Thursday,1,0,0,0,Spring,Morning,On Time,1,9
2025-05-29 09:10:00,یزد ایر,DZD6899,مشهد,پرواز كرد,"10, 11",2025-05-29 09:22:00,EPDZH,RJ85,فرودگاه مهرآباد,Domestic Departure,2025-05-29 09:10:00,2025-05-29 09:22:00,2025-05-29 09:10:00,2025-05-29 09:22:00,0 days 00:12:00,12.0,Thursday,1,0,0,0,Spring,Morning,On Time,1,9
2025-05-29 09:15:00,ماهان,IRM1043,كيش,پرواز كرد,"23, 24, 25",2025-05-29 09:38:00,EPMEE,747,فرودگاه مهرآباد,Domestic Departure,2025-05-29 09:15:00,2025-05-29 09:38:00,2025-05-29 09:15:00,2025-05-29 09:38:00,0 days 00:23:00,23.0,Thursday,1,0,0,0,Spring,Morning,Late,1,9
2025-05-29 09:20:00,آوا,AXV7702,مشهد,پرواز كرد,"14, 15",2025-05-29 09:26:00,EPRBC,B737,فرودگاه مهرآباد,Domestic Departure,2025-05-29 09:20:00,2025-05-29 09:26:00,2025-05-29 09:20:00,2025-05-29 09:26:00,0 days 00:06:00,6.0,Thursday,1,0,0,0,Spring,Morning,On Time,1,9
2025-05-29 09:30:00,کیش ایر,KIS7015,كيش,پرواز كرد,"9, 10",2025-05-29 09:33:00,EPLCK,MD82,فرودگاه مهرآباد,Domestic Departure,2025-05-29 09:30:00,2025-05-29 09:33:00,2025-05-29 09:30:00,2025-05-29 09:33:00,0 days 00:03:00,3.0,Thursday,1,0,0,0,Spring,Morning,On Time,1,9
2025-05-29 09:30:00,چابهار,IRU7640,مشهد,پرواز كرد,6,2025-05-29 09:31:00,EPSEB,MD83,فرودگاه مهرآباد,Domestic Departure,2025-05-29 09:30:00,2025-05-29 09:31:00,2025-05-29 09:30:00,2025-05-29 09:31:00,0 days 00:01:00,1.0,Thursday,1,0,0,0,Spring,Morning,On Time,1,9
2025-05-29 09:40:00,فلای پرشیا,FPI7438,مشهد,پرواز كرد,"18, 19",2025-05-29 09:58:00,EPFPA,737-700,فرودگاه مهرآباد,Domestic Departure,2025-05-29 09:40:00,2025-05-29 09:58:00,2025-05-29 09:40:00,2025-05-29 09:58:00,0 days 00:18:00,18.0,Thursday,1,0,0,0,Spring,Morning,Late,1,9
2025-05-29 09:50:00,رایمون,RAI7522,مشهد,پرواز كرد,"1, 2",2025-05-29 09:51:00,EPNEA,EMB145,فرودگاه مهرآباد,Domestic Departure,2025-05-29 09:50:00,2025-05-29 09:51:00,2025-05-29 09:50:00,2025-05-29 09:51:00,0 days 00:01:00,1.0,Thursday,1,0,0,0,Spring,Morning,On Time,1,9
2025-05-29 10:00:00,آتا,TBZ5681,بندرعباس,پرواز كرد,"12, 13",2025-05-29 10:01:00,EPTAJ,MD82,فرودگاه مهرآباد,Domestic Departure,2025-05-29 10:00:00,2025-05-29 10:01:00,2025-05-29 10:00:00,2025-05-29 10:01:00,0 days 00:01:00,1.0,Thursday,1,0,0,0,Spring,Morning,On Time,1,10
2025-05-29 10:00:00,وارش,VRH5840,مشهد,پرواز كرد,4,2025-05-29 11:35:00,EPVBM,B737,فرودگاه مهرآباد,Domestic Departure,2025-05-29 10:00:00,2025-05-29 11:35:00,2025-05-29 10:00:00,2025-05-29 11:35:00,0 days 01:35:00,95.0,Thursday,1,0,0,0,Spring,Morning,Late,1,10
2025-05-29 10:10:00,ایران ایرتور,IRB962,مشهد,پرواز كرد,"9, 10",2025-05-29 10:29:00,EPMDD,MD83,فرودگاه مهرآباد,Domestic Departure,2025-05-29 10:10:00,2025-05-29 10:29:00,2025-05-29 10:10:00,2025-05-29 10:29:00,0 days 00:19:00,19.0,Thursday,1,0,0,0,Spring,Morning,Late,1,10
2025-05-29 10:20:00,آتا,TBZ5629,مشهد,پرواز كرد,"24, 25",2025-05-29 10:32:00,EPTAR,MD83,فرودگاه مهرآباد,Domestic Departure,2025-05-29 10:20:00,2025-05-29 10:32:00,2025-05-29 10:20:00,2025-05-29 10:32:00,0 days 00:12:00,12.0,Thursday,1,0,0,0,Spring,Morning,On Time,1,10
2025-05-29 10:40:00,چابهار,IRU7610,مشهد,پرواز كرد,5,2025-05-29 11:15:00,EPCBD,MD83,فرودگاه مهرآباد,Domestic Departure,2025-05-29 10:40:00,2025-05-29 11:15:00,2025-05-29 10:40:00,2025-05-29 11:15:00,0 days 00:35:00,35.0,Thursday,1,0,0,0,Spring,Morning,Late,1,10
2025-05-29 11:00:00,آتا,TBZ5659,كيش,پرواز كرد,"26, 27",2025-05-29 11:37:00,EPTAH,737,فرودگاه مهرآباد,Domestic Departure,2025-05-29 11:00:00,2025-05-29 11:37:00,2025-05-29 11:00:00,2025-05-29 11:37:00,0 days 00:37:00,37.0,Thursday,1,0,0,0,Spring,Morning,Late,1,11
2025-05-29 11:15:00,ایران ایر,IRA3310,اصفهان,پرواز كرد,5,2025-05-29 11:32:00,EPITI,ATR-72-500,فرودگاه مهرآباد,Domestic Departure,2025-05-29 11:15:00,2025-05-29 11:32:00,2025-05-29 11:15:00,2025-05-29 11:32:00,0 days 00:17:00,17.0,Thursday,1,0,0,0,Spring,Morning,Late,1,11
2025-05-29 12:55:00,آتا,TBZ5698,مشهد,پرواز كرد,"12, 13",2025-05-29 13:29:00,EPTAQ,MD83,فرودگاه مهرآباد,Domestic Departure,2025-05-29 12:55:00,2025-05-29 13:29:00,2025-05-29 12:55:00,2025-05-29 13:29:00,0 days 00:34:00,34.0,Thursday,1,0,0,0,Spring,Afternoon,Late,1,12
2025-05-29 13:15:00,ماهان,IRM4572,ایلام,پرواز كرد,22,2025-05-29 13:25:00,EPMHO,RJ100,فرودگاه مهرآباد,Domestic Departure,2025-05-29 13:15:00,2025-05-29 13:25:00,2025-05-29 13:15:00,2025-05-29 13:25:00,0 days 00:10:00,10.0,Thursday,1,0,0,0,Spring,Afternoon,On Time,1,13
2025-05-29 14:00:00,ایران ایرتور,IRB980,ارومیه,پرواز كرد,"9, 10",2025-05-29 14:11:00,EPMDF,MD83,فرودگاه مهرآباد,Domestic Departure,2025-05-29 14:00:00,2025-05-29 14:11:00,2025-05-29 14:00:00,2025-05-29 14:11:00,0 days 00:11:00,11.0,Thursday,1,0,0,0,Spring,Afternoon,On Time,1,14
2025-05-29 14:10:00,یزد ایر,DZD9407,اهواز,پرواز كرد,"10, 11",2025-05-29 14:37:00,EPDZH,RJ85,فرودگاه مهرآباد,Domestic Departure,2025-05-29 14:10:00,2025-05-29 14:37:00,2025-05-29 14:10:00,2025-05-29 14:37:00,0 days 00:27:00,27.0,Thursday,1,0,0,0,Spring,Afternoon,Late,1,14
2025-05-29 14:50:00,رایمون,RAI7512,اصفهان,پرواز كرد,"1, 2",2025-05-29 14:54:00,EPNEA,EMB145,فرودگاه مهرآباد,Domestic Departure,2025-05-29 14:50:00,2025-05-29 14:54:00,2025-05-29 14:50:00,2025-05-29 14:54:00,0 days 00:04:00,4.0,Thursday,1,0,0,0,Spring,Afternoon,On Time,1,14
2025-05-29 14:50:00,قشم ایر,QSM1252,مشهد,پرواز كرد,"16, 17",2025-05-29 15:19:00,EPFQU,RJ100,فرودگاه مهرآباد,Domestic Departure,2025-05-29 14:50:00,2025-05-29 15:19:00,2025-05-29 14:50:00,2025-05-29 15:19:00,0 days 00:29:00,29.0,Thursday,1,0,0,0,Spring,Afternoon,Late,1,14
2025-05-29 14:55:00,آساجت,SJT8634,رشت,پرواز كرد,14,2025-05-29 15:10:00,EPJEK,EMB145,فرودگاه مهرآباد,Domestic Departure,2025-05-29 14:55:00,2025-05-29 15:10:00,2025-05-29 14:55:00,2025-05-29 15:10:00,0 days 00:15:00,15.0,Thursday,1,0,0,0,Spring,Afternoon,On Time,1,14
2025-05-29 15:05:00,ایران ایر,IRA350,كيش,پرواز كرد,"5, 6",2025-05-29 15:22:00,EPCFR,F100,فرودگاه مهرآباد,Domestic Departure,2025-05-29 15:05:00,2025-05-29 15:22:00,2025-05-29 15:05:00,2025-05-29 15:22:00,0 days 00:17:00,17.0,Thursday,1,0,0,0,Spring,Afternoon,Late,1,15
2025-05-29 15:40:00,کاسپین,CPN024,مشهد,پرواز كرد,"6, 7",2025-05-29 15:48:00,EPCPD,MD83,فرودگاه مهرآباد,Domestic Departure,2025-05-29 15:40:00,2025-05-29 15:48:00,2025-05-29 15:40:00,2025-05-29 15:48:00,0 days 00:08:00,8.0,Thursday,1,0,0,0,Spring,Afternoon,On Time,1,15
2025-05-29 15:50:00,آتا,TBZ5613,مشهد,پرواز كرد,"24, 25",2025-05-29 16:08:00,EPTAE,737,فرودگاه مهرآباد,Domestic Departure,2025-05-29 15:50:00,2025-05-29 16:08:00,2025-05-29 15:50:00,2025-05-29 16:08:00,0 days 00:18:00,18.0,Thursday,1,0,0,0,Spring,Afternoon,Late,1,15
2025-05-29 15:55:00,ایران ایر,IRA428,شیراز,پرواز كرد,"7, 8",2025-05-29 16:18:00,EPIEP,A319,فرودگاه مهرآباد,Domestic Departure,2025-05-29 15:55:00,2025-05-29 16:18:00,2025-05-29 15:55:00,2025-05-29 16:18:00,0 days 00:23:00,23.0,Thursday,1,0,0,0,Spring,Afternoon,Late,1,15
2025-05-29 15:55:00,آتا,TBZ5664,کرمان,پرواز كرد,"26, 27",2025-05-29 16:22:00,EPTAJ,MD83,فرودگاه مهرآباد,Domestic Departure,2025-05-29 15:55:00,2025-05-29 16:22:00,2025-05-29 15:55:00,2025-05-29 16:22:00,0 days 00:27:00,27.0,Thursday,1,0,0,0,Spring,Afternoon,Late,1,15
2025-05-29 16:20:00,اطلس ایر,ATS8288,مشهد,پرواز كرد,"14, 15",2025-05-29 16:57:00,EPLEE,737-700,فرودگاه مهرآباد,Domestic Departure,2025-05-29 16:20:00,2025-05-29 16:57:00,2025-05-29 16:20:00,2025-05-29 16:57:00,0 days 00:37:00,37.0,Thursday,1,0,0,0,Spring,Afternoon,Late,1,16
2025-05-29 16:30:00,ماهان,IRM1067,کرمان,پرواز كرد,"23, 24, 25",2025-05-29 16:58:00,EPMEE,747,فرودگاه مهرآباد,Domestic Departure,2025-05-29 16:30:00,2025-05-29 16:58:00,2025-05-29 16:30:00,2025-05-29 16:58:00,0 days 00:28:00,28.0,Thursday,1,0,0,0,Spring,Afternoon,Late,1,16
2025-05-29 16:50:00,آساجت,SJT8616,اصفهان,پرواز كرد,16,2025-05-29 17:00:00,EPRHO,EMB145,فرودگاه مهرآباد,Domestic Departure,2025-05-29 16:50:00,2025-05-29 17:00:00,2025-05-29 16:50:00,2025-05-29 17:00:00,0 days 00:10:00,10.0,Thursday,1,0,0,0,Spring,Afternoon,On Time,1,16
2025-05-29 16:55:00,اطلس ایر,ATS8270,مشهد,پرواز كرد,"18, 19",2025-05-29 17:10:00,EPTHI,RJ85,فرودگاه مهرآباد,Domestic Departure,2025-05-29 16:55:00,2025-05-29 17:10:00,2025-05-29 16:55:00,2025-05-29 17:10:00,0 days 00:15:00,15.0,Thursday,1,0,0,0,Spring,Afternoon,On Time,1,16
2025-05-29 17:00:00,آتا,TBZ5623,شیراز,پرواز كرد,"12, 13",2025-05-29 17:27:00,EPTAH,737,فرودگاه مهرآباد,Domestic Departure,2025-05-29 17:00:00,2025-05-29 17:27:00,2025-05-29 17:00:00,2025-05-29 17:27:00,0 days 00:27:00,27.0,Thursday,1,0,0,0,Spring,Evening,Late,1,17
2025-05-29 17:00:00,زاگرس,IZG4020,اهواز,پرواز كرد,3,2025-05-29 17:16:00,EPZAQ,MD83,فرودگاه مهرآباد,Domestic Departure,2025-05-29 17:00:00,2025-05-29 17:16:00,2025-05-29 17:00:00,2025-05-29 17:16:00,0 days 00:16:00,16.0,Thursday,1,0,0,0,Spring,Evening,Late,1,17
2025-05-29 17:05:00,آتا,TBZ5668,تبریز,پرواز كرد,"28, 29",2025-05-29 17:45:00,EPTAL,MD83,فرودگاه مهرآباد,Domestic Departure,2025-05-29 17:05:00,2025-05-29 17:45:00,2025-05-29 17:05:00,2025-05-29 17:45:00,0 days 00:40:00,40.0,Thursday,1,0,0,0,Spring,Evening,Late,1,17
2025-05-29 17:10:00,پويا,PYA2340,شیراز,پرواز كرد,14,2025-05-29 17:21:00,EPPUR,EMB145,فرودگاه مهرآباد,Domestic Departure,2025-05-29 17:10:00,2025-05-29 17:21:00,2025-05-29 17:10:00,2025-05-29 17:21:00,0 days 00:11:00,11.0,Thursday,1,0,0,0,Spring,Evening,On Time,1,17
2025-05-29 17:15:00,وارش,VRH5904,مشهد,پرواز كرد,4,2025-05-29 17:30:00,EPVAR,B737,فرودگاه مهرآباد,Domestic Departure,2025-05-29 17:15:00,2025-05-29 17:30:00,2025-05-29 17:15:00,2025-05-29 17:30:00,0 days 00:15:00,15.0,Thursday,1,0,0,0,Spring,Evening,On Time,1,17
2025-05-29 17:25:00,آتا,TBZ5719,مشهد,پرواز كرد,"24, 25",2025-05-29 18:41:00,EPTAO,MD83,فرودگاه مهرآباد,Domestic Departure,2025-05-29 17:25:00,2025-05-29 18:41:00,2025-05-29 17:25:00,2025-05-29 18:41:00,0 days 01:16:00,76.0,Thursday,1,0,0,0,Spring,Evening,Late,1,17
2025-05-29 17:25:00,کاسپین,CPN6936,قشم,پرواز كرد,"6, 7",2025-05-29 18:44:00,EPCAS,MD83,فرودگاه مهرآباد,Domestic Departure,2025-05-29 17:25:00,2025-05-29 18:44:00,2025-05-29 17:25:00,2025-05-29 18:44:00,0 days 01:19:00,79.0,Thursday,1,0,0,0,Spring,Evening,Late,1,17
2025-05-29 17:45:00,چابهار,IRU7650,مشهد,پرواز كرد,6,2025-05-29 19:07:00,EPSEB,MD83,فرودگاه مهرآباد,Domestic Departure,2025-05-29 17:45:00,2025-05-29 19:07:00,2025-05-29 17:45:00,2025-05-29 19:07:00,0 days 01:22:00,82.0,Thursday,1,0,0,0,Spring,Evening,Late,1,17
2025-05-29 17:50:00,ماهان,IRM1029,طبس,پرواز كرد,22,2025-05-29 17:53:00,EPMEI,RJ85,فرودگاه مهرآباد,Domestic Departure,2025-05-29 17:50:00,2025-05-29 17:53:00,2025-05-29 17:50:00,2025-05-29 17:53:00,0 days 00:03:00,3.0,Thursday,1,0,0,0,Spring,Evening,On Time,1,17
2025-05-29 17:50:00,کارون,KRU2660,ارومیه,پرواز كرد,"16, 17",2025-05-29 18:10:00,EPJIB,B737,فرودگاه مهرآباد,Domestic Departure,2025-05-29 17:50:00,2025-05-29 18:10:00,2025-05-29 17:50:00,2025-05-29 18:10:00,0 days 00:20:00,20.0,Thursday,1,0,0,0,Spring,Evening,Late,1,17
2025-05-29 18:05:00,تابان,TBN6256,مشهد,پرواز كرد,"3, 4",2025-05-29 18:47:00,EPSMA,MD.88,فرودگاه مهرآباد,Domestic Departure,2025-05-29 18:05:00,2025-05-29 18:47:00,2025-05-29 18:05:00,2025-05-29 18:47:00,0 days 00:42:00,42.0,Thursday,1,0,0,0,Spring,Evening,Late,1,18
2025-05-29 18:10:00,آسمان,IRC640,تبریز,پرواز كرد,"26, 27",2025-05-29 18:52:00,EPASR,F100,فرودگاه مهرآباد,Domestic Departure,2025-05-29 18:10:00,2025-05-29 18:52:00,2025-05-29 18:10:00,2025-05-29 18:52:00,0 days 00:42:00,42.0,Thursday,1,0,0,0,Spring,Evening,Late,1,18
2025-05-29 18:15:00,آساجت,SJT8624,یزد,پرواز كرد,21,2025-05-29 18:57:00,EPJEK,EMB145,فرودگاه مهرآباد,Domestic Departure,2025-05-29 18:15:00,2025-05-29 18:57:00,2025-05-29 18:15:00,2025-05-29 18:57:00,0 days 00:42:00,42.0,Thursday,1,0,0,0,Spring,Evening,Late,1,18
2025-05-29 18:15:00,ماهان,IRM1026,اردبیل,پرواز كرد,21,2025-05-29 19:03:00,EPMEA,RJ85,فرودگاه مهرآباد,Domestic Departure,2025-05-29 18:15:00,2025-05-29 19:03:00,2025-05-29 18:15:00,2025-05-29 19:03:00,0 days 00:48:00,48.0,Thursday,1,0,0,0,Spring,Evening,Late,1,18
2025-05-29 18:20:00,کارون,KRU2602,اصفهان,پرواز كرد,"14, 15",2025-05-29 19:17:00,EPMIS,F100,فرودگاه مهرآباد,Domestic Departure,2025-05-29 18:20:00,2025-05-29 19:17:00,2025-05-29 18:20:00,2025-05-29 19:17:00,0 days 00:57:00,57.0,Thursday,1,0,0,0,Spring,Evening,Late,1,18
2025-05-29 18:20:00,ماهان,IRM1055,کرمان,پرواز كرد,25,2025-05-29 19:23:00,EPMOS,RJ85,فرودگاه مهرآباد,Domestic Departure,2025-05-29 18:20:00,2025-05-29 19:23:00,2025-05-29 18:20:00,2025-05-29 19:23:00,0 days 01:03:00,63.0,Thursday,1,0,0,0,Spring,Evening,Late,1,18
2025-05-29 18:30:00,ماهان,IRM1002,تبریز,پرواز كرد,24,2025-05-29 19:28:00,EPMEU,RJ85,فرودگاه مهرآباد,Domestic Departure,2025-05-29 18:30:00,2025-05-29 19:28:00,2025-05-29 18:30:00,2025-05-29 19:28:00,0 days 00:58:00,58.0,Thursday,1,0,0,0,Spring,Evening,Late,1,18
2025-05-29 18:30:00,ایران ایرتور,IRB912,بندرعباس,پرواز كرد,"9, 10",2025-05-29 19:09:00,EPMDF,MD83,فرودگاه مهرآباد,Domestic Departure,2025-05-29 18:30:00,2025-05-29 19:09:00,2025-05-29 18:30:00,2025-05-29 19:09:00,0 days 00:39:00,39.0,Thursday,1,0,0,0,Spring,Evening,Late,1,18
2025-05-29 18:35:00,رایمون,RAI7510,رشت,پرواز كرد,"1, 2",2025-05-29 19:25:00,EPNEA,EMB145,فرودگاه مهرآباد,Domestic Departure,2025-05-29 18:35:00,2025-05-29 19:25:00,2025-05-29 18:35:00,2025-05-29 19:25:00,0 days 00:50:00,50.0,Thursday,1,0,0,0,Spring,Evening,Late,1,18
2025-05-29 19:00:00,قشم ایر,QSM1210,اهواز,پرواز كرد,18,2025-05-29 19:54:00,EPFQV,rj100,فرودگاه مهرآباد,Domestic Departure,2025-05-29 19:00:00,2025-05-29 19:54:00,2025-05-29 19:00:00,2025-05-29 19:54:00,0 days 00:54:00,54.0,Thursday,1,0,0,0,Spring,Evening,Late,1,19
2025-05-29 19:00:00,وارش,VRH5814,بندرعباس,پرواز كرد,4,2025-05-29 19:41:00,EPVAF,B737,فرودگاه مهرآباد,Domestic Departure,2025-05-29 19:00:00,2025-05-29 19:41:00,2025-05-29 19:00:00,2025-05-29 19:41:00,0 days 00:41:00,41.0,Thursday,1,0,0,0,Spring,Evening,Late,1,19
2025-05-29 19:05:00,اطلس ایر,ATS8291,مشهد,پرواز كرد,19,2025-05-29 20:12:00,EPSAP,MD83,فرودگاه مهرآباد,Domestic Departure,2025-05-29 19:05:00,2025-05-29 20:12:00,2025-05-29 19:05:00,2025-05-29 20:12:00,0 days 01:07:00,67.0,Thursday,1,0,0,0,Spring,Evening,Late,1,19
2025-05-29 19:10:00,فلای پرشیا,FPI7405,شیراز,پرواز كرد,"18, 19",2025-05-29 19:23:00,EPFPA,737-700,فرودگاه مهرآباد,Domestic Departure,2025-05-29 19:10:00,2025-05-29 19:23:00,2025-05-29 19:10:00,2025-05-29 19:23:00,0 days 00:13:00,13.0,Thursday,1,0,0,0,Spring,Evening,On Time,1,19
2025-05-29 19:15:00,تابان,TBN6326,مشهد,پرواز كرد,"3, 4",2025-05-29 20:30:00,,MD.88,فرودگاه مهرآباد,Domestic Departure,2025-05-29 19:15:00,2025-05-29 20:30:00,2025-05-29 19:15:00,2025-05-29 20:30:00,0 days 01:15:00,75.0,Thursday,1,0,0,0,Spring,Evening,Late,1,19
2025-05-29 19:30:00,قشم ایر,QSM1240,قشم,پرواز كرد,"16, 17",2025-05-29 20:40:00,EPFQU,rj100,فرودگاه مهرآباد,Domestic Departure,2025-05-29 19:30:00,2025-05-29 20:40:00,2025-05-29 19:30:00,2025-05-29 20:40:00,0 days 01:10:00,70.0,Thursday,1,0,0,0,Spring,Evening,Late,1,19
2025-05-29 19:30:00,ایران ایرتور,IRB988,اهواز,پرواز كرد,"9, 10",2025-05-29 20:23:00,,MD83,فرودگاه مهرآباد,Domestic Departure,2025-05-29 19:30:00,2025-05-29 20:23:00,2025-05-29 19:30:00,2025-05-29 20:23:00,0 days 00:53:00,53.0,Thursday,1,0,0,0,Spring,Evening,Late,1,19
2025-05-29 19:35:00,آتا,TBZ5712,آبادان,پرواز كرد,"26, 27",2025-05-29 20:15:00,EPTAN,MD83,فرودگاه مهرآباد,Domestic Departure,2025-05-29 19:35:00,2025-05-29 20:15:00,2025-05-29 19:35:00,2025-05-29 20:15:00,0 days 00:40:00,40.0,Thursday,1,0,0,0,Spring,Evening,Late,1,19
2025-05-29 19:45:00,کاسپین,CPN6900,بوشهر,پرواز كرد,"6, 7",2025-05-29 20:31:00,EPCPU,MD83,فرودگاه مهرآباد,Domestic Departure,2025-05-29 19:45:00,2025-05-29 20:31:00,2025-05-29 19:45:00,2025-05-29 20:31:00,0 days 00:46:00,46.0,Thursday,1,0,0,0,Spring,Evening,Late,1,19
2025-05-29 19:50:00,ساها,IRZ156,شیراز,پرواز كرد,"10, 11",2025-05-29 20:18:00,EPSII,737-700,فرودگاه مهرآباد,Domestic Departure,2025-05-29 19:50:00,2025-05-29 20:18:00,2025-05-29 19:50:00,2025-05-29 20:18:00,0 days 00:28:00,28.0,Thursday,1,0,0,0,Spring,Evening,Late,1,19
2025-05-29 19:55:00,کیش ایر,KIS7163,کرمان,پرواز كرد,"9, 10",2025-05-29 20:44:00,EPLCM,MD82,فرودگاه مهرآباد,Domestic Departure,2025-05-29 19:55:00,2025-05-29 20:44:00,2025-05-29 19:55:00,2025-05-29 20:44:00,0 days 00:49:00,49.0,Thursday,1,0,0,0,Spring,Evening,Late,1,19
2025-05-29 20:00:00,وارش,VRH5902,مشهد,پرواز كرد,5,2025-05-29 20:37:00,EPVAK,B737,فرودگاه مهرآباد,Domestic Departure,2025-05-29 20:00:00,2025-05-29 20:37:00,2025-05-29 20:00:00,2025-05-29 20:37:00,0 days 00:37:00,37.0,Thursday,1,0,0,0,Spring,Evening,Late,1,20
2025-05-29 20:05:00,کیش ایر,KIS7081,كيش,پرواز كرد,11,2025-05-29 20:27:00,EPLCK,MD83,فرودگاه مهرآباد,Domestic Departure,2025-05-29 20:05:00,2025-05-29 20:27:00,2025-05-29 20:05:00,2025-05-29 20:27:00,0 days 00:22:00,22.0,Thursday,1,0,0,0,Spring,Evening,Late,1,20
2025-05-29 20:05:00,چابهار,IRU7612,زاهدان,پرواز كرد,4,2025-05-29 20:20:00,EPCBD,MD83,فرودگاه مهرآباد,Domestic Departure,2025-05-29 20:05:00,2025-05-29 20:20:00,2025-05-29 20:05:00,2025-05-29 20:20:00,0 days 00:15:00,15.0,Thursday,1,0,0,0,Spring,Evening,On Time,1,20
2025-05-29 20:20:00,کیش ایر,KIS7051,شیراز,پرواز كرد,12,2025-05-29 20:47:00,EPLCO,MD82,فرودگاه مهرآباد,Domestic Departure,2025-05-29 20:20:00,2025-05-29 20:47:00,2025-05-29 20:20:00,2025-05-29 20:47:00,0 days 00:27:00,27.0,Thursday,1,0,0,0,Spring,Evening,Late,1,20
2025-05-29 20:50:00,ایران ایر,IRA265,آبادان,پرواز كرد,"5, 6",2025-05-29 21:37:00,EPCFR,F100,فرودگاه مهرآباد,Domestic Departure,2025-05-29 20:50:00,2025-05-29 21:37:00,2025-05-29 20:50:00,2025-05-29 21:37:00,0 days 00:47:00,47.0,Thursday,1,0,0,0,Spring,Evening,Late,1,20
2025-05-29 21:00:00,زاگرس,IZG4050,بندرعباس,پرواز كرد,3,2025-05-29 21:32:00,EPZAQ,MD83,فرودگاه مهرآباد,Domestic Departure,2025-05-29 21:00:00,2025-05-29 21:32:00,2025-05-29 21:00:00,2025-05-29 21:32:00,0 days 00:32:00,32.0,Thursday,1,0,0,0,Spring,Night,Late,1,21
2025-05-29 21:05:00,آتا,TBZ5646,تبریز,پرواز كرد,"12, 13",2025-05-29 22:12:00,EPTAL,MD83,فرودگاه مهرآباد,Domestic Departure,2025-05-29 21:05:00,2025-05-29 22:12:00,2025-05-29 21:05:00,2025-05-29 22:12:00,0 days 01:07:00,67.0,Thursday,1,0,0,0,Spring,Night,Late,1,21
2025-05-29 21:15:00,آتا,TBZ5670,یزد,پرواز كرد,"28, 29",2025-05-29 21:21:00,EPTAJ,MD83,فرودگاه مهرآباد,Domestic Departure,2025-05-29 21:15:00,2025-05-29 21:21:00,2025-05-29 21:15:00,2025-05-29 21:21:00,0 days 00:06:00,6.0,Thursday,1,0,0,0,Spring,Night,On Time,1,21
2025-05-29 21:15:00,کیش ایر,KIS7025,كيش,پرواز كرد,"9, 10",2025-05-29 21:27:00,EPLCJ,MD83,فرودگاه مهرآباد,Domestic Departure,2025-05-29 21:15:00,2025-05-29 21:27:00,2025-05-29 21:15:00,2025-05-29 21:27:00,0 days 00:12:00,12.0,Thursday,1,0,0,0,Spring,Night,On Time,1,21
2025-05-29 21:45:00,پارس ایر,PRS4426,شیراز,پرواز كرد,"18, 19",2025-05-29 22:14:00,EPPAO,B737,فرودگاه مهرآباد,Domestic Departure,2025-05-29 21:45:00,2025-05-29 22:14:00,2025-05-29 21:45:00,2025-05-29 22:14:00,0 days 00:29:00,29.0,Thursday,1,0,0,0,Spring,Night,Late,1,21
2025-05-29 22:10:00,کارون,KRU2610,دزفول,پرواز كرد,"18, 19",2025-05-29 23:06:00,EPMIS,F100,فرودگاه مهرآباد,Domestic Departure,2025-05-29 22:10:00,2025-05-29 23:06:00,2025-05-29 22:10:00,2025-05-29 23:06:00,0 days 00:56:00,56.0,Thursday,1,0,0,0,Spring,Night,Late,1,22
2025-05-29 22:10:00,آسمان,IRC630,گرگان,پرواز كرد,"28, 29",2025-05-29 22:53:00,EPASR,F100,فرودگاه مهرآباد,Domestic Departure,2025-05-29 22:10:00,2025-05-29 22:53:00,2025-05-29 22:10:00,2025-05-29 22:53:00,0 days 00:43:00,43.0,Thursday,1,0,0,0,Spring,Night,Late,1,22
2025-05-29 22:15:00,کیش ایر,KIS7069,مشهد,پرواز كرد,"11, 12",2025-05-29 23:38:00,EPLCL,MD82,فرودگاه مهرآباد,Domestic Departure,2025-05-29 22:15:00,2025-05-29 23:38:00,2025-05-29 22:15:00,2025-05-29 23:38:00,0 days 01:23:00,83.0,Thursday,1,0,0,0,Spring,Night,Late,1,22
2025-05-29 22:25:00,آساجت,SJT8662,اراک,پرواز كرد,14,2025-05-29 22:23:00,EPJEK,EMB145,فرودگاه مهرآباد,Domestic Departure,2025-05-29 22:25:00,2025-05-29 22:23:00,2025-05-29 22:25:00,2025-05-29 22:23:00,-1 days +23:58:00,-2.0,Thursday,1,0,0,0,Spring,Night,Early,1,22
2025-05-29 20:00:00,سپهران,SHI4366,آبادان,پرواز كرد,"3, 4",2025-05-29 20:30:00,,B737,فرودگاه مشهد,Domestic Departure,2025-05-29 20:00:00,2025-05-29 20:30:00,2025-05-29 20:00:00,2025-05-29 20:30:00,0 days 00:30:00,30.0,Thursday,1,0,0,0,Spring,Evening,Late,1,20
2025-05-29 20:05:00,چابهار,IRU7651,تهران,پرواز كرد,22,2025-05-29 21:32:00,,MD83,فرودگاه مشهد,Domestic Departure,2025-05-29 20:05:00,2025-05-29 21:32:00,2025-05-29 20:05:00,2025-05-29 21:32:00,0 days 01:27:00,87.0,Thursday,1,0,0,0,Spring,Evening,Late,1,20
2025-05-29 20:30:00,زاگرس,IZG4110,شیراز,پرواز كرد,19,2025-05-29 20:42:00,,MD82,فرودگاه مشهد,Domestic Departure,2025-05-29 20:30:00,2025-05-29 20:42:00,2025-05-29 20:30:00,2025-05-29 20:42:00,0 days 00:12:00,12.0,Thursday,1,0,0,0,Spring,Evening,On Time,1,20
2025-05-29 20:30:00,ایران ایرتور,IRB976,آبادان,پرواز كرد,"29, 30",2025-05-29 20:36:00,,MD82,فرودگاه مشهد,Domestic Departure,2025-05-29 20:30:00,2025-05-29 20:36:00,2025-05-29 20:30:00,2025-05-29 20:36:00,0 days 00:06:00,6.0,Thursday,1,0,0,0,Spring,Evening,On Time,1,20
2025-05-29 20:35:00,ماهان,IRM1076,کرمان,پرواز كرد,"5, 6",2025-05-29 20:47:00,,BAE100,فرودگاه مشهد,Domestic Departure,2025-05-29 20:35:00,2025-05-29 20:47:00,2025-05-29 20:35:00,2025-05-29 20:47:00,0 days 00:12:00,12.0,Thursday,1,0,0,0,Spring,Evening,On Time,1,20
2025-05-29 20:40:00,ایران ایر,IRA259,شیراز,پرواز كرد,"25, 26",2025-05-29 21:05:00,,A319,فرودگاه مشهد,Domestic Departure,2025-05-29 20:40:00,2025-05-29 21:05:00,2025-05-29 20:40:00,2025-05-29 21:05:00,0 days 00:25:00,25.0,Thursday,1,0,0,0,Spring,Evening,Late,1,20
2025-05-29 21:05:00,ماهان,IRM1032,تهران,پرواز كرد,"7, 8",2025-05-29 21:22:00,,BAE100,فرودگاه مشهد,Domestic Departure,2025-05-29 21:05:00,2025-05-29 21:22:00,2025-05-29 21:05:00,2025-05-29 21:22:00,0 days 00:17:00,17.0,Thursday,1,0,0,0,Spring,Night,Late,1,21
2025-05-29 21:15:00,هواپیمایی اطلس,ATS8292,تهران,پرواز كرد,"3, 4",2025-05-29 22:37:00,,MD83,فرودگاه مشهد,Domestic Departure,2025-05-29 21:15:00,2025-05-29 22:37:00,2025-05-29 21:15:00,2025-05-29 22:37:00,0 days 01:22:00,82.0,Thursday,1,0,0,0,Spring,Night,Late,1,21
2025-05-29 21:30:00,تابان,TBN6325,تهران,پرواز كرد,18,2025-05-29 22:56:00,,MD.88,فرودگاه مشهد,Domestic Departure,2025-05-29 21:30:00,2025-05-29 22:56:00,2025-05-29 21:30:00,2025-05-29 22:56:00,0 days 01:26:00,86.0,Thursday,1,0,0,0,Spring,Night,Late,1,21
2025-05-29 21:30:00,آتا,TBZ5647,آبادان,پرواز كرد,"11, 12",2025-05-29 21:40:00,,MD80,فرودگاه مشهد,Domestic Departure,2025-05-29 21:30:00,2025-05-29 21:40:00,2025-05-29 21:30:00,2025-05-29 21:40:00,0 days 00:10:00,10.0,Thursday,1,0,0,0,Spring,Night,On Time,1,21
2025-05-29 23:00:00,تابان,TBN6217,آبادان,پرواز كرد,17,2025-05-29 23:14:00,,MD.88,فرودگاه مشهد,Domestic Departure,2025-05-29 23:00:00,2025-05-29 23:14:00,2025-05-29 23:00:00,2025-05-29 23:14:00,0 days 00:14:00,14.0,Thursday,1,0,0,0,Spring,Night,On Time,1,23
2025-05-29 23:40:00,کاسپین,CPN025,تهران,پرواز كرد,"5, 6",2025-05-29 23:42:00,,MD82,فرودگاه مشهد,Domestic Departure,2025-05-29 23:40:00,2025-05-29 23:42:00,2025-05-29 23:40:00,2025-05-29 23:42:00,0 days 00:02:00,2.0,Thursday,1,0,0,0,Spring,Night,On Time,1,23
2025-05-24 02:55:00,ایران ایر,IRA236,شیراز/بندرلنگه,پرواز كرد,3,2025-05-24 03:32:00,EPCFM,F100,فرودگاه مهرآباد,Domestic Departure,2025-05-24 02:55:00,2025-05-24 03:32:00,2025-05-24 02:55:00,2025-05-24 03:32:00,0 days 00:37:00,37.0,Saturday,0,0,0,0,Spring,Night,Late,1,2
2025-05-24 04:35:00,زاگرس,IZG4022,اهواز,پرواز كرد,3,2025-05-24 05:04:00,EPZAQ,MD83,فرودگاه مهرآباد,Domestic Departure,2025-05-24 04:35:00,2025-05-24 05:04:00,2025-05-24 04:35:00,2025-05-24 05:04:00,0 days 00:29:00,29.0,Saturday,0,0,0,0,Spring,Night,Late,1,4
2025-05-24 04:50:00,چابهار,IRU7660,مشهد,پرواز كرد,5,2025-05-24 04:54:00,EPCBI,MD83,فرودگاه مهرآباد,Domestic Departure,2025-05-24 04:50:00,2025-05-24 04:54:00,2025-05-24 04:50:00,2025-05-24 04:54:00,0 days 00:04:00,4.0,Saturday,0,0,0,0,Spring,Night,On Time,1,4
2025-05-24 04:50:00,آسمان,IRC862,یزد,پرواز كرد,26,2025-05-24 04:58:00,EPASR,F100,فرودگاه مهرآباد,Domestic Departure,2025-05-24 04:50:00,2025-05-24 04:58:00,2025-05-24 04:50:00,2025-05-24 04:58:00,0 days 00:08:00,8.0,Saturday,0,0,0,0,Spring,Night,On Time,1,4
2025-05-24 04:55:00,پارس ایر,PRS4492,آغاجاری,پرواز كرد,20,2025-05-24 04:56:00,EPPRA,CRJ200,فرودگاه مهرآباد,Domestic Departure,2025-05-24 04:55:00,2025-05-24 04:56:00,2025-05-24 04:55:00,2025-05-24 04:56:00,0 days 00:01:00,1.0,Saturday,0,0,0,0,Spring,Night,On Time,1,4
2025-05-24 05:00:00,کاسپین,CPN048,شیراز,پرواز كرد,"10, 11",2025-05-24 05:02:00,EPCAS,MD83,فرودگاه مهرآباد,Domestic Departure,2025-05-24 05:00:00,2025-05-24 05:02:00,2025-05-24 05:00:00,2025-05-24 05:02:00,0 days 00:02:00,2.0,Saturday,0,0,0,0,Spring,Morning,On Time,1,5
2025-05-24 05:05:00,ایران ایرتور,IRB930,بیرجند,پرواز كرد,"5, 6",2025-05-24 05:12:00,EPMDF,MD83,فرودگاه مهرآباد,Domestic Departure,2025-05-24 05:05:00,2025-05-24 05:12:00,2025-05-24 05:05:00,2025-05-24 05:12:00,0 days 00:07:00,7.0,Saturday,0,0,0,0,Spring,Morning,On Time,1,5
2025-05-24 05:10:00,چابهار,IRU7646,شیراز,پرواز كرد,7,2025-05-24 05:35:00,EPSEB,MD83,فرودگاه مهرآباد,Domestic Departure,2025-05-24 05:10:00,2025-05-24 05:35:00,2025-05-24 05:10:00,2025-05-24 05:35:00,0 days 00:25:00,25.0,Saturday,0,0,0,0,Spring,Morning,Late,1,5
2025-05-24 05:10:00,کیش ایر,KIS7169,مشهد,پرواز كرد,"9, 10",2025-05-24 05:21:00,EPLCO,MD83,فرودگاه مهرآباد,Domestic Departure,2025-05-24 05:10:00,2025-05-24 05:21:00,2025-05-24 05:10:00,2025-05-24 05:21:00,0 days 00:11:00,11.0,Saturday,0,0,0,0,Spring,Morning,On Time,1,5
2025-05-24 05:15:00,کیش ایر,KIS7093,عسلویه,پرواز كرد,"11, 12",2025-05-24 05:38:00,EPLCM,MD83,فرودگاه مهرآباد,Domestic Departure,2025-05-24 05:15:00,2025-05-24 05:38:00,2025-05-24 05:15:00,2025-05-24 05:38:00,0 days 00:23:00,23.0,Saturday,0,0,0,0,Spring,Morning,Late,1,5
2025-05-24 05:25:00,پارس ایر,PRS4480,مشهد,پرواز كرد,"21, 22",2025-05-24 06:18:00,EPPAO,737,فرودگاه مهرآباد,Domestic Departure,2025-05-24 05:25:00,2025-05-24 06:18:00,2025-05-24 05:25:00,2025-05-24 06:18:00,0 days 00:53:00,53.0,Saturday,0,0,0,0,Spring,Morning,Late,1,5
2025-05-31 20:10:00,چابهار,IRU7651,تهران,پرواز كرد,20,2025-05-31 20:26:00,,MD83,فرودگاه مشهد,Domestic Departure,2025-05-31 20:10:00,2025-05-31 20:26:00,2025-05-31 20:10:00,2025-05-31 20:26:00,0 days 00:16:00,16.0,Saturday,0,0,0,0,Spring,Evening,Late,1,20
2025-05-31 20:30:00,زاگرس,IZG4110,شیراز,پرواز كرد,18,2025-05-31 20:50:00,,MD82,فرودگاه مشهد,Domestic Departure,2025-05-31 20:30:00,2025-05-31 20:50:00,2025-05-31 20:30:00,2025-05-31 20:50:00,0 days 00:20:00,20.0,Saturday,0,0,0,0,Spring,Evening,Late,1,20
2025-05-31 20:30:00,ایران ایرتور,IRB954,اهواز,پرواز كرد,"28, 29",2025-05-31 20:43:00,,MD82,فرودگاه مشهد,Domestic Departure,2025-05-31 20:30:00,2025-05-31 20:43:00,2025-05-31 20:30:00,2025-05-31 20:43:00,0 days 00:13:00,13.0,Saturday,0,0,0,0,Spring,Evening,On Time,1,20
2025-05-31 21:00:00,آتا,TBZ5641,اهواز,پرواز كرد,"11, 12",2025-05-31 21:14:00,,MD80,فرودگاه مشهد,Domestic Departure,2025-05-31 21:00:00,2025-05-31 21:14:00,2025-05-31 21:00:00,2025-05-31 21:14:00,0 days 00:14:00,14.0,Saturday,0,0,0,0,Spring,Night,On Time,1,21
2025-05-31 21:15:00,کاسپین,CPN6954,بندرعباس,پرواز كرد,"5, 6",2025-05-31 21:40:00,,MD82,فرودگاه مشهد,Domestic Departure,2025-05-31 21:15:00,2025-05-31 21:40:00,2025-05-31 21:15:00,2025-05-31 21:40:00,0 days 00:25:00,25.0,Saturday,0,0,0,0,Spring,Night,Late,1,21
2025-05-31 21:30:00,فلای پرشیا,FPI7439,تهران,پرواز كرد,"3, 4",2025-05-31 21:30:00,,B737,فرودگاه مشهد,Domestic Departure,2025-05-31 21:30:00,2025-05-31 21:30:00,2025-05-31 21:30:00,2025-05-31 21:30:00,0 days 00:00:00,0.0,Saturday,0,0,0,0,Spring,Night,On Time,1,21
2025-05-31 21:30:00,تابان,TBN6325,تهران,پرواز كرد,23,2025-05-31 22:07:00,,MD.88,فرودگاه مشهد,Domestic Departure,2025-05-31 21:30:00,2025-05-31 22:07:00,2025-05-31 21:30:00,2025-05-31 22:07:00,0 days 00:37:00,37.0,Saturday,0,0,0,0,Spring,Night,Late,1,21
2025-05-31 22:00:00,آوا,AXV7705,تهران,پرواز كرد,"7, 8",2025-05-31 22:36:00,,737,فرودگاه مشهد,Domestic Departure,2025-05-31 22:00:00,2025-05-31 22:36:00,2025-05-31 22:00:00,2025-05-31 22:36:00,0 days 00:36:00,36.0,Saturday,0,0,0,0,Spring,Night,Late,1,22
2025-05-31 22:15:00,هواپیمایی پارس,PRS4415,آبادان,پرواز كرد,"9, 10",2025-05-31 22:50:00,,B737,فرودگاه مشهد,Domestic Departure,2025-05-31 22:15:00,2025-05-31 22:50:00,2025-05-31 22:15:00,2025-05-31 22:50:00,0 days 00:35:00,35.0,Saturday,0,0,0,0,Spring,Night,Late,1,22
2025-06-01 00:05:00,طوس ایر,IRT8163,سراوان,پرواز كرد,,2025-06-01 00:43:00,EPTOF,ARGOSY,فرودگاه مهرآباد,Domestic Departure,2025-06-01 00:05:00,2025-06-01 00:43:00,2025-06-01 00:05:00,2025-06-01 00:43:00,0 days 00:38:00,38.0,Sunday,0,0,0,0,Spring,Night,Late,1,0
2025-06-01 04:30:00,ساها,IRZ158,شیراز,پرواز كرد,"6, 7",2025-06-01 04:35:00,EPSII,737-700,فرودگاه مهرآباد,Domestic Departure,2025-06-01 04:30:00,2025-06-01 04:35:00,2025-06-01 04:30:00,2025-06-01 04:35:00,0 days 00:05:00,5.0,Sunday,0,0,0,0,Spring,Night,On Time,1,4
2025-06-01 04:30:00,زاگرس,IZG4022,اهواز,پرواز كرد,3,2025-06-01 05:07:00,EPZAQ,MD83,فرودگاه مهرآباد,Domestic Departure,2025-06-01 04:30:00,2025-06-01 05:07:00,2025-06-01 04:30:00,2025-06-01 05:07:00,0 days 00:37:00,37.0,Sunday,0,0,0,0,Spring,Night,Late,1,4
2025-06-01 04:55:00,وارش,VRH5818,مشهد,پرواز كرد,5,2025-06-01 05:30:00,EPVAK,B737,فرودگاه مهرآباد,Domestic Departure,2025-06-01 04:55:00,2025-06-01 05:30:00,2025-06-01 04:55:00,2025-06-01 05:30:00,0 days 00:35:00,35.0,Sunday,0,0,0,0,Spring,Night,Late,1,4
2025-06-01 05:00:00,کاسپین,CPN048,شیراز,پرواز كرد,"8, 9",2025-06-01 05:11:00,EPCAQ,737,فرودگاه مهرآباد,Domestic Departure,2025-06-01 05:00:00,2025-06-01 05:11:00,2025-06-01 05:00:00,2025-06-01 05:11:00,0 days 00:11:00,11.0,Sunday,0,0,0,0,Spring,Morning,On Time,1,5
2025-06-01 05:05:00,آتا,TBZ5625,اهواز,پرواز كرد,"12, 13",2025-06-01 06:03:00,EPTAH,737,فرودگاه مهرآباد,Domestic Departure,2025-06-01 05:05:00,2025-06-01 06:03:00,2025-06-01 05:05:00,2025-06-01 06:03:00,0 days 00:58:00,58.0,Sunday,0,0,0,0,Spring,Morning,Late,1,5
2025-06-01 05:10:00,چابهار,IRU7646,شیراز,پرواز كرد,7,2025-06-01 05:22:00,EPSEB,MD83,فرودگاه مهرآباد,Domestic Departure,2025-06-01 05:10:00,2025-06-01 05:22:00,2025-06-01 05:10:00,2025-06-01 05:22:00,0 days 00:12:00,12.0,Sunday,0,0,0,0,Spring,Morning,On Time,1,5
2025-06-01 05:10:00,کاسپین,CPN026,مشهد,پرواز كرد,"10, 11",2025-06-01 05:15:00,EPCPU,MD83,فرودگاه مهرآباد,Domestic Departure,2025-06-01 05:10:00,2025-06-01 05:15:00,2025-06-01 05:10:00,2025-06-01 05:15:00,0 days 00:05:00,5.0,Sunday,0,0,0,0,Spring,Morning,On Time,1,5
2025-06-01 05:15:00,کیش ایر,KIS7193,عسلویه,پرواز كرد,"9, 10",2025-06-01 05:59:00,EPLCK,MD82,فرودگاه مهرآباد,Domestic Departure,2025-06-01 05:15:00,2025-06-01 05:59:00,2025-06-01 05:15:00,2025-06-01 05:59:00,0 days 00:44:00,44.0,Sunday,0,0,0,0,Spring,Morning,Late,1,5
2025-06-01 05:20:00,قشم ایر,QSM1293,سنندج,پرواز كرد,"16, 17",2025-06-01 05:32:00,EPFQI,FOKER100,فرودگاه مهرآباد,Domestic Departure,2025-06-01 05:20:00,2025-06-01 05:32:00,2025-06-01 05:20:00,2025-06-01 05:32:00,0 days 00:12:00,12.0,Sunday,0,0,0,0,Spring,Morning,On Time,1,5
2025-06-01 05:25:00,ایران ایر,IRA3412,بجنورد,پرواز كرد,2,2025-06-01 05:27:00,EPITM,ATR-72-500,فرودگاه مهرآباد,Domestic Departure,2025-06-01 05:25:00,2025-06-01 05:27:00,2025-06-01 05:25:00,2025-06-01 05:27:00,0 days 00:02:00,2.0,Sunday,0,0,0,0,Spring,Morning,On Time,1,5
2025-06-01 05:30:00,وارش,VRH5852,اهواز,پرواز كرد,4,2025-06-01 05:44:00,EPVBM,B737,فرودگاه مهرآباد,Domestic Departure,2025-06-01 05:30:00,2025-06-01 05:44:00,2025-06-01 05:30:00,2025-06-01 05:44:00,0 days 00:14:00,14.0,Sunday,0,0,0,0,Spring,Morning,On Time,1,5
2025-06-01 05:30:00,پويا,PYA2314,یزد,پرواز كرد,14,2025-06-01 05:36:00,EPPUR,EMB145,فرودگاه مهرآباد,Domestic Departure,2025-06-01 05:30:00,2025-06-01 05:36:00,2025-06-01 05:30:00,2025-06-01 05:36:00,0 days 00:06:00,6.0,Sunday,0,0,0,0,Spring,Morning,On Time,1,5
2025-06-01 05:35:00,کارون,KRU2584,عسلویه,پرواز كرد,"14, 15",2025-06-01 06:10:00,EPNFC,737,فرودگاه مهرآباد,Domestic Departure,2025-06-01 05:35:00,2025-06-01 06:10:00,2025-06-01 05:35:00,2025-06-01 06:10:00,0 days 00:35:00,35.0,Sunday,0,0,0,0,Spring,Morning,Late,1,5
2025-06-01 05:35:00,پارس ایر,PRS4454,مشهد,پرواز كرد,"18, 19",2025-06-01 12:50:00,EPPAM,737,فرودگاه مهرآباد,Domestic Departure,2025-06-01 05:35:00,2025-06-01 12:50:00,2025-06-01 05:35:00,2025-06-01 12:50:00,0 days 07:15:00,435.0,Sunday,0,0,0,0,Spring,Morning,Late,1,5
2025-06-01 05:40:00,آتا,TBZ5643,سیرجان,پرواز كرد,"24, 25",2025-06-01 05:41:00,EPTAE,B737,فرودگاه مهرآباد,Domestic Departure,2025-06-01 05:40:00,2025-06-01 05:41:00,2025-06-01 05:40:00,2025-06-01 05:41:00,0 days 00:01:00,1.0,Sunday,0,0,0,0,Spring,Morning,On Time,1,5
2025-06-01 05:45:00,ماهان,IRM4525,چابهار,پرواز كرد,25,2025-06-01 05:57:00,EPMEA,RJ85,فرودگاه مهرآباد,Domestic Departure,2025-06-01 05:45:00,2025-06-01 05:57:00,2025-06-01 05:45:00,2025-06-01 05:57:00,0 days 00:12:00,12.0,Sunday,0,0,0,0,Spring,Morning,On Time,1,5
2025-06-01 05:45:00,چابهار,IRU7628,بوشهر,پرواز كرد,6,2025-06-01 05:51:00,EPCBD,MD82,فرودگاه مهرآباد,Domestic Departure,2025-06-01 05:45:00,2025-06-01 05:51:00,2025-06-01 05:45:00,2025-06-01 05:51:00,0 days 00:06:00,6.0,Sunday,0,0,0,0,Spring,Morning,On Time,1,5
2025-06-01 05:50:00,آساجت,SJT8604,عسلویه,پرواز كرد,19,2025-06-01 06:08:00,EPRHO,EMB145,فرودگاه مهرآباد,Domestic Departure,2025-06-01 05:50:00,2025-06-01 06:08:00,2025-06-01 05:50:00,2025-06-01 06:08:00,0 days 00:18:00,18.0,Sunday,0,0,0,0,Spring,Morning,Late,1,5
2025-06-01 05:55:00,ایران ایر,IRA472,کرمان,پرواز كرد,4,2025-06-01 06:19:00,EPCFR,F100,فرودگاه مهرآباد,Domestic Departure,2025-06-01 05:55:00,2025-06-01 06:19:00,2025-06-01 05:55:00,2025-06-01 06:19:00,0 days 00:24:00,24.0,Sunday,0,0,0,0,Spring,Morning,Late,1,5
2025-06-01 05:55:00,کارون,KRU2528,لاوان,پرواز كرد,18,2025-06-01 05:54:00,EPMIS,F100,فرودگاه مهرآباد,Domestic Departure,2025-06-01 05:55:00,2025-06-01 05:54:00,2025-06-01 05:55:00,2025-06-01 05:54:00,-1 days +23:59:00,-1.0,Sunday,0,0,0,0,Spring,Morning,Early,1,5
2025-06-01 06:00:00,وارش,VRH5918,عسلویه,پرواز كرد,3,2025-06-01 06:33:00,EPVAA,737-700,فرودگاه مهرآباد,Domestic Departure,2025-06-01 06:00:00,2025-06-01 06:33:00,2025-06-01 06:00:00,2025-06-01 06:33:00,0 days 00:33:00,33.0,Sunday,0,0,0,0,Spring,Morning,Late,1,6
2025-06-01 06:00:00,آتا,TBZ5677,ارومیه,پرواز كرد,"26, 27",2025-06-01 06:13:00,EPTAJ,MD82,فرودگاه مهرآباد,Domestic Departure,2025-06-01 06:00:00,2025-06-01 06:13:00,2025-06-01 06:00:00,2025-06-01 06:13:00,0 days 00:13:00,13.0,Sunday,0,0,0,0,Spring,Morning,On Time,1,6
2025-06-01 06:05:00,آتا,TBZ5610,تبریز,پرواز كرد,11,2025-06-01 07:08:00,EPTAZ,md88,فرودگاه مهرآباد,Domestic Departure,2025-06-01 06:05:00,2025-06-01 07:08:00,2025-06-01 06:05:00,2025-06-01 07:08:00,0 days 01:03:00,63.0,Sunday,0,0,0,0,Spring,Morning,Late,1,6
2025-06-01 06:10:00,چابهار,IRU7660,مشهد,پرواز كرد,5,2025-06-01 06:44:00,EPCBI,MD82,فرودگاه مهرآباد,Domestic Departure,2025-06-01 06:10:00,2025-06-01 06:44:00,2025-06-01 06:10:00,2025-06-01 06:44:00,0 days 00:34:00,34.0,Sunday,0,0,0,0,Spring,Morning,Late,1,6
2025-06-01 06:10:00,کاسپین,CPN014,عسلویه,پرواز كرد,"10, 11",2025-06-01 09:57:00,EPCAS,MD83,فرودگاه مهرآباد,Domestic Departure,2025-06-01 06:10:00,2025-06-01 09:57:00,2025-06-01 06:10:00,2025-06-01 09:57:00,0 days 03:47:00,227.0,Sunday,0,0,0,0,Spring,Morning,Late,1,6
2025-06-01 06:15:00,ماهان,IRM1033,مشهد,پرواز كرد,24,2025-06-01 06:21:00,EPMOS,RJ85,فرودگاه مهرآباد,Domestic Departure,2025-06-01 06:15:00,2025-06-01 06:21:00,2025-06-01 06:15:00,2025-06-01 06:21:00,0 days 00:06:00,6.0,Sunday,0,0,0,0,Spring,Morning,On Time,1,6
2025-06-01 06:15:00,آسمان,IRC644,بندرعباس,پرواز كرد,26,2025-06-01 06:27:00,EPATE,F100,فرودگاه مهرآباد,Domestic Departure,2025-06-01 06:15:00,2025-06-01 06:27:00,2025-06-01 06:15:00,2025-06-01 06:27:00,0 days 00:12:00,12.0,Sunday,0,0,0,0,Spring,Morning,On Time,1,6
2025-06-01 06:20:00,وارش,VRH5924,گناباد,پرواز كرد,7,2025-06-01 06:31:00,EPVAR,737-700,فرودگاه مهرآباد,Domestic Departure,2025-06-01 06:20:00,2025-06-01 06:31:00,2025-06-01 06:20:00,2025-06-01 06:31:00,0 days 00:11:00,11.0,Sunday,0,0,0,0,Spring,Morning,On Time,1,6
2025-06-01 06:20:00,کیش ایر,KIS7055,كيش,پرواز كرد,"11, 12",2025-06-01 06:48:00,EPLCO,MD83,فرودگاه مهرآباد,Domestic Departure,2025-06-01 06:20:00,2025-06-01 06:48:00,2025-06-01 06:20:00,2025-06-01 06:48:00,0 days 00:28:00,28.0,Sunday,0,0,0,0,Spring,Morning,Late,1,6
2025-06-01 06:25:00,پارس ایر,PRS5422,اصفهان,پرواز كرد,"20, 21",2025-06-01 07:03:00,EPPAO,737,فرودگاه مهرآباد,Domestic Departure,2025-06-01 06:25:00,2025-06-01 07:03:00,2025-06-01 06:25:00,2025-06-01 07:03:00,0 days 00:38:00,38.0,Sunday,0,0,0,0,Spring,Morning,Late,1,6
2025-06-01 06:25:00,آوا,AXV7702,مشهد,پرواز كرد,"16, 17",2025-06-01 06:36:00,EPSAP,MD83,فرودگاه مهرآباد,Domestic Departure,2025-06-01 06:25:00,2025-06-01 06:36:00,2025-06-01 06:25:00,2025-06-01 06:36:00,0 days 00:11:00,11.0,Sunday,0,0,0,0,Spring,Morning,On Time,1,6
2025-06-01 06:30:00,کیش ایر,KIS7093,عسلویه,پرواز كرد,"9, 10",2025-06-01 06:56:00,EPLCJ,MD83,فرودگاه مهرآباد,Domestic Departure,2025-06-01 06:30:00,2025-06-01 06:56:00,2025-06-01 06:30:00,2025-06-01 06:56:00,0 days 00:26:00,26.0,Sunday,0,0,0,0,Spring,Morning,Late,1,6
2025-06-01 06:35:00,اروان,INA6750,مشهد,پرواز كرد,4,2025-06-01 07:10:00,EPNSR,B737,فرودگاه مهرآباد,Domestic Departure,2025-06-01 06:35:00,2025-06-01 07:10:00,2025-06-01 06:35:00,2025-06-01 07:10:00,0 days 00:35:00,35.0,Sunday,0,0,0,0,Spring,Morning,Late,1,6
2025-06-01 06:35:00,زاگرس,IZG4060,بوشهر,پرواز كرد,2,2025-06-01 06:50:00,EPZAG,MD83,فرودگاه مهرآباد,Domestic Departure,2025-06-01 06:35:00,2025-06-01 06:50:00,2025-06-01 06:35:00,2025-06-01 06:50:00,0 days 00:15:00,15.0,Sunday,0,0,0,0,Spring,Morning,On Time,1,6
2025-06-01 06:40:00,قشم ایر,QSM1202,عسلویه,پرواز كرد,"21, 22",2025-06-01 07:01:00,EPFQF,F100,فرودگاه مهرآباد,Domestic Departure,2025-06-01 06:40:00,2025-06-01 07:01:00,2025-06-01 06:40:00,2025-06-01 07:01:00,0 days 00:21:00,21.0,Sunday,0,0,0,0,Spring,Morning,Late,1,6
2025-06-01 06:40:00,کاسپین,CPN6956,جاسک,پرواز كرد,"14, 15",2025-06-01 07:05:00,EPKPC,737,فرودگاه مهرآباد,Domestic Departure,2025-06-01 06:40:00,2025-06-01 07:05:00,2025-06-01 06:40:00,2025-06-01 07:05:00,0 days 00:25:00,25.0,Sunday,0,0,0,0,Spring,Morning,Late,1,6
2025-06-01 06:45:00,پارس ایر,PRS4438,گچساران,پرواز كرد,18,2025-06-01 06:53:00,EPPRA,CRJ200,فرودگاه مهرآباد,Domestic Departure,2025-06-01 06:45:00,2025-06-01 06:53:00,2025-06-01 06:45:00,2025-06-01 06:53:00,0 days 00:08:00,8.0,Sunday,0,0,0,0,Spring,Morning,On Time,1,6
2025-06-01 06:50:00,ایران ایر,IRA311,اهواز,پرواز كرد,"7, 8",2025-06-01 07:17:00,EPIEP,A319,فرودگاه مهرآباد,Domestic Departure,2025-06-01 06:50:00,2025-06-01 07:17:00,2025-06-01 06:50:00,2025-06-01 07:17:00,0 days 00:27:00,27.0,Sunday,0,0,0,0,Spring,Morning,Late,1,6
2025-06-01 07:05:00,آتا,TBZ5662,کرمان,پرواز كرد,"12, 13",2025-06-01 07:31:00,EPTAR,MD83,فرودگاه مهرآباد,Domestic Departure,2025-06-01 07:05:00,2025-06-01 07:31:00,2025-06-01 07:05:00,2025-06-01 07:31:00,0 days 00:26:00,26.0,Sunday,0,0,0,0,Spring,Morning,Late,1,7
2025-06-01 07:05:00,قشم ایر,QSM1230,ماهشهر,پرواز كرد,"18, 19",2025-06-01 07:24:00,EPFQU,rj100,فرودگاه مهرآباد,Domestic Departure,2025-06-01 07:05:00,2025-06-01 07:24:00,2025-06-01 07:05:00,2025-06-01 07:24:00,0 days 00:19:00,19.0,Sunday,0,0,0,0,Spring,Morning,Late,1,7
2025-06-01 07:10:00,ایران ایر,IRA326,لارستان,پرواز كرد,"3, 4",2025-06-01 07:28:00,EPIEQ,A319,فرودگاه مهرآباد,Domestic Departure,2025-06-01 07:10:00,2025-06-01 07:28:00,2025-06-01 07:10:00,2025-06-01 07:28:00,0 days 00:18:00,18.0,Sunday,0,0,0,0,Spring,Morning,Late,1,7
2025-06-01 07:15:00,آساجت,SJT8634,رشت,پرواز كرد,14,2025-06-01 07:14:00,EPJEK,EMB145,فرودگاه مهرآباد,Domestic Departure,2025-06-01 07:15:00,2025-06-01 07:14:00,2025-06-01 07:15:00,2025-06-01 07:14:00,-1 days +23:59:00,-1.0,Sunday,0,0,0,0,Spring,Morning,Early,1,7
2025-06-01 07:20:00,ایران ایرتور,IRB946,تبریز,پرواز كرد,"9, 10",2025-06-01 07:33:00,EPMDF,MD83,فرودگاه مهرآباد,Domestic Departure,2025-06-01 07:20:00,2025-06-01 07:33:00,2025-06-01 07:20:00,2025-06-01 07:33:00,0 days 00:13:00,13.0,Sunday,0,0,0,0,Spring,Morning,On Time,1,7
2025-06-01 07:50:00,قشم ایر,QSM1238,خارگ,پرواز كرد,"21, 22",2025-06-01 08:24:00,EPFQV,RJ100,فرودگاه مهرآباد,Domestic Departure,2025-06-01 07:50:00,2025-06-01 08:24:00,2025-06-01 07:50:00,2025-06-01 08:24:00,0 days 00:34:00,34.0,Sunday,0,0,0,0,Spring,Morning,Late,1,7
2025-06-01 07:50:00,ماهان,IRM4575,جیرفت,پرواز كرد,23,2025-06-01 08:29:00,EPMEI,146-200,فرودگاه مهرآباد,Domestic Departure,2025-06-01 07:50:00,2025-06-01 08:29:00,2025-06-01 07:50:00,2025-06-01 08:29:00,0 days 00:39:00,39.0,Sunday,0,0,0,0,Spring,Morning,Late,1,7
2025-06-01 08:00:00,اطلس ایر,ATS8293,چابهار,پرواز كرد,"16, 17",2025-06-01 08:15:00,EPLEE,737,فرودگاه مهرآباد,Domestic Departure,2025-06-01 08:00:00,2025-06-01 08:15:00,2025-06-01 08:00:00,2025-06-01 08:15:00,0 days 00:15:00,15.0,Sunday,0,0,0,0,Spring,Morning,On Time,1,8
2025-06-01 08:00:00,ماهان,IRM4536,اردبیل,پرواز كرد,22,2025-06-01 08:04:00,EPMOH,146-200,فرودگاه مهرآباد,Domestic Departure,2025-06-01 08:00:00,2025-06-01 08:04:00,2025-06-01 08:00:00,2025-06-01 08:04:00,0 days 00:04:00,4.0,Sunday,0,0,0,0,Spring,Morning,On Time,1,8
2025-06-01 08:05:00,آتا,TBZ5602,تبریز,پرواز كرد,"24, 25",2025-06-01 08:21:00,EPTAL,MD83,فرودگاه مهرآباد,Domestic Departure,2025-06-01 08:05:00,2025-06-01 08:21:00,2025-06-01 08:05:00,2025-06-01 08:21:00,0 days 00:16:00,16.0,Sunday,0,0,0,0,Spring,Morning,Late,1,8
2025-06-01 08:10:00,ماهان,IRM1051,کرمان,پرواز كرد,21,2025-06-01 08:14:00,EPMEU,146-200,فرودگاه مهرآباد,Domestic Departure,2025-06-01 08:10:00,2025-06-01 08:14:00,2025-06-01 08:10:00,2025-06-01 08:14:00,0 days 00:04:00,4.0,Sunday,0,0,0,0,Spring,Morning,On Time,1,8
2025-06-01 08:20:00,آتا,TBZ5659,كيش,پرواز كرد,"26, 27",2025-06-01 08:50:00,EPTAQ,MD83,فرودگاه مهرآباد,Domestic Departure,2025-06-01 08:20:00,2025-06-01 08:50:00,2025-06-01 08:20:00,2025-06-01 08:50:00,0 days 00:30:00,30.0,Sunday,0,0,0,0,Spring,Morning,Late,1,8
2025-06-01 08:30:00,زاگرس,IZG4030,كيش,پرواز كرد,3,2025-06-01 09:35:00,EPZAQ,MD83,فرودگاه مهرآباد,Domestic Departure,2025-06-01 08:30:00,2025-06-01 09:35:00,2025-06-01 08:30:00,2025-06-01 09:35:00,0 days 01:05:00,65.0,Sunday,0,0,0,0,Spring,Morning,Late,1,8
2025-06-01 08:50:00,آتا,TBZ5611,شیراز,پرواز كرد,"28, 29",2025-06-01 09:17:00,EPTAM,MD83,فرودگاه مهرآباد,Domestic Departure,2025-06-01 08:50:00,2025-06-01 09:17:00,2025-06-01 08:50:00,2025-06-01 09:17:00,0 days 00:27:00,27.0,Sunday,0,0,0,0,Spring,Morning,Late,1,8
2025-06-01 09:00:00,تابان,TBN6258,مشهد,پرواز كرد,"1, 2",2025-06-01 09:15:00,EPSMA,MD.88,فرودگاه مهرآباد,Domestic Departure,2025-06-01 09:00:00,2025-06-01 09:15:00,2025-06-01 09:00:00,2025-06-01 09:15:00,0 days 00:15:00,15.0,Sunday,0,0,0,0,Spring,Morning,On Time,1,9
2025-06-01 09:05:00,آتا,TBZ5631,اهواز,پرواز كرد,"12, 13",2025-06-01 11:08:00,EPTAZ,MD83,فرودگاه مهرآباد,Domestic Departure,2025-06-01 09:05:00,2025-06-01 11:08:00,2025-06-01 09:05:00,2025-06-01 11:08:00,0 days 02:03:00,123.0,Sunday,0,0,0,0,Spring,Morning,Late,1,9
2025-06-01 09:10:00,ساها,IRZ170,مشهد,پرواز كرد,"6, 7",2025-06-01 09:19:00,EPSII,737-700,فرودگاه مهرآباد,Domestic Departure,2025-06-01 09:10:00,2025-06-01 09:19:00,2025-06-01 09:10:00,2025-06-01 09:19:00,0 days 00:09:00,9.0,Sunday,0,0,0,0,Spring,Morning,On Time,1,9
2025-06-01 09:15:00,ماهان,IRM1043,كيش,پرواز كرد,"18, 19, 20",2025-06-01 09:53:00,EPMEE,747,فرودگاه مهرآباد,Domestic Departure,2025-06-01 09:15:00,2025-06-01 09:53:00,2025-06-01 09:15:00,2025-06-01 09:53:00,0 days 00:38:00,38.0,Sunday,0,0,0,0,Spring,Morning,Late,1,9
2025-06-01 09:20:00,قشم ایر,QSM1210,اهواز,پرواز كرد,"21, 22",2025-06-01 09:37:00,EPFQV,F100,فرودگاه مهرآباد,Domestic Departure,2025-06-01 09:20:00,2025-06-01 09:37:00,2025-06-01 09:20:00,2025-06-01 09:37:00,0 days 00:17:00,17.0,Sunday,0,0,0,0,Spring,Morning,Late,1,9
2025-06-01 09:25:00,رایمون,RAI7514,عسلویه,پرواز كرد,"3, 4",2025-06-01 09:42:00,EPNEA,EMB145,فرودگاه مهرآباد,Domestic Departure,2025-06-01 09:25:00,2025-06-01 09:42:00,2025-06-01 09:25:00,2025-06-01 09:42:00,0 days 00:17:00,17.0,Sunday,0,0,0,0,Spring,Morning,Late,1,9
2025-06-01 09:30:00,پويا,PYA2312,مشهد,پرواز كرد,15,2025-06-01 09:56:00,EPPUR,EMB145,فرودگاه مهرآباد,Domestic Departure,2025-06-01 09:30:00,2025-06-01 09:56:00,2025-06-01 09:30:00,2025-06-01 09:56:00,0 days 00:26:00,26.0,Sunday,0,0,0,0,Spring,Morning,Late,1,9
2025-06-01 09:40:00,چابهار,IRU7640,مشهد,پرواز كرد,5,2025-06-01 09:59:00,EPSEB,MD83,فرودگاه مهرآباد,Domestic Departure,2025-06-01 09:40:00,2025-06-01 09:59:00,2025-06-01 09:40:00,2025-06-01 09:59:00,0 days 00:19:00,19.0,Sunday,0,0,0,0,Spring,Morning,Late,1,9
2025-06-01 10:00:00,وارش,VRH5840,مشهد,پرواز كرد,7,2025-06-01 10:05:00,EPVBM,B737,فرودگاه مهرآباد,Domestic Departure,2025-06-01 10:00:00,2025-06-01 10:05:00,2025-06-01 10:00:00,2025-06-01 10:05:00,0 days 00:05:00,5.0,Sunday,0,0,0,0,Spring,Morning,On Time,1,10
2025-06-01 10:20:00,آتا,TBZ5613,مشهد,پرواز كرد,"24, 25",2025-06-01 10:25:00,EPTAJ,MD83,فرودگاه مهرآباد,Domestic Departure,2025-06-01 10:20:00,2025-06-01 10:25:00,2025-06-01 10:20:00,2025-06-01 10:25:00,0 days 00:05:00,5.0,Sunday,0,0,0,0,Spring,Morning,On Time,1,10
2025-06-01 10:30:00,یزد ایر,DZD9403,رشت,پرواز كرد,"14, 15",2025-06-01 10:42:00,EPDZH,146-200,فرودگاه مهرآباد,Domestic Departure,2025-06-01 10:30:00,2025-06-01 10:42:00,2025-06-01 10:30:00,2025-06-01 10:42:00,0 days 00:12:00,12.0,Sunday,0,0,0,0,Spring,Morning,On Time,1,10
2025-06-01 10:35:00,پارس ایر,PRS4488,طبس,پرواز كرد,19,2025-06-01 10:30:00,EPPRA,CRJ200,فرودگاه مهرآباد,Domestic Departure,2025-06-01 10:35:00,2025-06-01 10:30:00,2025-06-01 10:35:00,2025-06-01 10:30:00,-1 days +23:55:00,-5.0,Sunday,0,0,0,0,Spring,Morning,Early,1,10
2025-06-01 10:40:00,چابهار,IRU7610,مشهد,پرواز كرد,4,2025-06-01 10:45:00,EPCBD,MD83,فرودگاه مهرآباد,Domestic Departure,2025-06-01 10:40:00,2025-06-01 10:45:00,2025-06-01 10:40:00,2025-06-01 10:45:00,0 days 00:05:00,5.0,Sunday,0,0,0,0,Spring,Morning,On Time,1,10
2025-06-01 10:50:00,آتا,TBZ5629,مشهد,پرواز كرد,"28, 29",2025-06-01 11:52:00,EPTAH,MD83,فرودگاه مهرآباد,Domestic Departure,2025-06-01 10:50:00,2025-06-01 11:52:00,2025-06-01 10:50:00,2025-06-01 11:52:00,0 days 01:02:00,62.0,Sunday,0,0,0,0,Spring,Morning,Late,1,10
2025-06-01 10:50:00,ایران ایر,IRA350,كيش,پرواز كرد,"9, 10",2025-06-01 11:19:00,EPCFR,F100,فرودگاه مهرآباد,Domestic Departure,2025-06-01 10:50:00,2025-06-01 11:19:00,2025-06-01 10:50:00,2025-06-01 11:19:00,0 days 00:29:00,29.0,Sunday,0,0,0,0,Spring,Morning,Late,1,10
2025-06-01 11:20:00,قشم ایر,QSM1291,کرمانشاه,پرواز كرد,"16, 17",2025-06-01 11:46:00,EPFQU,RJ100,فرودگاه مهرآباد,Domestic Departure,2025-06-01 11:20:00,2025-06-01 11:46:00,2025-06-01 11:20:00,2025-06-01 11:46:00,0 days 00:26:00,26.0,Sunday,0,0,0,0,Spring,Morning,Late,1,11
2025-06-01 11:30:00,ایران ایر,IRA3385,سهند,پرواز كرد,2,2025-06-01 11:36:00,EPitm,F100,فرودگاه مهرآباد,Domestic Departure,2025-06-01 11:30:00,2025-06-01 11:36:00,2025-06-01 11:30:00,2025-06-01 11:36:00,0 days 00:06:00,6.0,Sunday,0,0,0,0,Spring,Morning,On Time,1,11
2025-06-01 11:35:00,زاگرس,IZG4040,مشهد,پرواز كرد,6,2025-06-01 11:45:00,EPZAG,MD83,فرودگاه مهرآباد,Domestic Departure,2025-06-01 11:35:00,2025-06-01 11:45:00,2025-06-01 11:35:00,2025-06-01 11:45:00,0 days 00:10:00,10.0,Sunday,0,0,0,0,Spring,Morning,On Time,1,11
2025-06-01 11:40:00,اطلس ایر,ATS8284,مشهد,پرواز كرد,"14, 15",2025-06-01 11:54:00,EPTHI,737-700,فرودگاه مهرآباد,Domestic Departure,2025-06-01 11:40:00,2025-06-01 11:54:00,2025-06-01 11:40:00,2025-06-01 11:54:00,0 days 00:14:00,14.0,Sunday,0,0,0,0,Spring,Morning,On Time,1,11
2025-06-01 11:45:00,کیش ایر,KIS7029,كيش,پرواز كرد,"11, 12",2025-06-01 12:17:00,EPLCO,MD83,فرودگاه مهرآباد,Domestic Departure,2025-06-01 11:45:00,2025-06-01 12:17:00,2025-06-01 11:45:00,2025-06-01 12:17:00,0 days 00:32:00,32.0,Sunday,0,0,0,0,Spring,Morning,Late,1,11
2025-06-01 11:55:00,آتا,TBZ5627,اهواز,پرواز كرد,"12, 13",2025-06-01 12:22:00,EPTAR,MD83,فرودگاه مهرآباد,Domestic Departure,2025-06-01 11:55:00,2025-06-01 12:22:00,2025-06-01 11:55:00,2025-06-01 12:22:00,0 days 00:27:00,27.0,Sunday,0,0,0,0,Spring,Morning,Late,1,11
2025-06-01 12:50:00,آتا,TBZ5698,مشهد,پرواز كرد,"28, 29",2025-06-01 13:20:00,EPTAO,MD83,فرودگاه مهرآباد,Domestic Departure,2025-06-01 12:50:00,2025-06-01 13:20:00,2025-06-01 12:50:00,2025-06-01 13:20:00,0 days 00:30:00,30.0,Sunday,0,0,0,0,Spring,Afternoon,Late,1,12
2025-06-01 13:00:00,فلای پرشیا,FPI7446,عسلویه,پرواز كرد,"18, 19",2025-06-01 13:15:00,EPFPA,737-700,فرودگاه مهرآباد,Domestic Departure,2025-06-01 13:00:00,2025-06-01 13:15:00,2025-06-01 13:00:00,2025-06-01 13:15:00,0 days 00:15:00,15.0,Sunday,0,0,0,0,Spring,Afternoon,On Time,1,13
2025-06-01 13:30:00,آتا,TBZ5619,مشهد,پرواز كرد,"24, 25",2025-06-01 14:00:00,EPTAM,MD83,فرودگاه مهرآباد,Domestic Departure,2025-06-01 13:30:00,2025-06-01 14:00:00,2025-06-01 13:30:00,2025-06-01 14:00:00,0 days 00:30:00,30.0,Sunday,0,0,0,0,Spring,Afternoon,Late,1,13
2025-06-01 13:30:00,ماهان,IRM4522,یاسوج,پرواز كرد,25,2025-06-01 13:34:00,EPMOH,146-200,فرودگاه مهرآباد,Domestic Departure,2025-06-01 13:30:00,2025-06-01 13:34:00,2025-06-01 13:30:00,2025-06-01 13:34:00,0 days 00:04:00,4.0,Sunday,0,0,0,0,Spring,Afternoon,On Time,1,13
2025-06-01 13:40:00,آتا,TBZ5719,مشهد,پرواز كرد,"26, 27",2025-06-01 14:13:00,EPTAQ,MD83,فرودگاه مهرآباد,Domestic Departure,2025-06-01 13:40:00,2025-06-01 14:13:00,2025-06-01 13:40:00,2025-06-01 14:13:00,0 days 00:33:00,33.0,Sunday,0,0,0,0,Spring,Afternoon,Late,1,13
2025-06-01 13:55:00,ماهان,IRM1010,کرمانشاه,پرواز كرد,24,2025-06-01 14:18:00,EPMEI,RJ85,فرودگاه مهرآباد,Domestic Departure,2025-06-01 13:55:00,2025-06-01 14:18:00,2025-06-01 13:55:00,2025-06-01 14:18:00,0 days 00:23:00,23.0,Sunday,0,0,0,0,Spring,Afternoon,Late,1,13
2025-06-01 14:00:00,ماهان,IRM1004,ارومیه,پرواز كرد,23,2025-06-01 14:10:00,EPMOC,146-200,فرودگاه مهرآباد,Domestic Departure,2025-06-01 14:00:00,2025-06-01 14:10:00,2025-06-01 14:00:00,2025-06-01 14:10:00,0 days 00:10:00,10.0,Sunday,0,0,0,0,Spring,Afternoon,On Time,1,14
2025-06-01 14:15:00,ماهان,IRM1006,خرم‌آباد,پرواز كرد,22,2025-06-01 14:39:00,EPMEU,146-200,فرودگاه مهرآباد,Domestic Departure,2025-06-01 14:15:00,2025-06-01 14:39:00,2025-06-01 14:15:00,2025-06-01 14:39:00,0 days 00:24:00,24.0,Sunday,0,0,0,0,Spring,Afternoon,Late,1,14
2025-06-01 14:25:00,پارس ایر,PRS4480,مشهد,پرواز كرد,18,2025-06-01 14:33:00,EPPRA,CRJ200,فرودگاه مهرآباد,Domestic Departure,2025-06-01 14:25:00,2025-06-01 14:33:00,2025-06-01 14:25:00,2025-06-01 14:33:00,0 days 00:08:00,8.0,Sunday,0,0,0,0,Spring,Afternoon,On Time,1,14
2025-06-01 14:40:00,قشم ایر,QSM1240,قشم,پرواز كرد,"18, 19",2025-06-01 14:42:00,EPFQI,F100,فرودگاه مهرآباد,Domestic Departure,2025-06-01 14:40:00,2025-06-01 14:42:00,2025-06-01 14:40:00,2025-06-01 14:42:00,0 days 00:02:00,2.0,Sunday,0,0,0,0,Spring,Afternoon,On Time,1,14
2025-06-01 15:50:00,اطلس ایر,ATS8288,مشهد,پرواز كرد,"14, 15",2025-06-01 16:11:00,EPLEE,737-700,فرودگاه مهرآباد,Domestic Departure,2025-06-01 15:50:00,2025-06-01 16:11:00,2025-06-01 15:50:00,2025-06-01 16:11:00,0 days 00:21:00,21.0,Sunday,0,0,0,0,Spring,Afternoon,Late,1,15
2025-06-01 15:50:00,کاسپین,CPN6936,قشم,پرواز كرد,"12, 13",2025-06-01 15:57:00,EPCAQ,MD83,فرودگاه مهرآباد,Domestic Departure,2025-06-01 15:50:00,2025-06-01 15:57:00,2025-06-01 15:50:00,2025-06-01 15:57:00,0 days 00:07:00,7.0,Sunday,0,0,0,0,Spring,Afternoon,On Time,1,15
2025-06-01 15:55:00,کاسپین,CPN036,ارومیه,پرواز كرد,"10, 11",2025-06-01 16:06:00,EPKPC,737,فرودگاه مهرآباد,Domestic Departure,2025-06-01 15:55:00,2025-06-01 16:06:00,2025-06-01 15:55:00,2025-06-01 16:06:00,0 days 00:11:00,11.0,Sunday,0,0,0,0,Spring,Afternoon,On Time,1,15
2025-06-01 16:00:00,آتا,TBZ5664,کرمان,پرواز كرد,"12, 13",2025-06-01 16:55:00,EPTAH,737,فرودگاه مهرآباد,Domestic Departure,2025-06-01 16:00:00,2025-06-01 16:55:00,2025-06-01 16:00:00,2025-06-01 16:55:00,0 days 00:55:00,55.0,Sunday,0,0,0,0,Spring,Afternoon,Late,1,16
2025-06-01 16:00:00,کاسپین,CPN024,مشهد,پرواز كرد,"8, 9",2025-06-01 16:14:00,EPCPU,MD83,فرودگاه مهرآباد,Domestic Departure,2025-06-01 16:00:00,2025-06-01 16:14:00,2025-06-01 16:00:00,2025-06-01 16:14:00,0 days 00:14:00,14.0,Sunday,0,0,0,0,Spring,Afternoon,On Time,1,16
2025-06-01 16:30:00,ماهان,IRM1067,کرمان,پرواز كرد,25,2025-06-01 16:36:00,EPMEA,AB6,فرودگاه مهرآباد,Domestic Departure,2025-06-01 16:30:00,2025-06-01 16:36:00,2025-06-01 16:30:00,2025-06-01 16:36:00,0 days 00:06:00,6.0,Sunday,0,0,0,0,Spring,Afternoon,On Time,1,16
2025-06-01 16:40:00,آتا,TBZ5670,یزد,پرواز كرد,"26, 27",2025-06-01 18:09:00,EPTAJ,MD83,فرودگاه مهرآباد,Domestic Departure,2025-06-01 16:40:00,2025-06-01 18:09:00,2025-06-01 16:40:00,2025-06-01 18:09:00,0 days 01:29:00,89.0,Sunday,0,0,0,0,Spring,Afternoon,Late,1,16
2025-06-01 16:45:00,ایران ایر,IRA3310,اصفهان,پرواز كرد,5,2025-06-01 17:16:00,EPITM,ATR-72-500,فرودگاه مهرآباد,Domestic Departure,2025-06-01 16:45:00,2025-06-01 17:16:00,2025-06-01 16:45:00,2025-06-01 17:16:00,0 days 00:31:00,31.0,Sunday,0,0,0,0,Spring,Afternoon,Late,1,16
2025-06-01 16:50:00,آتا,TBZ5623,شیراز,پرواز كرد,"24, 25",2025-06-01 18:06:00,EPTAR,MD83,فرودگاه مهرآباد,Domestic Departure,2025-06-01 16:50:00,2025-06-01 18:06:00,2025-06-01 16:50:00,2025-06-01 18:06:00,0 days 01:16:00,76.0,Sunday,0,0,0,0,Spring,Afternoon,Late,1,16
2025-06-01 16:55:00,آتا,TBZ5668,تبریز,پرواز كرد,"28, 29",2025-06-01 17:29:00,EPTAZ,MD83,فرودگاه مهرآباد,Domestic Departure,2025-06-01 16:55:00,2025-06-01 17:29:00,2025-06-01 16:55:00,2025-06-01 17:29:00,0 days 00:34:00,34.0,Sunday,0,0,0,0,Spring,Afternoon,Late,1,16
2025-06-01 17:00:00,ایران ایر,IRA216,بیرجند,پرواز كرد,7,2025-06-01 17:25:00,EPCFR,F100,فرودگاه مهرآباد,Domestic Departure,2025-06-01 17:00:00,2025-06-01 17:25:00,2025-06-01 17:00:00,2025-06-01 17:25:00,0 days 00:25:00,25.0,Sunday,0,0,0,0,Spring,Evening,Late,1,17
2025-06-01 17:00:00,زاگرس,IZG4020,اهواز,پرواز كرد,3,2025-06-01 17:21:00,EPZAQ,MD83,فرودگاه مهرآباد,Domestic Departure,2025-06-01 17:00:00,2025-06-01 17:21:00,2025-06-01 17:00:00,2025-06-01 17:21:00,0 days 00:21:00,21.0,Sunday,0,0,0,0,Spring,Evening,Late,1,17
2025-06-01 17:05:00,کارون,KRU2608,یزد,پرواز كرد,"14, 15",2025-06-01 17:11:00,EPNFC,737-700,فرودگاه مهرآباد,Domestic Departure,2025-06-01 17:05:00,2025-06-01 17:11:00,2025-06-01 17:05:00,2025-06-01 17:11:00,0 days 00:06:00,6.0,Sunday,0,0,0,0,Spring,Evening,On Time,1,17
2025-06-01 17:10:00,پارس ایر,PRS4494,آبادان,پرواز كرد,"18, 19",2025-06-01 17:59:00,EPPAO,737,فرودگاه مهرآباد,Domestic Departure,2025-06-01 17:10:00,2025-06-01 17:59:00,2025-06-01 17:10:00,2025-06-01 17:59:00,0 days 00:49:00,49.0,Sunday,0,0,0,0,Spring,Evening,Late,1,17
2025-06-01 17:10:00,پويا,PYA2340,شیراز,پرواز كرد,13,2025-06-01 17:28:00,EPPUO,EMB145,فرودگاه مهرآباد,Domestic Departure,2025-06-01 17:10:00,2025-06-01 17:28:00,2025-06-01 17:10:00,2025-06-01 17:28:00,0 days 00:18:00,18.0,Sunday,0,0,0,0,Spring,Evening,Late,1,17
2025-06-01 17:25:00,کاسپین,CPN044,كيش,پرواز كرد,"6, 7",2025-06-01 20:46:00,EPCAS,MD83,فرودگاه مهرآباد,Domestic Departure,2025-06-01 17:25:00,2025-06-01 20:46:00,2025-06-01 17:25:00,2025-06-01 20:46:00,0 days 03:21:00,201.0,Sunday,0,0,0,0,Spring,Evening,Late,1,17
2025-06-01 17:25:00,آسمان,IRC600,مشهد,پرواز كرد,27,2025-06-01 18:02:00,EPATE,F100,فرودگاه مهرآباد,Domestic Departure,2025-06-01 17:25:00,2025-06-01 18:02:00,2025-06-01 17:25:00,2025-06-01 18:02:00,0 days 00:37:00,37.0,Sunday,0,0,0,0,Spring,Evening,Late,1,17
2025-06-01 17:30:00,آتا,TBZ5673,اهواز,پرواز كرد,"12, 13",2025-06-01 18:51:00,EPTAE,737,فرودگاه مهرآباد,Domestic Departure,2025-06-01 17:30:00,2025-06-01 18:51:00,2025-06-01 17:30:00,2025-06-01 18:51:00,0 days 01:21:00,81.0,Sunday,0,0,0,0,Spring,Evening,Late,1,17
2025-06-01 17:40:00,کارون,KRU2668,اهواز,پرواز كرد,"16, 17",2025-06-01 17:50:00,EPMIS,F100,فرودگاه مهرآباد,Domestic Departure,2025-06-01 17:40:00,2025-06-01 17:50:00,2025-06-01 17:40:00,2025-06-01 17:50:00,0 days 00:10:00,10.0,Sunday,0,0,0,0,Spring,Evening,On Time,1,17
2025-06-01 18:00:00,یزد ایر,DZD9441,یزد,پرواز كرد,"14, 15",2025-06-01 18:25:00,EPMOH,146-200,فرودگاه مهرآباد,Domestic Departure,2025-06-01 18:00:00,2025-06-01 18:25:00,2025-06-01 18:00:00,2025-06-01 18:25:00,0 days 00:25:00,25.0,Sunday,0,0,0,0,Spring,Evening,Late,1,18
2025-06-01 18:00:00,تابان,TBN6256,مشهد,پرواز كرد,"3, 4",2025-06-01 18:39:00,EPSMA,MD.88,فرودگاه مهرآباد,Domestic Departure,2025-06-01 18:00:00,2025-06-01 18:39:00,2025-06-01 18:00:00,2025-06-01 18:39:00,0 days 00:39:00,39.0,Sunday,0,0,0,0,Spring,Evening,Late,1,18
2025-06-01 18:10:00,چابهار,IRU7636,کرمانشاه,پرواز كرد,5,2025-06-01 18:19:00,EPSEB,MD83,فرودگاه مهرآباد,Domestic Departure,2025-06-01 18:10:00,2025-06-01 18:19:00,2025-06-01 18:10:00,2025-06-01 18:19:00,0 days 00:09:00,9.0,Sunday,0,0,0,0,Spring,Evening,On Time,1,18
2025-06-01 18:10:00,ایران ایر,IRA262,مشهد,پرواز كرد,"3, 4",2025-06-01 18:28:00,EPIEQ,A320,فرودگاه مهرآباد,Domestic Departure,2025-06-01 18:10:00,2025-06-01 18:28:00,2025-06-01 18:10:00,2025-06-01 18:28:00,0 days 00:18:00,18.0,Sunday,0,0,0,0,Spring,Evening,Late,1,18
2025-06-01 18:15:00,ماهان,IRM1026,اردبیل,پرواز كرد,24,2025-06-01 18:21:00,EPMOS,146-200,فرودگاه مهرآباد,Domestic Departure,2025-06-01 18:15:00,2025-06-01 18:21:00,2025-06-01 18:15:00,2025-06-01 18:21:00,0 days 00:06:00,6.0,Sunday,0,0,0,0,Spring,Evening,On Time,1,18
2025-06-01 18:20:00,ماهان,IRM1055,کرمان,پرواز كرد,23,2025-06-01 19:06:00,EPMOC,BAE146,فرودگاه مهرآباد,Domestic Departure,2025-06-01 18:20:00,2025-06-01 19:06:00,2025-06-01 18:20:00,2025-06-01 19:06:00,0 days 00:46:00,46.0,Sunday,0,0,0,0,Spring,Evening,Late,1,18
2025-06-01 18:25:00,ایران ایر,IRA419,اهواز,پرواز كرد,"5, 6",2025-06-01 18:57:00,EPIEP,A319,فرودگاه مهرآباد,Domestic Departure,2025-06-01 18:25:00,2025-06-01 18:57:00,2025-06-01 18:25:00,2025-06-01 18:57:00,0 days 00:32:00,32.0,Sunday,0,0,0,0,Spring,Evening,Late,1,18
2025-06-01 18:30:00,ماهان,IRM1081,مشهد,پرواز كرد,22,2025-06-01 18:59:00,EPMEU,146-200,فرودگاه مهرآباد,Domestic Departure,2025-06-01 18:30:00,2025-06-01 18:59:00,2025-06-01 18:30:00,2025-06-01 18:59:00,0 days 00:29:00,29.0,Sunday,0,0,0,0,Spring,Evening,Late,1,18
2025-06-01 18:35:00,آتا,TBZ5646,تبریز,پرواز كرد,"28, 29",2025-06-01 19:12:00,EPTAN,MD83,فرودگاه مهرآباد,Domestic Departure,2025-06-01 18:35:00,2025-06-01 19:12:00,2025-06-01 18:35:00,2025-06-01 19:12:00,0 days 00:37:00,37.0,Sunday,0,0,0,0,Spring,Evening,Late,1,18
2025-06-01 18:35:00,پارس ایر,PRS4426,شیراز,پرواز كرد,18,2025-06-01 19:22:00,EPPRA,CRJ200,فرودگاه مهرآباد,Domestic Departure,2025-06-01 18:35:00,2025-06-01 19:22:00,2025-06-01 18:35:00,2025-06-01 19:22:00,0 days 00:47:00,47.0,Sunday,0,0,0,0,Spring,Evening,Late,1,18
2025-06-01 18:40:00,وارش,VRH5896,ماهشهر,پرواز كرد,7,2025-06-01 19:05:00,EPVAA,B737,فرودگاه مهرآباد,Domestic Departure,2025-06-01 18:40:00,2025-06-01 19:05:00,2025-06-01 18:40:00,2025-06-01 19:05:00,0 days 00:25:00,25.0,Sunday,0,0,0,0,Spring,Evening,Late,1,18
2025-06-01 18:50:00,ایران ایرتور,IRB912,بندرعباس,پرواز كرد,"9, 10",2025-06-01 22:32:00,EPMDF,MD83,فرودگاه مهرآباد,Domestic Departure,2025-06-01 18:50:00,2025-06-01 22:32:00,2025-06-01 18:50:00,2025-06-01 22:32:00,0 days 03:42:00,222.0,Sunday,0,0,0,0,Spring,Evening,Late,1,18
2025-06-01 18:55:00,قشم ایر,QSM1288,کرمان,پرواز كرد,"21, 22",2025-06-01 19:19:00,EPFQU,rj100,فرودگاه مهرآباد,Domestic Departure,2025-06-01 18:55:00,2025-06-01 19:19:00,2025-06-01 18:55:00,2025-06-01 19:19:00,0 days 00:24:00,24.0,Sunday,0,0,0,0,Spring,Evening,Late,1,18
2025-06-01 19:00:00,وارش,VRH5814,بندرعباس,پرواز كرد,4,2025-06-01 19:24:00,EPVAF,B737,فرودگاه مهرآباد,Domestic Departure,2025-06-01 19:00:00,2025-06-01 19:24:00,2025-06-01 19:00:00,2025-06-01 19:24:00,0 days 00:24:00,24.0,Sunday,0,0,0,0,Spring,Evening,Late,1,19
2025-06-01 19:25:00,آتا,TBZ5729,مشهد,پرواز كرد,"24, 25",2025-06-01 19:57:00,EPTAL,MD83,فرودگاه مهرآباد,Domestic Departure,2025-06-01 19:25:00,2025-06-01 19:57:00,2025-06-01 19:25:00,2025-06-01 19:57:00,0 days 00:32:00,32.0,Sunday,0,0,0,0,Spring,Evening,Late,1,19
2025-06-01 19:30:00,ماهان,IRM4541,زاهدان,پرواز كرد,25,2025-06-01 21:46:00,EPMEI,146-200,فرودگاه مهرآباد,Domestic Departure,2025-06-01 19:30:00,2025-06-01 21:46:00,2025-06-01 19:30:00,2025-06-01 21:46:00,0 days 02:16:00,136.0,Sunday,0,0,0,0,Spring,Evening,Late,1,19
2025-06-01 19:40:00,فلای پرشیا,FPI7401,شیراز,پرواز كرد,"18, 19",2025-06-01 20:33:00,EPFPA,737-700,فرودگاه مهرآباد,Domestic Departure,2025-06-01 19:40:00,2025-06-01 20:33:00,2025-06-01 19:40:00,2025-06-01 20:33:00,0 days 00:53:00,53.0,Sunday,0,0,0,0,Spring,Evening,Late,1,19
2025-06-01 19:50:00,ساها,IRZ156,شیراز,پرواز كرد,"8, 9",2025-06-01 20:03:00,EPSII,737-700,فرودگاه مهرآباد,Domestic Departure,2025-06-01 19:50:00,2025-06-01 20:03:00,2025-06-01 19:50:00,2025-06-01 20:03:00,0 days 00:13:00,13.0,Sunday,0,0,0,0,Spring,Evening,On Time,1,19
2025-06-01 19:55:00,وارش,VRH5902,مشهد,پرواز كرد,6,2025-06-01 20:24:00,EPVAR,B737,فرودگاه مهرآباد,Domestic Departure,2025-06-01 19:55:00,2025-06-01 20:24:00,2025-06-01 19:55:00,2025-06-01 20:24:00,0 days 00:29:00,29.0,Sunday,0,0,0,0,Spring,Evening,Late,1,19
2025-06-01 20:00:00,معراج,MRJ2804,مشهد,پرواز كرد,"14, 15",2025-06-01 20:14:00,EPSSN,A321,فرودگاه مهرآباد,Domestic Departure,2025-06-01 20:00:00,2025-06-01 20:14:00,2025-06-01 20:00:00,2025-06-01 20:14:00,0 days 00:14:00,14.0,Sunday,0,0,0,0,Spring,Evening,On Time,1,20
2025-06-01 20:00:00,زاگرس,IZG4010,شیراز,پرواز كرد,3,2025-06-01 21:04:00,EPZAG,MD83,فرودگاه مهرآباد,Domestic Departure,2025-06-01 20:00:00,2025-06-01 21:04:00,2025-06-01 20:00:00,2025-06-01 21:04:00,0 days 01:04:00,64.0,Sunday,0,0,0,0,Spring,Evening,Late,1,20
2025-06-01 20:05:00,کیش ایر,KIS7035,اصفهان,پرواز كرد,10,2025-06-01 20:29:00,EPLCJ,MD83,فرودگاه مهرآباد,Domestic Departure,2025-06-01 20:05:00,2025-06-01 20:29:00,2025-06-01 20:05:00,2025-06-01 20:29:00,0 days 00:24:00,24.0,Sunday,0,0,0,0,Spring,Evening,Late,1,20
2025-06-01 20:05:00,چابهار,IRU7612,زاهدان,پرواز كرد,5,2025-06-01 21:58:00,EPCBD,MD83,فرودگاه مهرآباد,Domestic Departure,2025-06-01 20:05:00,2025-06-01 21:58:00,2025-06-01 20:05:00,2025-06-01 21:58:00,0 days 01:53:00,113.0,Sunday,0,0,0,0,Spring,Evening,Late,1,20
2025-06-01 20:10:00,آوا,AXV7730,مشهد,پرواز كرد,"18, 19",2025-06-01 22:20:00,EPRBC,B737,فرودگاه مهرآباد,Domestic Departure,2025-06-01 20:10:00,2025-06-01 22:20:00,2025-06-01 20:10:00,2025-06-01 22:20:00,0 days 02:10:00,130.0,Sunday,0,0,0,0,Spring,Evening,Late,1,20
2025-06-01 20:15:00,کیش ایر,KIS7081,كيش,پرواز كرد,12,2025-06-01 20:26:00,EPLCO,MD83,فرودگاه مهرآباد,Domestic Departure,2025-06-01 20:15:00,2025-06-01 20:26:00,2025-06-01 20:15:00,2025-06-01 20:26:00,0 days 00:11:00,11.0,Sunday,0,0,0,0,Spring,Evening,On Time,1,20
2025-06-01 20:25:00,کیش ایر,KIS7053,كيش,پرواز كرد,9,2025-06-01 20:37:00,EPLCL,MD83,فرودگاه مهرآباد,Domestic Departure,2025-06-01 20:25:00,2025-06-01 20:37:00,2025-06-01 20:25:00,2025-06-01 20:37:00,0 days 00:12:00,12.0,Sunday,0,0,0,0,Spring,Evening,On Time,1,20
2025-06-01 20:35:00,ماهان,IRM1037,مشهد,پرواز كرد,"20, 21, 22",2025-06-01 21:28:00,EPMEE,747,فرودگاه مهرآباد,Domestic Departure,2025-06-01 20:35:00,2025-06-01 21:28:00,2025-06-01 20:35:00,2025-06-01 21:28:00,0 days 00:53:00,53.0,Sunday,0,0,0,0,Spring,Evening,Late,1,20
2025-06-01 20:40:00,ساها,IRZ172,بوشهر,پرواز كرد,"10, 11",2025-06-01 20:52:00,EPSIJ,737-700,فرودگاه مهرآباد,Domestic Departure,2025-06-01 20:40:00,2025-06-01 20:52:00,2025-06-01 20:40:00,2025-06-01 20:52:00,0 days 00:12:00,12.0,Sunday,0,0,0,0,Spring,Evening,On Time,1,20
2025-06-01 20:45:00,کیش ایر,KIS7069,مشهد,پرواز كرد,11,2025-06-01 21:37:00,EPLCK,MD83,فرودگاه مهرآباد,Domestic Departure,2025-06-01 20:45:00,2025-06-01 21:37:00,2025-06-01 20:45:00,2025-06-01 21:37:00,0 days 00:52:00,52.0,Sunday,0,0,0,0,Spring,Evening,Late,1,20
2025-06-01 20:50:00,کارون,KRU2620,اهواز,پرواز كرد,"21, 22",2025-06-01 21:16:00,EPNFC,737,فرودگاه مهرآباد,Domestic Departure,2025-06-01 20:50:00,2025-06-01 21:16:00,2025-06-01 20:50:00,2025-06-01 21:16:00,0 days 00:26:00,26.0,Sunday,0,0,0,0,Spring,Evening,Late,1,20
2025-06-01 20:55:00,کارون,KRU2602,اصفهان,پرواز كرد,"16, 17",2025-06-01 20:59:00,EPAWZ,F100,فرودگاه مهرآباد,Domestic Departure,2025-06-01 20:55:00,2025-06-01 20:59:00,2025-06-01 20:55:00,2025-06-01 20:59:00,0 days 00:04:00,4.0,Sunday,0,0,0,0,Spring,Evening,On Time,1,20
2025-06-01 21:00:00,وارش,VRH5872,بوشهر,پرواز كرد,4,2025-06-01 21:07:00,EPVAK,B737,فرودگاه مهرآباد,Domestic Departure,2025-06-01 21:00:00,2025-06-01 21:07:00,2025-06-01 21:00:00,2025-06-01 21:07:00,0 days 00:07:00,7.0,Sunday,0,0,0,0,Spring,Night,On Time,1,21
2025-06-01 21:00:00,زاگرس,IZG4050,بندرعباس,پرواز كرد,7,2025-06-01 21:33:00,EPZAQ,MD83,فرودگاه مهرآباد,Domestic Departure,2025-06-01 21:00:00,2025-06-01 21:33:00,2025-06-01 21:00:00,2025-06-01 21:33:00,0 days 00:33:00,33.0,Sunday,0,0,0,0,Spring,Night,Late,1,21
2025-06-01 21:05:00,آتا,TBZ5690,آبادان,پرواز كرد,"12, 13",2025-06-01 21:51:00,EPTAH,MD83,فرودگاه مهرآباد,Domestic Departure,2025-06-01 21:05:00,2025-06-01 21:51:00,2025-06-01 21:05:00,2025-06-01 21:51:00,0 days 00:46:00,46.0,Sunday,0,0,0,0,Spring,Night,Late,1,21
2025-06-01 21:05:00,ایران ایرتور,IRB966,مشهد,پرواز كرد,"9, 10",2025-06-01 21:17:00,EPMDC,MD83,فرودگاه مهرآباد,Domestic Departure,2025-06-01 21:05:00,2025-06-01 21:17:00,2025-06-01 21:05:00,2025-06-01 21:17:00,0 days 00:12:00,12.0,Sunday,0,0,0,0,Spring,Night,On Time,1,21
2025-06-01 21:10:00,رایمون,RAI7510,رشت,پرواز كرد,"3, 4",2025-06-01 21:13:00,EPNEA,EMB145,فرودگاه مهرآباد,Domestic Departure,2025-06-01 21:10:00,2025-06-01 21:13:00,2025-06-01 21:10:00,2025-06-01 21:13:00,0 days 00:03:00,3.0,Sunday,0,0,0,0,Spring,Night,On Time,1,21
2025-06-01 21:20:00,کاسپین,CPN6900,بوشهر,پرواز كرد,"12, 13",2025-06-01 21:31:00,EPCAQ,737,فرودگاه مهرآباد,Domestic Departure,2025-06-01 21:20:00,2025-06-01 21:31:00,2025-06-01 21:20:00,2025-06-01 21:31:00,0 days 00:11:00,11.0,Sunday,0,0,0,0,Spring,Night,On Time,1,21
2025-06-01 22:00:00,کارون,KRU2610,دزفول,پرواز كرد,"16, 17",2025-06-01 22:09:00,EPMIS,F100,فرودگاه مهرآباد,Domestic Departure,2025-06-01 22:00:00,2025-06-01 22:09:00,2025-06-01 22:00:00,2025-06-01 22:09:00,0 days 00:09:00,9.0,Sunday,0,0,0,0,Spring,Night,On Time,1,22
2025-06-01 22:05:00,آتا,TBZ5635,اهواز,پرواز كرد,"24, 25",2025-06-01 22:16:00,EPTAR,MD83,فرودگاه مهرآباد,Domestic Departure,2025-06-01 22:05:00,2025-06-01 22:16:00,2025-06-01 22:05:00,2025-06-01 22:16:00,0 days 00:11:00,11.0,Sunday,0,0,0,0,Spring,Night,On Time,1,22
2025-06-01 22:15:00,آسمان,IRC3784,شیراز,پرواز كرد,28,2025-06-01 22:59:00,EPATE,F100,فرودگاه مهرآباد,Domestic Departure,2025-06-01 22:15:00,2025-06-01 22:59:00,2025-06-01 22:15:00,2025-06-01 22:59:00,0 days 00:44:00,44.0,Sunday,0,0,0,0,Spring,Night,Late,1,22
2025-06-01 22:30:00,یزد ایر,DZD9443,یزد,پرواز كرد,"14, 15",2025-06-01 22:43:00,EPMOH,146-200,فرودگاه مهرآباد,Domestic Departure,2025-06-01 22:30:00,2025-06-01 22:43:00,2025-06-01 22:30:00,2025-06-01 22:43:00,0 days 00:13:00,13.0,Sunday,0,0,0,0,Spring,Night,On Time,1,22
2025-06-01 22:35:00,ماهان,IRM1071,زاهدان,پرواز كرد,24,2025-06-01 22:37:00,EPMEA,146-200,فرودگاه مهرآباد,Domestic Departure,2025-06-01 22:35:00,2025-06-01 22:37:00,2025-06-01 22:35:00,2025-06-01 22:37:00,0 days 00:02:00,2.0,Sunday,0,0,0,0,Spring,Night,On Time,1,22
2025-06-01 22:55:00,وارش,VRH5850,اهواز,پرواز كرد,6,2025-06-01 23:22:00,EPVAA,B737,فرودگاه مهرآباد,Domestic Departure,2025-06-01 22:55:00,2025-06-01 23:22:00,2025-06-01 22:55:00,2025-06-01 23:22:00,0 days 00:27:00,27.0,Sunday,0,0,0,0,Spring,Night,Late,1,22
2025-06-04 11:25:00,ماهان,IRM1041,زابل,پرواز كرد,9,2025-06-04 11:39:00,,BAE100,فرودگاه مشهد,Domestic Departure,2025-06-04 11:25:00,2025-06-04 11:39:00,2025-06-04 11:25:00,2025-06-04 11:39:00,0 days 00:14:00,14.0,Wednesday,0,0,0,1,Spring,Morning,On Time,1,11
2025-06-04 11:30:00,کاسپین,CPN4916,چابهار,پرواز كرد,7,2025-06-04 12:23:00,,MD83,فرودگاه مشهد,Domestic Departure,2025-06-04 11:30:00,2025-06-04 12:23:00,2025-06-04 11:30:00,2025-06-04 12:23:00,0 days 00:53:00,53.0,Wednesday,0,0,0,1,Spring,Morning,Late,1,11
2025-06-04 11:50:00,آتا,TBZ5630,تهران,پرواز كرد,11,2025-06-04 12:00:00,,MD80,فرودگاه مشهد,Domestic Departure,2025-06-04 11:50:00,2025-06-04 12:00:00,2025-06-04 11:50:00,2025-06-04 12:00:00,0 days 00:10:00,10.0,Wednesday,0,0,0,1,Spring,Morning,On Time,1,11
2025-06-04 12:00:00,سپهران,SHI4326,رشت,پرواز كرد,"5, 6",2025-06-04 12:29:00,,B737,فرودگاه مشهد,Domestic Departure,2025-06-04 12:00:00,2025-06-04 12:29:00,2025-06-04 12:00:00,2025-06-04 12:29:00,0 days 00:29:00,29.0,Wednesday,0,0,0,1,Spring,Afternoon,Late,1,12
2025-06-04 12:00:00,کیش ایر,KIS7107,بندرعباس,پرواز كرد,"3, 4",2025-06-04 12:11:00,,MD82,فرودگاه مشهد,Domestic Departure,2025-06-04 12:00:00,2025-06-04 12:11:00,2025-06-04 12:00:00,2025-06-04 12:11:00,0 days 00:11:00,11.0,Wednesday,0,0,0,1,Spring,Afternoon,On Time,1,12
2025-06-04 12:15:00,هواپیمایی اطلس,ATS8289,تهران,پرواز كرد,"7, 8",2025-06-04 13:00:00,,737-700,فرودگاه مشهد,Domestic Departure,2025-06-04 12:15:00,2025-06-04 13:00:00,2025-06-04 12:15:00,2025-06-04 13:00:00,0 days 00:45:00,45.0,Wednesday,0,0,0,1,Spring,Afternoon,Late,1,12
2025-06-04 12:25:00,ساها,IRZ163,تهران,پرواز كرد,"9, 10",2025-06-04 12:34:00,,B737,فرودگاه مشهد,Domestic Departure,2025-06-04 12:25:00,2025-06-04 12:34:00,2025-06-04 12:25:00,2025-06-04 12:34:00,0 days 00:09:00,9.0,Wednesday,0,0,0,1,Spring,Afternoon,On Time,1,12
2025-06-04 12:30:00,چابهار,IRU7661,تهران,پرواز كرد,"22, 23",2025-06-04 12:49:00,,MD83,فرودگاه مشهد,Domestic Departure,2025-06-04 12:30:00,2025-06-04 12:49:00,2025-06-04 12:30:00,2025-06-04 12:49:00,0 days 00:19:00,19.0,Wednesday,0,0,0,1,Spring,Afternoon,Late,1,12
2025-06-04 13:55:00,کاسپین,CPN025,تهران,پرواز كرد,"3, 4",2025-06-04 14:13:00,,MD83,فرودگاه مشهد,Domestic Departure,2025-06-04 13:55:00,2025-06-04 14:13:00,2025-06-04 13:55:00,2025-06-04 14:13:00,0 days 00:18:00,18.0,Wednesday,0,0,0,1,Spring,Afternoon,Late,1,13
2025-06-04 14:30:00,زاگرس,IZG4043,تهران,پرواز كرد,20,2025-06-04 14:55:00,,MD82,فرودگاه مشهد,Domestic Departure,2025-06-04 14:30:00,2025-06-04 14:55:00,2025-06-04 14:30:00,2025-06-04 14:55:00,0 days 00:25:00,25.0,Wednesday,0,0,0,1,Spring,Afternoon,Late,1,14
2025-06-01 19:45:00,آسمان,IRC601,تهران,پرواز كرد,"7, 8",2025-06-01 20:19:00,,F100,فرودگاه مشهد,Domestic Departure,2025-06-01 19:45:00,2025-06-01 20:19:00,2025-06-01 19:45:00,2025-06-01 20:19:00,0 days 00:34:00,34.0,Sunday,0,0,0,0,Spring,Evening,Late,1,19
2025-06-01 20:30:00,آتا,TBZ5675,اصفهان,پرواز كرد,11,2025-06-01 21:41:00,,MD80,فرودگاه مشهد,Domestic Departure,2025-06-01 20:30:00,2025-06-01 21:41:00,2025-06-01 20:30:00,2025-06-01 21:41:00,0 days 01:11:00,71.0,Sunday,0,0,0,0,Spring,Evening,Late,1,20
2025-06-01 20:30:00,زاگرس,IZG4140,اصفهان,پرواز كرد,20,2025-06-01 20:45:00,,MD82,فرودگاه مشهد,Domestic Departure,2025-06-01 20:30:00,2025-06-01 20:45:00,2025-06-01 20:30:00,2025-06-01 20:45:00,0 days 00:15:00,15.0,Sunday,0,0,0,0,Spring,Evening,On Time,1,20
2025-06-01 20:35:00,ماهان,IRM1076,کرمان,پرواز كرد,"9, 10",2025-06-01 20:50:00,,BAE100,فرودگاه مشهد,Domestic Departure,2025-06-01 20:35:00,2025-06-01 20:50:00,2025-06-01 20:35:00,2025-06-01 20:50:00,0 days 00:15:00,15.0,Sunday,0,0,0,0,Spring,Evening,On Time,1,20
2025-06-01 21:00:00,تابان,TBN6233,شیراز,پرواز كرد,22,2025-06-01 21:12:00,,MD.88,فرودگاه مشهد,Domestic Departure,2025-06-01 21:00:00,2025-06-01 21:12:00,2025-06-01 21:00:00,2025-06-01 21:12:00,0 days 00:12:00,12.0,Sunday,0,0,0,0,Spring,Night,On Time,1,21
2025-06-01 21:00:00,آتا,TBZ5709,یزد,پرواز كرد,14,2025-06-01 22:25:00,,MD80,فرودگاه مشهد,Domestic Departure,2025-06-01 21:00:00,2025-06-01 22:25:00,2025-06-01 21:00:00,2025-06-01 22:25:00,0 days 01:25:00,85.0,Sunday,0,0,0,0,Spring,Night,Late,1,21
2025-06-01 21:00:00,ایران ایر,IRA387,بیرجند,پرواز كرد,"24, 25, 26, 27",2025-06-01 21:32:00,,F100,فرودگاه مشهد,Domestic Departure,2025-06-01 21:00:00,2025-06-01 21:32:00,2025-06-01 21:00:00,2025-06-01 21:32:00,0 days 00:32:00,32.0,Sunday,0,0,0,0,Spring,Night,Late,1,21
2025-06-01 21:00:00,ماهان,IRM1080,تهران,پرواز كرد,"7, 8",2025-06-01 21:53:00,,BAE100,فرودگاه مشهد,Domestic Departure,2025-06-01 21:00:00,2025-06-01 21:53:00,2025-06-01 21:00:00,2025-06-01 21:53:00,0 days 00:53:00,53.0,Sunday,0,0,0,0,Spring,Night,Late,1,21
2025-06-01 21:30:00,آتا,TBZ5647,آبادان,پرواز كرد,13,2025-06-01 21:57:00,,MD80,فرودگاه مشهد,Domestic Departure,2025-06-01 21:30:00,2025-06-01 21:57:00,2025-06-01 21:30:00,2025-06-01 21:57:00,0 days 00:27:00,27.0,Sunday,0,0,0,0,Spring,Night,Late,1,21
2025-06-01 21:50:00,آتا,TBZ5730,تهران,پرواز كرد,12,2025-06-01 22:33:00,,MD80,فرودگاه مشهد,Domestic Departure,2025-06-01 21:50:00,2025-06-01 22:33:00,2025-06-01 21:50:00,2025-06-01 22:33:00,0 days 00:43:00,43.0,Sunday,0,0,0,0,Spring,Night,Late,1,21
2025-06-01 22:15:00,هواپیمایی پارس,PRS4415,آبادان,پرواز كرد,"5, 6",2025-06-01 23:02:00,,B737,فرودگاه مشهد,Domestic Departure,2025-06-01 22:15:00,2025-06-01 23:02:00,2025-06-01 22:15:00,2025-06-01 23:02:00,0 days 00:47:00,47.0,Sunday,0,0,0,0,Spring,Night,Late,1,22
2025-06-01 22:15:00,وارش,VRH5841,تهران,پرواز كرد,21,2025-06-01 22:44:00,,B737,فرودگاه مشهد,Domestic Departure,2025-06-01 22:15:00,2025-06-01 22:44:00,2025-06-01 22:15:00,2025-06-01 22:44:00,0 days 00:29:00,29.0,Sunday,0,0,0,0,Spring,Night,Late,1,22
2025-06-01 22:25:00,سپهران,SHI4346,آبادان,پرواز كرد,"9, 10",2025-06-01 22:55:00,,B737,فرودگاه مشهد,Domestic Departure,2025-06-01 22:25:00,2025-06-01 22:55:00,2025-06-01 22:25:00,2025-06-01 22:55:00,0 days 00:30:00,30.0,Sunday,0,0,0,0,Spring,Night,Late,1,22
2025-06-01 22:30:00,معراج,MRJ2805,تهران,پرواز كرد,"2, 3, 4",2025-06-01 22:36:00,,A321,فرودگاه مشهد,Domestic Departure,2025-06-01 22:30:00,2025-06-01 22:36:00,2025-06-01 22:30:00,2025-06-01 22:36:00,0 days 00:06:00,6.0,Sunday,0,0,0,0,Spring,Night,On Time,1,22
2025-06-01 22:30:00,وارش,VRH5804,ساری,پرواز كرد,23,2025-06-01 22:50:00,,B737,فرودگاه مشهد,Domestic Departure,2025-06-01 22:30:00,2025-06-01 22:50:00,2025-06-01 22:30:00,2025-06-01 22:50:00,0 days 00:20:00,20.0,Sunday,0,0,0,0,Spring,Night,Late,1,22
2025-06-01 23:25:00,کاسپین,CPN025,تهران,پرواز كرد,"5, 6",2025-06-01 23:29:00,,MD82,فرودگاه مشهد,Domestic Departure,2025-06-01 23:25:00,2025-06-01 23:29:00,2025-06-01 23:25:00,2025-06-01 23:29:00,0 days 00:04:00,4.0,Sunday,0,0,0,0,Spring,Night,On Time,1,23
2025-06-02 04:30:00,زاگرس,IZG4022,اهواز,پرواز كرد,5,2025-06-02 05:00:00,EPZAG,MD83,فرودگاه مهرآباد,Domestic Departure,2025-06-02 04:30:00,2025-06-02 05:00:00,2025-06-02 04:30:00,2025-06-02 05:00:00,0 days 00:30:00,30.0,Monday,0,0,0,0,Spring,Night,Late,1,4
2025-06-02 04:50:00,کیش ایر,KIS7085,یزد,پرواز كرد,"11, 12",2025-06-02 05:12:00,EPLCO,MD82,فرودگاه مهرآباد,Domestic Departure,2025-06-02 04:50:00,2025-06-02 05:12:00,2025-06-02 04:50:00,2025-06-02 05:12:00,0 days 00:22:00,22.0,Monday,0,0,0,0,Spring,Night,Late,1,4
2025-06-02 04:55:00,وارش,VRH5818,مشهد,پرواز كرد,3,2025-06-02 05:08:00,EPVAA,B737,فرودگاه مهرآباد,Domestic Departure,2025-06-02 04:55:00,2025-06-02 05:08:00,2025-06-02 04:55:00,2025-06-02 05:08:00,0 days 00:13:00,13.0,Monday,0,0,0,0,Spring,Night,On Time,1,4
2025-06-02 05:00:00,وارش,VRH5858,چابهار,پرواز كرد,2,2025-06-02 05:29:00,EPVBM,B737,فرودگاه مهرآباد,Domestic Departure,2025-06-02 05:00:00,2025-06-02 05:29:00,2025-06-02 05:00:00,2025-06-02 05:29:00,0 days 00:29:00,29.0,Monday,0,0,0,0,Spring,Morning,Late,1,5
2025-06-02 05:10:00,آتا,TBZ5635,اهواز,پرواز كرد,"26, 27",2025-06-02 05:20:00,EPTAH,737,فرودگاه مهرآباد,Domestic Departure,2025-06-02 05:10:00,2025-06-02 05:20:00,2025-06-02 05:10:00,2025-06-02 05:20:00,0 days 00:10:00,10.0,Monday,0,0,0,0,Spring,Morning,On Time,1,5
2025-06-02 05:20:00,چابهار,IRU7672,کرمان,پرواز كرد,7,2025-06-02 05:37:00,EPCBI,MD83,فرودگاه مهرآباد,Domestic Departure,2025-06-02 05:20:00,2025-06-02 05:37:00,2025-06-02 05:20:00,2025-06-02 05:37:00,0 days 00:17:00,17.0,Monday,0,0,0,0,Spring,Morning,Late,1,5
2025-06-02 05:20:00,کاسپین,CPN024,مشهد,پرواز كرد,"6, 7",2025-06-02 05:54:00,EPCAS,MD83,فرودگاه مهرآباد,Domestic Departure,2025-06-02 05:20:00,2025-06-02 05:54:00,2025-06-02 05:20:00,2025-06-02 05:54:00,0 days 00:34:00,34.0,Monday,0,0,0,0,Spring,Morning,Late,1,5
2025-06-02 05:25:00,کارون,KRU2536,شیراز/بهرگان,پرواز كرد,"14, 15",2025-06-02 06:43:00,EPMIS,F100,فرودگاه مهرآباد,Domestic Departure,2025-06-02 05:25:00,2025-06-02 06:43:00,2025-06-02 05:25:00,2025-06-02 06:43:00,0 days 01:18:00,78.0,Monday,0,0,0,0,Spring,Morning,Late,1,5
2025-06-02 05:25:00,آسمان,IRC840,ایلام,پرواز كرد,26,2025-06-02 07:29:00,EPATE,F100,فرودگاه مهرآباد,Domestic Departure,2025-06-02 05:25:00,2025-06-02 07:29:00,2025-06-02 05:25:00,2025-06-02 07:29:00,0 days 02:04:00,124.0,Monday,0,0,0,0,Spring,Morning,Late,1,5
2025-06-02 05:30:00,آتا,TBZ5617,مشهد,پرواز كرد,"12, 13",2025-06-02 05:49:00,EPTAE,737,فرودگاه مهرآباد,Domestic Departure,2025-06-02 05:30:00,2025-06-02 05:49:00,2025-06-02 05:30:00,2025-06-02 05:49:00,0 days 00:19:00,19.0,Monday,0,0,0,0,Spring,Morning,Late,1,5
2025-06-02 05:30:00,وارش,VRH5852,اهواز,پرواز كرد,4,2025-06-02 05:57:00,EPVAF,B737,فرودگاه مهرآباد,Domestic Departure,2025-06-02 05:30:00,2025-06-02 05:57:00,2025-06-02 05:30:00,2025-06-02 05:57:00,0 days 00:27:00,27.0,Monday,0,0,0,0,Spring,Morning,Late,1,5
2025-06-02 05:40:00,پارس ایر,PRS5400,مشهد,پرواز كرد,20,2025-06-02 06:10:00,EPPAO,737-700,فرودگاه مهرآباد,Domestic Departure,2025-06-02 05:40:00,2025-06-02 06:10:00,2025-06-02 05:40:00,2025-06-02 06:10:00,0 days 00:30:00,30.0,Monday,0,0,0,0,Spring,Morning,Late,1,5
2025-06-02 05:40:00,فلای پرشیا,FPI7426,اهواز,پرواز كرد,"18, 19",2025-06-02 05:51:00,EPFPA,B737,فرودگاه مهرآباد,Domestic Departure,2025-06-02 05:40:00,2025-06-02 05:51:00,2025-06-02 05:40:00,2025-06-02 05:51:00,0 days 00:11:00,11.0,Monday,0,0,0,0,Spring,Morning,On Time,1,5
2025-06-02 05:45:00,ایران ایر,IRA343,تبریز,پرواز كرد,"3, 4",2025-06-02 06:09:00,EPCFR,F100,فرودگاه مهرآباد,Domestic Departure,2025-06-02 05:45:00,2025-06-02 06:09:00,2025-06-02 05:45:00,2025-06-02 06:09:00,0 days 00:24:00,24.0,Monday,0,0,0,0,Spring,Morning,Late,1,5
2025-06-02 05:45:00,کارون,KRU2506,ماهشهر,پرواز كرد,"16, 17",2025-06-02 06:07:00,EPNFC,737,فرودگاه مهرآباد,Domestic Departure,2025-06-02 05:45:00,2025-06-02 06:07:00,2025-06-02 05:45:00,2025-06-02 06:07:00,0 days 00:22:00,22.0,Monday,0,0,0,0,Spring,Morning,Late,1,5
2025-06-02 05:50:00,چابهار,IRU7626,شیراز,پرواز كرد,5,2025-06-02 06:00:00,EPCBD,MD83,فرودگاه مهرآباد,Domestic Departure,2025-06-02 05:50:00,2025-06-02 06:00:00,2025-06-02 05:50:00,2025-06-02 06:00:00,0 days 00:10:00,10.0,Monday,0,0,0,0,Spring,Morning,On Time,1,5
2025-06-02 05:55:00,کارون,KRU2584,عسلویه,پرواز كرد,"18, 19",2025-06-02 06:14:00,EPJIA,B737,فرودگاه مهرآباد,Domestic Departure,2025-06-02 05:55:00,2025-06-02 06:14:00,2025-06-02 05:55:00,2025-06-02 06:14:00,0 days 00:19:00,19.0,Monday,0,0,0,0,Spring,Morning,Late,1,5
2025-06-02 06:00:00,ایران ایرتور,IRB912,بندرعباس,پرواز كرد,"9, 10",2025-06-02 06:25:00,EPMDD,MD83,فرودگاه مهرآباد,Domestic Departure,2025-06-02 06:00:00,2025-06-02 06:25:00,2025-06-02 06:00:00,2025-06-02 06:25:00,0 days 00:25:00,25.0,Monday,0,0,0,0,Spring,Morning,Late,1,6
2025-06-02 06:00:00,آتا,TBZ5677,ارومیه,پرواز كرد,"24, 25",2025-06-02 06:18:00,EPTAJ,MD83,فرودگاه مهرآباد,Domestic Departure,2025-06-02 06:00:00,2025-06-02 06:18:00,2025-06-02 06:00:00,2025-06-02 06:18:00,0 days 00:18:00,18.0,Monday,0,0,0,0,Spring,Morning,Late,1,6
2025-06-02 06:05:00,کیش ایر,KIS7009,عسلویه,پرواز كرد,"11, 12",2025-06-02 06:27:00,EPLCJ,MD83,فرودگاه مهرآباد,Domestic Departure,2025-06-02 06:05:00,2025-06-02 06:27:00,2025-06-02 06:05:00,2025-06-02 06:27:00,0 days 00:22:00,22.0,Monday,0,0,0,0,Spring,Morning,Late,1,6
2025-06-02 06:05:00,ماهان,IRM1085,زابل,پرواز كرد,24,2025-06-02 06:20:00,EPMEU,146-200,فرودگاه مهرآباد,Domestic Departure,2025-06-02 06:05:00,2025-06-02 06:20:00,2025-06-02 06:05:00,2025-06-02 06:20:00,0 days 00:15:00,15.0,Monday,0,0,0,0,Spring,Morning,On Time,1,6
2025-06-02 06:10:00,قشم ایر,QSM1202,عسلویه,پرواز كرد,"21, 22",2025-06-02 06:30:00,EPFQV,rj100,فرودگاه مهرآباد,Domestic Departure,2025-06-02 06:10:00,2025-06-02 06:30:00,2025-06-02 06:10:00,2025-06-02 06:30:00,0 days 00:20:00,20.0,Monday,0,0,0,0,Spring,Morning,Late,1,6
2025-06-02 06:15:00,ماهان,IRM1033,مشهد,پرواز كرد,22,2025-06-02 06:36:00,EPMEI,146-200,فرودگاه مهرآباد,Domestic Departure,2025-06-02 06:15:00,2025-06-02 06:36:00,2025-06-02 06:15:00,2025-06-02 06:36:00,0 days 00:21:00,21.0,Monday,0,0,0,0,Spring,Morning,Late,1,6
2025-06-02 06:15:00,کاسپین,CPN6978,لامرد,پرواز كرد,"8, 9",2025-06-02 06:22:00,EPKPB,737,فرودگاه مهرآباد,Domestic Departure,2025-06-02 06:15:00,2025-06-02 06:22:00,2025-06-02 06:15:00,2025-06-02 06:22:00,0 days 00:07:00,7.0,Monday,0,0,0,0,Spring,Morning,On Time,1,6
2025-06-02 06:20:00,آتا,TBZ5610,تبریز,پرواز كرد,"26, 27",2025-06-02 06:33:00,EPTAZ,MD83,فرودگاه مهرآباد,Domestic Departure,2025-06-02 06:20:00,2025-06-02 06:33:00,2025-06-02 06:20:00,2025-06-02 06:33:00,0 days 00:13:00,13.0,Monday,0,0,0,0,Spring,Morning,On Time,1,6
2025-06-02 06:20:00,کیش ایر,KIS7055,كيش,پرواز كرد,"9, 10",2025-06-02 06:46:00,EPLCL,MD83,فرودگاه مهرآباد,Domestic Departure,2025-06-02 06:20:00,2025-06-02 06:46:00,2025-06-02 06:20:00,2025-06-02 06:46:00,0 days 00:26:00,26.0,Monday,0,0,0,0,Spring,Morning,Late,1,6
2025-06-02 06:25:00,پويا,PYA2350,کرمان,پرواز كرد,15,2025-06-02 06:41:00,EPPUN,EMB145,فرودگاه مهرآباد,Domestic Departure,2025-06-02 06:25:00,2025-06-02 06:41:00,2025-06-02 06:25:00,2025-06-02 06:41:00,0 days 00:16:00,16.0,Monday,0,0,0,0,Spring,Morning,Late,1,6
2025-06-02 06:25:00,یزد ایر,DZD6895,شیراز,پرواز كرد,14,2025-06-02 06:47:00,EPDZH,146-200,فرودگاه مهرآباد,Domestic Departure,2025-06-02 06:25:00,2025-06-02 06:47:00,2025-06-02 06:25:00,2025-06-02 06:47:00,0 days 00:22:00,22.0,Monday,0,0,0,0,Spring,Morning,Late,1,6
2025-06-02 06:30:00,ساها,IRZ158,شیراز,پرواز كرد,"10, 11",2025-06-02 06:59:00,EPSII,737-700,فرودگاه مهرآباد,Domestic Departure,2025-06-02 06:30:00,2025-06-02 06:59:00,2025-06-02 06:30:00,2025-06-02 06:59:00,0 days 00:29:00,29.0,Monday,0,0,0,0,Spring,Morning,Late,1,6
2025-06-02 06:35:00,زاگرس,IZG4060,بوشهر,پرواز كرد,3,2025-06-02 07:05:00,EPZAQ,MD83,فرودگاه مهرآباد,Domestic Departure,2025-06-02 06:35:00,2025-06-02 07:05:00,2025-06-02 06:35:00,2025-06-02 07:05:00,0 days 00:30:00,30.0,Monday,0,0,0,0,Spring,Morning,Late,1,6
2025-06-02 06:40:00,اروان,INA6750,مشهد,پرواز كرد,7,2025-06-02 07:16:00,EPNSR,737-700,فرودگاه مهرآباد,Domestic Departure,2025-06-02 06:40:00,2025-06-02 07:16:00,2025-06-02 06:40:00,2025-06-02 07:16:00,0 days 00:36:00,36.0,Monday,0,0,0,0,Spring,Morning,Late,1,6
2025-06-02 06:40:00,کاسپین,CPN014,عسلویه,پرواز كرد,"12, 13",2025-06-02 06:50:00,EPCAQ,737,فرودگاه مهرآباد,Domestic Departure,2025-06-02 06:40:00,2025-06-02 06:50:00,2025-06-02 06:40:00,2025-06-02 06:50:00,0 days 00:10:00,10.0,Monday,0,0,0,0,Spring,Morning,On Time,1,6
2025-06-02 06:45:00,قشم ایر,QSM1291,کرمانشاه,پرواز كرد,"14, 15",2025-06-02 06:54:00,EPFQI,F100,فرودگاه مهرآباد,Domestic Departure,2025-06-02 06:45:00,2025-06-02 06:54:00,2025-06-02 06:45:00,2025-06-02 06:54:00,0 days 00:09:00,9.0,Monday,0,0,0,0,Spring,Morning,On Time,1,6
2025-06-02 06:55:00,ایران ایر,IRA232,شیراز,پرواز كرد,"3, 4",2025-06-02 07:10:00,EPIEP,A319,فرودگاه مهرآباد,Domestic Departure,2025-06-02 06:55:00,2025-06-02 07:10:00,2025-06-02 06:55:00,2025-06-02 07:10:00,0 days 00:15:00,15.0,Monday,0,0,0,0,Spring,Morning,On Time,1,6
2025-06-02 07:00:00,معراج,MRJ2825,تبریز,پرواز كرد,"18, 19",2025-06-02 07:07:00,EPSSN,A320,فرودگاه مهرآباد,Domestic Departure,2025-06-02 07:00:00,2025-06-02 07:07:00,2025-06-02 07:00:00,2025-06-02 07:07:00,0 days 00:07:00,7.0,Monday,0,0,0,0,Spring,Morning,On Time,1,7
2025-06-02 07:05:00,آتا,TBZ5662,کرمان,پرواز كرد,"28, 29",2025-06-02 07:18:00,EPTAR,MD83,فرودگاه مهرآباد,Domestic Departure,2025-06-02 07:05:00,2025-06-02 07:18:00,2025-06-02 07:05:00,2025-06-02 07:18:00,0 days 00:13:00,13.0,Monday,0,0,0,0,Spring,Morning,On Time,1,7
2025-06-02 07:10:00,ماهان,IRM4525,چابهار,پرواز كرد,21,2025-06-02 07:21:00,EPMOC,146-200,فرودگاه مهرآباد,Domestic Departure,2025-06-02 07:10:00,2025-06-02 07:21:00,2025-06-02 07:10:00,2025-06-02 07:21:00,0 days 00:11:00,11.0,Monday,0,0,0,0,Spring,Morning,On Time,1,7
2025-06-02 07:20:00,پويا,PYA2348,بندرعباس,پرواز كرد,16,2025-06-02 07:28:00,EPPUR,EMB145,فرودگاه مهرآباد,Domestic Departure,2025-06-02 07:20:00,2025-06-02 07:28:00,2025-06-02 07:20:00,2025-06-02 07:28:00,0 days 00:08:00,8.0,Monday,0,0,0,0,Spring,Morning,On Time,1,7
2025-06-02 07:25:00,آسمان,IRC3771,شیراز,پرواز كرد,"26, 27",2025-06-02 11:48:00,EPATE,F100,فرودگاه مهرآباد,Domestic Departure,2025-06-02 07:25:00,2025-06-02 11:48:00,2025-06-02 07:25:00,2025-06-02 11:48:00,0 days 04:23:00,263.0,Monday,0,0,0,0,Spring,Morning,Late,1,7
2025-06-02 07:30:00,ایران ایرتور,IRB916,كيش,پرواز كرد,"9, 10",2025-06-02 07:47:00,EPMDF,MD83,فرودگاه مهرآباد,Domestic Departure,2025-06-02 07:30:00,2025-06-02 07:47:00,2025-06-02 07:30:00,2025-06-02 07:47:00,0 days 00:17:00,17.0,Monday,0,0,0,0,Spring,Morning,Late,1,7
2025-06-02 07:35:00,آساجت,SJT8616,اصفهان,پرواز كرد,17,2025-06-02 07:59:00,EPRHN,EMB145,فرودگاه مهرآباد,Domestic Departure,2025-06-02 07:35:00,2025-06-02 07:59:00,2025-06-02 07:35:00,2025-06-02 07:59:00,0 days 00:24:00,24.0,Monday,0,0,0,0,Spring,Morning,Late,1,7
2025-06-02 07:40:00,ماهان,IRM1095,بندرعباس,پرواز كرد,22,2025-06-02 07:52:00,EPMOH,rj100,فرودگاه مهرآباد,Domestic Departure,2025-06-02 07:40:00,2025-06-02 07:52:00,2025-06-02 07:40:00,2025-06-02 07:52:00,0 days 00:12:00,12.0,Monday,0,0,0,0,Spring,Morning,On Time,1,7
2025-06-02 07:45:00,کیش ایر,KIS7053,كيش,پرواز كرد,"11, 12",2025-06-02 07:58:00,EPLCK,MD83,فرودگاه مهرآباد,Domestic Departure,2025-06-02 07:45:00,2025-06-02 07:58:00,2025-06-02 07:45:00,2025-06-02 07:58:00,0 days 00:13:00,13.0,Monday,0,0,0,0,Spring,Morning,On Time,1,7
2025-06-02 08:00:00,ماهان,IRM4536,اردبیل,پرواز كرد,23,2025-06-02 08:16:00,EPMOS,RJ85,فرودگاه مهرآباد,Domestic Departure,2025-06-02 08:00:00,2025-06-02 08:16:00,2025-06-02 08:00:00,2025-06-02 08:16:00,0 days 00:16:00,16.0,Monday,0,0,0,0,Spring,Morning,Late,1,8
2025-06-02 08:05:00,آتا,TBZ5602,تبریز,پرواز كرد,"12, 13",2025-06-02 08:13:00,EPTAL,MD83,فرودگاه مهرآباد,Domestic Departure,2025-06-02 08:05:00,2025-06-02 08:13:00,2025-06-02 08:05:00,2025-06-02 08:13:00,0 days 00:08:00,8.0,Monday,0,0,0,0,Spring,Morning,On Time,1,8
2025-06-02 08:10:00,ماهان,IRM1051,کرمان,پرواز كرد,24,2025-06-02 08:11:00,EPMEA,RJ85,فرودگاه مهرآباد,Domestic Departure,2025-06-02 08:10:00,2025-06-02 08:11:00,2025-06-02 08:10:00,2025-06-02 08:11:00,0 days 00:01:00,1.0,Monday,0,0,0,0,Spring,Morning,On Time,1,8
2025-06-02 08:20:00,وارش,VRH5902,مشهد,پرواز كرد,3,2025-06-02 08:38:00,EPVAR,B737,فرودگاه مهرآباد,Domestic Departure,2025-06-02 08:20:00,2025-06-02 08:38:00,2025-06-02 08:20:00,2025-06-02 08:38:00,0 days 00:18:00,18.0,Monday,0,0,0,0,Spring,Morning,Late,1,8
2025-06-02 08:25:00,زاگرس,IZG4030,كيش,پرواز كرد,5,2025-06-02 09:14:00,EPZAG,MD83,فرودگاه مهرآباد,Domestic Departure,2025-06-02 08:25:00,2025-06-02 09:14:00,2025-06-02 08:25:00,2025-06-02 09:14:00,0 days 00:49:00,49.0,Monday,0,0,0,0,Spring,Morning,Late,1,8
2025-06-02 08:30:00,قشم ایر,QSM1286,ایلام,پرواز كرد,"21, 22",2025-06-02 08:36:00,EPFQF,F100,فرودگاه مهرآباد,Domestic Departure,2025-06-02 08:30:00,2025-06-02 08:36:00,2025-06-02 08:30:00,2025-06-02 08:36:00,0 days 00:06:00,6.0,Monday,0,0,0,0,Spring,Morning,On Time,1,8
2025-06-02 08:30:00,ایران ایرتور,IRB960,مشهد,پرواز كرد,"7, 8",2025-06-02 08:50:00,EPMDC,MD83,فرودگاه مهرآباد,Domestic Departure,2025-06-02 08:30:00,2025-06-02 08:50:00,2025-06-02 08:30:00,2025-06-02 08:50:00,0 days 00:20:00,20.0,Monday,0,0,0,0,Spring,Morning,Late,1,8
2025-06-02 08:35:00,کاسپین,CPN044,كيش,پرواز كرد,"6, 7",2025-06-02 08:56:00,EPCPU,MD83,فرودگاه مهرآباد,Domestic Departure,2025-06-02 08:35:00,2025-06-02 08:56:00,2025-06-02 08:35:00,2025-06-02 08:56:00,0 days 00:21:00,21.0,Monday,0,0,0,0,Spring,Morning,Late,1,8
2025-06-02 09:05:00,آتا,TBZ5693,اهواز,پرواز كرد,"24, 25",2025-06-02 09:29:00,EPTAH,737,فرودگاه مهرآباد,Domestic Departure,2025-06-02 09:05:00,2025-06-02 09:29:00,2025-06-02 09:05:00,2025-06-02 09:29:00,0 days 00:24:00,24.0,Monday,0,0,0,0,Spring,Morning,Late,1,9
2025-06-02 09:10:00,آساجت,SJT8634,رشت,پرواز كرد,14,2025-06-02 09:16:00,EPJEK,EMB145,فرودگاه مهرآباد,Domestic Departure,2025-06-02 09:10:00,2025-06-02 09:16:00,2025-06-02 09:10:00,2025-06-02 09:16:00,0 days 00:06:00,6.0,Monday,0,0,0,0,Spring,Morning,On Time,1,9
2025-06-02 09:15:00,کیش ایر,KIS7105,آبادان,پرواز كرد,"9, 10",2025-06-02 09:18:00,EPLCO,MD82,فرودگاه مهرآباد,Domestic Departure,2025-06-02 09:15:00,2025-06-02 09:18:00,2025-06-02 09:15:00,2025-06-02 09:18:00,0 days 00:03:00,3.0,Monday,0,0,0,0,Spring,Morning,On Time,1,9
2025-06-02 09:25:00,رایمون,RAI7514,عسلویه,پرواز كرد,3,2025-06-02 09:26:00,EPNEA,EMB145,فرودگاه مهرآباد,Domestic Departure,2025-06-02 09:25:00,2025-06-02 09:26:00,2025-06-02 09:25:00,2025-06-02 09:26:00,0 days 00:01:00,1.0,Monday,0,0,0,0,Spring,Morning,On Time,1,9
2025-06-02 09:30:00,آسمان,IRC640,تبریز,پرواز كرد,"28, 29",2025-06-02 16:32:00,EPATE,F100,فرودگاه مهرآباد,Domestic Departure,2025-06-02 09:30:00,2025-06-02 16:32:00,2025-06-02 09:30:00,2025-06-02 16:32:00,0 days 07:02:00,422.0,Monday,0,0,0,0,Spring,Morning,Late,1,9
2025-06-02 09:35:00,پارس ایر,PRS4492,آغاجاری,پرواز كرد,"19, 20",2025-06-02 11:37:00,EPPRA,CRJ200,فرودگاه مهرآباد,Domestic Departure,2025-06-02 09:35:00,2025-06-02 11:37:00,2025-06-02 09:35:00,2025-06-02 11:37:00,0 days 02:02:00,122.0,Monday,0,0,0,0,Spring,Morning,Late,1,9
2025-06-02 09:40:00,چابهار,IRU7640,مشهد,پرواز كرد,3,2025-06-02 09:53:00,EPSEB,MD83,فرودگاه مهرآباد,Domestic Departure,2025-06-02 09:40:00,2025-06-02 09:53:00,2025-06-02 09:40:00,2025-06-02 09:53:00,0 days 00:13:00,13.0,Monday,0,0,0,0,Spring,Morning,On Time,1,9
2025-06-02 09:45:00,فلای پرشیا,FPI7424,قشم,پرواز كرد,"18, 19",2025-06-02 09:46:00,EPFPA,B737,فرودگاه مهرآباد,Domestic Departure,2025-06-02 09:45:00,2025-06-02 09:46:00,2025-06-02 09:45:00,2025-06-02 09:46:00,0 days 00:01:00,1.0,Monday,0,0,0,0,Spring,Morning,On Time,1,9
2025-06-02 09:55:00,آتا,TBZ5687,بوشهر,پرواز كرد,"26, 27",2025-06-02 10:18:00,EPTAZ,MD83,فرودگاه مهرآباد,Domestic Departure,2025-06-02 09:55:00,2025-06-02 10:18:00,2025-06-02 09:55:00,2025-06-02 10:18:00,0 days 00:23:00,23.0,Monday,0,0,0,0,Spring,Morning,Late,1,9
2025-06-02 10:00:00,وارش,VRH5840,مشهد,پرواز كرد,5,2025-06-02 10:14:00,EPVAF,B737,فرودگاه مهرآباد,Domestic Departure,2025-06-02 10:00:00,2025-06-02 10:14:00,2025-06-02 10:00:00,2025-06-02 10:14:00,0 days 00:14:00,14.0,Monday,0,0,0,0,Spring,Morning,On Time,1,10
2025-06-02 10:00:00,ایران ایر,IRA321,خرم‌آباد,پرواز كرد,"3, 4",2025-06-02 10:09:00,EPCFR,F100,فرودگاه مهرآباد,Domestic Departure,2025-06-02 10:00:00,2025-06-02 10:09:00,2025-06-02 10:00:00,2025-06-02 10:09:00,0 days 00:09:00,9.0,Monday,0,0,0,0,Spring,Morning,On Time,1,10
2025-06-02 10:10:00,چابهار,IRU7660,مشهد,پرواز كرد,6,2025-06-02 10:30:00,EPCBI,MD82,فرودگاه مهرآباد,Domestic Departure,2025-06-02 10:10:00,2025-06-02 10:30:00,2025-06-02 10:10:00,2025-06-02 10:30:00,0 days 00:20:00,20.0,Monday,0,0,0,0,Spring,Morning,Late,1,10
2025-06-02 10:20:00,آتا,TBZ5629,مشهد,پرواز كرد,"28, 29",2025-06-02 10:49:00,EPTAJ,MD82,فرودگاه مهرآباد,Domestic Departure,2025-06-02 10:20:00,2025-06-02 10:49:00,2025-06-02 10:20:00,2025-06-02 10:49:00,0 days 00:29:00,29.0,Monday,0,0,0,0,Spring,Morning,Late,1,10
2025-06-02 10:40:00,چابهار,IRU7610,مشهد,پرواز كرد,3,2025-06-02 10:55:00,EPCBD,MD82,فرودگاه مهرآباد,Domestic Departure,2025-06-02 10:40:00,2025-06-02 10:55:00,2025-06-02 10:40:00,2025-06-02 10:55:00,0 days 00:15:00,15.0,Monday,0,0,0,0,Spring,Morning,On Time,1,10
2025-06-02 11:00:00,آتا,TBZ5659,كيش,پرواز كرد,"13, 14",2025-06-02 11:30:00,EPTAQ,MD83,فرودگاه مهرآباد,Domestic Departure,2025-06-02 11:00:00,2025-06-02 11:30:00,2025-06-02 11:00:00,2025-06-02 11:30:00,0 days 00:30:00,30.0,Monday,0,0,0,0,Spring,Morning,Late,1,11
2025-06-02 11:05:00,کیش ایر,KIS7193,عسلویه,پرواز كرد,"11, 12",2025-06-02 11:40:00,EPLCJ,MD83,فرودگاه مهرآباد,Domestic Departure,2025-06-02 11:05:00,2025-06-02 11:40:00,2025-06-02 11:05:00,2025-06-02 11:40:00,0 days 00:35:00,35.0,Monday,0,0,0,0,Spring,Morning,Late,1,11
2025-06-02 11:20:00,کاسپین,CPN026,مشهد,پرواز كرد,"6, 7",2025-06-02 11:45:00,EPKPB,737,فرودگاه مهرآباد,Domestic Departure,2025-06-02 11:20:00,2025-06-02 11:45:00,2025-06-02 11:20:00,2025-06-02 11:45:00,0 days 00:25:00,25.0,Monday,0,0,0,0,Spring,Morning,Late,1,11
2025-06-02 11:20:00,کارون,KRU2642,اهواز,پرواز كرد,"16, 17",2025-06-02 11:33:00,EPJIA,737,فرودگاه مهرآباد,Domestic Departure,2025-06-02 11:20:00,2025-06-02 11:33:00,2025-06-02 11:20:00,2025-06-02 11:33:00,0 days 00:13:00,13.0,Monday,0,0,0,0,Spring,Morning,On Time,1,11
2025-06-02 11:30:00,زاگرس,IZG4040,مشهد,پرواز كرد,5,2025-06-02 12:17:00,EPZAQ,MD83,فرودگاه مهرآباد,Domestic Departure,2025-06-02 11:30:00,2025-06-02 12:17:00,2025-06-02 11:30:00,2025-06-02 12:17:00,0 days 00:47:00,47.0,Monday,0,0,0,0,Spring,Morning,Late,1,11
2025-06-02 11:40:00,اطلس ایر,ATS8284,مشهد,پرواز كرد,"18, 19",2025-06-02 11:42:00,EPTHI,RJ85,فرودگاه مهرآباد,Domestic Departure,2025-06-02 11:40:00,2025-06-02 11:42:00,2025-06-02 11:40:00,2025-06-02 11:42:00,0 days 00:02:00,2.0,Monday,0,0,0,0,Spring,Morning,On Time,1,11
2025-06-02 11:40:00,کاسپین,CPN036,ارومیه,پرواز كرد,"8, 9",2025-06-02 12:02:00,EPCAQ,737,فرودگاه مهرآباد,Domestic Departure,2025-06-02 11:40:00,2025-06-02 12:02:00,2025-06-02 11:40:00,2025-06-02 12:02:00,0 days 00:22:00,22.0,Monday,0,0,0,0,Spring,Morning,Late,1,11
2025-06-02 11:55:00,آتا,TBZ5613,مشهد,پرواز كرد,"24, 25",2025-06-02 14:21:00,EPTAR,MD83,فرودگاه مهرآباد,Domestic Departure,2025-06-02 11:55:00,2025-06-02 14:21:00,2025-06-02 11:55:00,2025-06-02 14:21:00,0 days 02:26:00,146.0,Monday,0,0,0,0,Spring,Morning,Late,1,11
2025-06-02 12:00:00,ماهان,IRM4583,زنجان,پرواز كرد,21,2025-06-02 12:46:00,EPMNZ,CITATION,فرودگاه مهرآباد,Domestic Departure,2025-06-02 12:00:00,2025-06-02 12:46:00,2025-06-02 12:00:00,2025-06-02 12:46:00,0 days 00:46:00,46.0,Monday,0,0,0,0,Spring,Afternoon,Late,1,12
2025-06-02 12:00:00,وارش,VRH5814,بندرعباس,پرواز كرد,7,2025-06-02 12:19:00,EPVBM,B737,فرودگاه مهرآباد,Domestic Departure,2025-06-02 12:00:00,2025-06-02 12:19:00,2025-06-02 12:00:00,2025-06-02 12:19:00,0 days 00:19:00,19.0,Monday,0,0,0,0,Spring,Afternoon,Late,1,12
2025-06-02 12:15:00,ماهان,IRM1023,كيش,پرواز كرد,"22, 23, 24",2025-06-02 12:40:00,EPMEE,747,فرودگاه مهرآباد,Domestic Departure,2025-06-02 12:15:00,2025-06-02 12:40:00,2025-06-02 12:15:00,2025-06-02 12:40:00,0 days 00:25:00,25.0,Monday,0,0,0,0,Spring,Afternoon,Late,1,12
2025-06-02 12:30:00,قشم ایر,QSM1260,شیراز,پرواز كرد,"21, 22",2025-06-02 12:49:00,EPFQV,RJ100,فرودگاه مهرآباد,Domestic Departure,2025-06-02 12:30:00,2025-06-02 12:49:00,2025-06-02 12:30:00,2025-06-02 12:49:00,0 days 00:19:00,19.0,Monday,0,0,0,0,Spring,Afternoon,Late,1,12
2025-06-02 12:45:00,قشم ایر,QSM1212,دزفول,پرواز كرد,"14, 15",2025-06-02 12:55:00,EPFQF,F100,فرودگاه مهرآباد,Domestic Departure,2025-06-02 12:45:00,2025-06-02 12:55:00,2025-06-02 12:45:00,2025-06-02 12:55:00,0 days 00:10:00,10.0,Monday,0,0,0,0,Spring,Afternoon,On Time,1,12
2025-06-02 13:20:00,آتا,TBZ5698,مشهد,پرواز كرد,"26, 27",2025-06-02 14:07:00,EPTAO,MD83,فرودگاه مهرآباد,Domestic Departure,2025-06-02 13:20:00,2025-06-02 14:07:00,2025-06-02 13:20:00,2025-06-02 14:07:00,0 days 00:47:00,47.0,Monday,0,0,0,0,Spring,Afternoon,Late,1,13
2025-06-02 13:25:00,ماهان,IRM1010,کرمانشاه,پرواز كرد,24,2025-06-02 13:50:00,EPMEA,RJ85,فرودگاه مهرآباد,Domestic Departure,2025-06-02 13:25:00,2025-06-02 13:50:00,2025-06-02 13:25:00,2025-06-02 13:50:00,0 days 00:25:00,25.0,Monday,0,0,0,0,Spring,Afternoon,Late,1,13
2025-06-02 13:40:00,ایران ایرتور,IRB962,مشهد,پرواز كرد,"5, 6",2025-06-02 19:50:00,EPMDC,MD83,فرودگاه مهرآباد,Domestic Departure,2025-06-02 13:40:00,2025-06-02 19:50:00,2025-06-02 13:40:00,2025-06-02 19:50:00,0 days 06:10:00,370.0,Monday,0,0,0,0,Spring,Afternoon,Late,1,13
2025-06-02 14:00:00,ماهان,IRM1004,ارومیه,پرواز كرد,22,2025-06-02 14:09:00,EPMOS,RJ85,فرودگاه مهرآباد,Domestic Departure,2025-06-02 14:00:00,2025-06-02 14:09:00,2025-06-02 14:00:00,2025-06-02 14:09:00,0 days 00:09:00,9.0,Monday,0,0,0,0,Spring,Afternoon,On Time,1,14
2025-06-02 14:45:00,رایمون,RAI7512,اصفهان,پرواز كرد,3,2025-06-02 15:20:00,EPNEA,EMB145,فرودگاه مهرآباد,Domestic Departure,2025-06-02 14:45:00,2025-06-02 15:20:00,2025-06-02 14:45:00,2025-06-02 15:20:00,0 days 00:35:00,35.0,Monday,0,0,0,0,Spring,Afternoon,Late,1,14
2025-06-02 14:55:00,ایران ایر,IRA497,اردبیل,پرواز كرد,"3, 4",2025-06-02 15:16:00,EPCFR,F100,فرودگاه مهرآباد,Domestic Departure,2025-06-02 14:55:00,2025-06-02 15:16:00,2025-06-02 14:55:00,2025-06-02 15:16:00,0 days 00:21:00,21.0,Monday,0,0,0,0,Spring,Afternoon,Late,1,14
2025-06-02 15:50:00,آتا,TBZ5619,مشهد,پرواز كرد,"28, 29",2025-06-02 16:56:00,EPTAJ,MD82,فرودگاه مهرآباد,Domestic Departure,2025-06-02 15:50:00,2025-06-02 16:56:00,2025-06-02 15:50:00,2025-06-02 16:56:00,0 days 01:06:00,66.0,Monday,0,0,0,0,Spring,Afternoon,Late,1,15
2025-06-02 15:50:00,کاسپین,CPN6936,قشم,پرواز كرد,"6, 7",2025-06-02 16:46:00,EPCAQ,B737,فرودگاه مهرآباد,Domestic Departure,2025-06-02 15:50:00,2025-06-02 16:46:00,2025-06-02 15:50:00,2025-06-02 16:46:00,0 days 00:56:00,56.0,Monday,0,0,0,0,Spring,Afternoon,Late,1,15
2025-06-02 15:55:00,آتا,TBZ5664,کرمان,پرواز كرد,"12, 13",2025-06-02 16:59:00,EPTAE,737,فرودگاه مهرآباد,Domestic Departure,2025-06-02 15:55:00,2025-06-02 16:59:00,2025-06-02 15:55:00,2025-06-02 16:59:00,0 days 01:04:00,64.0,Monday,0,0,0,0,Spring,Afternoon,Late,1,15
2025-06-02 15:55:00,کیش ایر,KIS7029,كيش,پرواز كرد,"9, 10",2025-06-02 17:09:00,EPLCJ,MD83,فرودگاه مهرآباد,Domestic Departure,2025-06-02 15:55:00,2025-06-02 17:09:00,2025-06-02 15:55:00,2025-06-02 17:09:00,0 days 01:14:00,74.0,Monday,0,0,0,0,Spring,Afternoon,Late,1,15
2025-06-02 16:00:00,آساجت,SJT8624,یزد,پرواز كرد,15,2025-06-02 16:18:00,EPJEK,EMB145,فرودگاه مهرآباد,Domestic Departure,2025-06-02 16:00:00,2025-06-02 16:18:00,2025-06-02 16:00:00,2025-06-02 16:18:00,0 days 00:18:00,18.0,Monday,0,0,0,0,Spring,Afternoon,Late,1,16
2025-06-02 16:15:00,آسمان,IRC3710,اردبیل,پرواز كرد,29,2025-06-02 20:59:00,EPATE,F100,فرودگاه مهرآباد,Domestic Departure,2025-06-02 16:15:00,2025-06-02 20:59:00,2025-06-02 16:15:00,2025-06-02 20:59:00,0 days 04:44:00,284.0,Monday,0,0,0,0,Spring,Afternoon,Late,1,16
2025-06-02 16:20:00,کاسپین,CPN6986,زاهدان,پرواز كرد,"8, 9",2025-06-02 17:06:00,EPCAS,MD83,فرودگاه مهرآباد,Domestic Departure,2025-06-02 16:20:00,2025-06-02 17:06:00,2025-06-02 16:20:00,2025-06-02 17:06:00,0 days 00:46:00,46.0,Monday,0,0,0,0,Spring,Afternoon,Late,1,16
2025-06-02 16:25:00,آتا,TBZ5719,مشهد,پرواز كرد,"26, 27",2025-06-02 17:15:00,EPTAQ,MD83,فرودگاه مهرآباد,Domestic Departure,2025-06-02 16:25:00,2025-06-02 17:15:00,2025-06-02 16:25:00,2025-06-02 17:15:00,0 days 00:50:00,50.0,Monday,0,0,0,0,Spring,Afternoon,Late,1,16
2025-06-02 16:30:00,ماهان,IRM1067,کرمان,پرواز كرد,22,2025-06-02 16:39:00,EPMOH,RJ100,فرودگاه مهرآباد,Domestic Departure,2025-06-02 16:30:00,2025-06-02 16:39:00,2025-06-02 16:30:00,2025-06-02 16:39:00,0 days 00:09:00,9.0,Monday,0,0,0,0,Spring,Afternoon,On Time,1,16
2025-06-02 16:50:00,رایمون,RAI7524,رشت,پرواز كرد,3,2025-06-02 17:23:00,EPNEB,EMB145,فرودگاه مهرآباد,Domestic Departure,2025-06-02 16:50:00,2025-06-02 17:23:00,2025-06-02 16:50:00,2025-06-02 17:23:00,0 days 00:33:00,33.0,Monday,0,0,0,0,Spring,Afternoon,Late,1,16
2025-06-02 16:50:00,قشم ایر,QSM1220,بندرعباس,پرواز كرد,"18, 19",2025-06-02 17:24:00,EPFQI,F100,فرودگاه مهرآباد,Domestic Departure,2025-06-02 16:50:00,2025-06-02 17:24:00,2025-06-02 16:50:00,2025-06-02 17:24:00,0 days 00:34:00,34.0,Monday,0,0,0,0,Spring,Afternoon,Late,1,16
2025-06-02 16:55:00,اطلس ایر,ATS8288,مشهد,پرواز كرد,21,2025-06-02 17:37:00,EPLEE,737-700,فرودگاه مهرآباد,Domestic Departure,2025-06-02 16:55:00,2025-06-02 17:37:00,2025-06-02 16:55:00,2025-06-02 17:37:00,0 days 00:42:00,42.0,Monday,0,0,0,0,Spring,Afternoon,Late,1,16
2025-06-02 16:55:00,یزد ایر,DZD9401,ارومیه,پرواز كرد,"6, 7",2025-06-02 17:12:00,EPDZH,RJ85,فرودگاه مهرآباد,Domestic Departure,2025-06-02 16:55:00,2025-06-02 17:12:00,2025-06-02 16:55:00,2025-06-02 17:12:00,0 days 00:17:00,17.0,Monday,0,0,0,0,Spring,Afternoon,Late,1,16
2025-06-02 17:00:00,زاگرس,IZG4020,اهواز,پرواز كرد,3,2025-06-02 17:46:00,EPZAQ,MD83,فرودگاه مهرآباد,Domestic Departure,2025-06-02 17:00:00,2025-06-02 17:46:00,2025-06-02 17:00:00,2025-06-02 17:46:00,0 days 00:46:00,46.0,Monday,0,0,0,0,Spring,Evening,Late,1,17
2025-06-02 17:05:00,آتا,TBZ5668,تبریز,پرواز كرد,"23, 23, 24, 24",2025-06-02 17:39:00,EPTAZ,MD83,فرودگاه مهرآباد,Domestic Departure,2025-06-02 17:05:00,2025-06-02 17:39:00,2025-06-02 17:05:00,2025-06-02 17:39:00,0 days 00:34:00,34.0,Monday,0,0,0,0,Spring,Evening,Late,1,17
2025-06-02 17:05:00,آتا,TBZ5623,شیراز,پرواز كرد,"28, 29",2025-06-02 21:20:00,EPTAH,737,فرودگاه مهرآباد,Domestic Departure,2025-06-02 17:05:00,2025-06-02 21:20:00,2025-06-02 17:05:00,2025-06-02 21:20:00,0 days 04:15:00,255.0,Monday,0,0,0,0,Spring,Evening,Late,1,17
2025-06-02 17:10:00,پارس ایر,PRS4454,مشهد,پرواز كرد,"18, 19",2025-06-02 18:00:00,EPPAO,737,فرودگاه مهرآباد,Domestic Departure,2025-06-02 17:10:00,2025-06-02 18:00:00,2025-06-02 17:10:00,2025-06-02 18:00:00,0 days 00:50:00,50.0,Monday,0,0,0,0,Spring,Evening,Late,1,17
2025-06-02 17:20:00,قشم ایر,QSM1252,مشهد,پرواز كرد,14,2025-06-02 18:15:00,EPFQV,rj100,فرودگاه مهرآباد,Domestic Departure,2025-06-02 17:20:00,2025-06-02 18:15:00,2025-06-02 17:20:00,2025-06-02 18:15:00,0 days 00:55:00,55.0,Monday,0,0,0,0,Spring,Evening,Late,1,17
2025-06-02 17:25:00,کیش ایر,KIS7031,اهواز,پرواز كرد,"11, 12",2025-06-02 17:42:00,EPLCL,MD82,فرودگاه مهرآباد,Domestic Departure,2025-06-02 17:25:00,2025-06-02 17:42:00,2025-06-02 17:25:00,2025-06-02 17:42:00,0 days 00:17:00,17.0,Monday,0,0,0,0,Spring,Evening,Late,1,17
2025-06-02 17:25:00,کارون,KRU2628,شیراز,پرواز كرد,"16, 17",2025-06-02 17:51:00,EPNFC,737,فرودگاه مهرآباد,Domestic Departure,2025-06-02 17:25:00,2025-06-02 17:51:00,2025-06-02 17:25:00,2025-06-02 17:51:00,0 days 00:26:00,26.0,Monday,0,0,0,0,Spring,Evening,Late,1,17
2025-06-02 17:30:00,کارون,KRU2608,یزد,پرواز كرد,22,2025-06-02 17:49:00,EPJIA,737-700,فرودگاه مهرآباد,Domestic Departure,2025-06-02 17:30:00,2025-06-02 17:49:00,2025-06-02 17:30:00,2025-06-02 17:49:00,0 days 00:19:00,19.0,Monday,0,0,0,0,Spring,Evening,Late,1,17
2025-06-02 17:35:00,آتا,TBZ5673,اهواز,پرواز كرد,"12, 13",2025-06-02 19:56:00,EPTAL,MD83,فرودگاه مهرآباد,Domestic Departure,2025-06-02 17:35:00,2025-06-02 19:56:00,2025-06-02 17:35:00,2025-06-02 19:56:00,0 days 02:21:00,141.0,Monday,0,0,0,0,Spring,Evening,Late,1,17
2025-06-02 17:45:00,پارس ایر,PRS4462,سیرجان,پرواز كرد,20,2025-06-02 18:05:00,EPPRA,CRJ200,فرودگاه مهرآباد,Domestic Departure,2025-06-02 17:45:00,2025-06-02 18:05:00,2025-06-02 17:45:00,2025-06-02 18:05:00,0 days 00:20:00,20.0,Monday,0,0,0,0,Spring,Evening,Late,1,17
2025-06-02 17:45:00,چابهار,IRU7650,مشهد,پرواز كرد,6,2025-06-02 18:03:00,EPSEB,MD83,فرودگاه مهرآباد,Domestic Departure,2025-06-02 17:45:00,2025-06-02 18:03:00,2025-06-02 17:45:00,2025-06-02 18:03:00,0 days 00:18:00,18.0,Monday,0,0,0,0,Spring,Evening,Late,1,17
2025-06-02 18:00:00,یزد ایر,DZD9441,یزد,پرواز كرد,"8, 9",2025-06-02 18:24:00,EPMEA,RJ85,فرودگاه مهرآباد,Domestic Departure,2025-06-02 18:00:00,2025-06-02 18:24:00,2025-06-02 18:00:00,2025-06-02 18:24:00,0 days 00:24:00,24.0,Monday,0,0,0,0,Spring,Evening,Late,1,18
2025-06-02 18:10:00,پويا,PYA2318,کرمانشاه,پرواز كرد,13,2025-06-02 18:21:00,EPPUR,EMB145,فرودگاه مهرآباد,Domestic Departure,2025-06-02 18:10:00,2025-06-02 18:21:00,2025-06-02 18:10:00,2025-06-02 18:21:00,0 days 00:11:00,11.0,Monday,0,0,0,0,Spring,Evening,On Time,1,18
2025-06-02 18:15:00,ماهان,IRM1026,اردبیل,پرواز كرد,23,2025-06-02 18:43:00,EPMEU,RJ85,فرودگاه مهرآباد,Domestic Departure,2025-06-02 18:15:00,2025-06-02 18:43:00,2025-06-02 18:15:00,2025-06-02 18:43:00,0 days 00:28:00,28.0,Monday,0,0,0,0,Spring,Evening,Late,1,18
2025-06-02 18:20:00,ماهان,IRM1055,کرمان,پرواز كرد,24,2025-06-02 18:45:00,EPMEI,RJ85,فرودگاه مهرآباد,Domestic Departure,2025-06-02 18:20:00,2025-06-02 18:45:00,2025-06-02 18:20:00,2025-06-02 18:45:00,0 days 00:25:00,25.0,Monday,0,0,0,0,Spring,Evening,Late,1,18
2025-06-02 18:25:00,اطلس ایر,ATS8291,یزد,پرواز كرد,21,2025-06-02 18:38:00,EPTHI,RJ85,فرودگاه مهرآباد,Domestic Departure,2025-06-02 18:25:00,2025-06-02 18:38:00,2025-06-02 18:25:00,2025-06-02 18:38:00,0 days 00:13:00,13.0,Monday,0,0,0,0,Spring,Evening,On Time,1,18
2025-06-02 18:30:00,قدر ایر,SEP2702,اهواز,پرواز كرد,"14, 15",2025-06-02 19:31:00,152286,IL76,فرودگاه مهرآباد,Domestic Departure,2025-06-02 18:30:00,2025-06-02 19:31:00,2025-06-02 18:30:00,2025-06-02 19:31:00,0 days 01:01:00,61.0,Monday,0,0,0,0,Spring,Evening,Late,1,18
2025-06-02 18:30:00,وارش,VRH5800,ساری,پرواز كرد,8,2025-06-02 20:13:00,EPVAK,B737,فرودگاه مهرآباد,Domestic Departure,2025-06-02 18:30:00,2025-06-02 20:13:00,2025-06-02 18:30:00,2025-06-02 20:13:00,0 days 01:43:00,103.0,Monday,0,0,0,0,Spring,Evening,Late,1,18
2025-06-02 18:30:00,ماهان,IRM1002,تبریز,پرواز كرد,21,2025-06-02 18:49:00,EPMOS,RJ85,فرودگاه مهرآباد,Domestic Departure,2025-06-02 18:30:00,2025-06-02 18:49:00,2025-06-02 18:30:00,2025-06-02 18:49:00,0 days 00:19:00,19.0,Monday,0,0,0,0,Spring,Evening,Late,1,18
2025-06-02 18:35:00,رایمون,RAI7510,رشت,پرواز كرد,3,2025-06-02 18:53:00,EPNEA,EMB145,فرودگاه مهرآباد,Domestic Departure,2025-06-02 18:35:00,2025-06-02 18:53:00,2025-06-02 18:35:00,2025-06-02 18:53:00,0 days 00:18:00,18.0,Monday,0,0,0,0,Spring,Evening,Late,1,18
2025-06-02 18:40:00,آتا,TBZ5646,تبریز,پرواز كرد,"24, 25",2025-06-02 18:57:00,EPTAN,MD83,فرودگاه مهرآباد,Domestic Departure,2025-06-02 18:40:00,2025-06-02 18:57:00,2025-06-02 18:40:00,2025-06-02 18:57:00,0 days 00:17:00,17.0,Monday,0,0,0,0,Spring,Evening,Late,1,18
2025-06-02 19:00:00,ایران ایرتور,IRB970,بوشهر,پرواز كرد,"9, 10",2025-06-02 22:02:00,EPMDD,MD83,فرودگاه مهرآباد,Domestic Departure,2025-06-02 19:00:00,2025-06-02 22:02:00,2025-06-02 19:00:00,2025-06-02 22:02:00,0 days 03:02:00,182.0,Monday,0,0,0,0,Spring,Evening,Late,1,19
2025-06-02 19:15:00,تابان,TBN6326,مشهد,پرواز كرد,"1, 2",2025-06-02 19:46:00,EPTBB,MD.88,فرودگاه مهرآباد,Domestic Departure,2025-06-02 19:15:00,2025-06-02 19:46:00,2025-06-02 19:15:00,2025-06-02 19:46:00,0 days 00:31:00,31.0,Monday,0,0,0,0,Spring,Evening,Late,1,19
2025-06-02 19:20:00,ایران ایر,IRA246,گرگان,پرواز كرد,"3, 4",2025-06-02 19:42:00,EPCFR,F100,فرودگاه مهرآباد,Domestic Departure,2025-06-02 19:20:00,2025-06-02 19:42:00,2025-06-02 19:20:00,2025-06-02 19:42:00,0 days 00:22:00,22.0,Monday,0,0,0,0,Spring,Evening,Late,1,19
2025-06-02 19:30:00,ایران ایرتور,IRB946,تبریز,پرواز كرد,"7, 8",2025-06-02 21:58:00,EPMDF,MD83,فرودگاه مهرآباد,Domestic Departure,2025-06-02 19:30:00,2025-06-02 21:58:00,2025-06-02 19:30:00,2025-06-02 21:58:00,0 days 02:28:00,148.0,Monday,0,0,0,0,Spring,Evening,Late,1,19
2025-06-02 19:30:00,ماهان,IRM4541,زاهدان,پرواز كرد,21,2025-06-02 19:39:00,EPMOC,146-200,فرودگاه مهرآباد,Domestic Departure,2025-06-02 19:30:00,2025-06-02 19:39:00,2025-06-02 19:30:00,2025-06-02 19:39:00,0 days 00:09:00,9.0,Monday,0,0,0,0,Spring,Evening,On Time,1,19
2025-06-02 19:35:00,آسمان,IRC3777,شیراز,پرواز كرد,"26, 27",2025-06-02 20:32:00,EPASR,F100,فرودگاه مهرآباد,Domestic Departure,2025-06-02 19:35:00,2025-06-02 20:32:00,2025-06-02 19:35:00,2025-06-02 20:32:00,0 days 00:57:00,57.0,Monday,0,0,0,0,Spring,Evening,Late,1,19
2025-06-02 19:35:00,آتا,TBZ5679,ارومیه,پرواز كرد,"28, 29",2025-06-02 21:44:00,EPTAR,MD83,فرودگاه مهرآباد,Domestic Departure,2025-06-02 19:35:00,2025-06-02 21:44:00,2025-06-02 19:35:00,2025-06-02 21:44:00,0 days 02:09:00,129.0,Monday,0,0,0,0,Spring,Evening,Late,1,19
2025-06-02 19:45:00,ساها,IRZ156,شیراز,پرواز كرد,"10, 11",2025-06-02 20:02:00,EPSII,737-700,فرودگاه مهرآباد,Domestic Departure,2025-06-02 19:45:00,2025-06-02 20:02:00,2025-06-02 19:45:00,2025-06-02 20:02:00,0 days 00:17:00,17.0,Monday,0,0,0,0,Spring,Evening,Late,1,19
2025-06-02 19:50:00,معراج,MRJ2818,كيش,پرواز كرد,"18, 19",2025-06-02 20:23:00,EPSSN,A321,فرودگاه مهرآباد,Domestic Departure,2025-06-02 19:50:00,2025-06-02 20:23:00,2025-06-02 19:50:00,2025-06-02 20:23:00,0 days 00:33:00,33.0,Monday,0,0,0,0,Spring,Evening,Late,1,19
2025-06-02 20:00:00,چابهار,IRU7614,چابهار,پرواز كرد,3,2025-06-02 20:29:00,EPCBD,MD83,فرودگاه مهرآباد,Domestic Departure,2025-06-02 20:00:00,2025-06-02 20:29:00,2025-06-02 20:00:00,2025-06-02 20:29:00,0 days 00:29:00,29.0,Monday,0,0,0,0,Spring,Evening,Late,1,20
2025-06-02 20:05:00,زاگرس,IZG4010,شیراز,پرواز كرد,5,2025-06-02 20:38:00,EPZAG,MD83,فرودگاه مهرآباد,Domestic Departure,2025-06-02 20:05:00,2025-06-02 20:38:00,2025-06-02 20:05:00,2025-06-02 20:38:00,0 days 00:33:00,33.0,Monday,0,0,0,0,Spring,Evening,Late,1,20
2025-06-02 20:10:00,ساها,IRZ174,كيش,پرواز كرد,"6, 7",2025-06-02 20:45:00,EPSIJ,737-700,فرودگاه مهرآباد,Domestic Departure,2025-06-02 20:10:00,2025-06-02 20:45:00,2025-06-02 20:10:00,2025-06-02 20:45:00,0 days 00:35:00,35.0,Monday,0,0,0,0,Spring,Evening,Late,1,20
2025-06-02 20:15:00,کاسپین,CPN040,مشهد,پرواز كرد,"8, 9",2025-06-02 20:41:00,EPCPU,MD83,فرودگاه مهرآباد,Domestic Departure,2025-06-02 20:15:00,2025-06-02 20:41:00,2025-06-02 20:15:00,2025-06-02 20:41:00,0 days 00:26:00,26.0,Monday,0,0,0,0,Spring,Evening,Late,1,20
2025-06-02 20:20:00,کیش ایر,KIS7025,كيش,پرواز كرد,"11, 12",2025-06-02 20:51:00,EPLCK,MD83,فرودگاه مهرآباد,Domestic Departure,2025-06-02 20:20:00,2025-06-02 20:51:00,2025-06-02 20:20:00,2025-06-02 20:51:00,0 days 00:31:00,31.0,Monday,0,0,0,0,Spring,Evening,Late,1,20
2025-06-02 20:25:00,فلای پرشیا,FPI7405,شیراز,پرواز كرد,"18, 19",2025-06-02 20:48:00,EPFPA,B737,فرودگاه مهرآباد,Domestic Departure,2025-06-02 20:25:00,2025-06-02 20:48:00,2025-06-02 20:25:00,2025-06-02 20:48:00,0 days 00:23:00,23.0,Monday,0,0,0,0,Spring,Evening,Late,1,20
2025-06-02 20:25:00,ماهان,IRM1037,مشهد,پرواز كرد,"22, 23, 24",2025-06-02 21:07:00,EPMEE,747,فرودگاه مهرآباد,Domestic Departure,2025-06-02 20:25:00,2025-06-02 21:07:00,2025-06-02 20:25:00,2025-06-02 21:07:00,0 days 00:42:00,42.0,Monday,0,0,0,0,Spring,Evening,Late,1,20
2025-06-02 20:30:00,آتا,TBZ5625,اهواز,پرواز كرد,"28, 29",2025-06-02 21:50:00,EPTAJ,MD83,فرودگاه مهرآباد,Domestic Departure,2025-06-02 20:30:00,2025-06-02 21:50:00,2025-06-02 20:30:00,2025-06-02 21:50:00,0 days 01:20:00,80.0,Monday,0,0,0,0,Spring,Evening,Late,1,20
2025-06-02 20:35:00,آوا,AXV7730,مشهد,پرواز كرد,"21, 22",2025-06-02 21:11:00,EPRBC,B737,فرودگاه مهرآباد,Domestic Departure,2025-06-02 20:35:00,2025-06-02 21:11:00,2025-06-02 20:35:00,2025-06-02 21:11:00,0 days 00:36:00,36.0,Monday,0,0,0,0,Spring,Evening,Late,1,20
2025-06-02 20:40:00,ماهان,IRM1079,کرمان,پرواز كرد,21,2025-06-02 20:54:00,EPMEB,RJ85,فرودگاه مهرآباد,Domestic Departure,2025-06-02 20:40:00,2025-06-02 20:54:00,2025-06-02 20:40:00,2025-06-02 20:54:00,0 days 00:14:00,14.0,Monday,0,0,0,0,Spring,Evening,On Time,1,20
2025-06-02 21:00:00,وارش,VRH5872,بوشهر,پرواز كرد,7,2025-06-02 21:15:00,EPVAR,B737,فرودگاه مهرآباد,Domestic Departure,2025-06-02 21:00:00,2025-06-02 21:15:00,2025-06-02 21:00:00,2025-06-02 21:15:00,0 days 00:15:00,15.0,Monday,0,0,0,0,Spring,Night,On Time,1,21
2025-06-02 21:00:00,زاگرس,IZG4050,بندرعباس,پرواز كرد,3,2025-06-02 22:34:00,EPZAQ,MD83,فرودگاه مهرآباد,Domestic Departure,2025-06-02 21:00:00,2025-06-02 22:34:00,2025-06-02 21:00:00,2025-06-02 22:34:00,0 days 01:34:00,94.0,Monday,0,0,0,0,Spring,Night,Late,1,21
2025-06-02 21:10:00,آتا,TBZ5643,سیرجان,پرواز كرد,"24, 25",2025-06-02 21:23:00,EPTAE,B737,فرودگاه مهرآباد,Domestic Departure,2025-06-02 21:10:00,2025-06-02 21:23:00,2025-06-02 21:10:00,2025-06-02 21:23:00,0 days 00:13:00,13.0,Monday,0,0,0,0,Spring,Night,On Time,1,21
2025-06-02 21:10:00,کاسپین,CPN6900,بوشهر,پرواز كرد,"6, 7",2025-06-02 21:25:00,EPKPB,737,فرودگاه مهرآباد,Domestic Departure,2025-06-02 21:10:00,2025-06-02 21:25:00,2025-06-02 21:10:00,2025-06-02 21:25:00,0 days 00:15:00,15.0,Monday,0,0,0,0,Spring,Night,On Time,1,21
2025-06-02 21:15:00,کارون,KRU2610,دزفول,پرواز كرد,"16, 17",2025-06-02 21:46:00,EPJIA,737,فرودگاه مهرآباد,Domestic Departure,2025-06-02 21:15:00,2025-06-02 21:46:00,2025-06-02 21:15:00,2025-06-02 21:46:00,0 days 00:31:00,31.0,Monday,0,0,0,0,Spring,Night,Late,1,21
2025-06-02 21:35:00,کیش ایر,KIS7051,شیراز,پرواز كرد,"9, 10",2025-06-02 22:37:00,EPLCJ,MD82,فرودگاه مهرآباد,Domestic Departure,2025-06-02 21:35:00,2025-06-02 22:37:00,2025-06-02 21:35:00,2025-06-02 22:37:00,0 days 01:02:00,62.0,Monday,0,0,0,0,Spring,Night,Late,1,21
2025-06-02 21:45:00,کیش ایر,KIS7081,كيش,پرواز كرد,"11, 12",2025-06-02 22:15:00,EPLCL,MD83,فرودگاه مهرآباد,Domestic Departure,2025-06-02 21:45:00,2025-06-02 22:15:00,2025-06-02 21:45:00,2025-06-02 22:15:00,0 days 00:30:00,30.0,Monday,0,0,0,0,Spring,Night,Late,1,21
2025-06-02 22:00:00,اطلس ایر,ATS8273,اصفهان,پرواز كرد,"21, 22",2025-06-02 22:19:00,EPLEE,737-700,فرودگاه مهرآباد,Domestic Departure,2025-06-02 22:00:00,2025-06-02 22:19:00,2025-06-02 22:00:00,2025-06-02 22:19:00,0 days 00:19:00,19.0,Monday,0,0,0,0,Spring,Night,Late,1,22
2025-06-02 22:05:00,آتا,TBZ5670,یزد,پرواز كرد,"12, 13",2025-06-02 22:06:00,EPTAZ,MD83,فرودگاه مهرآباد,Domestic Departure,2025-06-02 22:05:00,2025-06-02 22:06:00,2025-06-02 22:05:00,2025-06-02 22:06:00,0 days 00:01:00,1.0,Monday,0,0,0,0,Spring,Night,On Time,1,22
2025-06-02 22:10:00,کارون,KRU2618,اهواز,پرواز كرد,"18, 19",2025-06-02 22:56:00,EPNFC,737,فرودگاه مهرآباد,Domestic Departure,2025-06-02 22:10:00,2025-06-02 22:56:00,2025-06-02 22:10:00,2025-06-02 22:56:00,0 days 00:46:00,46.0,Monday,0,0,0,0,Spring,Night,Late,1,22
2025-06-02 22:15:00,پارس ایر,PRS4402,بیرجند,پرواز كرد,"18, 19",2025-06-02 22:23:00,EPPRA,CRJ200,فرودگاه مهرآباد,Domestic Departure,2025-06-02 22:15:00,2025-06-02 22:23:00,2025-06-02 22:15:00,2025-06-02 22:23:00,0 days 00:08:00,8.0,Monday,0,0,0,0,Spring,Night,On Time,1,22
2025-06-02 22:30:00,چابهار,IRU7642,اهواز,پرواز كرد,3,2025-06-02 22:51:00,EPSEB,MD83,فرودگاه مهرآباد,Domestic Departure,2025-06-02 22:30:00,2025-06-02 22:51:00,2025-06-02 22:30:00,2025-06-02 22:51:00,0 days 00:21:00,21.0,Monday,0,0,0,0,Spring,Night,Late,1,22
2025-06-02 22:30:00,یزد ایر,DZD9443,یزد,پرواز كرد,14,2025-06-02 22:44:00,EPMEA,RJ85,فرودگاه مهرآباد,Domestic Departure,2025-06-02 22:30:00,2025-06-02 22:44:00,2025-06-02 22:30:00,2025-06-02 22:44:00,0 days 00:14:00,14.0,Monday,0,0,0,0,Spring,Night,On Time,1,22
2025-06-02 20:00:00,سپهران,SHI4366,آبادان,پرواز كرد,"5, 6",2025-06-02 20:24:00,,B737,فرودگاه مشهد,Domestic Departure,2025-06-02 20:00:00,2025-06-02 20:24:00,2025-06-02 20:00:00,2025-06-02 20:24:00,0 days 00:24:00,24.0,Monday,0,0,0,0,Spring,Evening,Late,1,20
2025-06-02 20:05:00,چابهار,IRU7651,تهران,پرواز كرد,23,2025-06-02 20:07:00,,MD83,فرودگاه مشهد,Domestic Departure,2025-06-02 20:05:00,2025-06-02 20:07:00,2025-06-02 20:05:00,2025-06-02 20:07:00,0 days 00:02:00,2.0,Monday,0,0,0,0,Spring,Evening,On Time,1,20
2025-06-02 20:30:00,آتا,TBZ5647,آبادان,پرواز كرد,"11, 12, 13",2025-06-02 22:31:00,,MD80,فرودگاه مشهد,Domestic Departure,2025-06-02 20:30:00,2025-06-02 22:31:00,2025-06-02 20:30:00,2025-06-02 22:31:00,0 days 02:01:00,121.0,Monday,0,0,0,0,Spring,Evening,Late,1,20
2025-06-02 20:30:00,زاگرس,IZG4110,شیراز,پرواز كرد,21,2025-06-02 20:38:00,,MD82,فرودگاه مشهد,Domestic Departure,2025-06-02 20:30:00,2025-06-02 20:38:00,2025-06-02 20:30:00,2025-06-02 20:38:00,0 days 00:08:00,8.0,Monday,0,0,0,0,Spring,Evening,On Time,1,20
2025-06-02 20:30:00,ایران ایرتور,IRB954,اهواز,پرواز كرد,"28, 29",2025-06-02 22:30:00,,MD82,فرودگاه مشهد,Domestic Departure,2025-06-02 20:30:00,2025-06-02 22:30:00,2025-06-02 20:30:00,2025-06-02 22:30:00,0 days 02:00:00,120.0,Monday,0,0,0,0,Spring,Evening,Late,1,20
2025-06-02 21:00:00,تابان,TBN6233,شیراز,پرواز كرد,18,2025-06-02 21:03:00,,MD.88,فرودگاه مشهد,Domestic Departure,2025-06-02 21:00:00,2025-06-02 21:03:00,2025-06-02 21:00:00,2025-06-02 21:03:00,0 days 00:03:00,3.0,Monday,0,0,0,0,Spring,Night,On Time,1,21
2025-06-02 21:10:00,کاسپین,CPN6928,قشم,پرواز كرد,"9, 10",2025-06-02 22:14:00,,B737,فرودگاه مشهد,Domestic Departure,2025-06-02 21:10:00,2025-06-02 22:14:00,2025-06-02 21:10:00,2025-06-02 22:14:00,0 days 01:04:00,64.0,Monday,0,0,0,0,Spring,Night,Late,1,21
2025-06-02 21:25:00,کاسپین,CPN6922,زاهدان,پرواز كرد,"5, 6",2025-06-02 21:45:00,,MD83,فرودگاه مشهد,Domestic Departure,2025-06-02 21:25:00,2025-06-02 21:45:00,2025-06-02 21:25:00,2025-06-02 21:45:00,0 days 00:20:00,20.0,Monday,0,0,0,0,Spring,Night,Late,1,21
2025-06-02 21:30:00,تابان,TBN6325,تهران,پرواز كرد,22,2025-06-02 22:07:00,,MD.88,فرودگاه مشهد,Domestic Departure,2025-06-02 21:30:00,2025-06-02 22:07:00,2025-06-02 21:30:00,2025-06-02 22:07:00,0 days 00:37:00,37.0,Monday,0,0,0,0,Spring,Night,Late,1,21
2025-06-02 22:25:00,کاسپین,CPN041,تهران,پرواز كرد,"7, 8",2025-06-02 22:50:00,,MD83,فرودگاه مشهد,Domestic Departure,2025-06-02 22:25:00,2025-06-02 22:50:00,2025-06-02 22:25:00,2025-06-02 22:50:00,0 days 00:25:00,25.0,Monday,0,0,0,0,Spring,Night,Late,1,22
2025-06-02 22:30:00,هواپیمایی پارس,PRS4473,شیراز,پرواز كرد,"3, 4",2025-06-02 22:46:00,,B737,فرودگاه مشهد,Domestic Departure,2025-06-02 22:30:00,2025-06-02 22:46:00,2025-06-02 22:30:00,2025-06-02 22:46:00,0 days 00:16:00,16.0,Monday,0,0,0,0,Spring,Night,Late,1,22
2025-06-02 22:40:00,آوا,AXV7748,اهواز,پرواز كرد,"5, 6",2025-06-02 23:34:00,,B737,فرودگاه مشهد,Domestic Departure,2025-06-02 22:40:00,2025-06-02 23:34:00,2025-06-02 22:40:00,2025-06-02 23:34:00,0 days 00:54:00,54.0,Monday,0,0,0,0,Spring,Night,Late,1,22
2025-06-02 23:00:00,وارش,VRH5804,ساری,پرواز كرد,20,2025-06-02 23:10:00,,B737,فرودگاه مشهد,Domestic Departure,2025-06-02 23:00:00,2025-06-02 23:10:00,2025-06-02 23:00:00,2025-06-02 23:10:00,0 days 00:10:00,10.0,Monday,0,0,0,0,Spring,Night,On Time,1,23
2025-06-02 23:30:00,سپهران,SHI4346,آبادان,پرواز كرد,"8, 9, 10",2025-06-02 23:29:00,,B737,فرودگاه مشهد,Domestic Departure,2025-06-02 23:30:00,2025-06-02 23:29:00,2025-06-02 23:30:00,2025-06-02 23:29:00,-1 days +23:59:00,-1.0,Monday,0,0,0,0,Spring,Night,Early,1,23
2025-05-22 00:45:00,پارس ایر,PRS4460,شیراز,پرواز كرد,"18, 19",2025-05-22 01:33:00,EPPAO,737-700,فرودگاه مهرآباد,Domestic Departure,2025-05-22 00:45:00,2025-05-22 01:33:00,2025-05-22 00:45:00,2025-05-22 01:33:00,0 days 00:48:00,48.0,Thursday,1,0,0,0,Spring,Night,Late,1,0
2025-05-22 04:30:00,ماهان,IRM4583,زاهدان,پرواز كرد,,2025-05-22 05:06:00,EPMMV,146-200,فرودگاه مهرآباد,Domestic Departure,2025-05-22 04:30:00,2025-05-22 05:06:00,2025-05-22 04:30:00,2025-05-22 05:06:00,0 days 00:36:00,36.0,Thursday,1,0,0,0,Spring,Night,Late,1,4
2025-05-22 04:30:00,زاگرس,IZG4022,اهواز,پرواز كرد,3,2025-05-22 04:51:00,EPZAQ,MD83,فرودگاه مهرآباد,Domestic Departure,2025-05-22 04:30:00,2025-05-22 04:51:00,2025-05-22 04:30:00,2025-05-22 04:51:00,0 days 00:21:00,21.0,Thursday,1,0,0,0,Spring,Night,Late,1,4
2025-05-22 04:55:00,کیش ایر,KIS7085,یزد,پرواز كرد,"11, 12",2025-05-22 05:04:00,EPLCL,MD83,فرودگاه مهرآباد,Domestic Departure,2025-05-22 04:55:00,2025-05-22 05:04:00,2025-05-22 04:55:00,2025-05-22 05:04:00,0 days 00:09:00,9.0,Thursday,1,0,0,0,Spring,Night,On Time,1,4
2025-05-22 05:05:00,ایران ایرتور,IRB930,بیرجند,پرواز كرد,"5, 6",2025-05-22 05:19:00,EPMDD,MD83,فرودگاه مهرآباد,Domestic Departure,2025-05-22 05:05:00,2025-05-22 05:19:00,2025-05-22 05:05:00,2025-05-22 05:19:00,0 days 00:14:00,14.0,Thursday,1,0,0,0,Spring,Morning,On Time,1,5
2025-05-22 05:20:00,ایران ایر,IRA3405,سقز,پرواز كرد,2,2025-05-22 05:29:00,EPITI,ATR-42-400,فرودگاه مهرآباد,Domestic Departure,2025-05-22 05:20:00,2025-05-22 05:29:00,2025-05-22 05:20:00,2025-05-22 05:29:00,0 days 00:09:00,9.0,Thursday,1,0,0,0,Spring,Morning,On Time,1,5
2025-05-22 05:25:00,آسمان,IRC600,مشهد,پرواز كرد,27,2025-05-22 05:50:00,EPASR,F100,فرودگاه مهرآباد,Domestic Departure,2025-05-22 05:25:00,2025-05-22 05:50:00,2025-05-22 05:25:00,2025-05-22 05:50:00,0 days 00:25:00,25.0,Thursday,1,0,0,0,Spring,Morning,Late,1,5
2025-05-22 05:30:00,وارش,VRH5852,اهواز,پرواز كرد,5,2025-05-22 05:54:00,EPVBM,B737,فرودگاه مهرآباد,Domestic Departure,2025-05-22 05:30:00,2025-05-22 05:54:00,2025-05-22 05:30:00,2025-05-22 05:54:00,0 days 00:24:00,24.0,Thursday,1,0,0,0,Spring,Morning,Late,1,5
2025-05-22 05:35:00,ایران ایر,IRA407,بوشهر,پرواز كرد,3,2025-05-22 06:01:00,EPCFR,F100,فرودگاه مهرآباد,Domestic Departure,2025-05-22 05:35:00,2025-05-22 06:01:00,2025-05-22 05:35:00,2025-05-22 06:01:00,0 days 00:26:00,26.0,Thursday,1,0,0,0,Spring,Morning,Late,1,5
2025-05-22 05:40:00,ایران ایر,IRA5397,سنندج,پرواز كرد,4,2025-05-22 05:47:00,EPITM,ATR,فرودگاه مهرآباد,Domestic Departure,2025-05-22 05:40:00,2025-05-22 05:47:00,2025-05-22 05:40:00,2025-05-22 05:47:00,0 days 00:07:00,7.0,Thursday,1,0,0,0,Spring,Morning,On Time,1,5
2025-05-22 05:40:00,کارون,KRU2506,ماهشهر,پرواز كرد,14,2025-05-22 05:45:00,EPJIB,737,فرودگاه مهرآباد,Domestic Departure,2025-05-22 05:40:00,2025-05-22 05:45:00,2025-05-22 05:40:00,2025-05-22 05:45:00,0 days 00:05:00,5.0,Thursday,1,0,0,0,Spring,Morning,On Time,1,5
2025-05-22 05:45:00,وارش,VRH5918,عسلویه,پرواز كرد,4,2025-05-22 05:57:00,EPVAF,737-700,فرودگاه مهرآباد,Domestic Departure,2025-05-22 05:45:00,2025-05-22 05:57:00,2025-05-22 05:45:00,2025-05-22 05:57:00,0 days 00:12:00,12.0,Thursday,1,0,0,0,Spring,Morning,On Time,1,5
2025-05-22 05:50:00,ماهان,IRM4575,جیرفت,پرواز كرد,25,2025-05-22 06:11:00,EPMEA,RJ85,فرودگاه مهرآباد,Domestic Departure,2025-05-22 05:50:00,2025-05-22 06:11:00,2025-05-22 05:50:00,2025-05-22 06:11:00,0 days 00:21:00,21.0,Thursday,1,0,0,0,Spring,Morning,Late,1,5
2025-05-22 06:00:00,آتا,TBZ5677,ارومیه,پرواز كرد,"12, 13",2025-05-22 06:17:00,EPTAJ,MD83,فرودگاه مهرآباد,Domestic Departure,2025-05-22 06:00:00,2025-05-22 06:17:00,2025-05-22 06:00:00,2025-05-22 06:17:00,0 days 00:17:00,17.0,Thursday,1,0,0,0,Spring,Morning,Late,1,6
2025-05-22 06:00:00,کارون,KRU2518,اصفهان/بهرگان,پرواز كرد,"18, 19",2025-05-22 06:15:00,EPAWZ,F100,فرودگاه مهرآباد,Domestic Departure,2025-05-22 06:00:00,2025-05-22 06:15:00,2025-05-22 06:00:00,2025-05-22 06:15:00,0 days 00:15:00,15.0,Thursday,1,0,0,0,Spring,Morning,On Time,1,6
2025-05-22 06:10:00,کاسپین,CPN048,شیراز,پرواز كرد,"6, 7",2025-05-22 06:21:00,EPCAS,MD83,فرودگاه مهرآباد,Domestic Departure,2025-05-22 06:10:00,2025-05-22 06:21:00,2025-05-22 06:10:00,2025-05-22 06:21:00,0 days 00:11:00,11.0,Thursday,1,0,0,0,Spring,Morning,On Time,1,6
2025-05-22 06:10:00,چابهار,IRU7624,آبادان,پرواز كرد,7,2025-05-22 06:25:00,EPCBI,MD83,فرودگاه مهرآباد,Domestic Departure,2025-05-22 06:10:00,2025-05-22 06:25:00,2025-05-22 06:10:00,2025-05-22 06:25:00,0 days 00:15:00,15.0,Thursday,1,0,0,0,Spring,Morning,On Time,1,6
2025-05-22 06:15:00,ماهان,IRM1033,مشهد,پرواز كرد,24,2025-05-22 06:36:00,EPMOI,rj100,فرودگاه مهرآباد,Domestic Departure,2025-05-22 06:15:00,2025-05-22 06:36:00,2025-05-22 06:15:00,2025-05-22 06:36:00,0 days 00:21:00,21.0,Thursday,1,0,0,0,Spring,Morning,Late,1,6
2025-05-22 06:20:00,کیش ایر,KIS7055,كيش,پرواز كرد,"9, 10",2025-05-22 07:45:00,EPLCO,MD83,فرودگاه مهرآباد,Domestic Departure,2025-05-22 06:20:00,2025-05-22 07:45:00,2025-05-22 06:20:00,2025-05-22 07:45:00,0 days 01:25:00,85.0,Thursday,1,0,0,0,Spring,Morning,Late,1,6
2025-05-22 06:25:00,چابهار,IRU7660,مشهد,پرواز كرد,3,2025-05-22 06:44:00,EPCBI,MD83,فرودگاه مهرآباد,Domestic Departure,2025-05-22 06:25:00,2025-05-22 06:44:00,2025-05-22 06:25:00,2025-05-22 06:44:00,0 days 00:19:00,19.0,Thursday,1,0,0,0,Spring,Morning,Late,1,6
2025-05-22 06:35:00,آتا,TBZ5672,یزد,پرواز كرد,"24, 25",2025-05-22 06:47:00,EPTAQ,MD83,فرودگاه مهرآباد,Domestic Departure,2025-05-22 06:35:00,2025-05-22 06:47:00,2025-05-22 06:35:00,2025-05-22 06:47:00,0 days 00:12:00,12.0,Thursday,1,0,0,0,Spring,Morning,On Time,1,6
2025-05-22 06:35:00,زاگرس,IZG4060,بوشهر,پرواز كرد,5,2025-05-22 06:56:00,EPZAE,MD82,فرودگاه مهرآباد,Domestic Departure,2025-05-22 06:35:00,2025-05-22 06:56:00,2025-05-22 06:35:00,2025-05-22 06:56:00,0 days 00:21:00,21.0,Thursday,1,0,0,0,Spring,Morning,Late,1,6
2025-05-22 06:40:00,اروان,INA6750,مشهد,پرواز كرد,6,2025-05-22 07:00:00,EPNSR,737-700,فرودگاه مهرآباد,Domestic Departure,2025-05-22 06:40:00,2025-05-22 07:00:00,2025-05-22 06:40:00,2025-05-22 07:00:00,0 days 00:20:00,20.0,Thursday,1,0,0,0,Spring,Morning,Late,1,6
2025-05-22 06:40:00,کاسپین,CPN014,عسلویه,پرواز كرد,"8, 9",2025-05-22 06:53:00,EPCPD,MD83,فرودگاه مهرآباد,Domestic Departure,2025-05-22 06:40:00,2025-05-22 06:53:00,2025-05-22 06:40:00,2025-05-22 06:53:00,0 days 00:13:00,13.0,Thursday,1,0,0,0,Spring,Morning,On Time,1,6
2025-05-22 06:45:00,اطلس ایر,ATS8278,مشهد,پرواز كرد,"16, 17",2025-05-22 07:18:00,EPSAP,MD83,فرودگاه مهرآباد,Domestic Departure,2025-05-22 06:45:00,2025-05-22 07:18:00,2025-05-22 06:45:00,2025-05-22 07:18:00,0 days 00:33:00,33.0,Thursday,1,0,0,0,Spring,Morning,Late,1,6
2025-05-22 06:50:00,آساجت,SJT8634,رشت,پرواز كرد,15,2025-05-22 07:05:00,EPRHO,EMB145,فرودگاه مهرآباد,Domestic Departure,2025-05-22 06:50:00,2025-05-22 07:05:00,2025-05-22 06:50:00,2025-05-22 07:05:00,0 days 00:15:00,15.0,Thursday,1,0,0,0,Spring,Morning,On Time,1,6
2025-05-22 06:50:00,ماهان,IRM4589,زاهدان,پرواز كرد,23,2025-05-22 07:09:00,EPMEU,RJ85,فرودگاه مهرآباد,Domestic Departure,2025-05-22 06:50:00,2025-05-22 07:09:00,2025-05-22 06:50:00,2025-05-22 07:09:00,0 days 00:19:00,19.0,Thursday,1,0,0,0,Spring,Morning,Late,1,6
2025-05-22 06:55:00,ماهان,IRM1010,کرمانشاه,پرواز كرد,25,2025-05-22 07:14:00,EPMOH,RJ100,فرودگاه مهرآباد,Domestic Departure,2025-05-22 06:55:00,2025-05-22 07:14:00,2025-05-22 06:55:00,2025-05-22 07:14:00,0 days 00:19:00,19.0,Thursday,1,0,0,0,Spring,Morning,Late,1,6
2025-05-22 07:00:00,ایران ایر,IRA252,اصفهان,پرواز كرد,"7, 8",2025-05-22 07:12:00,EPIEQ,A319,فرودگاه مهرآباد,Domestic Departure,2025-05-22 07:00:00,2025-05-22 07:12:00,2025-05-22 07:00:00,2025-05-22 07:12:00,0 days 00:12:00,12.0,Thursday,1,0,0,0,Spring,Morning,On Time,1,7
2025-05-22 07:00:00,ایران ایرتور,IRB918,چابهار,پرواز كرد,"9, 10",2025-05-22 07:02:00,EPMDF,MD83,فرودگاه مهرآباد,Domestic Departure,2025-05-22 07:00:00,2025-05-22 07:02:00,2025-05-22 07:00:00,2025-05-22 07:02:00,0 days 00:02:00,2.0,Thursday,1,0,0,0,Spring,Morning,On Time,1,7
2025-05-22 07:05:00,فلای پرشیا,FPI7426,اهواز,پرواز كرد,"18, 19",2025-05-22 07:20:00,EPFPA,737-700,فرودگاه مهرآباد,Domestic Departure,2025-05-22 07:05:00,2025-05-22 07:20:00,2025-05-22 07:05:00,2025-05-22 07:20:00,0 days 00:15:00,15.0,Thursday,1,0,0,0,Spring,Morning,On Time,1,7
2025-05-22 07:05:00,قشم ایر,QSM1238,خارگ,پرواز كرد,"18, 19",2025-05-22 07:30:00,EPFQU,RJ100,فرودگاه مهرآباد,Domestic Departure,2025-05-22 07:05:00,2025-05-22 07:30:00,2025-05-22 07:05:00,2025-05-22 07:30:00,0 days 00:25:00,25.0,Thursday,1,0,0,0,Spring,Morning,Late,1,7
2025-05-22 07:10:00,آتا,TBZ5635,اهواز,پرواز كرد,"26, 27",2025-05-22 07:34:00,EPTAF,B737,فرودگاه مهرآباد,Domestic Departure,2025-05-22 07:10:00,2025-05-22 07:34:00,2025-05-22 07:10:00,2025-05-22 07:34:00,0 days 00:24:00,24.0,Thursday,1,0,0,0,Spring,Morning,Late,1,7
2025-05-22 07:15:00,کارون,KRU2584,عسلویه,پرواز كرد,14,2025-05-22 07:41:00,EPMIS,F100,فرودگاه مهرآباد,Domestic Departure,2025-05-22 07:15:00,2025-05-22 07:41:00,2025-05-22 07:15:00,2025-05-22 07:41:00,0 days 00:26:00,26.0,Thursday,1,0,0,0,Spring,Morning,Late,1,7
2025-05-22 07:15:00,کاسپین,CPN026,مشهد,پرواز كرد,"12, 13",2025-05-22 07:38:00,EPKPB,B737,فرودگاه مهرآباد,Domestic Departure,2025-05-22 07:15:00,2025-05-22 07:38:00,2025-05-22 07:15:00,2025-05-22 07:38:00,0 days 00:23:00,23.0,Thursday,1,0,0,0,Spring,Morning,Late,1,7
2025-05-22 07:20:00,قشم ایر,QSM1270,زاهدان,پرواز كرد,"21, 22",2025-05-22 08:07:00,EPFQF,F100,فرودگاه مهرآباد,Domestic Departure,2025-05-22 07:20:00,2025-05-22 08:07:00,2025-05-22 07:20:00,2025-05-22 08:07:00,0 days 00:47:00,47.0,Thursday,1,0,0,0,Spring,Morning,Late,1,7
2025-05-22 07:25:00,آسمان,IRC3771,شیراز,پرواز كرد,28,2025-05-22 07:47:00,EPATE,F100,فرودگاه مهرآباد,Domestic Departure,2025-05-22 07:25:00,2025-05-22 07:47:00,2025-05-22 07:25:00,2025-05-22 07:47:00,0 days 00:22:00,22.0,Thursday,1,0,0,0,Spring,Morning,Late,1,7
2025-05-22 07:30:00,زاگرس,IZG4042,مشهد,پرواز كرد,3,2025-05-22 07:57:00,EPZAE,MD83,فرودگاه مهرآباد,Domestic Departure,2025-05-22 07:30:00,2025-05-22 07:57:00,2025-05-22 07:30:00,2025-05-22 07:57:00,0 days 00:27:00,27.0,Thursday,1,0,0,0,Spring,Morning,Late,1,7
2025-05-22 07:30:00,ایران ایرتور,IRB916,كيش,پرواز كرد,"5, 6",2025-05-22 07:52:00,EPMDE,MD82,فرودگاه مهرآباد,Domestic Departure,2025-05-22 07:30:00,2025-05-22 07:52:00,2025-05-22 07:30:00,2025-05-22 07:52:00,0 days 00:22:00,22.0,Thursday,1,0,0,0,Spring,Morning,Late,1,7
2025-05-22 07:35:00,پويا,PYA2323,رشت,پرواز كرد,14,2025-05-22 08:03:00,EPPUN,EMB145,فرودگاه مهرآباد,Domestic Departure,2025-05-22 07:35:00,2025-05-22 08:03:00,2025-05-22 07:35:00,2025-05-22 08:03:00,0 days 00:28:00,28.0,Thursday,1,0,0,0,Spring,Morning,Late,1,7
2025-05-22 07:40:00,کیش ایر,KIS7053,كيش,پرواز كرد,"11, 12",2025-05-22 08:10:00,EPLCK,MD83,فرودگاه مهرآباد,Domestic Departure,2025-05-22 07:40:00,2025-05-22 08:10:00,2025-05-22 07:40:00,2025-05-22 08:10:00,0 days 00:30:00,30.0,Thursday,1,0,0,0,Spring,Morning,Late,1,7
2025-05-22 07:55:00,اطلس ایر,ATS8281,چابهار,پرواز كرد,15,2025-05-22 08:13:00,EPLEE,737-700,فرودگاه مهرآباد,Domestic Departure,2025-05-22 07:55:00,2025-05-22 08:13:00,2025-05-22 07:55:00,2025-05-22 08:13:00,0 days 00:18:00,18.0,Thursday,1,0,0,0,Spring,Morning,Late,1,7
2025-05-22 08:00:00,ماهان,IRM4536,اردبیل,پرواز كرد,23,2025-05-22 08:27:00,EPMOI,146-200,فرودگاه مهرآباد,Domestic Departure,2025-05-22 08:00:00,2025-05-22 08:27:00,2025-05-22 08:00:00,2025-05-22 08:27:00,0 days 00:27:00,27.0,Thursday,1,0,0,0,Spring,Morning,Late,1,8
2025-05-22 08:05:00,آتا,TBZ5602,تبریز,پرواز كرد,"28, 29",2025-05-22 08:41:00,EPTAL,MD83,فرودگاه مهرآباد,Domestic Departure,2025-05-22 08:05:00,2025-05-22 08:41:00,2025-05-22 08:05:00,2025-05-22 08:41:00,0 days 00:36:00,36.0,Thursday,1,0,0,0,Spring,Morning,Late,1,8
2025-05-22 08:10:00,قشم ایر,QSM1260,شیراز,پرواز كرد,"16, 17",2025-05-22 08:37:00,EPFQI,F100,فرودگاه مهرآباد,Domestic Departure,2025-05-22 08:10:00,2025-05-22 08:37:00,2025-05-22 08:10:00,2025-05-22 08:37:00,0 days 00:27:00,27.0,Thursday,1,0,0,0,Spring,Morning,Late,1,8
2025-05-22 08:10:00,ماهان,IRM1051,کرمان,پرواز كرد,24,2025-05-22 08:31:00,EPMOC,146-200,فرودگاه مهرآباد,Domestic Departure,2025-05-22 08:10:00,2025-05-22 08:31:00,2025-05-22 08:10:00,2025-05-22 08:31:00,0 days 00:21:00,21.0,Thursday,1,0,0,0,Spring,Morning,Late,1,8
2025-05-22 08:20:00,تابان,TBN6326,مشهد,پرواز كرد,"1, 2",2025-05-22 09:12:00,EPSMA,MD.88,فرودگاه مهرآباد,Domestic Departure,2025-05-22 08:20:00,2025-05-22 09:12:00,2025-05-22 08:20:00,2025-05-22 09:12:00,0 days 00:52:00,52.0,Thursday,1,0,0,0,Spring,Morning,Late,1,8
2025-05-22 08:25:00,معراج,MRJ2825,تبریز,پرواز كرد,"18, 19",2025-05-22 08:35:00,EPSSN,A320,فرودگاه مهرآباد,Domestic Departure,2025-05-22 08:25:00,2025-05-22 08:35:00,2025-05-22 08:25:00,2025-05-22 08:35:00,0 days 00:10:00,10.0,Thursday,1,0,0,0,Spring,Morning,On Time,1,8
2025-05-22 08:25:00,کاسپین,CPN044,كيش,پرواز كرد,"6, 7",2025-05-22 09:09:00,EPCPU,MD83,فرودگاه مهرآباد,Domestic Departure,2025-05-22 08:25:00,2025-05-22 09:09:00,2025-05-22 08:25:00,2025-05-22 09:09:00,0 days 00:44:00,44.0,Thursday,1,0,0,0,Spring,Morning,Late,1,8
2025-05-22 08:35:00,زاگرس,IZG4030,كيش,پرواز كرد,5,2025-05-22 08:53:00,EPZAQ,MD83,فرودگاه مهرآباد,Domestic Departure,2025-05-22 08:35:00,2025-05-22 08:53:00,2025-05-22 08:35:00,2025-05-22 08:53:00,0 days 00:18:00,18.0,Thursday,1,0,0,0,Spring,Morning,Late,1,8
2025-05-22 09:00:00,تابان,TBN6258,مشهد,پرواز كرد,"3, 4",2025-05-22 09:48:00,EPTBB,MD.88,فرودگاه مهرآباد,Domestic Departure,2025-05-22 09:00:00,2025-05-22 09:48:00,2025-05-22 09:00:00,2025-05-22 09:48:00,0 days 00:48:00,48.0,Thursday,1,0,0,0,Spring,Morning,Late,1,9
2025-05-22 09:10:00,یزد ایر,DZD6899,مشهد,پرواز كرد,"8, 9",2025-05-22 09:23:00,EPDZH,RJ85,فرودگاه مهرآباد,Domestic Departure,2025-05-22 09:10:00,2025-05-22 09:23:00,2025-05-22 09:10:00,2025-05-22 09:23:00,0 days 00:13:00,13.0,Thursday,1,0,0,0,Spring,Morning,On Time,1,9
2025-05-22 09:15:00,ماهان,IRM1043,كيش,پرواز كرد,"20, 21, 22",2025-05-22 09:33:00,EPMJA,A340,فرودگاه مهرآباد,Domestic Departure,2025-05-22 09:15:00,2025-05-22 09:33:00,2025-05-22 09:15:00,2025-05-22 09:33:00,0 days 00:18:00,18.0,Thursday,1,0,0,0,Spring,Morning,Late,1,9
2025-05-22 09:20:00,آوا,AXV7702,مشهد,پرواز كرد,"14, 15",2025-05-22 09:37:00,EPRBC,B737,فرودگاه مهرآباد,Domestic Departure,2025-05-22 09:20:00,2025-05-22 09:37:00,2025-05-22 09:20:00,2025-05-22 09:37:00,0 days 00:17:00,17.0,Thursday,1,0,0,0,Spring,Morning,Late,1,9
2025-05-22 09:30:00,کیش ایر,KIS7015,كيش,پرواز كرد,"9, 10",2025-05-22 09:30:00,EPLCL,MD83,فرودگاه مهرآباد,Domestic Departure,2025-05-22 09:30:00,2025-05-22 09:30:00,2025-05-22 09:30:00,2025-05-22 09:30:00,0 days 00:00:00,0.0,Thursday,1,0,0,0,Spring,Morning,On Time,1,9
2025-05-22 09:50:00,رایمون,RAI7522,مشهد,پرواز كرد,"1, 2",2025-05-22 10:11:00,EPNEA,EMB145,فرودگاه مهرآباد,Domestic Departure,2025-05-22 09:50:00,2025-05-22 10:11:00,2025-05-22 09:50:00,2025-05-22 10:11:00,0 days 00:21:00,21.0,Thursday,1,0,0,0,Spring,Morning,Late,1,9
2025-05-22 10:00:00,آتا,TBZ5681,بندرعباس,پرواز كرد,"12, 13",2025-05-22 10:17:00,EPTAJ,MD83,فرودگاه مهرآباد,Domestic Departure,2025-05-22 10:00:00,2025-05-22 10:17:00,2025-05-22 10:00:00,2025-05-22 10:17:00,0 days 00:17:00,17.0,Thursday,1,0,0,0,Spring,Morning,Late,1,10
2025-05-22 10:00:00,وارش,VRH5840,مشهد,پرواز كرد,3,2025-05-22 10:20:00,EPVBM,B737,فرودگاه مهرآباد,Domestic Departure,2025-05-22 10:00:00,2025-05-22 10:20:00,2025-05-22 10:00:00,2025-05-22 10:20:00,0 days 00:20:00,20.0,Thursday,1,0,0,0,Spring,Morning,Late,1,10
2025-05-22 10:10:00,ایران ایرتور,IRB962,مشهد,پرواز كرد,"9, 10",2025-05-22 10:39:00,EPMDD,MD83,فرودگاه مهرآباد,Domestic Departure,2025-05-22 10:10:00,2025-05-22 10:39:00,2025-05-22 10:10:00,2025-05-22 10:39:00,0 days 00:29:00,29.0,Thursday,1,0,0,0,Spring,Morning,Late,1,10
2025-05-22 10:20:00,ایران ایر,IRA285,کرمانشاه,پرواز كرد,"2, 3",2025-05-22 10:32:00,EPCFR,F100,فرودگاه مهرآباد,Domestic Departure,2025-05-22 10:20:00,2025-05-22 10:32:00,2025-05-22 10:20:00,2025-05-22 10:32:00,0 days 00:12:00,12.0,Thursday,1,0,0,0,Spring,Morning,On Time,1,10
2025-05-22 10:20:00,آتا,TBZ5629,مشهد,پرواز كرد,"24, 25",2025-05-22 11:09:00,EPTAQ,MD83,فرودگاه مهرآباد,Domestic Departure,2025-05-22 10:20:00,2025-05-22 11:09:00,2025-05-22 10:20:00,2025-05-22 11:09:00,0 days 00:49:00,49.0,Thursday,1,0,0,0,Spring,Morning,Late,1,10
2025-05-22 10:40:00,چابهار,IRU7610,مشهد,پرواز كرد,4,2025-05-22 11:01:00,EPCBD,MD83,فرودگاه مهرآباد,Domestic Departure,2025-05-22 10:40:00,2025-05-22 11:01:00,2025-05-22 10:40:00,2025-05-22 11:01:00,0 days 00:21:00,21.0,Thursday,1,0,0,0,Spring,Morning,Late,1,10
2025-05-22 11:00:00,آتا,TBZ5659,كيش,پرواز كرد,"26, 27",2025-05-22 11:51:00,EPTAH,737,فرودگاه مهرآباد,Domestic Departure,2025-05-22 11:00:00,2025-05-22 11:51:00,2025-05-22 11:00:00,2025-05-22 11:51:00,0 days 00:51:00,51.0,Thursday,1,0,0,0,Spring,Morning,Late,1,11
2025-05-22 11:15:00,ایران ایر,IRA3310,اصفهان,پرواز كرد,4,2025-05-22 11:35:00,EPITM,ATR-72-500,فرودگاه مهرآباد,Domestic Departure,2025-05-22 11:15:00,2025-05-22 11:35:00,2025-05-22 11:15:00,2025-05-22 11:35:00,0 days 00:20:00,20.0,Thursday,1,0,0,0,Spring,Morning,Late,1,11
2025-05-22 11:30:00,زاگرس,IZG4040,مشهد,پرواز كرد,3,2025-05-22 11:57:00,EPZAE,MD83,فرودگاه مهرآباد,Domestic Departure,2025-05-22 11:30:00,2025-05-22 11:57:00,2025-05-22 11:30:00,2025-05-22 11:57:00,0 days 00:27:00,27.0,Thursday,1,0,0,0,Spring,Morning,Late,1,11
2025-05-22 12:45:00,اطلس ایر,ATS8270,مشهد,پرواز كرد,"21, 22",2025-05-22 13:08:00,EPTHI,RJ85,فرودگاه مهرآباد,Domestic Departure,2025-05-22 12:45:00,2025-05-22 13:08:00,2025-05-22 12:45:00,2025-05-22 13:08:00,0 days 00:23:00,23.0,Thursday,1,0,0,0,Spring,Afternoon,Late,1,12
2025-05-22 12:45:00,قشم ایر,QSM1291,کرمانشاه,پرواز كرد,"18, 19",2025-05-22 12:46:00,EPFQI,F100,فرودگاه مهرآباد,Domestic Departure,2025-05-22 12:45:00,2025-05-22 12:46:00,2025-05-22 12:45:00,2025-05-22 12:46:00,0 days 00:01:00,1.0,Thursday,1,0,0,0,Spring,Afternoon,On Time,1,12
2025-05-22 12:55:00,آتا,TBZ5698,مشهد,پرواز كرد,"28, 29",2025-05-22 13:48:00,EPTAR,MD83,فرودگاه مهرآباد,Domestic Departure,2025-05-22 12:55:00,2025-05-22 13:48:00,2025-05-22 12:55:00,2025-05-22 13:48:00,0 days 00:53:00,53.0,Thursday,1,0,0,0,Spring,Afternoon,Late,1,12
2025-05-22 13:15:00,ماهان,IRM4572,ایلام,پرواز كرد,25,2025-05-22 13:23:00,EPMEI,146-200,فرودگاه مهرآباد,Domestic Departure,2025-05-22 13:15:00,2025-05-22 13:23:00,2025-05-22 13:15:00,2025-05-22 13:23:00,0 days 00:08:00,8.0,Thursday,1,0,0,0,Spring,Afternoon,On Time,1,13
2025-05-22 13:30:00,فلای پرشیا,FPI7405,شیراز,پرواز كرد,"18, 19",2025-05-22 13:45:00,EPFPA,737-700,فرودگاه مهرآباد,Domestic Departure,2025-05-22 13:30:00,2025-05-22 13:45:00,2025-05-22 13:30:00,2025-05-22 13:45:00,0 days 00:15:00,15.0,Thursday,1,0,0,0,Spring,Afternoon,On Time,1,13
2025-05-22 13:45:00,کارون,KRU2516,لاوان,پرواز كرد,"16, 17",2025-05-22 13:57:00,EPAWZ,F100,فرودگاه مهرآباد,Domestic Departure,2025-05-22 13:45:00,2025-05-22 13:57:00,2025-05-22 13:45:00,2025-05-22 13:57:00,0 days 00:12:00,12.0,Thursday,1,0,0,0,Spring,Afternoon,On Time,1,13
2025-05-22 13:55:00,آتا,TBZ5604,تبریز,پرواز كرد,"12, 13",2025-05-22 14:18:00,EPTAL,MD83,فرودگاه مهرآباد,Domestic Departure,2025-05-22 13:55:00,2025-05-22 14:18:00,2025-05-22 13:55:00,2025-05-22 14:18:00,0 days 00:23:00,23.0,Thursday,1,0,0,0,Spring,Afternoon,Late,1,13
2025-05-22 13:55:00,کاسپین,CPN024,مشهد,پرواز كرد,"6, 7",2025-05-22 14:14:00,EPCAS,MD83,فرودگاه مهرآباد,Domestic Departure,2025-05-22 13:55:00,2025-05-22 14:14:00,2025-05-22 13:55:00,2025-05-22 14:14:00,0 days 00:19:00,19.0,Thursday,1,0,0,0,Spring,Afternoon,Late,1,13
2025-05-22 14:00:00,ایران ایرتور,IRB980,ارومیه,پرواز كرد,"5, 6",2025-05-22 14:09:00,EPMDF,MD83,فرودگاه مهرآباد,Domestic Departure,2025-05-22 14:00:00,2025-05-22 14:09:00,2025-05-22 14:00:00,2025-05-22 14:09:00,0 days 00:09:00,9.0,Thursday,1,0,0,0,Spring,Afternoon,On Time,1,14
2025-05-22 14:10:00,اطلس ایر,ATS8288,مشهد,پرواز كرد,"14, 15",2025-05-22 14:47:00,EPLEE,737-700,فرودگاه مهرآباد,Domestic Departure,2025-05-22 14:10:00,2025-05-22 14:47:00,2025-05-22 14:10:00,2025-05-22 14:47:00,0 days 00:37:00,37.0,Thursday,1,0,0,0,Spring,Afternoon,Late,1,14
2025-05-22 14:10:00,یزد ایر,DZD9407,اهواز,پرواز كرد,"8, 9",2025-05-22 15:03:00,EPDZH,146-200,فرودگاه مهرآباد,Domestic Departure,2025-05-22 14:10:00,2025-05-22 15:03:00,2025-05-22 14:10:00,2025-05-22 15:03:00,0 days 00:53:00,53.0,Thursday,1,0,0,0,Spring,Afternoon,Late,1,14
2025-05-22 14:50:00,رایمون,RAI7512,اصفهان,پرواز كرد,"3, 4",2025-05-22 15:05:00,EPNEA,EMB145,فرودگاه مهرآباد,Domestic Departure,2025-05-22 14:50:00,2025-05-22 15:05:00,2025-05-22 14:50:00,2025-05-22 15:05:00,0 days 00:15:00,15.0,Thursday,1,0,0,0,Spring,Afternoon,On Time,1,14
2025-05-22 15:00:00,آساجت,SJT8616,اصفهان,پرواز كرد,"18, 19",2025-05-22 15:08:00,EPRHN,EMB145,فرودگاه مهرآباد,Domestic Departure,2025-05-22 15:00:00,2025-05-22 15:08:00,2025-05-22 15:00:00,2025-05-22 15:08:00,0 days 00:08:00,8.0,Thursday,1,0,0,0,Spring,Afternoon,On Time,1,15
2025-05-22 15:00:00,قشم ایر,QSM1252,مشهد,پرواز كرد,"16, 17",2025-05-22 15:27:00,EPFQU,CRJ200,فرودگاه مهرآباد,Domestic Departure,2025-05-22 15:00:00,2025-05-22 15:27:00,2025-05-22 15:00:00,2025-05-22 15:27:00,0 days 00:27:00,27.0,Thursday,1,0,0,0,Spring,Afternoon,Late,1,15
2025-05-22 15:05:00,ایران ایر,IRA350,كيش,پرواز كرد,4,2025-05-22 20:23:00,EPCFM,F100,فرودگاه مهرآباد,Domestic Departure,2025-05-22 15:05:00,2025-05-22 20:23:00,2025-05-22 15:05:00,2025-05-22 20:23:00,0 days 05:18:00,318.0,Thursday,1,0,0,0,Spring,Afternoon,Late,1,15
2025-05-22 15:30:00,وارش,VRH5818,مشهد,پرواز كرد,5,2025-05-22 16:31:00,EPVAR,B737,فرودگاه مهرآباد,Domestic Departure,2025-05-22 15:30:00,2025-05-22 16:31:00,2025-05-22 15:30:00,2025-05-22 16:31:00,0 days 01:01:00,61.0,Thursday,1,0,0,0,Spring,Afternoon,Late,1,15
2025-05-22 15:45:00,ایران ایر,IRA5399,تبریز,پرواز كرد,"7, 8",2025-05-22 17:11:00,EPIBA,AB3,فرودگاه مهرآباد,Domestic Departure,2025-05-22 15:45:00,2025-05-22 17:11:00,2025-05-22 15:45:00,2025-05-22 17:11:00,0 days 01:26:00,86.0,Thursday,1,0,0,0,Spring,Afternoon,Late,1,15
2025-05-22 15:50:00,آتا,TBZ5613,مشهد,پرواز كرد,"24, 25",2025-05-22 16:39:00,EPTAQ,MD83,فرودگاه مهرآباد,Domestic Departure,2025-05-22 15:50:00,2025-05-22 16:39:00,2025-05-22 15:50:00,2025-05-22 16:39:00,0 days 00:49:00,49.0,Thursday,1,0,0,0,Spring,Afternoon,Late,1,15
2025-05-22 15:55:00,ایران ایر,IRA428,شیراز,پرواز كرد,"9, 10",2025-05-22 16:02:00,EPIEP,A319,فرودگاه مهرآباد,Domestic Departure,2025-05-22 15:55:00,2025-05-22 16:02:00,2025-05-22 15:55:00,2025-05-22 16:02:00,0 days 00:07:00,7.0,Thursday,1,0,0,0,Spring,Afternoon,On Time,1,15
2025-05-22 15:55:00,آتا,TBZ5664,کرمان,پرواز كرد,"26, 27",2025-05-22 17:02:00,EPTAJ,MD82,فرودگاه مهرآباد,Domestic Departure,2025-05-22 15:55:00,2025-05-22 17:02:00,2025-05-22 15:55:00,2025-05-22 17:02:00,0 days 01:07:00,67.0,Thursday,1,0,0,0,Spring,Afternoon,Late,1,15
2025-05-22 16:05:00,آساجت,SJT8664,رشت,پرواز كرد,"21, 22",2025-05-22 16:10:00,EPJEK,EMB145,فرودگاه مهرآباد,Domestic Departure,2025-05-22 16:05:00,2025-05-22 16:10:00,2025-05-22 16:05:00,2025-05-22 16:10:00,0 days 00:05:00,5.0,Thursday,1,0,0,0,Spring,Afternoon,On Time,1,16
2025-05-22 16:30:00,کاسپین,CPN6900,بوشهر,پرواز كرد,"6, 7",2025-05-22 17:08:00,EPKPB,737-700,فرودگاه مهرآباد,Domestic Departure,2025-05-22 16:30:00,2025-05-22 17:08:00,2025-05-22 16:30:00,2025-05-22 17:08:00,0 days 00:38:00,38.0,Thursday,1,0,0,0,Spring,Afternoon,Late,1,16
2025-05-22 17:00:00,آتا,TBZ5623,شیراز,پرواز كرد,"28, 29",2025-05-22 17:30:00,EPTAH,737-700,فرودگاه مهرآباد,Domestic Departure,2025-05-22 17:00:00,2025-05-22 17:30:00,2025-05-22 17:00:00,2025-05-22 17:30:00,0 days 00:30:00,30.0,Thursday,1,0,0,0,Spring,Evening,Late,1,17
2025-05-22 17:00:00,زاگرس,IZG4020,اهواز,پرواز كرد,3,2025-05-22 17:42:00,EPZAQ,MD83,فرودگاه مهرآباد,Domestic Departure,2025-05-22 17:00:00,2025-05-22 17:42:00,2025-05-22 17:00:00,2025-05-22 17:42:00,0 days 00:42:00,42.0,Thursday,1,0,0,0,Spring,Evening,Late,1,17
2025-05-22 17:05:00,آتا,TBZ5668,تبریز,پرواز كرد,"12, 13",2025-05-22 17:14:00,EPTAZ,md88,فرودگاه مهرآباد,Domestic Departure,2025-05-22 17:05:00,2025-05-22 17:14:00,2025-05-22 17:05:00,2025-05-22 17:14:00,0 days 00:09:00,9.0,Thursday,1,0,0,0,Spring,Evening,On Time,1,17
2025-05-22 17:10:00,پويا,PYA2340,شیراز,پرواز كرد,14,2025-05-22 17:24:00,EPPUR,EMB145,فرودگاه مهرآباد,Domestic Departure,2025-05-22 17:10:00,2025-05-22 17:24:00,2025-05-22 17:10:00,2025-05-22 17:24:00,0 days 00:14:00,14.0,Thursday,1,0,0,0,Spring,Evening,On Time,1,17
2025-05-22 17:25:00,آتا,TBZ5719,مشهد,پرواز كرد,"24, 25",2025-05-22 18:16:00,EPTAO,MD83,فرودگاه مهرآباد,Domestic Departure,2025-05-22 17:25:00,2025-05-22 18:16:00,2025-05-22 17:25:00,2025-05-22 18:16:00,0 days 00:51:00,51.0,Thursday,1,0,0,0,Spring,Evening,Late,1,17
2025-05-22 17:25:00,کاسپین,CPN6936,قشم,پرواز كرد,"8, 9",2025-05-22 18:14:00,EPCPD,MD83,فرودگاه مهرآباد,Domestic Departure,2025-05-22 17:25:00,2025-05-22 18:14:00,2025-05-22 17:25:00,2025-05-22 18:14:00,0 days 00:49:00,49.0,Thursday,1,0,0,0,Spring,Evening,Late,1,17
2025-06-03 04:30:00,زاگرس,IZG4022,اهواز,پرواز كرد,4,2025-06-03 04:51:00,EPZAQ,MD83,فرودگاه مهرآباد,Domestic Departure,2025-06-03 04:30:00,2025-06-03 04:51:00,2025-06-03 04:30:00,2025-06-03 04:51:00,0 days 00:21:00,21.0,Tuesday,0,0,0,0,Spring,Night,Late,1,4
2025-06-03 04:40:00,اطلس ایر,ATS8278,مشهد,پرواز كرد,"21, 22",2025-06-03 05:10:00,EPSAP,MD83,فرودگاه مهرآباد,Domestic Departure,2025-06-03 04:40:00,2025-06-03 05:10:00,2025-06-03 04:40:00,2025-06-03 05:10:00,0 days 00:30:00,30.0,Tuesday,0,0,0,0,Spring,Night,Late,1,4
2025-06-03 04:50:00,کارون,KRU2668,اهواز,پرواز كرد,"21, 22",2025-06-03 08:31:00,EPNFC,B737,فرودگاه مهرآباد,Domestic Departure,2025-06-03 04:50:00,2025-06-03 08:31:00,2025-06-03 04:50:00,2025-06-03 08:31:00,0 days 03:41:00,221.0,Tuesday,0,0,0,0,Spring,Night,Late,1,4
2025-06-03 04:50:00,فلای پرشیا,FPI7438,مشهد,پرواز كرد,"18, 19",2025-06-03 05:08:00,EPFPA,737-700,فرودگاه مهرآباد,Domestic Departure,2025-06-03 04:50:00,2025-06-03 05:08:00,2025-06-03 04:50:00,2025-06-03 05:08:00,0 days 00:18:00,18.0,Tuesday,0,0,0,0,Spring,Night,Late,1,4
2025-06-03 04:55:00,کیش ایر,KIS7105,آبادان,پرواز كرد,"11, 12",2025-06-03 06:25:00,EPLCK,MD83,فرودگاه مهرآباد,Domestic Departure,2025-06-03 04:55:00,2025-06-03 06:25:00,2025-06-03 04:55:00,2025-06-03 06:25:00,0 days 01:30:00,90.0,Tuesday,0,0,0,0,Spring,Night,Late,1,4
2025-06-03 04:55:00,ایران ایرتور,IRB930,بیرجند,پرواز كرد,"5, 6",2025-06-03 05:12:00,EPMDF,MD83,فرودگاه مهرآباد,Domestic Departure,2025-06-03 04:55:00,2025-06-03 05:12:00,2025-06-03 04:55:00,2025-06-03 05:12:00,0 days 00:17:00,17.0,Tuesday,0,0,0,0,Spring,Night,Late,1,4
2025-06-03 05:00:00,ماهان,IRM4545,سراوان,پرواز كرد,,2025-06-03 05:45:00,EPMMV,146-200,فرودگاه مهرآباد,Domestic Departure,2025-06-03 05:00:00,2025-06-03 05:45:00,2025-06-03 05:00:00,2025-06-03 05:45:00,0 days 00:45:00,45.0,Tuesday,0,0,0,0,Spring,Morning,Late,1,5
2025-06-03 05:05:00,کارون,KRU2602,اصفهان,پرواز كرد,"18, 19",2025-06-03 05:42:00,EPJIA,737,فرودگاه مهرآباد,Domestic Departure,2025-06-03 05:05:00,2025-06-03 05:42:00,2025-06-03 05:05:00,2025-06-03 05:42:00,0 days 00:37:00,37.0,Tuesday,0,0,0,0,Spring,Morning,Late,1,5
2025-06-03 05:05:00,ایران ایرتور,IRB974,زاهدان,پرواز كرد,"9, 10",2025-06-03 05:20:00,EPMDD,MD83,فرودگاه مهرآباد,Domestic Departure,2025-06-03 05:05:00,2025-06-03 05:20:00,2025-06-03 05:05:00,2025-06-03 05:20:00,0 days 00:15:00,15.0,Tuesday,0,0,0,0,Spring,Morning,On Time,1,5
2025-06-03 05:10:00,وارش,VRH5818,مشهد,پرواز كرد,3,2025-06-03 05:33:00,EPVAV,B737,فرودگاه مهرآباد,Domestic Departure,2025-06-03 05:10:00,2025-06-03 05:33:00,2025-06-03 05:10:00,2025-06-03 05:33:00,0 days 00:23:00,23.0,Tuesday,0,0,0,0,Spring,Morning,Late,1,5
2025-06-03 05:10:00,چابهار,IRU7646,شیراز,پرواز كرد,6,2025-06-03 05:23:00,EPSEB,MD83,فرودگاه مهرآباد,Domestic Departure,2025-06-03 05:10:00,2025-06-03 05:23:00,2025-06-03 05:10:00,2025-06-03 05:23:00,0 days 00:13:00,13.0,Tuesday,0,0,0,0,Spring,Morning,On Time,1,5
2025-06-03 05:15:00,معراج,MRJ2814,چابهار,پرواز كرد,"14, 15",2025-06-03 05:35:00,EPSSN,A321,فرودگاه مهرآباد,Domestic Departure,2025-06-03 05:15:00,2025-06-03 05:35:00,2025-06-03 05:15:00,2025-06-03 05:35:00,0 days 00:20:00,20.0,Tuesday,0,0,0,0,Spring,Morning,Late,1,5
2025-06-03 05:20:00,کیش ایر,KIS7093,عسلویه,پرواز كرد,"9, 10",2025-06-03 07:46:00,EPLCJ,MD83,فرودگاه مهرآباد,Domestic Departure,2025-06-03 05:20:00,2025-06-03 07:46:00,2025-06-03 05:20:00,2025-06-03 07:46:00,0 days 02:26:00,146.0,Tuesday,0,0,0,0,Spring,Morning,Late,1,5
2025-06-03 05:25:00,آتا,TBZ5643,سیرجان,پرواز كرد,"12, 13",2025-06-03 05:53:00,EPTAE,737,فرودگاه مهرآباد,Domestic Departure,2025-06-03 05:25:00,2025-06-03 05:53:00,2025-06-03 05:25:00,2025-06-03 05:53:00,0 days 00:28:00,28.0,Tuesday,0,0,0,0,Spring,Morning,Late,1,5
2025-06-03 05:25:00,ایران ایر,IRA382,زاهدان/چابهار,پرواز كرد,"3, 4",2025-06-03 06:01:00,EPCFR,F100,فرودگاه مهرآباد,Domestic Departure,2025-06-03 05:25:00,2025-06-03 06:01:00,2025-06-03 05:25:00,2025-06-03 06:01:00,0 days 00:36:00,36.0,Tuesday,0,0,0,0,Spring,Morning,Late,1,5
2025-06-03 05:30:00,وارش,VRH5852,اهواز,پرواز كرد,5,2025-06-03 05:50:00,EPVBM,B737,فرودگاه مهرآباد,Domestic Departure,2025-06-03 05:30:00,2025-06-03 05:50:00,2025-06-03 05:30:00,2025-06-03 05:50:00,0 days 00:20:00,20.0,Tuesday,0,0,0,0,Spring,Morning,Late,1,5
2025-06-03 05:30:00,ایران ایر,IRA260,مشهد,پرواز كرد,"7, 8",2025-06-03 05:47:00,EPIEQ,A319,فرودگاه مهرآباد,Domestic Departure,2025-06-03 05:30:00,2025-06-03 05:47:00,2025-06-03 05:30:00,2025-06-03 05:47:00,0 days 00:17:00,17.0,Tuesday,0,0,0,0,Spring,Morning,Late,1,5
2025-06-03 05:35:00,پارس ایر,PRS4438,گچساران,پرواز كرد,20,2025-06-03 05:38:00,EPPRA,CRJ200,فرودگاه مهرآباد,Domestic Departure,2025-06-03 05:35:00,2025-06-03 05:38:00,2025-06-03 05:35:00,2025-06-03 05:38:00,0 days 00:03:00,3.0,Tuesday,0,0,0,0,Spring,Morning,On Time,1,5
2025-06-03 05:40:00,آتا,TBZ5627,اهواز,پرواز كرد,"24, 25",2025-06-03 06:35:00,EPTAL,MD83,فرودگاه مهرآباد,Domestic Departure,2025-06-03 05:40:00,2025-06-03 06:35:00,2025-06-03 05:40:00,2025-06-03 06:35:00,0 days 00:55:00,55.0,Tuesday,0,0,0,0,Spring,Morning,Late,1,5
2025-06-03 05:40:00,کاسپین,CPN6986,زاهدان,پرواز كرد,"8, 9",2025-06-03 06:24:00,EPCAS,MD83,فرودگاه مهرآباد,Domestic Departure,2025-06-03 05:40:00,2025-06-03 06:24:00,2025-06-03 05:40:00,2025-06-03 06:24:00,0 days 00:44:00,44.0,Tuesday,0,0,0,0,Spring,Morning,Late,1,5
2025-06-03 05:45:00,آتا,TBZ5610,تبریز,پرواز كرد,11,2025-06-03 06:20:00,EPTAZ,MD83,فرودگاه مهرآباد,Domestic Departure,2025-06-03 05:45:00,2025-06-03 06:20:00,2025-06-03 05:45:00,2025-06-03 06:20:00,0 days 00:35:00,35.0,Tuesday,0,0,0,0,Spring,Morning,Late,1,5
2025-06-03 05:45:00,ماهان,IRM4551,سراوان,پرواز كرد,21,2025-06-03 06:05:00,EPMEU,RJ85,فرودگاه مهرآباد,Domestic Departure,2025-06-03 05:45:00,2025-06-03 06:05:00,2025-06-03 05:45:00,2025-06-03 06:05:00,0 days 00:20:00,20.0,Tuesday,0,0,0,0,Spring,Morning,Late,1,5
2025-06-03 05:55:00,پارس ایر,PRS5454,كيش,پرواز كرد,18,2025-06-03 06:18:00,EPPAO,737-700,فرودگاه مهرآباد,Domestic Departure,2025-06-03 05:55:00,2025-06-03 06:18:00,2025-06-03 05:55:00,2025-06-03 06:18:00,0 days 00:23:00,23.0,Tuesday,0,0,0,0,Spring,Morning,Late,1,5
2025-06-03 06:00:00,آتا,TBZ5677,ارومیه,پرواز كرد,"26, 27",2025-06-03 06:38:00,EPTAJ,MD83,فرودگاه مهرآباد,Domestic Departure,2025-06-03 06:00:00,2025-06-03 06:38:00,2025-06-03 06:00:00,2025-06-03 06:38:00,0 days 00:38:00,38.0,Tuesday,0,0,0,0,Spring,Morning,Late,1,6
2025-06-03 06:05:00,اطلس ایر,ATS8277,كيش,پرواز كرد,"16, 17",2025-06-03 06:46:00,EPLEE,B737,فرودگاه مهرآباد,Domestic Departure,2025-06-03 06:05:00,2025-06-03 06:46:00,2025-06-03 06:05:00,2025-06-03 06:46:00,0 days 00:41:00,41.0,Tuesday,0,0,0,0,Spring,Morning,Late,1,6
2025-06-03 06:05:00,یزد ایر,DZD9419,یزد,پرواز كرد,"14, 15",2025-06-03 06:08:00,EPDZH,RJ85,فرودگاه مهرآباد,Domestic Departure,2025-06-03 06:05:00,2025-06-03 06:08:00,2025-06-03 06:05:00,2025-06-03 06:08:00,0 days 00:03:00,3.0,Tuesday,0,0,0,0,Spring,Morning,On Time,1,6
2025-06-03 06:10:00,وارش,VRH5918,عسلویه,پرواز كرد,7,2025-06-03 06:52:00,EPVAK,737-700,فرودگاه مهرآباد,Domestic Departure,2025-06-03 06:10:00,2025-06-03 06:52:00,2025-06-03 06:10:00,2025-06-03 06:52:00,0 days 00:42:00,42.0,Tuesday,0,0,0,0,Spring,Morning,Late,1,6
2025-06-03 06:15:00,ایران ایر,IRA326,لارستان,پرواز كرد,"5, 6",2025-06-03 12:41:00,EPIEP,A319,فرودگاه مهرآباد,Domestic Departure,2025-06-03 06:15:00,2025-06-03 12:41:00,2025-06-03 06:15:00,2025-06-03 12:41:00,0 days 06:26:00,386.0,Tuesday,0,0,0,0,Spring,Morning,Late,1,6
2025-06-03 06:20:00,آسمان,IRC644,بندرعباس,پرواز كرد,28,2025-06-03 08:27:00,EPATE,F100,فرودگاه مهرآباد,Domestic Departure,2025-06-03 06:20:00,2025-06-03 08:27:00,2025-06-03 06:20:00,2025-06-03 08:27:00,0 days 02:07:00,127.0,Tuesday,0,0,0,0,Spring,Morning,Late,1,6
2025-06-03 06:25:00,چابهار,IRU7610,مشهد,پرواز كرد,4,2025-06-03 06:44:00,EPCBI,MD83,فرودگاه مهرآباد,Domestic Departure,2025-06-03 06:25:00,2025-06-03 06:44:00,2025-06-03 06:25:00,2025-06-03 06:44:00,0 days 00:19:00,19.0,Tuesday,0,0,0,0,Spring,Morning,Late,1,6
2025-06-03 06:25:00,ساها,IRZ166,آبادان,پرواز كرد,"10, 11",2025-06-03 06:42:00,EPSIJ,737-700,فرودگاه مهرآباد,Domestic Departure,2025-06-03 06:25:00,2025-06-03 06:42:00,2025-06-03 06:25:00,2025-06-03 06:42:00,0 days 00:17:00,17.0,Tuesday,0,0,0,0,Spring,Morning,Late,1,6
2025-06-03 06:30:00,زاگرس,IZG4060,بوشهر,پرواز كرد,3,2025-06-03 07:06:00,EPZAQ,MD83,فرودگاه مهرآباد,Domestic Departure,2025-06-03 06:30:00,2025-06-03 07:06:00,2025-06-03 06:30:00,2025-06-03 07:06:00,0 days 00:36:00,36.0,Tuesday,0,0,0,0,Spring,Morning,Late,1,6
2025-06-03 06:40:00,آساجت,SJT8634,رشت,پرواز كرد,14,2025-06-03 06:58:00,EPJEK,EMB145,فرودگاه مهرآباد,Domestic Departure,2025-06-03 06:40:00,2025-06-03 06:58:00,2025-06-03 06:40:00,2025-06-03 06:58:00,0 days 00:18:00,18.0,Tuesday,0,0,0,0,Spring,Morning,Late,1,6
2025-06-03 06:40:00,ماهان,IRM1089,شیراز,پرواز كرد,22,2025-06-03 07:03:00,EPMOC,146-200,فرودگاه مهرآباد,Domestic Departure,2025-06-03 06:40:00,2025-06-03 07:03:00,2025-06-03 06:40:00,2025-06-03 07:03:00,0 days 00:23:00,23.0,Tuesday,0,0,0,0,Spring,Morning,Late,1,6
2025-06-03 06:45:00,اروان,INA6750,مشهد,پرواز كرد,"6, 6",2025-06-03 07:00:00,EPNSR,737-700,فرودگاه مهرآباد,Domestic Departure,2025-06-03 06:45:00,2025-06-03 07:00:00,2025-06-03 06:45:00,2025-06-03 07:00:00,0 days 00:15:00,15.0,Tuesday,0,0,0,0,Spring,Morning,On Time,1,6
2025-06-03 06:45:00,کاسپین,CPN014,عسلویه,پرواز كرد,"12, 13",2025-06-03 06:55:00,EPCPD,MD83,فرودگاه مهرآباد,Domestic Departure,2025-06-03 06:45:00,2025-06-03 06:55:00,2025-06-03 06:45:00,2025-06-03 06:55:00,0 days 00:10:00,10.0,Tuesday,0,0,0,0,Spring,Morning,On Time,1,6
2025-06-03 06:55:00,آتا,TBZ5662,کرمان,پرواز كرد,"28, 29",2025-06-03 07:27:00,EPTAH,B737,فرودگاه مهرآباد,Domestic Departure,2025-06-03 06:55:00,2025-06-03 07:27:00,2025-06-03 06:55:00,2025-06-03 07:27:00,0 days 00:32:00,32.0,Tuesday,0,0,0,0,Spring,Morning,Late,1,6
2025-06-03 06:55:00,کاسپین,CPN038,شیراز,پرواز كرد,"6, 7",2025-06-03 07:08:00,EPCPU,MD82,فرودگاه مهرآباد,Domestic Departure,2025-06-03 06:55:00,2025-06-03 07:08:00,2025-06-03 06:55:00,2025-06-03 07:08:00,0 days 00:13:00,13.0,Tuesday,0,0,0,0,Spring,Morning,On Time,1,6
2025-06-03 07:00:00,وارش,VRH5820,كيش,پرواز كرد,5,2025-06-03 07:11:00,EPVAR,B737,فرودگاه مهرآباد,Domestic Departure,2025-06-03 07:00:00,2025-06-03 07:11:00,2025-06-03 07:00:00,2025-06-03 07:11:00,0 days 00:11:00,11.0,Tuesday,0,0,0,0,Spring,Morning,On Time,1,7
2025-06-03 07:05:00,ماهان,IRM4589,زاهدان,پرواز كرد,23,2025-06-03 07:22:00,EPMOS,RJ85,فرودگاه مهرآباد,Domestic Departure,2025-06-03 07:05:00,2025-06-03 07:22:00,2025-06-03 07:05:00,2025-06-03 07:22:00,0 days 00:17:00,17.0,Tuesday,0,0,0,0,Spring,Morning,Late,1,7
2025-06-03 07:10:00,اطلس ایر,ATS8270,مشهد,پرواز كرد,"18, 19",2025-06-03 07:20:00,EPTHI,RJ85,فرودگاه مهرآباد,Domestic Departure,2025-06-03 07:10:00,2025-06-03 07:20:00,2025-06-03 07:10:00,2025-06-03 07:20:00,0 days 00:10:00,10.0,Tuesday,0,0,0,0,Spring,Morning,On Time,1,7
2025-06-03 07:15:00,قشم ایر,QSM1230,ماهشهر,پرواز كرد,"16, 17",2025-06-03 08:17:00,EPFQI,F100,فرودگاه مهرآباد,Domestic Departure,2025-06-03 07:15:00,2025-06-03 08:17:00,2025-06-03 07:15:00,2025-06-03 08:17:00,0 days 01:02:00,62.0,Tuesday,0,0,0,0,Spring,Morning,Late,1,7
2025-06-03 07:15:00,کارون,KRU2504,خارگ,پرواز كرد,20,2025-06-03 07:55:00,EPOPI,F100,فرودگاه مهرآباد,Domestic Departure,2025-06-03 07:15:00,2025-06-03 07:55:00,2025-06-03 07:15:00,2025-06-03 07:55:00,0 days 00:40:00,40.0,Tuesday,0,0,0,0,Spring,Morning,Late,1,7
2025-06-03 07:20:00,تابان,TBN6317,شهرکرد,پرواز كرد,"1, 2",2025-06-03 07:38:00,EPTBB,MD.88,فرودگاه مهرآباد,Domestic Departure,2025-06-03 07:20:00,2025-06-03 07:38:00,2025-06-03 07:20:00,2025-06-03 07:38:00,0 days 00:18:00,18.0,Tuesday,0,0,0,0,Spring,Morning,Late,1,7
2025-06-03 07:30:00,آساجت,SJT8618,آبادان,پرواز كرد,15,2025-06-03 08:25:00,EPRHN,EMB145,فرودگاه مهرآباد,Domestic Departure,2025-06-03 07:30:00,2025-06-03 08:25:00,2025-06-03 07:30:00,2025-06-03 08:25:00,0 days 00:55:00,55.0,Tuesday,0,0,0,0,Spring,Morning,Late,1,7
2025-06-03 07:35:00,پويا,PYA2340,شیراز,پرواز كرد,15,2025-06-03 08:00:00,EPPUO,EMB145,فرودگاه مهرآباد,Domestic Departure,2025-06-03 07:35:00,2025-06-03 08:00:00,2025-06-03 07:35:00,2025-06-03 08:00:00,0 days 00:25:00,25.0,Tuesday,0,0,0,0,Spring,Morning,Late,1,7
2025-06-03 08:00:00,ماهان,IRM4536,اردبیل,پرواز كرد,24,2025-06-03 08:18:00,EPMOH,146-200,فرودگاه مهرآباد,Domestic Departure,2025-06-03 08:00:00,2025-06-03 08:18:00,2025-06-03 08:00:00,2025-06-03 08:18:00,0 days 00:18:00,18.0,Tuesday,0,0,0,0,Spring,Morning,Late,1,8
2025-06-03 08:05:00,آتا,TBZ5602,تبریز,پرواز كرد,11,2025-06-03 08:07:00,EPTAU,MD83,فرودگاه مهرآباد,Domestic Departure,2025-06-03 08:05:00,2025-06-03 08:07:00,2025-06-03 08:05:00,2025-06-03 08:07:00,0 days 00:02:00,2.0,Tuesday,0,0,0,0,Spring,Morning,On Time,1,8
2025-06-03 08:05:00,پويا,PYA2316,قشم,پرواز كرد,13,2025-06-03 08:22:00,EPPUR,EMB145,فرودگاه مهرآباد,Domestic Departure,2025-06-03 08:05:00,2025-06-03 08:22:00,2025-06-03 08:05:00,2025-06-03 08:22:00,0 days 00:17:00,17.0,Tuesday,0,0,0,0,Spring,Morning,Late,1,8
2025-06-03 08:10:00,ماهان,IRM1051,کرمان,پرواز كرد,25,2025-06-03 08:23:00,EMMEA,146-200,فرودگاه مهرآباد,Domestic Departure,2025-06-03 08:10:00,2025-06-03 08:23:00,2025-06-03 08:10:00,2025-06-03 08:23:00,0 days 00:13:00,13.0,Tuesday,0,0,0,0,Spring,Morning,On Time,1,8
2025-06-03 08:20:00,آتا,TBZ5659,كيش,پرواز كرد,"12, 13",2025-06-03 09:08:00,EPTAQ,MD83,فرودگاه مهرآباد,Domestic Departure,2025-06-03 08:20:00,2025-06-03 09:08:00,2025-06-03 08:20:00,2025-06-03 09:08:00,0 days 00:48:00,48.0,Tuesday,0,0,0,0,Spring,Morning,Late,1,8
2025-06-03 08:30:00,کیش ایر,KIS7021,كيش,پرواز كرد,10,2025-06-03 12:43:00,EPLCL,MD83,فرودگاه مهرآباد,Domestic Departure,2025-06-03 08:30:00,2025-06-03 12:43:00,2025-06-03 08:30:00,2025-06-03 12:43:00,0 days 04:13:00,253.0,Tuesday,0,0,0,0,Spring,Morning,Late,1,8
2025-06-03 08:40:00,زاگرس,IZG4030,كيش,پرواز كرد,7,2025-06-03 08:53:00,EPZAG,MD83,فرودگاه مهرآباد,Domestic Departure,2025-06-03 08:40:00,2025-06-03 08:53:00,2025-06-03 08:40:00,2025-06-03 08:53:00,0 days 00:13:00,13.0,Tuesday,0,0,0,0,Spring,Morning,On Time,1,8
2025-06-03 09:10:00,ساها,IRZ170,مشهد,پرواز كرد,"6, 7",2025-06-03 09:26:00,EPSII,737-700,فرودگاه مهرآباد,Domestic Departure,2025-06-03 09:10:00,2025-06-03 09:26:00,2025-06-03 09:10:00,2025-06-03 09:26:00,0 days 00:16:00,16.0,Tuesday,0,0,0,0,Spring,Morning,Late,1,9
2025-06-03 09:20:00,زاگرس,IZG4042,مشهد,پرواز كرد,5,2025-06-03 09:49:00,EPZAE,MD83,فرودگاه مهرآباد,Domestic Departure,2025-06-03 09:20:00,2025-06-03 09:49:00,2025-06-03 09:20:00,2025-06-03 09:49:00,0 days 00:29:00,29.0,Tuesday,0,0,0,0,Spring,Morning,Late,1,9
2025-06-03 09:20:00,کیش ایر,KIS7053,كيش,پرواز كرد,11,2025-06-03 13:23:00,EPLCJ,MD83,فرودگاه مهرآباد,Domestic Departure,2025-06-03 09:20:00,2025-06-03 13:23:00,2025-06-03 09:20:00,2025-06-03 13:23:00,0 days 04:03:00,243.0,Tuesday,0,0,0,0,Spring,Morning,Late,1,9
2025-06-03 09:30:00,رایمون,RAI7518,كيش,پرواز كرد,"3, 4",2025-06-03 09:38:00,EPNEA,EMB145,فرودگاه مهرآباد,Domestic Departure,2025-06-03 09:30:00,2025-06-03 09:38:00,2025-06-03 09:30:00,2025-06-03 09:38:00,0 days 00:08:00,8.0,Tuesday,0,0,0,0,Spring,Morning,On Time,1,9
2025-06-03 09:35:00,فلای پرشیا,FPI7405,شیراز,پرواز كرد,"18, 19",2025-06-03 09:56:00,EPFPA,B737,فرودگاه مهرآباد,Domestic Departure,2025-06-03 09:35:00,2025-06-03 09:56:00,2025-06-03 09:35:00,2025-06-03 09:56:00,0 days 00:21:00,21.0,Tuesday,0,0,0,0,Spring,Morning,Late,1,9
2025-06-03 09:40:00,چابهار,IRU7640,مشهد,پرواز كرد,6,2025-06-03 09:53:00,EPSEB,MD83,فرودگاه مهرآباد,Domestic Departure,2025-06-03 09:40:00,2025-06-03 09:53:00,2025-06-03 09:40:00,2025-06-03 09:53:00,0 days 00:13:00,13.0,Tuesday,0,0,0,0,Spring,Morning,On Time,1,9
2025-06-03 09:45:00,پارس ایر,PRS4444,اهواز,پرواز كرد,20,2025-06-03 09:47:00,EPPRA,CRJ200,فرودگاه مهرآباد,Domestic Departure,2025-06-03 09:45:00,2025-06-03 09:47:00,2025-06-03 09:45:00,2025-06-03 09:47:00,0 days 00:02:00,2.0,Tuesday,0,0,0,0,Spring,Morning,On Time,1,9
2025-06-03 09:50:00,آتا,TBZ5698,مشهد,پرواز كرد,"24, 25",2025-06-03 10:10:00,EPTAZ,md88,فرودگاه مهرآباد,Domestic Departure,2025-06-03 09:50:00,2025-06-03 10:10:00,2025-06-03 09:50:00,2025-06-03 10:10:00,0 days 00:20:00,20.0,Tuesday,0,0,0,0,Spring,Morning,Late,1,9
2025-06-03 09:50:00,پارس ایر,PRS4408,ماهشهر,پرواز كرد,"21, 22",2025-06-03 10:07:00,EPPAM,737-700,فرودگاه مهرآباد,Domestic Departure,2025-06-03 09:50:00,2025-06-03 10:07:00,2025-06-03 09:50:00,2025-06-03 10:07:00,0 days 00:17:00,17.0,Tuesday,0,0,0,0,Spring,Morning,Late,1,9
2025-06-03 10:00:00,آتا,TBZ5721,كيش,پرواز كرد,"26, 27",2025-06-03 10:36:00,EPTAJ,MD83,فرودگاه مهرآباد,Domestic Departure,2025-06-03 10:00:00,2025-06-03 10:36:00,2025-06-03 10:00:00,2025-06-03 10:36:00,0 days 00:36:00,36.0,Tuesday,0,0,0,0,Spring,Morning,Late,1,10
2025-06-03 10:00:00,وارش,VRH5840,مشهد,پرواز كرد,3,2025-06-03 10:17:00,EPVBM,B737,فرودگاه مهرآباد,Domestic Departure,2025-06-03 10:00:00,2025-06-03 10:17:00,2025-06-03 10:00:00,2025-06-03 10:17:00,0 days 00:17:00,17.0,Tuesday,0,0,0,0,Spring,Morning,Late,1,10
2025-06-03 10:05:00,ایران ایرتور,IRB970,بوشهر,پرواز كرد,"5, 6",2025-06-03 10:40:00,EPMDF,MD83,فرودگاه مهرآباد,Domestic Departure,2025-06-03 10:05:00,2025-06-03 10:40:00,2025-06-03 10:05:00,2025-06-03 10:40:00,0 days 00:35:00,35.0,Tuesday,0,0,0,0,Spring,Morning,Late,1,10
2025-06-03 10:20:00,قشم ایر,QSM1240,قشم,پرواز كرد,"18, 19",2025-06-03 10:52:00,EPFQV,RJ100,فرودگاه مهرآباد,Domestic Departure,2025-06-03 10:20:00,2025-06-03 10:52:00,2025-06-03 10:20:00,2025-06-03 10:52:00,0 days 00:32:00,32.0,Tuesday,0,0,0,0,Spring,Morning,Late,1,10
2025-06-03 10:20:00,کیش ایر,KIS7193,عسلویه,پرواز كرد,"9, 10",2025-06-03 16:48:00,EPLCK,MD83,فرودگاه مهرآباد,Domestic Departure,2025-06-03 10:20:00,2025-06-03 16:48:00,2025-06-03 10:20:00,2025-06-03 16:48:00,0 days 06:28:00,388.0,Tuesday,0,0,0,0,Spring,Morning,Late,1,10
2025-06-03 10:40:00,آتا,TBZ5729,مشهد,پرواز كرد,"12, 13",2025-06-03 11:14:00,EPTAE,737-700,فرودگاه مهرآباد,Domestic Departure,2025-06-03 10:40:00,2025-06-03 11:14:00,2025-06-03 10:40:00,2025-06-03 11:14:00,0 days 00:34:00,34.0,Tuesday,0,0,0,0,Spring,Morning,Late,1,10
2025-06-03 11:00:00,ایران ایرتور,IRB940,قشم,پرواز كرد,"9, 10",2025-06-03 11:24:00,EPMDD,MD83,فرودگاه مهرآباد,Domestic Departure,2025-06-03 11:00:00,2025-06-03 11:24:00,2025-06-03 11:00:00,2025-06-03 11:24:00,0 days 00:24:00,24.0,Tuesday,0,0,0,0,Spring,Morning,Late,1,11
2025-06-03 11:15:00,قشم ایر,QSM1280,اصفهان,پرواز كرد,"21, 22",2025-06-03 12:48:00,EPFQI,F100,فرودگاه مهرآباد,Domestic Departure,2025-06-03 11:15:00,2025-06-03 12:48:00,2025-06-03 11:15:00,2025-06-03 12:48:00,0 days 01:33:00,93.0,Tuesday,0,0,0,0,Spring,Morning,Late,1,11
2025-06-03 11:15:00,کاسپین,CPN046,تبریز,پرواز كرد,"6, 7",2025-06-03 11:58:00,EPKPB,B737,فرودگاه مهرآباد,Domestic Departure,2025-06-03 11:15:00,2025-06-03 11:58:00,2025-06-03 11:15:00,2025-06-03 11:58:00,0 days 00:43:00,43.0,Tuesday,0,0,0,0,Spring,Morning,Late,1,11
2025-06-03 11:30:00,زاگرس,IZG4040,مشهد,پرواز كرد,3,2025-06-03 14:46:00,EPZAG,MD83,فرودگاه مهرآباد,Domestic Departure,2025-06-03 11:30:00,2025-06-03 14:46:00,2025-06-03 11:30:00,2025-06-03 14:46:00,0 days 03:16:00,196.0,Tuesday,0,0,0,0,Spring,Morning,Late,1,11
2025-06-03 11:40:00,اطلس ایر,ATS8284,مشهد,پرواز كرد,"14, 15",2025-06-03 12:13:00,EPTHI,RJ85,فرودگاه مهرآباد,Domestic Departure,2025-06-03 11:40:00,2025-06-03 12:13:00,2025-06-03 11:40:00,2025-06-03 12:13:00,0 days 00:33:00,33.0,Tuesday,0,0,0,0,Spring,Morning,Late,1,11
2025-06-03 11:45:00,کیش ایر,KIS7029,كيش,پرواز كرد,12,2025-06-03 18:53:00,EPLCL,MD83,فرودگاه مهرآباد,Domestic Departure,2025-06-03 11:45:00,2025-06-03 18:53:00,2025-06-03 11:45:00,2025-06-03 18:53:00,0 days 07:08:00,428.0,Tuesday,0,0,0,0,Spring,Morning,Late,1,11
2025-06-03 12:00:00,ماهان,IRM1081,مشهد,پرواز كرد,"22, 23, 24",2025-06-03 12:24:00,EPMEE,747,فرودگاه مهرآباد,Domestic Departure,2025-06-03 12:00:00,2025-06-03 12:24:00,2025-06-03 12:00:00,2025-06-03 12:24:00,0 days 00:24:00,24.0,Tuesday,0,0,0,0,Spring,Afternoon,Late,1,12
2025-06-03 12:05:00,آتا,TBZ5631,اهواز,پرواز كرد,"12, 13",2025-06-03 12:31:00,EPTAH,B737,فرودگاه مهرآباد,Domestic Departure,2025-06-03 12:05:00,2025-06-03 12:31:00,2025-06-03 12:05:00,2025-06-03 12:31:00,0 days 00:26:00,26.0,Tuesday,0,0,0,0,Spring,Afternoon,Late,1,12
2025-06-03 12:05:00,ماهان,IRM4578,ماکو,پرواز كرد,20,2025-06-03 12:38:00,EPMOC,146-200,فرودگاه مهرآباد,Domestic Departure,2025-06-03 12:05:00,2025-06-03 12:38:00,2025-06-03 12:05:00,2025-06-03 12:38:00,0 days 00:33:00,33.0,Tuesday,0,0,0,0,Spring,Afternoon,Late,1,12
2025-06-03 12:35:00,آتا,TBZ5617,مشهد,پرواز كرد,"24, 25",2025-06-03 13:42:00,EPTAO,MD83,فرودگاه مهرآباد,Domestic Departure,2025-06-03 12:35:00,2025-06-03 13:42:00,2025-06-03 12:35:00,2025-06-03 13:42:00,0 days 01:07:00,67.0,Tuesday,0,0,0,0,Spring,Afternoon,Late,1,12
2025-06-03 13:00:00,ماهان,IRM1010,کرمانشاه,پرواز كرد,25,2025-06-03 13:13:00,EPMOH,146-200,فرودگاه مهرآباد,Domestic Departure,2025-06-03 13:00:00,2025-06-03 13:13:00,2025-06-03 13:00:00,2025-06-03 13:13:00,0 days 00:13:00,13.0,Tuesday,0,0,0,0,Spring,Afternoon,On Time,1,13
2025-06-03 13:15:00,قشم ایر,QSM1224,كيش,پرواز كرد,"16, 17",2025-06-03 13:28:00,EPFQF,F100,فرودگاه مهرآباد,Domestic Departure,2025-06-03 13:15:00,2025-06-03 13:28:00,2025-06-03 13:15:00,2025-06-03 13:28:00,0 days 00:13:00,13.0,Tuesday,0,0,0,0,Spring,Afternoon,On Time,1,13
2025-06-03 13:40:00,آتا,TBZ5719,مشهد,پرواز كرد,"28, 29",2025-06-03 14:43:00,EPTAQ,MD83,فرودگاه مهرآباد,Domestic Departure,2025-06-03 13:40:00,2025-06-03 14:43:00,2025-06-03 13:40:00,2025-06-03 14:43:00,0 days 01:03:00,63.0,Tuesday,0,0,0,0,Spring,Afternoon,Late,1,13
2025-06-03 13:45:00,ماهان,IRM4572,ایلام,پرواز كرد,23,2025-06-03 14:15:00,EPMEB,RJ85,فرودگاه مهرآباد,Domestic Departure,2025-06-03 13:45:00,2025-06-03 14:15:00,2025-06-03 13:45:00,2025-06-03 14:15:00,0 days 00:30:00,30.0,Tuesday,0,0,0,0,Spring,Afternoon,Late,1,13
2025-06-03 14:00:00,ماهان,IRM1004,ارومیه,پرواز كرد,24,2025-06-03 14:25:00,EPMEU,146-200,فرودگاه مهرآباد,Domestic Departure,2025-06-03 14:00:00,2025-06-03 14:25:00,2025-06-03 14:00:00,2025-06-03 14:25:00,0 days 00:25:00,25.0,Tuesday,0,0,0,0,Spring,Afternoon,Late,1,14
2025-06-03 14:55:00,رایمون,RAI7512,اصفهان,پرواز كرد,"1, 2",2025-06-03 15:07:00,EPNEA,EMB145,فرودگاه مهرآباد,Domestic Departure,2025-06-03 14:55:00,2025-06-03 15:07:00,2025-06-03 14:55:00,2025-06-03 15:07:00,0 days 00:12:00,12.0,Tuesday,0,0,0,0,Spring,Afternoon,On Time,1,14
2025-06-03 14:55:00,قشم ایر,QSM1298,گرگان,پرواز كرد,"21, 22",2025-06-03 15:15:00,EPFQU,RJ100,فرودگاه مهرآباد,Domestic Departure,2025-06-03 14:55:00,2025-06-03 15:15:00,2025-06-03 14:55:00,2025-06-03 15:15:00,0 days 00:20:00,20.0,Tuesday,0,0,0,0,Spring,Afternoon,Late,1,14
2025-06-03 15:15:00,پارس ایر,PRS4454,مشهد,پرواز كرد,"20, 21",2025-06-03 15:35:00,EPPAM,B737,فرودگاه مهرآباد,Domestic Departure,2025-06-03 15:15:00,2025-06-03 15:35:00,2025-06-03 15:15:00,2025-06-03 15:35:00,0 days 00:20:00,20.0,Tuesday,0,0,0,0,Spring,Afternoon,Late,1,15
2025-06-03 15:15:00,کاسپین,CPN044,كيش,پرواز كرد,"8, 9",2025-06-03 19:01:00,EPCPD,MD83,فرودگاه مهرآباد,Domestic Departure,2025-06-03 15:15:00,2025-06-03 19:01:00,2025-06-03 15:15:00,2025-06-03 19:01:00,0 days 03:46:00,226.0,Tuesday,0,0,0,0,Spring,Afternoon,Late,1,15
2025-06-03 15:30:00,فلای پرشیا,FPI7446,عسلویه,پرواز كرد,"18, 19",2025-06-03 15:32:00,EPFPA,737-700,فرودگاه مهرآباد,Domestic Departure,2025-06-03 15:30:00,2025-06-03 15:32:00,2025-06-03 15:30:00,2025-06-03 15:32:00,0 days 00:02:00,2.0,Tuesday,0,0,0,0,Spring,Afternoon,On Time,1,15
2025-06-03 15:30:00,ایران ایر,IRA214,قشم,پرواز كرد,3,2025-06-03 15:40:00,EPCFR,F100,فرودگاه مهرآباد,Domestic Departure,2025-06-03 15:30:00,2025-06-03 15:40:00,2025-06-03 15:30:00,2025-06-03 15:40:00,0 days 00:10:00,10.0,Tuesday,0,0,0,0,Spring,Afternoon,On Time,1,15
2025-06-03 15:55:00,آتا,TBZ5611,شیراز,پرواز كرد,"28, 29",2025-06-03 16:24:00,EPTAR,MD83,فرودگاه مهرآباد,Domestic Departure,2025-06-03 15:55:00,2025-06-03 16:24:00,2025-06-03 15:55:00,2025-06-03 16:24:00,0 days 00:29:00,29.0,Tuesday,0,0,0,0,Spring,Afternoon,Late,1,15
2025-06-03 15:55:00,پويا,PYA2310,گرگان,پرواز كرد,14,2025-06-03 16:15:00,EPPUR,EMB145,فرودگاه مهرآباد,Domestic Departure,2025-06-03 15:55:00,2025-06-03 16:15:00,2025-06-03 15:55:00,2025-06-03 16:15:00,0 days 00:20:00,20.0,Tuesday,0,0,0,0,Spring,Afternoon,Late,1,15
2025-06-03 16:05:00,کاسپین,CPN6936,قشم,پرواز كرد,"10, 11",2025-06-03 16:19:00,EPCAQ,B737,فرودگاه مهرآباد,Domestic Departure,2025-06-03 16:05:00,2025-06-03 16:19:00,2025-06-03 16:05:00,2025-06-03 16:19:00,0 days 00:14:00,14.0,Tuesday,0,0,0,0,Spring,Afternoon,On Time,1,16
2025-06-03 16:15:00,کاسپین,CPN6900,بوشهر,پرواز كرد,"12, 13",2025-06-03 16:29:00,EPCAS,MD83,فرودگاه مهرآباد,Domestic Departure,2025-06-03 16:15:00,2025-06-03 16:29:00,2025-06-03 16:15:00,2025-06-03 16:29:00,0 days 00:14:00,14.0,Tuesday,0,0,0,0,Spring,Afternoon,On Time,1,16
2025-06-03 16:35:00,کیش ایر,KIS7089,بندرعباس,پرواز كرد,"9, 10",2025-06-03 19:31:00,EPLCJ,MD83,فرودگاه مهرآباد,Domestic Departure,2025-06-03 16:35:00,2025-06-03 19:31:00,2025-06-03 16:35:00,2025-06-03 19:31:00,0 days 02:56:00,176.0,Tuesday,0,0,0,0,Spring,Afternoon,Late,1,16
2025-06-03 16:40:00,آتا,TBZ5664,کرمان,پرواز كرد,"24, 25",2025-06-03 17:10:00,EPTAZ,MD83,فرودگاه مهرآباد,Domestic Departure,2025-06-03 16:40:00,2025-06-03 17:10:00,2025-06-03 16:40:00,2025-06-03 17:10:00,0 days 00:30:00,30.0,Tuesday,0,0,0,0,Spring,Afternoon,Late,1,16
2025-06-03 16:45:00,کارون,KRU2584,عسلویه,پرواز كرد,"14, 15",2025-06-03 17:01:00,EPJIA,737,فرودگاه مهرآباد,Domestic Departure,2025-06-03 16:45:00,2025-06-03 17:01:00,2025-06-03 16:45:00,2025-06-03 17:01:00,0 days 00:16:00,16.0,Tuesday,0,0,0,0,Spring,Afternoon,Late,1,16
2025-06-03 16:50:00,آتا,TBZ5623,شیراز,پرواز كرد,"12, 13",2025-06-03 17:16:00,EPTAJ,MD83,فرودگاه مهرآباد,Domestic Departure,2025-06-03 16:50:00,2025-06-03 17:16:00,2025-06-03 16:50:00,2025-06-03 17:16:00,0 days 00:26:00,26.0,Tuesday,0,0,0,0,Spring,Afternoon,Late,1,16
2025-06-03 17:25:00,چابهار,IRU7660,مشهد,پرواز كرد,4,2025-06-03 17:42:00,EPCBI,MD83,فرودگاه مهرآباد,Domestic Departure,2025-06-03 17:25:00,2025-06-03 17:42:00,2025-06-03 17:25:00,2025-06-03 17:42:00,0 days 00:17:00,17.0,Tuesday,0,0,0,0,Spring,Evening,Late,1,17
2025-06-03 17:30:00,کارون,KRU2610,دزفول,پرواز كرد,"16, 17",2025-06-03 20:15:00,EPAWZ,F100,فرودگاه مهرآباد,Domestic Departure,2025-06-03 17:30:00,2025-06-03 20:15:00,2025-06-03 17:30:00,2025-06-03 20:15:00,0 days 02:45:00,165.0,Tuesday,0,0,0,0,Spring,Evening,Late,1,17
2025-06-03 17:35:00,پارس ایر,PRS4494,آبادان,پرواز كرد,"18, 19",2025-06-03 17:50:00,EPPAO,737-700,فرودگاه مهرآباد,Domestic Departure,2025-06-03 17:35:00,2025-06-03 17:50:00,2025-06-03 17:35:00,2025-06-03 17:50:00,0 days 00:15:00,15.0,Tuesday,0,0,0,0,Spring,Evening,On Time,1,17
2025-06-03 17:35:00,آسمان,IRC600,مشهد,پرواز كرد,28,2025-06-03 21:03:00,EPATE,F100,فرودگاه مهرآباد,Domestic Departure,2025-06-03 17:35:00,2025-06-03 21:03:00,2025-06-03 17:35:00,2025-06-03 21:03:00,0 days 03:28:00,208.0,Tuesday,0,0,0,0,Spring,Evening,Late,1,17
2025-06-03 17:45:00,کارون,KRU2506,ماهشهر,پرواز كرد,"18, 19",2025-06-03 17:54:00,EPNFC,737-700,فرودگاه مهرآباد,Domestic Departure,2025-06-03 17:45:00,2025-06-03 17:54:00,2025-06-03 17:45:00,2025-06-03 17:54:00,0 days 00:09:00,9.0,Tuesday,0,0,0,0,Spring,Evening,On Time,1,17
2025-06-03 17:50:00,ماهان,IRM4525,چابهار,پرواز كرد,24,2025-06-03 18:01:00,EPMOH,146-200,فرودگاه مهرآباد,Domestic Departure,2025-06-03 17:50:00,2025-06-03 18:01:00,2025-06-03 17:50:00,2025-06-03 18:01:00,0 days 00:11:00,11.0,Tuesday,0,0,0,0,Spring,Evening,On Time,1,17
2025-06-03 17:55:00,چابهار,IRU7650,مشهد,پرواز كرد,6,2025-06-03 18:27:00,EPSEB,MD83,فرودگاه مهرآباد,Domestic Departure,2025-06-03 17:55:00,2025-06-03 18:27:00,2025-06-03 17:55:00,2025-06-03 18:27:00,0 days 00:32:00,32.0,Tuesday,0,0,0,0,Spring,Evening,Late,1,17
2025-06-03 18:00:00,اطلس ایر,ATS8271,كيش,پرواز كرد,"21, 22",2025-06-03 20:13:00,EPSAP,md83,فرودگاه مهرآباد,Domestic Departure,2025-06-03 18:00:00,2025-06-03 20:13:00,2025-06-03 18:00:00,2025-06-03 20:13:00,0 days 02:13:00,133.0,Tuesday,0,0,0,0,Spring,Evening,Late,1,18
2025-06-03 18:00:00,پارس ایر,PRS4462,سیرجان,پرواز كرد,20,2025-06-03 18:05:00,EPPRA,CRJ200,فرودگاه مهرآباد,Domestic Departure,2025-06-03 18:00:00,2025-06-03 18:05:00,2025-06-03 18:00:00,2025-06-03 18:05:00,0 days 00:05:00,5.0,Tuesday,0,0,0,0,Spring,Evening,On Time,1,18
2025-06-03 18:05:00,اطلس ایر,ATS8290,کرمان,پرواز كرد,"14, 15",2025-06-03 18:37:00,EPTHI,RJ85,فرودگاه مهرآباد,Domestic Departure,2025-06-03 18:05:00,2025-06-03 18:37:00,2025-06-03 18:05:00,2025-06-03 18:37:00,0 days 00:32:00,32.0,Tuesday,0,0,0,0,Spring,Evening,Late,1,18
2025-06-03 18:05:00,تابان,TBN6256,مشهد,پرواز كرد,"3, 4",2025-06-03 18:51:00,EPSMA,MD.88,فرودگاه مهرآباد,Domestic Departure,2025-06-03 18:05:00,2025-06-03 18:51:00,2025-06-03 18:05:00,2025-06-03 18:51:00,0 days 00:46:00,46.0,Tuesday,0,0,0,0,Spring,Evening,Late,1,18
2025-06-03 18:10:00,ایران ایرتور,IRB946,تبریز,پرواز كرد,"5, 6",2025-06-03 18:39:00,EPMDF,MD83,فرودگاه مهرآباد,Domestic Departure,2025-06-03 18:10:00,2025-06-03 18:39:00,2025-06-03 18:10:00,2025-06-03 18:39:00,0 days 00:29:00,29.0,Tuesday,0,0,0,0,Spring,Evening,Late,1,18
2025-06-03 18:10:00,یزد ایر,DZD9441,یزد,پرواز كرد,"10, 11",2025-06-03 18:33:00,EPDZI,146-200,فرودگاه مهرآباد,Domestic Departure,2025-06-03 18:10:00,2025-06-03 18:33:00,2025-06-03 18:10:00,2025-06-03 18:33:00,0 days 00:23:00,23.0,Tuesday,0,0,0,0,Spring,Evening,Late,1,18
2025-06-03 18:30:00,ماهان,IRM1002,تبریز,پرواز كرد,22,2025-06-03 19:06:00,EPMEU,146-200,فرودگاه مهرآباد,Domestic Departure,2025-06-03 18:30:00,2025-06-03 19:06:00,2025-06-03 18:30:00,2025-06-03 19:06:00,0 days 00:36:00,36.0,Tuesday,0,0,0,0,Spring,Evening,Late,1,18
2025-06-03 18:30:00,ایران ایرتور,IRB932,بندرعباس,پرواز كرد,"9, 10",2025-06-03 18:48:00,EPMDD,MD83,فرودگاه مهرآباد,Domestic Departure,2025-06-03 18:30:00,2025-06-03 18:48:00,2025-06-03 18:30:00,2025-06-03 18:48:00,0 days 00:18:00,18.0,Tuesday,0,0,0,0,Spring,Evening,Late,1,18
2025-06-03 18:35:00,کاسپین,CPN024,مشهد,پرواز كرد,"6, 7",2025-06-03 18:55:00,EPCPU,MD83,فرودگاه مهرآباد,Domestic Departure,2025-06-03 18:35:00,2025-06-03 18:55:00,2025-06-03 18:35:00,2025-06-03 18:55:00,0 days 00:20:00,20.0,Tuesday,0,0,0,0,Spring,Evening,Late,1,18
2025-06-03 18:40:00,وارش,VRH5896,ماهشهر,پرواز كرد,7,2025-06-03 19:12:00,EPVAK,B737,فرودگاه مهرآباد,Domestic Departure,2025-06-03 18:40:00,2025-06-03 19:12:00,2025-06-03 18:40:00,2025-06-03 19:12:00,0 days 00:32:00,32.0,Tuesday,0,0,0,0,Spring,Evening,Late,1,18
2025-06-03 18:40:00,آتا,TBZ5646,تبریز,پرواز كرد,11,2025-06-03 20:42:00,EPTAU,MD83,فرودگاه مهرآباد,Domestic Departure,2025-06-03 18:40:00,2025-06-03 20:42:00,2025-06-03 18:40:00,2025-06-03 20:42:00,0 days 02:02:00,122.0,Tuesday,0,0,0,0,Spring,Evening,Late,1,18
2025-06-03 18:55:00,رایمون,RAI7510,رشت,پرواز كرد,"1, 2",2025-06-03 19:09:00,,EMB145,فرودگاه مهرآباد,Domestic Departure,2025-06-03 18:55:00,2025-06-03 19:09:00,2025-06-03 18:55:00,2025-06-03 19:09:00,0 days 00:14:00,14.0,Tuesday,0,0,0,0,Spring,Evening,On Time,1,18
2025-06-03 19:30:00,اطلس ایر,ATS8293,قشم,پرواز كرد,"18, 19",2025-06-03 22:26:00,EPLEE,737,فرودگاه مهرآباد,Domestic Departure,2025-06-03 19:30:00,2025-06-03 22:26:00,2025-06-03 19:30:00,2025-06-03 22:26:00,0 days 02:56:00,176.0,Tuesday,0,0,0,0,Spring,Evening,Late,1,19
2025-06-03 19:30:00,آتا,TBZ5679,ارومیه,پرواز كرد,"24, 25",2025-06-03 21:26:00,EPTAL,MD83,فرودگاه مهرآباد,Domestic Departure,2025-06-03 19:30:00,2025-06-03 21:26:00,2025-06-03 19:30:00,2025-06-03 21:26:00,0 days 01:56:00,116.0,Tuesday,0,0,0,0,Spring,Evening,Late,1,19
2025-06-03 19:35:00,کیش ایر,KIS7151,شیراز,پرواز كرد,"11, 12",2025-06-03 21:59:00,EPLCK,MD83,فرودگاه مهرآباد,Domestic Departure,2025-06-03 19:35:00,2025-06-03 21:59:00,2025-06-03 19:35:00,2025-06-03 21:59:00,0 days 02:24:00,144.0,Tuesday,0,0,0,0,Spring,Evening,Late,1,19
2025-06-03 19:50:00,ساها,IRZ156,شیراز,پرواز كرد,"6, 7",2025-06-03 20:01:00,EPSII,737-700,فرودگاه مهرآباد,Domestic Departure,2025-06-03 19:50:00,2025-06-03 20:01:00,2025-06-03 19:50:00,2025-06-03 20:01:00,0 days 00:11:00,11.0,Tuesday,0,0,0,0,Spring,Evening,On Time,1,19
2025-06-03 19:55:00,زاگرس,IZG4032,كيش,پرواز كرد,7,2025-06-03 20:18:00,EPZAG,MD83,فرودگاه مهرآباد,Domestic Departure,2025-06-03 19:55:00,2025-06-03 20:18:00,2025-06-03 19:55:00,2025-06-03 20:18:00,0 days 00:23:00,23.0,Tuesday,0,0,0,0,Spring,Evening,Late,1,19
2025-06-03 20:00:00,وارش,VRH5902,مشهد,پرواز كرد,5,2025-06-03 20:40:00,EPVAV,B737,فرودگاه مهرآباد,Domestic Departure,2025-06-03 20:00:00,2025-06-03 20:40:00,2025-06-03 20:00:00,2025-06-03 20:40:00,0 days 00:40:00,40.0,Tuesday,0,0,0,0,Spring,Evening,Late,1,20
2025-06-03 20:15:00,قشم ایر,QSM1218,بوشهر,پرواز كرد,"16, 17",2025-06-03 21:16:00,EPFQV,F100,فرودگاه مهرآباد,Domestic Departure,2025-06-03 20:15:00,2025-06-03 21:16:00,2025-06-03 20:15:00,2025-06-03 21:16:00,0 days 01:01:00,61.0,Tuesday,0,0,0,0,Spring,Evening,Late,1,20
2025-06-03 20:20:00,آوا,AXV7730,مشهد,پرواز كرد,"14, 15",2025-06-03 21:21:00,EPRBC,B737,فرودگاه مهرآباد,Domestic Departure,2025-06-03 20:20:00,2025-06-03 21:21:00,2025-06-03 20:20:00,2025-06-03 21:21:00,0 days 01:01:00,61.0,Tuesday,0,0,0,0,Spring,Evening,Late,1,20
2025-06-03 20:35:00,قشم ایر,QSM1288,کرمان,پرواز كرد,"18, 19",2025-06-03 20:54:00,EPFQI,F100,فرودگاه مهرآباد,Domestic Departure,2025-06-03 20:35:00,2025-06-03 20:54:00,2025-06-03 20:35:00,2025-06-03 20:54:00,0 days 00:19:00,19.0,Tuesday,0,0,0,0,Spring,Evening,Late,1,20
2025-06-03 20:40:00,آتا,TBZ5635,اهواز,پرواز كرد,"26, 27",2025-06-03 21:11:00,EPTAR,MD83,فرودگاه مهرآباد,Domestic Departure,2025-06-03 20:40:00,2025-06-03 21:11:00,2025-06-03 20:40:00,2025-06-03 21:11:00,0 days 00:31:00,31.0,Tuesday,0,0,0,0,Spring,Evening,Late,1,20
2025-06-03 20:50:00,فلای پرشیا,FPI7426,اهواز,پرواز كرد,"18, 19",2025-06-03 21:08:00,EPFPA,B737,فرودگاه مهرآباد,Domestic Departure,2025-06-03 20:50:00,2025-06-03 21:08:00,2025-06-03 20:50:00,2025-06-03 21:08:00,0 days 00:18:00,18.0,Tuesday,0,0,0,0,Spring,Evening,Late,1,20
2025-06-03 21:10:00,کاسپین,CPN6960,بندرعباس,پرواز كرد,"6, 7",2025-06-03 21:23:00,EPCAS,MD83,فرودگاه مهرآباد,Domestic Departure,2025-06-03 21:10:00,2025-06-03 21:23:00,2025-06-03 21:10:00,2025-06-03 21:23:00,0 days 00:13:00,13.0,Tuesday,0,0,0,0,Spring,Night,On Time,1,21
2025-06-03 21:15:00,کیش ایر,KIS7125,كيش,پرواز كرد,"9, 10",2025-06-03 21:45:00,EPLCM,MD83,فرودگاه مهرآباد,Domestic Departure,2025-06-03 21:15:00,2025-06-03 21:45:00,2025-06-03 21:15:00,2025-06-03 21:45:00,0 days 00:30:00,30.0,Tuesday,0,0,0,0,Spring,Night,Late,1,21
2025-06-03 21:20:00,ایران ایر,IRA298,یزد,پرواز كرد,4,2025-06-03 21:30:00,EPCFR,F100,فرودگاه مهرآباد,Domestic Departure,2025-06-03 21:20:00,2025-06-03 21:30:00,2025-06-03 21:20:00,2025-06-03 21:30:00,0 days 00:10:00,10.0,Tuesday,0,0,0,0,Spring,Night,On Time,1,21
2025-06-03 21:30:00,آتا,TBZ5670,یزد,پرواز كرد,"28, 29",2025-06-03 22:44:00,EPTAZ,MD83,فرودگاه مهرآباد,Domestic Departure,2025-06-03 21:30:00,2025-06-03 22:44:00,2025-06-03 21:30:00,2025-06-03 22:44:00,0 days 01:14:00,74.0,Tuesday,0,0,0,0,Spring,Night,Late,1,21
2025-06-03 21:35:00,کاسپین,CPN026,مشهد,پرواز كرد,"8, 9",2025-06-03 21:39:00,EPCAQ,B737,فرودگاه مهرآباد,Domestic Departure,2025-06-03 21:35:00,2025-06-03 21:39:00,2025-06-03 21:35:00,2025-06-03 21:39:00,0 days 00:04:00,4.0,Tuesday,0,0,0,0,Spring,Night,On Time,1,21
2025-06-03 21:40:00,کارون,KRU2608,یزد,پرواز كرد,"21, 22",2025-06-03 22:08:00,EPJIA,737-700,فرودگاه مهرآباد,Domestic Departure,2025-06-03 21:40:00,2025-06-03 22:08:00,2025-06-03 21:40:00,2025-06-03 22:08:00,0 days 00:28:00,28.0,Tuesday,0,0,0,0,Spring,Night,Late,1,21
2025-06-03 21:45:00,آتا,TBZ5629,مشهد,پرواز كرد,"12, 13",2025-06-03 21:54:00,EPTAJ,MD83,فرودگاه مهرآباد,Domestic Departure,2025-06-03 21:45:00,2025-06-03 21:54:00,2025-06-03 21:45:00,2025-06-03 21:54:00,0 days 00:09:00,9.0,Tuesday,0,0,0,0,Spring,Night,On Time,1,21
2025-06-03 21:50:00,کارون,KRU2676,کرمان,پرواز كرد,"14, 15",2025-06-03 23:53:00,EPAWZ,F100,فرودگاه مهرآباد,Domestic Departure,2025-06-03 21:50:00,2025-06-03 23:53:00,2025-06-03 21:50:00,2025-06-03 23:53:00,0 days 02:03:00,123.0,Tuesday,0,0,0,0,Spring,Night,Late,1,21
2025-06-03 22:00:00,کارون,KRU2616,اهواز,پرواز كرد,"16, 17",2025-06-03 22:23:00,EPNFC,737,فرودگاه مهرآباد,Domestic Departure,2025-06-03 22:00:00,2025-06-03 22:23:00,2025-06-03 22:00:00,2025-06-03 22:23:00,0 days 00:23:00,23.0,Tuesday,0,0,0,0,Spring,Night,Late,1,22
2025-06-03 22:05:00,چابهار,IRU7664,شیراز,پرواز كرد,4,2025-06-03 22:54:00,EPCBI,MD82,فرودگاه مهرآباد,Domestic Departure,2025-06-03 22:05:00,2025-06-03 22:54:00,2025-06-03 22:05:00,2025-06-03 22:54:00,0 days 00:49:00,49.0,Tuesday,0,0,0,0,Spring,Night,Late,1,22
2025-06-03 22:15:00,پارس ایر,PRS4426,شیراز,پرواز كرد,21,2025-06-03 22:34:00,EPPRA,CRJ200,فرودگاه مهرآباد,Domestic Departure,2025-06-03 22:15:00,2025-06-03 22:34:00,2025-06-03 22:15:00,2025-06-03 22:34:00,0 days 00:19:00,19.0,Tuesday,0,0,0,0,Spring,Night,Late,1,22
2025-06-03 22:30:00,چابهار,IRU7642,اهواز,پرواز كرد,6,2025-06-03 23:02:00,EPSEB,MD83,فرودگاه مهرآباد,Domestic Departure,2025-06-03 22:30:00,2025-06-03 23:02:00,2025-06-03 22:30:00,2025-06-03 23:02:00,0 days 00:32:00,32.0,Tuesday,0,0,0,0,Spring,Night,Late,1,22
2025-06-03 22:35:00,ماهان,IRM1071,زاهدان,پرواز كرد,20,2025-06-03 22:47:00,EPMOS,146-200,فرودگاه مهرآباد,Domestic Departure,2025-06-03 22:35:00,2025-06-03 22:47:00,2025-06-03 22:35:00,2025-06-03 22:47:00,0 days 00:12:00,12.0,Tuesday,0,0,0,0,Spring,Night,On Time,1,22
2025-06-03 23:00:00,وارش,VRH5872,بوشهر,پرواز كرد,7,2025-06-03 23:47:00,EPVAK,B737,فرودگاه مهرآباد,Domestic Departure,2025-06-03 23:00:00,2025-06-03 23:47:00,2025-06-03 23:00:00,2025-06-03 23:47:00,0 days 00:47:00,47.0,Tuesday,0,0,0,0,Spring,Night,Late,1,23
2025-06-03 23:05:00,کاسپین,CPN6984,كيش,پرواز كرد,"10, 11",2025-06-03 23:34:00,EPCPU,MD83,فرودگاه مهرآباد,Domestic Departure,2025-06-03 23:05:00,2025-06-03 23:34:00,2025-06-03 23:05:00,2025-06-03 23:34:00,0 days 00:29:00,29.0,Tuesday,0,0,0,0,Spring,Night,Late,1,23
2025-06-03 20:00:00,ایران ایرتور,IRB924,شیراز,پرواز كرد,30,2025-06-03 20:54:00,,MD82,فرودگاه مشهد,Domestic Departure,2025-06-03 20:00:00,2025-06-03 20:54:00,2025-06-03 20:00:00,2025-06-03 20:54:00,0 days 00:54:00,54.0,Tuesday,0,0,0,0,Spring,Evening,Late,1,20
2025-06-03 20:10:00,چابهار,IRU7651,تهران,پرواز كرد,17,2025-06-03 20:33:00,,MD83,فرودگاه مشهد,Domestic Departure,2025-06-03 20:10:00,2025-06-03 20:33:00,2025-06-03 20:10:00,2025-06-03 20:33:00,0 days 00:23:00,23.0,Tuesday,0,0,0,0,Spring,Evening,Late,1,20
2025-06-03 20:30:00,زاگرس,IZG4140,اصفهان,پرواز كرد,22,2025-06-03 20:47:00,,MD82,فرودگاه مشهد,Domestic Departure,2025-06-03 20:30:00,2025-06-03 20:47:00,2025-06-03 20:30:00,2025-06-03 20:47:00,0 days 00:17:00,17.0,Tuesday,0,0,0,0,Spring,Evening,Late,1,20
2025-06-03 20:30:00,ایران ایرتور,IRB954,اهواز,پرواز كرد,"28, 29",2025-06-03 20:41:00,,MD82,فرودگاه مشهد,Domestic Departure,2025-06-03 20:30:00,2025-06-03 20:41:00,2025-06-03 20:30:00,2025-06-03 20:41:00,0 days 00:11:00,11.0,Tuesday,0,0,0,0,Spring,Evening,On Time,1,20
2025-06-03 20:35:00,ماهان,IRM1076,کرمان,پرواز كرد,"9, 10",2025-06-03 20:38:00,,BAE100,فرودگاه مشهد,Domestic Departure,2025-06-03 20:35:00,2025-06-03 20:38:00,2025-06-03 20:35:00,2025-06-03 20:38:00,0 days 00:03:00,3.0,Tuesday,0,0,0,0,Spring,Evening,On Time,1,20
2025-06-03 20:50:00,کاسپین,CPN025,تهران,پرواز كرد,"5, 6",2025-06-03 21:05:00,,MD82,فرودگاه مشهد,Domestic Departure,2025-06-03 20:50:00,2025-06-03 21:05:00,2025-06-03 20:50:00,2025-06-03 21:05:00,0 days 00:15:00,15.0,Tuesday,0,0,0,0,Spring,Evening,On Time,1,20
2025-06-03 21:00:00,تابان,TBN6209,اصفهان,پرواز كرد,19,2025-06-03 21:09:00,,MD.88,فرودگاه مشهد,Domestic Departure,2025-06-03 21:00:00,2025-06-03 21:09:00,2025-06-03 21:00:00,2025-06-03 21:09:00,0 days 00:09:00,9.0,Tuesday,0,0,0,0,Spring,Night,On Time,1,21
2025-06-03 22:45:00,هواپیمایی پارس,PRS4415,آبادان,پرواز كرد,"5, 6",2025-06-03 22:52:00,,B737,فرودگاه مشهد,Domestic Departure,2025-06-03 22:45:00,2025-06-03 22:52:00,2025-06-03 22:45:00,2025-06-03 22:52:00,0 days 00:07:00,7.0,Tuesday,0,0,0,0,Spring,Night,On Time,1,22
2025-06-03 23:15:00,وارش,VRH5819,تهران,پرواز كرد,21,2025-06-03 23:23:00,,B737,فرودگاه مشهد,Domestic Departure,2025-06-03 23:15:00,2025-06-03 23:23:00,2025-06-03 23:15:00,2025-06-03 23:23:00,0 days 00:08:00,8.0,Tuesday,0,0,0,0,Spring,Night,On Time,1,23
2025-05-22 17:50:00,ماهان,IRM1029,طبس,پرواز كرد,24,2025-05-22 18:10:00,EPMEA,146-200,فرودگاه مهرآباد,Domestic Departure,2025-05-22 17:50:00,2025-05-22 18:10:00,2025-05-22 17:50:00,2025-05-22 18:10:00,0 days 00:20:00,20.0,Thursday,1,0,0,0,Spring,Evening,Late,1,17
2025-05-22 17:50:00,کارون,KRU2660,ارومیه,پرواز كرد,"18, 19",2025-05-22 18:05:00,EPMIS,F100,فرودگاه مهرآباد,Domestic Departure,2025-05-22 17:50:00,2025-05-22 18:05:00,2025-05-22 17:50:00,2025-05-22 18:05:00,0 days 00:15:00,15.0,Thursday,1,0,0,0,Spring,Evening,On Time,1,17
2025-05-22 17:55:00,معراج,MRJ2804,مشهد,پرواز كرد,"14, 15",2025-05-22 18:07:00,EPAJJ,A320,فرودگاه مهرآباد,Domestic Departure,2025-05-22 17:55:00,2025-05-22 18:07:00,2025-05-22 17:55:00,2025-05-22 18:07:00,0 days 00:12:00,12.0,Thursday,1,0,0,0,Spring,Evening,On Time,1,17
2025-05-22 18:00:00,کارون,KRU2674,اهواز,پرواز كرد,"21, 22",2025-05-22 19:25:00,EPAWZ,F100,فرودگاه مهرآباد,Domestic Departure,2025-05-22 18:00:00,2025-05-22 19:25:00,2025-05-22 18:00:00,2025-05-22 19:25:00,0 days 01:25:00,85.0,Thursday,1,0,0,0,Spring,Evening,Late,1,18
2025-05-22 18:10:00,آسمان,IRC640,تبریز,پرواز كرد,29,2025-05-22 18:18:00,EPASR,F100,فرودگاه مهرآباد,Domestic Departure,2025-05-22 18:10:00,2025-05-22 18:18:00,2025-05-22 18:10:00,2025-05-22 18:18:00,0 days 00:08:00,8.0,Thursday,1,0,0,0,Spring,Evening,On Time,1,18
2025-05-22 18:15:00,ماهان,IRM1026,اردبیل,پرواز كرد,23,2025-05-22 18:39:00,EPMEU,146-200,فرودگاه مهرآباد,Domestic Departure,2025-05-22 18:15:00,2025-05-22 18:39:00,2025-05-22 18:15:00,2025-05-22 18:39:00,0 days 00:24:00,24.0,Thursday,1,0,0,0,Spring,Evening,Late,1,18
2025-05-22 18:20:00,ماهان,IRM1055,کرمان,پرواز كرد,"25, 26, 27",2025-05-22 18:46:00,EPMEE,747,فرودگاه مهرآباد,Domestic Departure,2025-05-22 18:20:00,2025-05-22 18:46:00,2025-05-22 18:20:00,2025-05-22 18:46:00,0 days 00:26:00,26.0,Thursday,1,0,0,0,Spring,Evening,Late,1,18
2025-05-22 18:30:00,ماهان,IRM1002,تبریز,پرواز كرد,19,2025-05-22 18:35:00,EPMEI,146-200,فرودگاه مهرآباد,Domestic Departure,2025-05-22 18:30:00,2025-05-22 18:35:00,2025-05-22 18:30:00,2025-05-22 18:35:00,0 days 00:05:00,5.0,Thursday,1,0,0,0,Spring,Evening,On Time,1,18
2025-05-22 18:30:00,ایران ایرتور,IRB912,بندرعباس,پرواز كرد,"9, 10",2025-05-22 18:43:00,EPMDF,MD83,فرودگاه مهرآباد,Domestic Departure,2025-05-22 18:30:00,2025-05-22 18:43:00,2025-05-22 18:30:00,2025-05-22 18:43:00,0 days 00:13:00,13.0,Thursday,1,0,0,0,Spring,Evening,On Time,1,18
2025-05-22 18:35:00,رایمون,RAI7510,رشت,پرواز كرد,"3, 4",2025-05-22 18:32:00,EPNEA,EMB145,فرودگاه مهرآباد,Domestic Departure,2025-05-22 18:35:00,2025-05-22 18:32:00,2025-05-22 18:35:00,2025-05-22 18:32:00,-1 days +23:57:00,-3.0,Thursday,1,0,0,0,Spring,Evening,Early,1,18
2025-05-22 18:40:00,آتا,TBZ5646,تبریز,پرواز كرد,"26, 27",2025-05-22 18:53:00,EPTAL,MD83,فرودگاه مهرآباد,Domestic Departure,2025-05-22 18:40:00,2025-05-22 18:53:00,2025-05-22 18:40:00,2025-05-22 18:53:00,0 days 00:13:00,13.0,Thursday,1,0,0,0,Spring,Evening,On Time,1,18
2025-05-22 19:00:00,قشم ایر,QSM1210,اهواز,پرواز كرد,"18, 19",2025-05-22 19:18:00,EPFQF,F100,فرودگاه مهرآباد,Domestic Departure,2025-05-22 19:00:00,2025-05-22 19:18:00,2025-05-22 19:00:00,2025-05-22 19:18:00,0 days 00:18:00,18.0,Thursday,1,0,0,0,Spring,Evening,Late,1,19
2025-05-22 19:00:00,وارش,VRH5814,بندرعباس,پرواز كرد,6,2025-05-22 19:55:00,EPVAF,B737,فرودگاه مهرآباد,Domestic Departure,2025-05-22 19:00:00,2025-05-22 19:55:00,2025-05-22 19:00:00,2025-05-22 19:55:00,0 days 00:55:00,55.0,Thursday,1,0,0,0,Spring,Evening,Late,1,19
2025-05-22 19:05:00,ماهان,IRM1037,مشهد,پرواز كرد,"20, 21, 22",2025-05-22 19:21:00,EPMJA,A340,فرودگاه مهرآباد,Domestic Departure,2025-05-22 19:05:00,2025-05-22 19:21:00,2025-05-22 19:05:00,2025-05-22 19:21:00,0 days 00:16:00,16.0,Thursday,1,0,0,0,Spring,Evening,Late,1,19
2025-05-22 19:15:00,تابان,TBN6281,شیراز,پرواز كرد,"1, 2",2025-05-22 19:53:00,EPTBB,MD.88,فرودگاه مهرآباد,Domestic Departure,2025-05-22 19:15:00,2025-05-22 19:53:00,2025-05-22 19:15:00,2025-05-22 19:53:00,0 days 00:38:00,38.0,Thursday,1,0,0,0,Spring,Evening,Late,1,19
2025-05-22 19:20:00,اطلس ایر,ATS8291,مشهد,پرواز كرد,"16, 17",2025-05-22 19:43:00,EPSAP,MD83,فرودگاه مهرآباد,Domestic Departure,2025-05-22 19:20:00,2025-05-22 19:43:00,2025-05-22 19:20:00,2025-05-22 19:43:00,0 days 00:23:00,23.0,Thursday,1,0,0,0,Spring,Evening,Late,1,19
2025-05-22 19:30:00,ایران ایرتور,IRB988,اهواز,پرواز كرد,"5, 6",2025-05-22 19:49:00,EPMDE,MD83,فرودگاه مهرآباد,Domestic Departure,2025-05-22 19:30:00,2025-05-22 19:49:00,2025-05-22 19:30:00,2025-05-22 19:49:00,0 days 00:19:00,19.0,Thursday,1,0,0,0,Spring,Evening,Late,1,19
2025-05-22 19:35:00,آتا,TBZ5712,آبادان,پرواز كرد,"28, 29",2025-05-22 19:57:00,EPTAN,MD83,فرودگاه مهرآباد,Domestic Departure,2025-05-22 19:35:00,2025-05-22 19:57:00,2025-05-22 19:35:00,2025-05-22 19:57:00,0 days 00:22:00,22.0,Thursday,1,0,0,0,Spring,Evening,Late,1,19
2025-05-22 19:40:00,کارون,KRU2608,یزد,پرواز كرد,"21, 22",2025-05-22 20:10:00,EPJIB,B737,فرودگاه مهرآباد,Domestic Departure,2025-05-22 19:40:00,2025-05-22 20:10:00,2025-05-22 19:40:00,2025-05-22 20:10:00,0 days 00:30:00,30.0,Thursday,1,0,0,0,Spring,Evening,Late,1,19
2025-05-22 19:45:00,قشم ایر,QSM1240,قشم,پرواز كرد,"14, 15",2025-05-22 20:00:00,EPFQI,F100,فرودگاه مهرآباد,Domestic Departure,2025-05-22 19:45:00,2025-05-22 20:00:00,2025-05-22 19:45:00,2025-05-22 20:00:00,0 days 00:15:00,15.0,Thursday,1,0,0,0,Spring,Evening,On Time,1,19
2025-05-22 19:50:00,ساها,IRZ156,شیراز,پرواز كرد,"6, 7",2025-05-22 20:02:00,EPSIJ,737-700,فرودگاه مهرآباد,Domestic Departure,2025-05-22 19:50:00,2025-05-22 20:02:00,2025-05-22 19:50:00,2025-05-22 20:02:00,0 days 00:12:00,12.0,Thursday,1,0,0,0,Spring,Evening,On Time,1,19
2025-05-22 19:55:00,کیش ایر,KIS7163,کرمان,پرواز كرد,11,2025-05-22 20:35:00,EPLCM,MD83,فرودگاه مهرآباد,Domestic Departure,2025-05-22 19:55:00,2025-05-22 20:35:00,2025-05-22 19:55:00,2025-05-22 20:35:00,0 days 00:40:00,40.0,Thursday,1,0,0,0,Spring,Evening,Late,1,19
2025-05-22 20:00:00,زاگرس,IZG4010,شیراز,پرواز كرد,5,2025-05-22 20:18:00,EPZAM,MD83,فرودگاه مهرآباد,Domestic Departure,2025-05-22 20:00:00,2025-05-22 20:18:00,2025-05-22 20:00:00,2025-05-22 20:18:00,0 days 00:18:00,18.0,Thursday,1,0,0,0,Spring,Evening,Late,1,20
2025-05-22 20:05:00,کیش ایر,KIS7081,كيش,پرواز كرد,"9, 10",2025-05-22 20:12:00,EPLCL,MD83,فرودگاه مهرآباد,Domestic Departure,2025-05-22 20:05:00,2025-05-22 20:12:00,2025-05-22 20:05:00,2025-05-22 20:12:00,0 days 00:07:00,7.0,Thursday,1,0,0,0,Spring,Evening,On Time,1,20
2025-05-22 20:05:00,چابهار,IRU7612,زاهدان,پرواز كرد,6,2025-05-22 20:16:00,EPCBD,MD83,فرودگاه مهرآباد,Domestic Departure,2025-05-22 20:05:00,2025-05-22 20:16:00,2025-05-22 20:05:00,2025-05-22 20:16:00,0 days 00:11:00,11.0,Thursday,1,0,0,0,Spring,Evening,On Time,1,20
2025-05-22 20:20:00,کیش ایر,KIS7051,شیراز,پرواز كرد,12,2025-05-22 20:52:00,EPLCK,MD83,فرودگاه مهرآباد,Domestic Departure,2025-05-22 20:20:00,2025-05-22 20:52:00,2025-05-22 20:20:00,2025-05-22 20:52:00,0 days 00:32:00,32.0,Thursday,1,0,0,0,Spring,Evening,Late,1,20
2025-05-22 20:30:00,وارش,VRH5902,مشهد,پرواز كرد,4,2025-05-22 21:38:00,EPVAR,B737,فرودگاه مهرآباد,Domestic Departure,2025-05-22 20:30:00,2025-05-22 21:38:00,2025-05-22 20:30:00,2025-05-22 21:38:00,0 days 01:08:00,68.0,Thursday,1,0,0,0,Spring,Evening,Late,1,20
2025-05-22 20:50:00,ایران ایر,IRA265,آبادان,پرواز كرد,2,2025-05-22 21:05:00,EPCFR,F100,فرودگاه مهرآباد,Domestic Departure,2025-05-22 20:50:00,2025-05-22 21:05:00,2025-05-22 20:50:00,2025-05-22 21:05:00,0 days 00:15:00,15.0,Thursday,1,0,0,0,Spring,Evening,On Time,1,20
2025-05-22 21:10:00,ماهان,IRM4599,خرم‌آباد,پرواز كرد,25,2025-05-22 21:23:00,EPMOH,RJ85,فرودگاه مهرآباد,Domestic Departure,2025-05-22 21:10:00,2025-05-22 21:23:00,2025-05-22 21:10:00,2025-05-22 21:23:00,0 days 00:13:00,13.0,Thursday,1,0,0,0,Spring,Night,On Time,1,21
2025-05-22 21:15:00,آتا,TBZ5670,یزد,پرواز كرد,"12, 13",2025-05-22 22:08:00,EPTAJ,MD83,فرودگاه مهرآباد,Domestic Departure,2025-05-22 21:15:00,2025-05-22 22:08:00,2025-05-22 21:15:00,2025-05-22 22:08:00,0 days 00:53:00,53.0,Thursday,1,0,0,0,Spring,Night,Late,1,21
2025-05-22 21:15:00,کیش ایر,KIS7025,كيش,پرواز كرد,"9, 10",2025-05-22 21:41:00,EPLCJ,MD83,فرودگاه مهرآباد,Domestic Departure,2025-05-22 21:15:00,2025-05-22 21:41:00,2025-05-22 21:15:00,2025-05-22 21:41:00,0 days 00:26:00,26.0,Thursday,1,0,0,0,Spring,Night,Late,1,21
2025-05-22 21:20:00,کاسپین,CPN6960,بندرعباس,پرواز كرد,"8, 9",2025-05-22 21:51:00,EPKPB,B737,فرودگاه مهرآباد,Domestic Departure,2025-05-22 21:20:00,2025-05-22 21:51:00,2025-05-22 21:20:00,2025-05-22 21:51:00,0 days 00:31:00,31.0,Thursday,1,0,0,0,Spring,Night,Late,1,21
2025-05-22 21:30:00,پارس ایر,PRS5400,مشهد,پرواز كرد,"18, 19",2025-05-22 22:19:00,EPPAM,B737,فرودگاه مهرآباد,Domestic Departure,2025-05-22 21:30:00,2025-05-22 22:19:00,2025-05-22 21:30:00,2025-05-22 22:19:00,0 days 00:49:00,49.0,Thursday,1,0,0,0,Spring,Night,Late,1,21
2025-05-22 21:45:00,پارس ایر,PRS4426,شیراز,پرواز كرد,"20, 21",2025-05-22 21:53:00,EPPAO,B737,فرودگاه مهرآباد,Domestic Departure,2025-05-22 21:45:00,2025-05-22 21:53:00,2025-05-22 21:45:00,2025-05-22 21:53:00,0 days 00:08:00,8.0,Thursday,1,0,0,0,Spring,Night,On Time,1,21
2025-05-22 22:10:00,کارون,KRU2610,دزفول,پرواز كرد,"18, 19",2025-05-22 22:06:00,EPMIS,F100,فرودگاه مهرآباد,Domestic Departure,2025-05-22 22:10:00,2025-05-22 22:06:00,2025-05-22 22:10:00,2025-05-22 22:06:00,-1 days +23:56:00,-4.0,Thursday,1,0,0,0,Spring,Night,Early,1,22
2025-05-22 22:10:00,آسمان,IRC630,گرگان,پرواز كرد,27,2025-05-22 22:12:00,EPASR,F100,فرودگاه مهرآباد,Domestic Departure,2025-05-22 22:10:00,2025-05-22 22:12:00,2025-05-22 22:10:00,2025-05-22 22:12:00,0 days 00:02:00,2.0,Thursday,1,0,0,0,Spring,Night,On Time,1,22
2025-05-22 18:30:00,فلای پرشیا,FPI7409,شیراز,پرواز كرد,"3, 4",2025-05-22 18:45:00,,B737,فرودگاه مشهد,Domestic Departure,2025-05-22 18:30:00,2025-05-22 18:45:00,2025-05-22 18:30:00,2025-05-22 18:45:00,0 days 00:15:00,15.0,Thursday,1,0,0,0,Spring,Evening,On Time,1,18
2025-05-22 18:30:00,آتا,TBZ5651,اصفهان,پرواز كرد,"11, 12",2025-05-22 18:47:00,,MD80,فرودگاه مشهد,Domestic Departure,2025-05-22 18:30:00,2025-05-22 18:47:00,2025-05-22 18:30:00,2025-05-22 18:47:00,0 days 00:17:00,17.0,Thursday,1,0,0,0,Spring,Evening,Late,1,18
2025-05-22 18:30:00,آوا,AXV7710,آبادان,پرواز كرد,"2, 6",2025-05-22 19:26:00,,B737,فرودگاه مشهد,Domestic Departure,2025-05-22 18:30:00,2025-05-22 19:26:00,2025-05-22 18:30:00,2025-05-22 19:26:00,0 days 00:56:00,56.0,Thursday,1,0,0,0,Spring,Evening,Late,1,18
2025-05-22 19:00:00,هواپیمایی پارس,PRS4455,تهران,پرواز كرد,"9, 10",2025-05-22 19:31:00,,B737,فرودگاه مشهد,Domestic Departure,2025-05-22 19:00:00,2025-05-22 19:31:00,2025-05-22 19:00:00,2025-05-22 19:31:00,0 days 00:31:00,31.0,Thursday,1,0,0,0,Spring,Evening,Late,1,19
2025-05-22 19:00:00,سپهران,SHI4338,اهواز,پرواز كرد,"7, 8",2025-05-22 19:36:00,,B737,فرودگاه مشهد,Domestic Departure,2025-05-22 19:00:00,2025-05-22 19:36:00,2025-05-22 19:00:00,2025-05-22 19:36:00,0 days 00:36:00,36.0,Thursday,1,0,0,0,Spring,Evening,Late,1,19
2025-05-22 19:20:00,سپهران,SHI4366,آبادان,پرواز كرد,"5, 6",2025-05-22 19:50:00,,B737,فرودگاه مشهد,Domestic Departure,2025-05-22 19:20:00,2025-05-22 19:50:00,2025-05-22 19:20:00,2025-05-22 19:50:00,0 days 00:30:00,30.0,Thursday,1,0,0,0,Spring,Evening,Late,1,19
2025-05-22 19:35:00,آسمان,IRC3851,شیراز,پرواز كرد,"3, 4",2025-05-22 20:06:00,,F100,فرودگاه مشهد,Domestic Departure,2025-05-22 19:35:00,2025-05-22 20:06:00,2025-05-22 19:35:00,2025-05-22 20:06:00,0 days 00:31:00,31.0,Thursday,1,0,0,0,Spring,Evening,Late,1,19
2025-05-22 19:40:00,آتا,TBZ5641,اهواز,پرواز كرد,"13, 14",2025-05-22 20:41:00,,MD80,فرودگاه مشهد,Domestic Departure,2025-05-22 19:40:00,2025-05-22 20:41:00,2025-05-22 19:40:00,2025-05-22 20:41:00,0 days 01:01:00,61.0,Thursday,1,0,0,0,Spring,Evening,Late,1,19
2025-05-22 20:30:00,زاگرس,IZG4110,شیراز,پرواز كرد,23,2025-05-22 21:44:00,,MD82,فرودگاه مشهد,Domestic Departure,2025-05-22 20:30:00,2025-05-22 21:44:00,2025-05-22 20:30:00,2025-05-22 21:44:00,0 days 01:14:00,74.0,Thursday,1,0,0,0,Spring,Evening,Late,1,20
2025-05-22 20:30:00,ایران ایرتور,IRB976,آبادان,پرواز كرد,28,2025-05-22 20:44:00,,MD82,فرودگاه مشهد,Domestic Departure,2025-05-22 20:30:00,2025-05-22 20:44:00,2025-05-22 20:30:00,2025-05-22 20:44:00,0 days 00:14:00,14.0,Thursday,1,0,0,0,Spring,Evening,On Time,1,20
2025-05-22 20:35:00,ماهان,IRM1076,کرمان,پرواز كرد,"9, 10",2025-05-22 21:03:00,,BAE100,فرودگاه مشهد,Domestic Departure,2025-05-22 20:35:00,2025-05-22 21:03:00,2025-05-22 20:35:00,2025-05-22 21:03:00,0 days 00:28:00,28.0,Thursday,1,0,0,0,Spring,Evening,Late,1,20
2025-05-22 20:40:00,ایران ایر,IRA259,شیراز,پرواز كرد,"26, 27",2025-05-22 20:56:00,,A319,فرودگاه مشهد,Domestic Departure,2025-05-22 20:40:00,2025-05-22 20:56:00,2025-05-22 20:40:00,2025-05-22 20:56:00,0 days 00:16:00,16.0,Thursday,1,0,0,0,Spring,Evening,Late,1,20
2025-05-22 21:05:00,ماهان,IRM1032,تهران,پرواز كرد,8,2025-05-22 21:08:00,,BAE100,فرودگاه مشهد,Domestic Departure,2025-05-22 21:05:00,2025-05-22 21:08:00,2025-05-22 21:05:00,2025-05-22 21:08:00,0 days 00:03:00,3.0,Thursday,1,0,0,0,Spring,Night,On Time,1,21
2025-05-22 21:15:00,هواپیمایی اطلس,ATS8292,تهران,پرواز كرد,"3, 4",2025-05-22 22:11:00,,MD83,فرودگاه مشهد,Domestic Departure,2025-05-22 21:15:00,2025-05-22 22:11:00,2025-05-22 21:15:00,2025-05-22 22:11:00,0 days 00:56:00,56.0,Thursday,1,0,0,0,Spring,Night,Late,1,21
2025-05-22 21:30:00,آتا,TBZ5647,آبادان,پرواز كرد,"11, 12",2025-05-22 22:25:00,,MD80,فرودگاه مشهد,Domestic Departure,2025-05-22 21:30:00,2025-05-22 22:25:00,2025-05-22 21:30:00,2025-05-22 22:25:00,0 days 00:55:00,55.0,Thursday,1,0,0,0,Spring,Night,Late,1,21
2025-05-22 21:55:00,کاسپین,CPN025,تهران,پرواز كرد,"5, 6",2025-05-22 22:06:00,,MD83,فرودگاه مشهد,Domestic Departure,2025-05-22 21:55:00,2025-05-22 22:06:00,2025-05-22 21:55:00,2025-05-22 22:06:00,0 days 00:11:00,11.0,Thursday,1,0,0,0,Spring,Night,On Time,1,21
2025-05-24 05:25:00,کارون,KRU2508,ماهشهر,پرواز كرد,"14, 15",2025-05-24 05:32:00,EPJIB,737,فرودگاه مهرآباد,Domestic Departure,2025-05-24 05:25:00,2025-05-24 05:32:00,2025-05-24 05:25:00,2025-05-24 05:32:00,0 days 00:07:00,7.0,Saturday,0,0,0,0,Spring,Morning,On Time,1,5
2025-05-24 05:30:00,پويا,PYA2340,شیراز,پرواز كرد,13,2025-05-24 05:48:00,EPPUO,EMB145,فرودگاه مهرآباد,Domestic Departure,2025-05-24 05:30:00,2025-05-24 05:48:00,2025-05-24 05:30:00,2025-05-24 05:48:00,0 days 00:18:00,18.0,Saturday,0,0,0,0,Spring,Morning,Late,1,5
2025-05-24 05:35:00,فلای پرشیا,FPI7405,شیراز,پرواز كرد,"18, 19",2025-05-24 05:44:00,EPFPA,737-700,فرودگاه مهرآباد,Domestic Departure,2025-05-24 05:35:00,2025-05-24 05:44:00,2025-05-24 05:35:00,2025-05-24 05:44:00,0 days 00:09:00,9.0,Saturday,0,0,0,0,Spring,Morning,On Time,1,5
2025-05-24 05:35:00,آتا,TBZ5643,سیرجان,پرواز كرد,"12, 13",2025-05-24 05:41:00,EPTAF,B737,فرودگاه مهرآباد,Domestic Departure,2025-05-24 05:35:00,2025-05-24 05:41:00,2025-05-24 05:35:00,2025-05-24 05:41:00,0 days 00:06:00,6.0,Saturday,0,0,0,0,Spring,Morning,On Time,1,5
2025-05-24 05:40:00,ایران ایر,IRA407,بوشهر,پرواز كرد,"9, 10",2025-05-24 05:53:00,EPIEQ,A319,فرودگاه مهرآباد,Domestic Departure,2025-05-24 05:40:00,2025-05-24 05:53:00,2025-05-24 05:40:00,2025-05-24 05:53:00,0 days 00:13:00,13.0,Saturday,0,0,0,0,Spring,Morning,On Time,1,5
2025-05-24 05:45:00,ماهان,IRM1010,کرمانشاه,پرواز كرد,23,2025-05-24 05:56:00,EPMOH,rj100,فرودگاه مهرآباد,Domestic Departure,2025-05-24 05:45:00,2025-05-24 05:56:00,2025-05-24 05:45:00,2025-05-24 05:56:00,0 days 00:11:00,11.0,Saturday,0,0,0,0,Spring,Morning,On Time,1,5
2025-05-24 05:45:00,کاسپین,CPN6986,زاهدان,پرواز كرد,"14, 15",2025-05-24 06:11:00,EPCPU,MD83,فرودگاه مهرآباد,Domestic Departure,2025-05-24 05:45:00,2025-05-24 06:11:00,2025-05-24 05:45:00,2025-05-24 06:11:00,0 days 00:26:00,26.0,Saturday,0,0,0,0,Spring,Morning,Late,1,5
2025-05-24 05:50:00,اطلس ایر,ATS8288,مشهد,پرواز كرد,"21, 22",2025-05-24 06:06:00,EPLEE,737-700,فرودگاه مهرآباد,Domestic Departure,2025-05-24 05:50:00,2025-05-24 06:06:00,2025-05-24 05:50:00,2025-05-24 06:06:00,0 days 00:16:00,16.0,Saturday,0,0,0,0,Spring,Morning,Late,1,5
2025-05-24 05:50:00,ماهان,IRM4527,ایرانشهر,پرواز كرد,25,2025-05-24 06:03:00,EPMEA,RJ85,فرودگاه مهرآباد,Domestic Departure,2025-05-24 05:50:00,2025-05-24 06:03:00,2025-05-24 05:50:00,2025-05-24 06:03:00,0 days 00:13:00,13.0,Saturday,0,0,0,0,Spring,Morning,On Time,1,5
2025-05-24 05:55:00,چابهار,IRU7624,آبادان,پرواز كرد,6,2025-05-24 06:30:00,EPCBD,MD83,فرودگاه مهرآباد,Domestic Departure,2025-05-24 05:55:00,2025-05-24 06:30:00,2025-05-24 05:55:00,2025-05-24 06:30:00,0 days 00:35:00,35.0,Saturday,0,0,0,0,Spring,Morning,Late,1,5
2025-05-24 06:00:00,آتا,TBZ5677,ارومیه,پرواز كرد,"24, 25",2025-05-24 06:23:00,EPTAQ,MD83,فرودگاه مهرآباد,Domestic Departure,2025-05-24 06:00:00,2025-05-24 06:23:00,2025-05-24 06:00:00,2025-05-24 06:23:00,0 days 00:23:00,23.0,Saturday,0,0,0,0,Spring,Morning,Late,1,6
2025-05-24 06:05:00,ایران ایرتور,IRB912,بندرعباس,پرواز كرد,"7, 8",2025-05-24 06:21:00,EPMDD,MD83,فرودگاه مهرآباد,Domestic Departure,2025-05-24 06:05:00,2025-05-24 06:21:00,2025-05-24 06:05:00,2025-05-24 06:21:00,0 days 00:16:00,16.0,Saturday,0,0,0,0,Spring,Morning,Late,1,6
2025-05-24 06:05:00,کارون,KRU2584,عسلویه,پرواز كرد,"18, 19",2025-05-24 06:15:00,EPJIA,737,فرودگاه مهرآباد,Domestic Departure,2025-05-24 06:05:00,2025-05-24 06:15:00,2025-05-24 06:05:00,2025-05-24 06:15:00,0 days 00:10:00,10.0,Saturday,0,0,0,0,Spring,Morning,On Time,1,6
2025-05-24 06:10:00,یزد ایر,DZD9419,یزد,پرواز كرد,"6, 7",2025-05-24 06:26:00,EPDZH,RJ85,فرودگاه مهرآباد,Domestic Departure,2025-05-24 06:10:00,2025-05-24 06:26:00,2025-05-24 06:10:00,2025-05-24 06:26:00,0 days 00:16:00,16.0,Saturday,0,0,0,0,Spring,Morning,Late,1,6
2025-05-24 06:15:00,آتا,TBZ5610,تبریز,پرواز كرد,11,2025-05-24 06:40:00,EPTAZ,md88,فرودگاه مهرآباد,Domestic Departure,2025-05-24 06:15:00,2025-05-24 06:40:00,2025-05-24 06:15:00,2025-05-24 06:40:00,0 days 00:25:00,25.0,Saturday,0,0,0,0,Spring,Morning,Late,1,6
2025-05-24 06:20:00,کیش ایر,KIS7055,كيش,پرواز كرد,"9, 10",2025-05-24 06:32:00,EPLCJ,MD83,فرودگاه مهرآباد,Domestic Departure,2025-05-24 06:20:00,2025-05-24 06:32:00,2025-05-24 06:20:00,2025-05-24 06:32:00,0 days 00:12:00,12.0,Saturday,0,0,0,0,Spring,Morning,On Time,1,6
2025-05-24 06:25:00,معراج,MRJ2816,عسلویه,پرواز كرد,"14, 15",2025-05-24 06:37:00,EPSSN,A321,فرودگاه مهرآباد,Domestic Departure,2025-05-24 06:25:00,2025-05-24 06:37:00,2025-05-24 06:25:00,2025-05-24 06:37:00,0 days 00:12:00,12.0,Saturday,0,0,0,0,Spring,Morning,On Time,1,6
2025-05-24 06:25:00,ماهان,IRM1085,زابل,پرواز كرد,22,2025-05-24 06:35:00,EPMOI,rj100,فرودگاه مهرآباد,Domestic Departure,2025-05-24 06:25:00,2025-05-24 06:35:00,2025-05-24 06:25:00,2025-05-24 06:35:00,0 days 00:10:00,10.0,Saturday,0,0,0,0,Spring,Morning,On Time,1,6
2025-05-24 06:30:00,اروان,INA6750,مشهد,پرواز كرد,3,2025-05-24 06:49:00,EPNSR,737-700,فرودگاه مهرآباد,Domestic Departure,2025-05-24 06:30:00,2025-05-24 06:49:00,2025-05-24 06:30:00,2025-05-24 06:49:00,0 days 00:19:00,19.0,Saturday,0,0,0,0,Spring,Morning,Late,1,6
2025-05-24 06:35:00,ماهان,IRM1033,مشهد,پرواز كرد,18,2025-05-24 06:47:00,EPMEB,RJ85,فرودگاه مهرآباد,Domestic Departure,2025-05-24 06:35:00,2025-05-24 06:47:00,2025-05-24 06:35:00,2025-05-24 06:47:00,0 days 00:12:00,12.0,Saturday,0,0,0,0,Spring,Morning,On Time,1,6
2025-05-24 06:35:00,کاسپین,CPN6982,لارستان,پرواز كرد,"8, 9",2025-05-24 06:50:00,EPCPD,MD83,فرودگاه مهرآباد,Domestic Departure,2025-05-24 06:35:00,2025-05-24 06:50:00,2025-05-24 06:35:00,2025-05-24 06:50:00,0 days 00:15:00,15.0,Saturday,0,0,0,0,Spring,Morning,On Time,1,6
2025-05-24 06:40:00,قشم ایر,QSM1212,دزفول,پرواز كرد,16,2025-05-24 08:30:00,EPFQV,rj100,فرودگاه مهرآباد,Domestic Departure,2025-05-24 06:40:00,2025-05-24 08:30:00,2025-05-24 06:40:00,2025-05-24 08:30:00,0 days 01:50:00,110.0,Saturday,0,0,0,0,Spring,Morning,Late,1,6
2025-05-24 06:40:00,ماهان,IRM4520,گچساران,پرواز كرد,19,2025-05-24 07:06:00,EPMEU,RJ85,فرودگاه مهرآباد,Domestic Departure,2025-05-24 06:40:00,2025-05-24 07:06:00,2025-05-24 06:40:00,2025-05-24 07:06:00,0 days 00:26:00,26.0,Saturday,0,0,0,0,Spring,Morning,Late,1,6
2025-05-24 06:45:00,وارش,VRH5918,عسلویه,پرواز كرد,5,2025-05-24 07:11:00,EPVBM,B737,فرودگاه مهرآباد,Domestic Departure,2025-05-24 06:45:00,2025-05-24 07:11:00,2025-05-24 06:45:00,2025-05-24 07:11:00,0 days 00:26:00,26.0,Saturday,0,0,0,0,Spring,Morning,Late,1,6
2025-05-24 06:55:00,آساجت,SJT8604,عسلویه,پرواز كرد,21,2025-05-24 07:10:00,EPRHN,EMB145,فرودگاه مهرآباد,Domestic Departure,2025-05-24 06:55:00,2025-05-24 07:10:00,2025-05-24 06:55:00,2025-05-24 07:10:00,0 days 00:15:00,15.0,Saturday,0,0,0,0,Spring,Morning,On Time,1,6
2025-05-24 06:55:00,آتا,TBZ5662,کرمان,پرواز كرد,"26, 27",2025-05-24 07:10:00,EPTAH,737,فرودگاه مهرآباد,Domestic Departure,2025-05-24 06:55:00,2025-05-24 07:10:00,2025-05-24 06:55:00,2025-05-24 07:10:00,0 days 00:15:00,15.0,Saturday,0,0,0,0,Spring,Morning,On Time,1,6
2025-05-24 06:55:00,کارون,KRU2576,سیری,پرواز كرد,22,2025-05-24 07:27:00,EPAWZ,F100,فرودگاه مهرآباد,Domestic Departure,2025-05-24 06:55:00,2025-05-24 07:27:00,2025-05-24 06:55:00,2025-05-24 07:27:00,0 days 00:32:00,32.0,Saturday,0,0,0,0,Spring,Morning,Late,1,6
2025-05-24 07:00:00,کیش ایر,KIS7117,چابهار,پرواز كرد,"11, 12",2025-05-24 07:18:00,EPLCL,MD82,فرودگاه مهرآباد,Domestic Departure,2025-05-24 07:00:00,2025-05-24 07:18:00,2025-05-24 07:00:00,2025-05-24 07:18:00,0 days 00:18:00,18.0,Saturday,0,0,0,0,Spring,Morning,Late,1,7
2025-05-24 07:05:00,قشم ایر,QSM1277,ارومیه,پرواز كرد,19,2025-05-24 07:25:00,EPFQI,F100,فرودگاه مهرآباد,Domestic Departure,2025-05-24 07:05:00,2025-05-24 07:25:00,2025-05-24 07:05:00,2025-05-24 07:25:00,0 days 00:20:00,20.0,Saturday,0,0,0,0,Spring,Morning,Late,1,7
2025-05-24 07:10:00,کاسپین,CPN044,كيش,پرواز كرد,"14, 15",2025-05-24 07:23:00,EPKPB,737,فرودگاه مهرآباد,Domestic Departure,2025-05-24 07:10:00,2025-05-24 07:23:00,2025-05-24 07:10:00,2025-05-24 07:23:00,0 days 00:13:00,13.0,Saturday,0,0,0,0,Spring,Morning,On Time,1,7
2025-05-24 07:10:00,ایران ایرتور,IRB962,مشهد,پرواز كرد,"9, 10",2025-05-24 07:43:00,EPMDE,MD82,فرودگاه مهرآباد,Domestic Departure,2025-05-24 07:10:00,2025-05-24 07:43:00,2025-05-24 07:10:00,2025-05-24 07:43:00,0 days 00:33:00,33.0,Saturday,0,0,0,0,Spring,Morning,Late,1,7
2025-05-24 07:15:00,آساجت,SJT8634,رشت,پرواز كرد,18,2025-05-24 07:29:00,EPJEK,EMB145,فرودگاه مهرآباد,Domestic Departure,2025-05-24 07:15:00,2025-05-24 07:29:00,2025-05-24 07:15:00,2025-05-24 07:29:00,0 days 00:14:00,14.0,Saturday,0,0,0,0,Spring,Morning,On Time,1,7
2025-05-24 07:15:00,کارون,KRU2504,خارگ,پرواز كرد,17,2025-05-24 07:51:00,EPMIS,F100,فرودگاه مهرآباد,Domestic Departure,2025-05-24 07:15:00,2025-05-24 07:51:00,2025-05-24 07:15:00,2025-05-24 07:51:00,0 days 00:36:00,36.0,Saturday,0,0,0,0,Spring,Morning,Late,1,7
2025-05-24 07:20:00,آسمان,IRC3771,شیراز,پرواز كرد,27,2025-05-24 07:46:00,EPATE,F100,فرودگاه مهرآباد,Domestic Departure,2025-05-24 07:20:00,2025-05-24 07:46:00,2025-05-24 07:20:00,2025-05-24 07:46:00,0 days 00:26:00,26.0,Saturday,0,0,0,0,Spring,Morning,Late,1,7
2025-05-24 08:00:00,ماهان,IRM4536,اردبیل,پرواز كرد,20,2025-05-24 08:27:00,EPMOS,146-200,فرودگاه مهرآباد,Domestic Departure,2025-05-24 08:00:00,2025-05-24 08:27:00,2025-05-24 08:00:00,2025-05-24 08:27:00,0 days 00:27:00,27.0,Saturday,0,0,0,0,Spring,Morning,Late,1,8
2025-05-24 08:05:00,آتا,TBZ5602,تبریز,پرواز كرد,11,2025-05-24 08:21:00,EPTAL,MD83,فرودگاه مهرآباد,Domestic Departure,2025-05-24 08:05:00,2025-05-24 08:21:00,2025-05-24 08:05:00,2025-05-24 08:21:00,0 days 00:16:00,16.0,Saturday,0,0,0,0,Spring,Morning,Late,1,8
2025-05-24 08:10:00,ماهان,IRM1051,کرمان,پرواز كرد,"23, 24, 25",2025-05-24 08:23:00,EPMJA,A340,فرودگاه مهرآباد,Domestic Departure,2025-05-24 08:10:00,2025-05-24 08:23:00,2025-05-24 08:10:00,2025-05-24 08:23:00,0 days 00:13:00,13.0,Saturday,0,0,0,0,Spring,Morning,On Time,1,8
2025-05-24 08:20:00,قشم ایر,QSM1224,كيش,پرواز كرد,"21, 22",2025-05-24 08:33:00,EPFQF,F100,فرودگاه مهرآباد,Domestic Departure,2025-05-24 08:20:00,2025-05-24 08:33:00,2025-05-24 08:20:00,2025-05-24 08:33:00,0 days 00:13:00,13.0,Saturday,0,0,0,0,Spring,Morning,On Time,1,8
2025-05-24 08:25:00,پويا,PYA2330,تبریز,پرواز كرد,14,2025-05-24 08:34:00,EPPUN,EMB145,فرودگاه مهرآباد,Domestic Departure,2025-05-24 08:25:00,2025-05-24 08:34:00,2025-05-24 08:25:00,2025-05-24 08:34:00,0 days 00:09:00,9.0,Saturday,0,0,0,0,Spring,Morning,On Time,1,8
2025-05-24 08:30:00,زاگرس,IZG4030,كيش,پرواز كرد,7,2025-05-24 09:15:00,EPZAQ,MD83,فرودگاه مهرآباد,Domestic Departure,2025-05-24 08:30:00,2025-05-24 09:15:00,2025-05-24 08:30:00,2025-05-24 09:15:00,0 days 00:45:00,45.0,Saturday,0,0,0,0,Spring,Morning,Late,1,8
2025-05-24 08:35:00,وارش,VRH5876,مشهد,پرواز كرد,4,2025-05-24 08:55:00,EPVAF,B737,فرودگاه مهرآباد,Domestic Departure,2025-05-24 08:35:00,2025-05-24 08:55:00,2025-05-24 08:35:00,2025-05-24 08:55:00,0 days 00:20:00,20.0,Saturday,0,0,0,0,Spring,Morning,Late,1,8
2025-05-24 08:45:00,وارش,VRH5856,مشهد,پرواز كرد,6,2025-05-24 09:59:00,EPVAR,B737,فرودگاه مهرآباد,Domestic Departure,2025-05-24 08:45:00,2025-05-24 09:59:00,2025-05-24 08:45:00,2025-05-24 09:59:00,0 days 01:14:00,74.0,Saturday,0,0,0,0,Spring,Morning,Late,1,8
2025-05-24 09:00:00,کاسپین,CPN6914,عسلویه,پرواز كرد,"12, 13",2025-05-24 09:17:00,EPKPC,737,فرودگاه مهرآباد,Domestic Departure,2025-05-24 09:00:00,2025-05-24 09:17:00,2025-05-24 09:00:00,2025-05-24 09:17:00,0 days 00:17:00,17.0,Saturday,0,0,0,0,Spring,Morning,Late,1,9
2025-05-24 09:00:00,تابان,TBN6258,مشهد,پرواز كرد,"3, 4",2025-05-24 09:21:00,EPTBB,MD.88,فرودگاه مهرآباد,Domestic Departure,2025-05-24 09:00:00,2025-05-24 09:21:00,2025-05-24 09:00:00,2025-05-24 09:21:00,0 days 00:21:00,21.0,Saturday,0,0,0,0,Spring,Morning,Late,1,9
2025-05-24 09:05:00,آوا,AXV7714,بندرعباس,پرواز كرد,"14, 15",2025-05-24 09:26:00,EPRBC,B737,فرودگاه مهرآباد,Domestic Departure,2025-05-24 09:05:00,2025-05-24 09:26:00,2025-05-24 09:05:00,2025-05-24 09:26:00,0 days 00:21:00,21.0,Saturday,0,0,0,0,Spring,Morning,Late,1,9
2025-05-24 09:10:00,آسمان,IRC832,اهواز,پرواز كرد,28,2025-05-24 09:28:00,EPASR,F100,فرودگاه مهرآباد,Domestic Departure,2025-05-24 09:10:00,2025-05-24 09:28:00,2025-05-24 09:10:00,2025-05-24 09:28:00,0 days 00:18:00,18.0,Saturday,0,0,0,0,Spring,Morning,Late,1,9
2025-05-24 09:40:00,چابهار,IRU7640,مشهد,پرواز كرد,3,2025-05-24 11:47:00,EPSEB,MD83,فرودگاه مهرآباد,Domestic Departure,2025-05-24 09:40:00,2025-05-24 11:47:00,2025-05-24 09:40:00,2025-05-24 11:47:00,0 days 02:07:00,127.0,Saturday,0,0,0,0,Spring,Morning,Late,1,9
2025-05-24 09:50:00,آتا,TBZ5635,اهواز,پرواز كرد,"12, 13",2025-05-24 10:31:00,EPTAZ,MD83,فرودگاه مهرآباد,Domestic Departure,2025-05-24 09:50:00,2025-05-24 10:31:00,2025-05-24 09:50:00,2025-05-24 10:31:00,0 days 00:41:00,41.0,Saturday,0,0,0,0,Spring,Morning,Late,1,9
2025-05-24 10:00:00,ایران ایرتور,IRB916,كيش,پرواز كرد,"9, 10",2025-05-24 10:10:00,EPMDF,MD83,فرودگاه مهرآباد,Domestic Departure,2025-05-24 10:00:00,2025-05-24 10:10:00,2025-05-24 10:00:00,2025-05-24 10:10:00,0 days 00:10:00,10.0,Saturday,0,0,0,0,Spring,Morning,On Time,1,10
2025-05-24 10:05:00,پويا,PYA2348,بندرعباس,پرواز كرد,15,2025-05-24 10:26:00,EPPUO,EMB145,فرودگاه مهرآباد,Domestic Departure,2025-05-24 10:05:00,2025-05-24 10:26:00,2025-05-24 10:05:00,2025-05-24 10:26:00,0 days 00:21:00,21.0,Saturday,0,0,0,0,Spring,Morning,Late,1,10
2025-05-24 10:10:00,کارون,KRU2644,اهواز,پرواز كرد,"14, 15",2025-05-24 10:22:00,EPJIB,737,فرودگاه مهرآباد,Domestic Departure,2025-05-24 10:10:00,2025-05-24 10:22:00,2025-05-24 10:10:00,2025-05-24 10:22:00,0 days 00:12:00,12.0,Saturday,0,0,0,0,Spring,Morning,On Time,1,10
2025-05-24 10:30:00,آتا,TBZ5611,شیراز,پرواز كرد,"24, 25",2025-05-24 10:40:00,EPTAQ,MD83,فرودگاه مهرآباد,Domestic Departure,2025-05-24 10:30:00,2025-05-24 10:40:00,2025-05-24 10:30:00,2025-05-24 10:40:00,0 days 00:10:00,10.0,Saturday,0,0,0,0,Spring,Morning,On Time,1,10
2025-05-24 10:35:00,آساجت,SJT8606,کرمانشاه,پرواز كرد,18,2025-05-24 10:35:00,EPJEK,EMB145,فرودگاه مهرآباد,Domestic Departure,2025-05-24 10:35:00,2025-05-24 10:35:00,2025-05-24 10:35:00,2025-05-24 10:35:00,0 days 00:00:00,0.0,Saturday,0,0,0,0,Spring,Morning,On Time,1,10
2025-05-24 10:40:00,چابهار,IRU7610,مشهد,پرواز كرد,7,2025-05-24 11:20:00,EPCBD,MD82,فرودگاه مهرآباد,Domestic Departure,2025-05-24 10:40:00,2025-05-24 11:20:00,2025-05-24 10:40:00,2025-05-24 11:20:00,0 days 00:40:00,40.0,Saturday,0,0,0,0,Spring,Morning,Late,1,10
2025-05-24 10:45:00,ایران ایر,IRA5391,همدان,پرواز كرد,4,2025-05-24 10:53:00,EPITI,ATR,فرودگاه مهرآباد,Domestic Departure,2025-05-24 10:45:00,2025-05-24 10:53:00,2025-05-24 10:45:00,2025-05-24 10:53:00,0 days 00:08:00,8.0,Saturday,0,0,0,0,Spring,Morning,On Time,1,10
2025-05-24 10:50:00,قشم ایر,QSM1273,تبریز,پرواز كرد,"16, 17",2025-05-24 11:24:00,EPFQI,F100,فرودگاه مهرآباد,Domestic Departure,2025-05-24 10:50:00,2025-05-24 11:24:00,2025-05-24 10:50:00,2025-05-24 11:24:00,0 days 00:34:00,34.0,Saturday,0,0,0,0,Spring,Morning,Late,1,10
2025-05-24 11:00:00,ایران ایر,IRA262,مشهد,پرواز كرد,"7, 8",2025-05-24 11:11:00,EPIEP,A319,فرودگاه مهرآباد,Domestic Departure,2025-05-24 11:00:00,2025-05-24 11:11:00,2025-05-24 11:00:00,2025-05-24 11:11:00,0 days 00:11:00,11.0,Saturday,0,0,0,0,Spring,Morning,On Time,1,11
2025-05-24 11:05:00,آتا,TBZ5659,كيش,پرواز كرد,"26, 27",2025-05-24 11:36:00,EPTAR,MD83,فرودگاه مهرآباد,Domestic Departure,2025-05-24 11:05:00,2025-05-24 11:36:00,2025-05-24 11:05:00,2025-05-24 11:36:00,0 days 00:31:00,31.0,Saturday,0,0,0,0,Spring,Morning,Late,1,11
2025-05-24 11:30:00,کاسپین,CPN024,مشهد,پرواز كرد,"8, 9",2025-05-24 11:52:00,EPCPD,MD83,فرودگاه مهرآباد,Domestic Departure,2025-05-24 11:30:00,2025-05-24 11:52:00,2025-05-24 11:30:00,2025-05-24 11:52:00,0 days 00:22:00,22.0,Saturday,0,0,0,0,Spring,Morning,Late,1,11
2025-05-24 11:55:00,ماهان,IRM4578,ماکو,پرواز كرد,20,2025-05-24 12:02:00,EPMOH,146-200,فرودگاه مهرآباد,Domestic Departure,2025-05-24 11:55:00,2025-05-24 12:02:00,2025-05-24 11:55:00,2025-05-24 12:02:00,0 days 00:07:00,7.0,Saturday,0,0,0,0,Spring,Morning,On Time,1,11
2025-05-24 12:00:00,قشم ایر,QSM1270,زاهدان,پرواز كرد,"16, 17",2025-05-24 12:23:00,EPFQU,RJ100,فرودگاه مهرآباد,Domestic Departure,2025-05-24 12:00:00,2025-05-24 12:23:00,2025-05-24 12:00:00,2025-05-24 12:23:00,0 days 00:23:00,23.0,Saturday,0,0,0,0,Spring,Afternoon,Late,1,12
2025-05-24 12:00:00,ایران ایرتور,IRB970,بوشهر,پرواز كرد,"9, 10",2025-05-24 12:21:00,EPMDE,MD83,فرودگاه مهرآباد,Domestic Departure,2025-05-24 12:00:00,2025-05-24 12:21:00,2025-05-24 12:00:00,2025-05-24 12:21:00,0 days 00:21:00,21.0,Saturday,0,0,0,0,Spring,Afternoon,Late,1,12
2025-05-24 12:05:00,ایران ایر,IRA285,کرمانشاه,پرواز كرد,3,2025-05-24 12:15:00,EPCFM,F100,فرودگاه مهرآباد,Domestic Departure,2025-05-24 12:05:00,2025-05-24 12:15:00,2025-05-24 12:05:00,2025-05-24 12:15:00,0 days 00:10:00,10.0,Saturday,0,0,0,0,Spring,Afternoon,On Time,1,12
2025-05-24 12:15:00,آتا,TBZ5633,اردبیل,پرواز كرد,"28, 29",2025-05-24 12:26:00,EPTAH,737-700,فرودگاه مهرآباد,Domestic Departure,2025-05-24 12:15:00,2025-05-24 12:26:00,2025-05-24 12:15:00,2025-05-24 12:26:00,0 days 00:11:00,11.0,Saturday,0,0,0,0,Spring,Afternoon,On Time,1,12
2025-05-24 12:20:00,آتا,TBZ5629,مشهد,پرواز كرد,"12, 13",2025-05-24 12:33:00,EPTAM,MD83,فرودگاه مهرآباد,Domestic Departure,2025-05-24 12:20:00,2025-05-24 12:33:00,2025-05-24 12:20:00,2025-05-24 12:33:00,0 days 00:13:00,13.0,Saturday,0,0,0,0,Spring,Afternoon,On Time,1,12
2025-05-24 12:20:00,کاسپین,CPN6936,قشم,پرواز كرد,"12, 13",2025-05-24 12:43:00,EPKPB,737-700,فرودگاه مهرآباد,Domestic Departure,2025-05-24 12:20:00,2025-05-24 12:43:00,2025-05-24 12:20:00,2025-05-24 12:43:00,0 days 00:23:00,23.0,Saturday,0,0,0,0,Spring,Afternoon,Late,1,12
2025-05-24 13:10:00,آسمان,IRC630,گرگان,پرواز كرد,29,2025-05-24 15:39:00,EPASR,F100,فرودگاه مهرآباد,Domestic Departure,2025-05-24 13:10:00,2025-05-24 15:39:00,2025-05-24 13:10:00,2025-05-24 15:39:00,0 days 02:29:00,149.0,Saturday,0,0,0,0,Spring,Afternoon,Late,1,13
2025-05-24 13:30:00,ماهان,IRM4522,یاسوج,پرواز كرد,22,2025-05-24 13:37:00,EPMOS,146-200,فرودگاه مهرآباد,Domestic Departure,2025-05-24 13:30:00,2025-05-24 13:37:00,2025-05-24 13:30:00,2025-05-24 13:37:00,0 days 00:07:00,7.0,Saturday,0,0,0,0,Spring,Afternoon,On Time,1,13
2025-05-24 13:50:00,ماهان,IRM1004,ارومیه,پرواز كرد,24,2025-05-24 13:57:00,EPMOC,146-200,فرودگاه مهرآباد,Domestic Departure,2025-05-24 13:50:00,2025-05-24 13:57:00,2025-05-24 13:50:00,2025-05-24 13:57:00,0 days 00:07:00,7.0,Saturday,0,0,0,0,Spring,Afternoon,On Time,1,13
2025-05-24 14:15:00,پارس ایر,PRS5416,چابهار,پرواز كرد,20,2025-05-24 14:52:00,EPPRA,CRJ200,فرودگاه مهرآباد,Domestic Departure,2025-05-24 14:15:00,2025-05-24 14:52:00,2025-05-24 14:15:00,2025-05-24 14:52:00,0 days 00:37:00,37.0,Saturday,0,0,0,0,Spring,Afternoon,Late,1,14
2025-05-24 14:15:00,ماهان,IRM1006,خرم‌آباد,پرواز كرد,18,2025-05-24 14:23:00,EPMEA,146-200,فرودگاه مهرآباد,Domestic Departure,2025-05-24 14:15:00,2025-05-24 14:23:00,2025-05-24 14:15:00,2025-05-24 14:23:00,0 days 00:08:00,8.0,Saturday,0,0,0,0,Spring,Afternoon,On Time,1,14
2025-05-24 14:25:00,آتا,TBZ5698,مشهد,پرواز كرد,"24, 25",2025-05-24 14:54:00,EPTAO,MD83,فرودگاه مهرآباد,Domestic Departure,2025-05-24 14:25:00,2025-05-24 14:54:00,2025-05-24 14:25:00,2025-05-24 14:54:00,0 days 00:29:00,29.0,Saturday,0,0,0,0,Spring,Afternoon,Late,1,14
2025-05-24 14:50:00,آوا,AXV7702,مشهد,پرواز كرد,"16, 17",2025-05-24 15:04:00,EPRBC,B737,فرودگاه مهرآباد,Domestic Departure,2025-05-24 14:50:00,2025-05-24 15:04:00,2025-05-24 14:50:00,2025-05-24 15:04:00,0 days 00:14:00,14.0,Saturday,0,0,0,0,Spring,Afternoon,On Time,1,14
2025-05-24 14:50:00,قشم ایر,QSM1240,قشم,پرواز كرد,"18, 19",2025-05-24 15:22:00,EPFQI,F100,فرودگاه مهرآباد,Domestic Departure,2025-05-24 14:50:00,2025-05-24 15:22:00,2025-05-24 14:50:00,2025-05-24 15:22:00,0 days 00:32:00,32.0,Saturday,0,0,0,0,Spring,Afternoon,Late,1,14
2025-05-24 15:30:00,رایمون,RAI7512,اصفهان,پرواز كرد,"3, 4",2025-05-24 15:33:00,EPNEA,EMB145,فرودگاه مهرآباد,Domestic Departure,2025-05-24 15:30:00,2025-05-24 15:33:00,2025-05-24 15:30:00,2025-05-24 15:33:00,0 days 00:03:00,3.0,Saturday,0,0,0,0,Spring,Afternoon,On Time,1,15
2025-05-24 15:50:00,کاسپین,CPN014,عسلویه,پرواز كرد,"10, 11",2025-05-24 15:51:00,EPCAS,MD83,فرودگاه مهرآباد,Domestic Departure,2025-05-24 15:50:00,2025-05-24 15:51:00,2025-05-24 15:50:00,2025-05-24 15:51:00,0 days 00:01:00,1.0,Saturday,0,0,0,0,Spring,Afternoon,On Time,1,15
2025-05-24 15:50:00,ایران ایرتور,IRB946,تبریز,پرواز كرد,"9, 10",2025-05-24 15:57:00,EPMDF,MD83,فرودگاه مهرآباد,Domestic Departure,2025-05-24 15:50:00,2025-05-24 15:57:00,2025-05-24 15:50:00,2025-05-24 15:57:00,0 days 00:07:00,7.0,Saturday,0,0,0,0,Spring,Afternoon,On Time,1,15
2025-05-24 16:05:00,آتا,TBZ5613,مشهد,پرواز كرد,"26, 27",2025-05-24 16:22:00,EPTAF,737,فرودگاه مهرآباد,Domestic Departure,2025-05-24 16:05:00,2025-05-24 16:22:00,2025-05-24 16:05:00,2025-05-24 16:22:00,0 days 00:17:00,17.0,Saturday,0,0,0,0,Spring,Afternoon,Late,1,16
2025-05-24 16:10:00,کاسپین,CPN6960,بندرعباس,پرواز كرد,"8, 9",2025-05-24 16:43:00,EPCPD,MD83,فرودگاه مهرآباد,Domestic Departure,2025-05-24 16:10:00,2025-05-24 16:43:00,2025-05-24 16:10:00,2025-05-24 16:43:00,0 days 00:33:00,33.0,Saturday,0,0,0,0,Spring,Afternoon,Late,1,16
2025-05-24 16:20:00,اطلس ایر,ATS8270,مشهد,پرواز كرد,"14, 15",2025-05-24 16:31:00,EPTHI,RJ85,فرودگاه مهرآباد,Domestic Departure,2025-05-24 16:20:00,2025-05-24 16:31:00,2025-05-24 16:20:00,2025-05-24 16:31:00,0 days 00:11:00,11.0,Saturday,0,0,0,0,Spring,Afternoon,On Time,1,16
2025-05-24 16:25:00,آتا,TBZ5719,مشهد,پرواز كرد,"28, 29",2025-05-24 16:54:00,EPTAQ,MD83,فرودگاه مهرآباد,Domestic Departure,2025-05-24 16:25:00,2025-05-24 16:54:00,2025-05-24 16:25:00,2025-05-24 16:54:00,0 days 00:29:00,29.0,Saturday,0,0,0,0,Spring,Afternoon,Late,1,16
2025-05-24 16:30:00,ماهان,IRM1067,کرمان,پرواز كرد,"23, 24, 25",2025-05-24 16:47:00,EPMJA,A340,فرودگاه مهرآباد,Domestic Departure,2025-05-24 16:30:00,2025-05-24 16:47:00,2025-05-24 16:30:00,2025-05-24 16:47:00,0 days 00:17:00,17.0,Saturday,0,0,0,0,Spring,Afternoon,Late,1,16
2025-05-24 16:35:00,ایران ایر,IRA277,ارومیه,پرواز كرد,4,2025-05-24 16:50:00,EPIEQ,A319,فرودگاه مهرآباد,Domestic Departure,2025-05-24 16:35:00,2025-05-24 16:50:00,2025-05-24 16:35:00,2025-05-24 16:50:00,0 days 00:15:00,15.0,Saturday,0,0,0,0,Spring,Afternoon,On Time,1,16
2025-05-24 16:40:00,آتا,TBZ5664,کرمان,پرواز كرد,"12, 13",2025-05-24 16:51:00,EPTAJ,MD83,فرودگاه مهرآباد,Domestic Departure,2025-05-24 16:40:00,2025-05-24 16:51:00,2025-05-24 16:40:00,2025-05-24 16:51:00,0 days 00:11:00,11.0,Saturday,0,0,0,0,Spring,Afternoon,On Time,1,16
2025-05-24 16:50:00,کاسپین,CPN026,مشهد,پرواز كرد,"6, 7",2025-05-24 17:10:00,EPCPU,MD83,فرودگاه مهرآباد,Domestic Departure,2025-05-24 16:50:00,2025-05-24 17:10:00,2025-05-24 16:50:00,2025-05-24 17:10:00,0 days 00:20:00,20.0,Saturday,0,0,0,0,Spring,Afternoon,Late,1,16
2025-05-24 17:00:00,زاگرس,IZG4020,اهواز,پرواز كرد,4,2025-05-24 17:02:00,EPZAQ,MD83,فرودگاه مهرآباد,Domestic Departure,2025-05-24 17:00:00,2025-05-24 17:02:00,2025-05-24 17:00:00,2025-05-24 17:02:00,0 days 00:02:00,2.0,Saturday,0,0,0,0,Spring,Evening,On Time,1,17
2025-05-24 17:05:00,پارس ایر,PRS4494,آبادان,پرواز كرد,"18, 19",2025-05-24 17:19:00,EPPAO,737,فرودگاه مهرآباد,Domestic Departure,2025-05-24 17:05:00,2025-05-24 17:19:00,2025-05-24 17:05:00,2025-05-24 17:19:00,0 days 00:14:00,14.0,Saturday,0,0,0,0,Spring,Evening,On Time,1,17
2025-05-24 17:05:00,آتا,TBZ5668,تبریز,پرواز كرد,11,2025-05-24 17:26:00,EPTAZ,MD83,فرودگاه مهرآباد,Domestic Departure,2025-05-24 17:05:00,2025-05-24 17:26:00,2025-05-24 17:05:00,2025-05-24 17:26:00,0 days 00:21:00,21.0,Saturday,0,0,0,0,Spring,Evening,Late,1,17
2025-05-24 17:10:00,کارون,KRU2614,اهواز,پرواز كرد,"16, 17",2025-05-24 17:29:00,EPJIA,737,فرودگاه مهرآباد,Domestic Departure,2025-05-24 17:10:00,2025-05-24 17:29:00,2025-05-24 17:10:00,2025-05-24 17:29:00,0 days 00:19:00,19.0,Saturday,0,0,0,0,Spring,Evening,Late,1,17
2025-05-24 17:15:00,ایران ایر,IRA3331,رشت,پرواز كرد,3,2025-05-24 19:20:00,EPITI,ATR-42-400,فرودگاه مهرآباد,Domestic Departure,2025-05-24 17:15:00,2025-05-24 19:20:00,2025-05-24 17:15:00,2025-05-24 19:20:00,0 days 02:05:00,125.0,Saturday,0,0,0,0,Spring,Evening,Late,1,17
2025-05-24 17:25:00,آسمان,IRC600,مشهد,پرواز كرد,26,2025-05-24 19:35:00,EPASR,F100,فرودگاه مهرآباد,Domestic Departure,2025-05-24 17:25:00,2025-05-24 19:35:00,2025-05-24 17:25:00,2025-05-24 19:35:00,0 days 02:10:00,130.0,Saturday,0,0,0,0,Spring,Evening,Late,1,17
2025-05-24 17:30:00,آتا,TBZ5623,شیراز,پرواز كرد,"24, 25",2025-05-24 17:40:00,EPTAH,737,فرودگاه مهرآباد,Domestic Departure,2025-05-24 17:30:00,2025-05-24 17:40:00,2025-05-24 17:30:00,2025-05-24 17:40:00,0 days 00:10:00,10.0,Saturday,0,0,0,0,Spring,Evening,On Time,1,17
2025-05-24 17:50:00,ماهان,IRM1049,بیرجند,پرواز كرد,21,2025-05-24 18:13:00,EPMEB,146-200,فرودگاه مهرآباد,Domestic Departure,2025-05-24 17:50:00,2025-05-24 18:13:00,2025-05-24 17:50:00,2025-05-24 18:13:00,0 days 00:23:00,23.0,Saturday,0,0,0,0,Spring,Evening,Late,1,17
2025-05-24 17:55:00,چابهار,IRU7650,مشهد,پرواز كرد,6,2025-05-24 19:26:00,EPSEB,MD83,فرودگاه مهرآباد,Domestic Departure,2025-05-24 17:55:00,2025-05-24 19:26:00,2025-05-24 17:55:00,2025-05-24 19:26:00,0 days 01:31:00,91.0,Saturday,0,0,0,0,Spring,Evening,Late,1,17
2025-05-24 17:55:00,کارون,KRU2506,ماهشهر,پرواز كرد,"18, 19",2025-05-24 18:22:00,EPAWZ,F100,فرودگاه مهرآباد,Domestic Departure,2025-05-24 17:55:00,2025-05-24 18:22:00,2025-05-24 17:55:00,2025-05-24 18:22:00,0 days 00:27:00,27.0,Saturday,0,0,0,0,Spring,Evening,Late,1,17
2025-05-24 18:00:00,قدر ایر,SEP2702,شیراز,پرواز كرد,"14, 15",2025-05-24 18:42:00,,AN74,فرودگاه مهرآباد,Domestic Departure,2025-05-24 18:00:00,2025-05-24 18:42:00,2025-05-24 18:00:00,2025-05-24 18:42:00,0 days 00:42:00,42.0,Saturday,0,0,0,0,Spring,Evening,Late,1,18
2025-05-24 18:00:00,یزد ایر,DZD9441,یزد,پرواز كرد,"10, 11",2025-05-24 18:55:00,EPMOC,146-200,فرودگاه مهرآباد,Domestic Departure,2025-05-24 18:00:00,2025-05-24 18:55:00,2025-05-24 18:00:00,2025-05-24 18:55:00,0 days 00:55:00,55.0,Saturday,0,0,0,0,Spring,Evening,Late,1,18
2025-05-24 18:10:00,ماهان,IRM1026,اردبیل,پرواز كرد,23,2025-05-24 18:16:00,EPMOH,146-200,فرودگاه مهرآباد,Domestic Departure,2025-05-24 18:10:00,2025-05-24 18:16:00,2025-05-24 18:10:00,2025-05-24 18:16:00,0 days 00:06:00,6.0,Saturday,0,0,0,0,Spring,Evening,On Time,1,18
2025-05-24 18:20:00,ماهان,IRM1055,کرمان,پرواز كرد,20,2025-05-24 18:33:00,EPMOI,RJ85,فرودگاه مهرآباد,Domestic Departure,2025-05-24 18:20:00,2025-05-24 18:33:00,2025-05-24 18:20:00,2025-05-24 18:33:00,0 days 00:13:00,13.0,Saturday,0,0,0,0,Spring,Evening,On Time,1,18
2025-05-24 18:25:00,معراج,MRJ2844,قشم,پرواز كرد,"14, 15",2025-05-24 18:40:00,EPSSN,A321,فرودگاه مهرآباد,Domestic Departure,2025-05-24 18:25:00,2025-05-24 18:40:00,2025-05-24 18:25:00,2025-05-24 18:40:00,0 days 00:15:00,15.0,Saturday,0,0,0,0,Spring,Evening,On Time,1,18
2025-05-24 18:30:00,کیش ایر,KIS7031,اهواز,پرواز كرد,10,2025-05-24 18:52:00,EPLCM,MD83,فرودگاه مهرآباد,Domestic Departure,2025-05-24 18:30:00,2025-05-24 18:52:00,2025-05-24 18:30:00,2025-05-24 18:52:00,0 days 00:22:00,22.0,Saturday,0,0,0,0,Spring,Evening,Late,1,18
2025-05-24 18:35:00,ایران ایرتور,IRB974,زاهدان,پرواز كرد,"5, 6",2025-05-24 19:01:00,EPMDD,MD83,فرودگاه مهرآباد,Domestic Departure,2025-05-24 18:35:00,2025-05-24 19:01:00,2025-05-24 18:35:00,2025-05-24 19:01:00,0 days 00:26:00,26.0,Saturday,0,0,0,0,Spring,Evening,Late,1,18
2025-05-24 18:35:00,کارون,KRU2628,شیراز,پرواز كرد,"21, 22",2025-05-24 19:05:00,EPJIB,737-700,فرودگاه مهرآباد,Domestic Departure,2025-05-24 18:35:00,2025-05-24 19:05:00,2025-05-24 18:35:00,2025-05-24 19:05:00,0 days 00:30:00,30.0,Saturday,0,0,0,0,Spring,Evening,Late,1,18
2025-05-24 18:40:00,آتا,TBZ5646,تبریز,پرواز كرد,11,2025-05-24 19:11:00,EPTAN,MD83,فرودگاه مهرآباد,Domestic Departure,2025-05-24 18:40:00,2025-05-24 19:11:00,2025-05-24 18:40:00,2025-05-24 19:11:00,0 days 00:31:00,31.0,Saturday,0,0,0,0,Spring,Evening,Late,1,18
2025-05-24 19:00:00,اطلس ایر,ATS8286,مشهد,پرواز كرد,"16, 17",2025-05-24 19:41:00,EPLEE,737-700,فرودگاه مهرآباد,Domestic Departure,2025-05-24 19:00:00,2025-05-24 19:41:00,2025-05-24 19:00:00,2025-05-24 19:41:00,0 days 00:41:00,41.0,Saturday,0,0,0,0,Spring,Evening,Late,1,19
2025-05-24 19:00:00,وارش,VRH5814,بندرعباس,پرواز كرد,3,2025-05-24 19:13:00,EPVBM,B737,فرودگاه مهرآباد,Domestic Departure,2025-05-24 19:00:00,2025-05-24 19:13:00,2025-05-24 19:00:00,2025-05-24 19:13:00,0 days 00:13:00,13.0,Saturday,0,0,0,0,Spring,Evening,On Time,1,19
2025-05-24 19:10:00,فلای پرشیا,FPI7438,مشهد,پرواز كرد,"18, 19",2025-05-24 19:46:00,EPFPA,737-700,فرودگاه مهرآباد,Domestic Departure,2025-05-24 19:10:00,2025-05-24 19:46:00,2025-05-24 19:10:00,2025-05-24 19:46:00,0 days 00:36:00,36.0,Saturday,0,0,0,0,Spring,Evening,Late,1,19
2025-05-24 19:20:00,رایمون,RAI7510,رشت,پرواز كرد,"1, 2",2025-05-24 19:54:00,EPNEA,EMB145,فرودگاه مهرآباد,Domestic Departure,2025-05-24 19:20:00,2025-05-24 19:54:00,2025-05-24 19:20:00,2025-05-24 19:54:00,0 days 00:34:00,34.0,Saturday,0,0,0,0,Spring,Evening,Late,1,19
2025-05-24 19:20:00,تابان,TBN6326,مشهد,پرواز كرد,"3, 4",2025-05-24 20:49:00,EPTBB,MD.88,فرودگاه مهرآباد,Domestic Departure,2025-05-24 19:20:00,2025-05-24 20:49:00,2025-05-24 19:20:00,2025-05-24 20:49:00,0 days 01:29:00,89.0,Saturday,0,0,0,0,Spring,Evening,Late,1,19
2025-05-24 19:25:00,کیش ایر,KIS7057,كيش,پرواز كرد,"11, 12",2025-05-24 20:38:00,EPLCJ,MD83,فرودگاه مهرآباد,Domestic Departure,2025-05-24 19:25:00,2025-05-24 20:38:00,2025-05-24 19:25:00,2025-05-24 20:38:00,0 days 01:13:00,73.0,Saturday,0,0,0,0,Spring,Evening,Late,1,19
2025-05-24 19:30:00,ایران ایرتور,IRB988,اهواز,پرواز كرد,"7, 8",2025-05-24 20:04:00,EPMDE,MD83,فرودگاه مهرآباد,Domestic Departure,2025-05-24 19:30:00,2025-05-24 20:04:00,2025-05-24 19:30:00,2025-05-24 20:04:00,0 days 00:34:00,34.0,Saturday,0,0,0,0,Spring,Evening,Late,1,19
2025-05-24 19:40:00,کارون,KRU2618,اهواز,پرواز كرد,"14, 15",2025-05-24 21:30:00,EPMIS,F100,فرودگاه مهرآباد,Domestic Departure,2025-05-24 19:40:00,2025-05-24 21:30:00,2025-05-24 19:40:00,2025-05-24 21:30:00,0 days 01:50:00,110.0,Saturday,0,0,0,0,Spring,Evening,Late,1,19
2025-05-24 19:50:00,آوا,AXV7730,مشهد,پرواز كرد,"18, 19",2025-05-24 20:36:00,EPRBC,B737,فرودگاه مهرآباد,Domestic Departure,2025-05-24 19:50:00,2025-05-24 20:36:00,2025-05-24 19:50:00,2025-05-24 20:36:00,0 days 00:46:00,46.0,Saturday,0,0,0,0,Spring,Evening,Late,1,19
2025-05-24 19:50:00,ساها,IRZ156,شیراز,پرواز كرد,"6, 7",2025-05-24 20:45:00,EPPAM,737-700,فرودگاه مهرآباد,Domestic Departure,2025-05-24 19:50:00,2025-05-24 20:45:00,2025-05-24 19:50:00,2025-05-24 20:45:00,0 days 00:55:00,55.0,Saturday,0,0,0,0,Spring,Evening,Late,1,19
2025-05-24 20:00:00,وارش,VRH5902,مشهد,پرواز كرد,5,2025-05-24 21:39:00,EPVAR,B737,فرودگاه مهرآباد,Domestic Departure,2025-05-24 20:00:00,2025-05-24 21:39:00,2025-05-24 20:00:00,2025-05-24 21:39:00,0 days 01:39:00,99.0,Saturday,0,0,0,0,Spring,Evening,Late,1,20
2025-05-24 20:00:00,کیش ایر,KIS7081,كيش,پرواز كرد,9,2025-05-24 20:35:00,EPLCO,MD83,فرودگاه مهرآباد,Domestic Departure,2025-05-24 20:00:00,2025-05-24 20:35:00,2025-05-24 20:00:00,2025-05-24 20:35:00,0 days 00:35:00,35.0,Saturday,0,0,0,0,Spring,Evening,Late,1,20
2025-05-24 20:05:00,چابهار,IRU7614,چابهار,پرواز كرد,7,2025-05-24 21:00:00,EPCBD,MD83,فرودگاه مهرآباد,Domestic Departure,2025-05-24 20:05:00,2025-05-24 21:00:00,2025-05-24 20:05:00,2025-05-24 21:00:00,0 days 00:55:00,55.0,Saturday,0,0,0,0,Spring,Evening,Late,1,20
2025-05-24 20:20:00,آتا,TBZ5619,مشهد,پرواز كرد,"28, 29",2025-05-24 22:43:00,EPTAL,MD83,فرودگاه مهرآباد,Domestic Departure,2025-05-24 20:20:00,2025-05-24 22:43:00,2025-05-24 20:20:00,2025-05-24 22:43:00,0 days 02:23:00,143.0,Saturday,0,0,0,0,Spring,Evening,Late,1,20
2025-05-24 20:45:00,ایران ایر,IRA458,بندرعباس,پرواز كرد,4,2025-05-24 21:23:00,EPCFR,F100,فرودگاه مهرآباد,Domestic Departure,2025-05-24 20:45:00,2025-05-24 21:23:00,2025-05-24 20:45:00,2025-05-24 21:23:00,0 days 00:38:00,38.0,Saturday,0,0,0,0,Spring,Evening,Late,1,20
2025-05-24 20:50:00,قشم ایر,QSM1216,آبادان,پرواز كرد,"21, 22",2025-05-24 21:17:00,EPFQI,F100,فرودگاه مهرآباد,Domestic Departure,2025-05-24 20:50:00,2025-05-24 21:17:00,2025-05-24 20:50:00,2025-05-24 21:17:00,0 days 00:27:00,27.0,Saturday,0,0,0,0,Spring,Evening,Late,1,20
2025-05-24 20:50:00,ماهان,IRM1079,کرمان,پرواز كرد,22,2025-05-24 21:09:00,EPMEA,RJ100,فرودگاه مهرآباد,Domestic Departure,2025-05-24 20:50:00,2025-05-24 21:09:00,2025-05-24 20:50:00,2025-05-24 21:09:00,0 days 00:19:00,19.0,Saturday,0,0,0,0,Spring,Evening,Late,1,20
2025-05-24 21:00:00,زاگرس,IZG4050,بندرعباس,پرواز كرد,4,2025-05-24 21:28:00,EPZAQ,MD83,فرودگاه مهرآباد,Domestic Departure,2025-05-24 21:00:00,2025-05-24 21:28:00,2025-05-24 21:00:00,2025-05-24 21:28:00,0 days 00:28:00,28.0,Saturday,0,0,0,0,Spring,Night,Late,1,21
2025-05-24 21:05:00,یزد ایر,DZD9439,اصفهان,پرواز كرد,"14, 15",2025-05-24 21:12:00,EPDZH,146-200,فرودگاه مهرآباد,Domestic Departure,2025-05-24 21:05:00,2025-05-24 21:12:00,2025-05-24 21:05:00,2025-05-24 21:12:00,0 days 00:07:00,7.0,Saturday,0,0,0,0,Spring,Night,On Time,1,21
2025-05-24 21:10:00,کارون,KRU2608,یزد,پرواز كرد,"16, 17",2025-05-24 21:56:00,EPJIA,737-700,فرودگاه مهرآباد,Domestic Departure,2025-05-24 21:10:00,2025-05-24 21:56:00,2025-05-24 21:10:00,2025-05-24 21:56:00,0 days 00:46:00,46.0,Saturday,0,0,0,0,Spring,Night,Late,1,21
2025-05-24 21:10:00,کاسپین,CPN6900,بوشهر,پرواز كرد,"10, 11",2025-05-24 21:26:00,EPCAS,MD83,فرودگاه مهرآباد,Domestic Departure,2025-05-24 21:10:00,2025-05-24 21:26:00,2025-05-24 21:10:00,2025-05-24 21:26:00,0 days 00:16:00,16.0,Saturday,0,0,0,0,Spring,Night,Late,1,21
2025-05-24 21:15:00,کیش ایر,KIS7105,آبادان,پرواز كرد,"11, 12",2025-05-24 21:33:00,EPLCK,MD83,فرودگاه مهرآباد,Domestic Departure,2025-05-24 21:15:00,2025-05-24 21:33:00,2025-05-24 21:15:00,2025-05-24 21:33:00,0 days 00:18:00,18.0,Saturday,0,0,0,0,Spring,Night,Late,1,21
2025-05-24 21:30:00,آتا,TBZ5670,یزد,پرواز كرد,"12, 13",2025-05-24 21:58:00,EPTAJ,MD83,فرودگاه مهرآباد,Domestic Departure,2025-05-24 21:30:00,2025-05-24 21:58:00,2025-05-24 21:30:00,2025-05-24 21:58:00,0 days 00:28:00,28.0,Saturday,0,0,0,0,Spring,Night,Late,1,21
2025-05-24 21:30:00,کیش ایر,KIS7025,كيش,پرواز كرد,"9, 10",2025-05-24 21:49:00,EPLCL,MD83,فرودگاه مهرآباد,Domestic Departure,2025-05-24 21:30:00,2025-05-24 21:49:00,2025-05-24 21:30:00,2025-05-24 21:49:00,0 days 00:19:00,19.0,Saturday,0,0,0,0,Spring,Night,Late,1,21
2025-05-24 21:45:00,ایران ایر,IRA260,مشهد,پرواز كرد,"7, 8",2025-05-24 21:52:00,EPIEQ,A319,فرودگاه مهرآباد,Domestic Departure,2025-05-24 21:45:00,2025-05-24 21:52:00,2025-05-24 21:45:00,2025-05-24 21:52:00,0 days 00:07:00,7.0,Saturday,0,0,0,0,Spring,Night,On Time,1,21
2025-05-24 22:00:00,آتا,TBZ5627,اهواز,پرواز كرد,"24, 25",2025-05-24 22:14:00,EPTAH,737-700,فرودگاه مهرآباد,Domestic Departure,2025-05-24 22:00:00,2025-05-24 22:14:00,2025-05-24 22:00:00,2025-05-24 22:14:00,0 days 00:14:00,14.0,Saturday,0,0,0,0,Spring,Night,On Time,1,22
2025-05-24 22:30:00,یزد ایر,DZD9443,یزد,پرواز كرد,"8, 9",2025-05-24 23:08:00,EPMOC,146-200,فرودگاه مهرآباد,Domestic Departure,2025-05-24 22:30:00,2025-05-24 23:08:00,2025-05-24 22:30:00,2025-05-24 23:08:00,0 days 00:38:00,38.0,Saturday,0,0,0,0,Spring,Night,Late,1,22
2025-05-24 22:35:00,کیش ایر,KIS7151,شیراز,پرواز كرد,"11, 12",2025-05-24 23:15:00,EPLCM,MD83,فرودگاه مهرآباد,Domestic Departure,2025-05-24 22:35:00,2025-05-24 23:15:00,2025-05-24 22:35:00,2025-05-24 23:15:00,0 days 00:40:00,40.0,Saturday,0,0,0,0,Spring,Night,Late,1,22
2025-05-24 22:35:00,ماهان,IRM1071,زاهدان,پرواز كرد,24,2025-05-24 22:34:00,EPMOH,146-200,فرودگاه مهرآباد,Domestic Departure,2025-05-24 22:35:00,2025-05-24 22:34:00,2025-05-24 22:35:00,2025-05-24 22:34:00,-1 days +23:59:00,-1.0,Saturday,0,0,0,0,Spring,Night,Early,1,22
2025-05-24 19:50:00,آسمان,IRC601,تهران,پرواز كرد,"3, 4",2025-05-24 22:05:00,,F100,فرودگاه مشهد,Domestic Departure,2025-05-24 19:50:00,2025-05-24 22:05:00,2025-05-24 19:50:00,2025-05-24 22:05:00,0 days 02:15:00,135.0,Saturday,0,0,0,0,Spring,Evening,Late,1,19
2025-05-24 20:10:00,چابهار,IRU7651,تهران,پرواز كرد,23,2025-05-24 21:31:00,,MD83,فرودگاه مشهد,Domestic Departure,2025-05-24 20:10:00,2025-05-24 21:31:00,2025-05-24 20:10:00,2025-05-24 21:31:00,0 days 01:21:00,81.0,Saturday,0,0,0,0,Spring,Evening,Late,1,20
2025-05-24 20:30:00,زاگرس,IZG4110,شیراز,پرواز كرد,"20, 21",2025-05-24 20:41:00,,MD82,فرودگاه مشهد,Domestic Departure,2025-05-24 20:30:00,2025-05-24 20:41:00,2025-05-24 20:30:00,2025-05-24 20:41:00,0 days 00:11:00,11.0,Saturday,0,0,0,0,Spring,Evening,On Time,1,20
2025-05-24 21:15:00,هواپیمایی اطلس,ATS8285,تهران,پرواز كرد,"7, 8",2025-05-24 22:00:00,,737,فرودگاه مشهد,Domestic Departure,2025-05-24 21:15:00,2025-05-24 22:00:00,2025-05-24 21:15:00,2025-05-24 22:00:00,0 days 00:45:00,45.0,Saturday,0,0,0,0,Spring,Night,Late,1,21
2025-05-24 21:15:00,کاسپین,CPN6954,بندرعباس,پرواز كرد,"9, 10",2025-05-24 21:39:00,,MD82,فرودگاه مشهد,Domestic Departure,2025-05-24 21:15:00,2025-05-24 21:39:00,2025-05-24 21:15:00,2025-05-24 21:39:00,0 days 00:24:00,24.0,Saturday,0,0,0,0,Spring,Night,Late,1,21
2025-05-24 21:30:00,تابان,TBN6325,تهران,پرواز كرد,22,2025-05-24 23:18:00,,MD.88,فرودگاه مشهد,Domestic Departure,2025-05-24 21:30:00,2025-05-24 23:18:00,2025-05-24 21:30:00,2025-05-24 23:18:00,0 days 01:48:00,108.0,Saturday,0,0,0,0,Spring,Night,Late,1,21
2025-05-24 21:30:00,فلای پرشیا,FPI7439,تهران,پرواز كرد,"5, 6",2025-05-24 22:13:00,,B737,فرودگاه مشهد,Domestic Departure,2025-05-24 21:30:00,2025-05-24 22:13:00,2025-05-24 21:30:00,2025-05-24 22:13:00,0 days 00:43:00,43.0,Saturday,0,0,0,0,Spring,Night,Late,1,21
2025-05-24 22:15:00,هواپیمایی پارس,PRS4415,آبادان,پرواز كرد,"9, 10",2025-05-24 22:32:00,,B737,فرودگاه مشهد,Domestic Departure,2025-05-24 22:15:00,2025-05-24 22:32:00,2025-05-24 22:15:00,2025-05-24 22:32:00,0 days 00:17:00,17.0,Saturday,0,0,0,0,Spring,Night,Late,1,22
2025-05-24 22:20:00,آسمان,IRC837,اهواز,پرواز كرد,"3, 4",2025-05-24 22:39:00,,F100,فرودگاه مشهد,Domestic Departure,2025-05-24 22:20:00,2025-05-24 22:39:00,2025-05-24 22:20:00,2025-05-24 22:39:00,0 days 00:19:00,19.0,Saturday,0,0,0,0,Spring,Night,Late,1,22
2025-05-24 22:50:00,سپهران,SHI4366,آبادان,پرواز كرد,"5, 6",2025-05-24 22:58:00,,B737,فرودگاه مشهد,Domestic Departure,2025-05-24 22:50:00,2025-05-24 22:58:00,2025-05-24 22:50:00,2025-05-24 22:58:00,0 days 00:08:00,8.0,Saturday,0,0,0,0,Spring,Night,On Time,1,22
2025-05-24 23:00:00,تابان,TBN6217,آبادان,پرواز كرد,21,2025-05-24 23:33:00,,MD.88,فرودگاه مشهد,Domestic Departure,2025-05-24 23:00:00,2025-05-24 23:33:00,2025-05-24 23:00:00,2025-05-24 23:33:00,0 days 00:33:00,33.0,Saturday,0,0,0,0,Spring,Night,Late,1,23
2025-05-25 04:30:00,زاگرس,IZG4022,اهواز,پرواز كرد,3,2025-05-25 04:56:00,EPZAQ,MD83,فرودگاه مهرآباد,Domestic Departure,2025-05-25 04:30:00,2025-05-25 04:56:00,2025-05-25 04:30:00,2025-05-25 04:56:00,0 days 00:26:00,26.0,Sunday,0,0,0,0,Spring,Night,Late,1,4
2025-05-25 05:00:00,کاسپین,CPN048,شیراز,پرواز كرد,"10, 11",2025-05-25 05:13:00,EPCPU,MD83,فرودگاه مهرآباد,Domestic Departure,2025-05-25 05:00:00,2025-05-25 05:13:00,2025-05-25 05:00:00,2025-05-25 05:13:00,0 days 00:13:00,13.0,Sunday,0,0,0,0,Spring,Morning,On Time,1,5
2025-05-25 05:05:00,آتا,TBZ5625,اهواز,پرواز كرد,"12, 13",2025-05-25 08:52:00,EPTAO,MD83,فرودگاه مهرآباد,Domestic Departure,2025-05-25 05:05:00,2025-05-25 08:52:00,2025-05-25 05:05:00,2025-05-25 08:52:00,0 days 03:47:00,227.0,Sunday,0,0,0,0,Spring,Morning,Late,1,5
2025-05-25 05:05:00,ایران ایرتور,IRB930,بیرجند,پرواز كرد,"5, 6",2025-05-25 05:00:00,EPMDE,MD83,فرودگاه مهرآباد,Domestic Departure,2025-05-25 05:05:00,2025-05-25 05:00:00,2025-05-25 05:05:00,2025-05-25 05:00:00,-1 days +23:55:00,-5.0,Sunday,0,0,0,0,Spring,Morning,Early,1,5
2025-05-25 05:10:00,چابهار,IRU7646,شیراز,پرواز كرد,5,2025-05-25 05:22:00,EPSEB,MD83,فرودگاه مهرآباد,Domestic Departure,2025-05-25 05:10:00,2025-05-25 05:22:00,2025-05-25 05:10:00,2025-05-25 05:22:00,0 days 00:12:00,12.0,Sunday,0,0,0,0,Spring,Morning,On Time,1,5
2025-05-25 05:10:00,کاسپین,CPN026,مشهد,پرواز كرد,"14, 15",2025-05-25 05:31:00,EPCPD,MD83,فرودگاه مهرآباد,Domestic Departure,2025-05-25 05:10:00,2025-05-25 05:31:00,2025-05-25 05:10:00,2025-05-25 05:31:00,0 days 00:21:00,21.0,Sunday,0,0,0,0,Spring,Morning,Late,1,5
2025-05-25 05:15:00,کیش ایر,KIS7193,عسلویه,پرواز كرد,"9, 10",2025-05-25 05:40:00,EPLCJ,MD83,فرودگاه مهرآباد,Domestic Departure,2025-05-25 05:15:00,2025-05-25 05:40:00,2025-05-25 05:15:00,2025-05-25 05:40:00,0 days 00:25:00,25.0,Sunday,0,0,0,0,Spring,Morning,Late,1,5
2025-05-25 05:20:00,قشم ایر,QSM1293,سنندج,پرواز كرد,"21, 22",2025-05-25 05:28:00,EPFQI,RJ100,فرودگاه مهرآباد,Domestic Departure,2025-05-25 05:20:00,2025-05-25 05:28:00,2025-05-25 05:20:00,2025-05-25 05:28:00,0 days 00:08:00,8.0,Sunday,0,0,0,0,Spring,Morning,On Time,1,5
2025-05-25 05:25:00,ایران ایر,IRA3412,بجنورد,پرواز كرد,2,2025-05-25 08:24:00,EPITI,ATR-72-500,فرودگاه مهرآباد,Domestic Departure,2025-05-25 05:25:00,2025-05-25 08:24:00,2025-05-25 05:25:00,2025-05-25 08:24:00,0 days 02:59:00,179.0,Sunday,0,0,0,0,Spring,Morning,Late,1,5
2025-05-25 05:30:00,پويا,PYA2314,یزد,پرواز كرد,13,2025-05-25 05:37:00,EPPUR,EMB145,فرودگاه مهرآباد,Domestic Departure,2025-05-25 05:30:00,2025-05-25 05:37:00,2025-05-25 05:30:00,2025-05-25 05:37:00,0 days 00:07:00,7.0,Sunday,0,0,0,0,Spring,Morning,On Time,1,5
2025-05-25 05:35:00,پارس ایر,PRS4454,مشهد,پرواز كرد,"20, 21",2025-05-25 05:51:00,EPPAM,737-700,فرودگاه مهرآباد,Domestic Departure,2025-05-25 05:35:00,2025-05-25 05:51:00,2025-05-25 05:35:00,2025-05-25 05:51:00,0 days 00:16:00,16.0,Sunday,0,0,0,0,Spring,Morning,Late,1,5
2025-05-25 05:35:00,کارون,KRU2584,عسلویه,پرواز كرد,"14, 15",2025-05-25 06:09:00,EPJIA,737-700,فرودگاه مهرآباد,Domestic Departure,2025-05-25 05:35:00,2025-05-25 06:09:00,2025-05-25 05:35:00,2025-05-25 06:09:00,0 days 00:34:00,34.0,Sunday,0,0,0,0,Spring,Morning,Late,1,5
2025-05-25 05:40:00,آتا,TBZ5643,سیرجان,پرواز كرد,"26, 27",2025-05-25 05:57:00,EPTAH,B737,فرودگاه مهرآباد,Domestic Departure,2025-05-25 05:40:00,2025-05-25 05:57:00,2025-05-25 05:40:00,2025-05-25 05:57:00,0 days 00:17:00,17.0,Sunday,0,0,0,0,Spring,Morning,Late,1,5
2025-05-25 05:45:00,ماهان,IRM4525,چابهار,پرواز كرد,25,2025-05-25 05:53:00,EPMOI,rj100,فرودگاه مهرآباد,Domestic Departure,2025-05-25 05:45:00,2025-05-25 05:53:00,2025-05-25 05:45:00,2025-05-25 05:53:00,0 days 00:08:00,8.0,Sunday,0,0,0,0,Spring,Morning,On Time,1,5
2025-05-25 05:45:00,چابهار,IRU7628,بوشهر,پرواز كرد,4,2025-05-25 06:07:00,EPCBD,MD83,فرودگاه مهرآباد,Domestic Departure,2025-05-25 05:45:00,2025-05-25 06:07:00,2025-05-25 05:45:00,2025-05-25 06:07:00,0 days 00:22:00,22.0,Sunday,0,0,0,0,Spring,Morning,Late,1,5
2025-05-25 05:50:00,آساجت,SJT8604,عسلویه,پرواز كرد,18,2025-05-25 05:59:00,EPRHO,EMB145,فرودگاه مهرآباد,Domestic Departure,2025-05-25 05:50:00,2025-05-25 05:59:00,2025-05-25 05:50:00,2025-05-25 05:59:00,0 days 00:09:00,9.0,Sunday,0,0,0,0,Spring,Morning,On Time,1,5
2025-05-25 05:55:00,ایران ایر,IRA472,کرمان,پرواز كرد,"3, 4",2025-05-25 06:15:00,EPCFR,F100,فرودگاه مهرآباد,Domestic Departure,2025-05-25 05:55:00,2025-05-25 06:15:00,2025-05-25 05:55:00,2025-05-25 06:15:00,0 days 00:20:00,20.0,Sunday,0,0,0,0,Spring,Morning,Late,1,5
2025-05-25 05:55:00,کارون,KRU2528,لاوان,پرواز كرد,16,2025-05-25 08:36:00,EPAWZ,F100,فرودگاه مهرآباد,Domestic Departure,2025-05-25 05:55:00,2025-05-25 08:36:00,2025-05-25 05:55:00,2025-05-25 08:36:00,0 days 02:41:00,161.0,Sunday,0,0,0,0,Spring,Morning,Late,1,5
2025-05-25 06:00:00,وارش,VRH5918,عسلویه,پرواز كرد,3,2025-05-25 06:42:00,EPVAF,737-700,فرودگاه مهرآباد,Domestic Departure,2025-05-25 06:00:00,2025-05-25 06:42:00,2025-05-25 06:00:00,2025-05-25 06:42:00,0 days 00:42:00,42.0,Sunday,0,0,0,0,Spring,Morning,Late,1,6
2025-05-25 06:00:00,آتا,TBZ5677,ارومیه,پرواز كرد,"28, 29",2025-05-25 07:12:00,EPTAJ,MD83,فرودگاه مهرآباد,Domestic Departure,2025-05-25 06:00:00,2025-05-25 07:12:00,2025-05-25 06:00:00,2025-05-25 07:12:00,0 days 01:12:00,72.0,Sunday,0,0,0,0,Spring,Morning,Late,1,6
2025-05-25 06:05:00,آتا,TBZ5610,تبریز,پرواز كرد,11,2025-05-25 06:32:00,EPTAZ,md88,فرودگاه مهرآباد,Domestic Departure,2025-05-25 06:05:00,2025-05-25 06:32:00,2025-05-25 06:05:00,2025-05-25 06:32:00,0 days 00:27:00,27.0,Sunday,0,0,0,0,Spring,Morning,Late,1,6
2025-05-25 06:10:00,چابهار,IRU7660,مشهد,پرواز كرد,5,2025-05-25 06:38:00,EPCBI,MD83,فرودگاه مهرآباد,Domestic Departure,2025-05-25 06:10:00,2025-05-25 06:38:00,2025-05-25 06:10:00,2025-05-25 06:38:00,0 days 00:28:00,28.0,Sunday,0,0,0,0,Spring,Morning,Late,1,6
2025-05-25 06:10:00,کاسپین,CPN014,عسلویه,پرواز كرد,"8, 9",2025-05-25 06:17:00,EPCAS,MD83,فرودگاه مهرآباد,Domestic Departure,2025-05-25 06:10:00,2025-05-25 06:17:00,2025-05-25 06:10:00,2025-05-25 06:17:00,0 days 00:07:00,7.0,Sunday,0,0,0,0,Spring,Morning,On Time,1,6
2025-05-25 06:15:00,ماهان,IRM1033,مشهد,پرواز كرد,23,2025-05-25 06:25:00,EPMEB,RJ85,فرودگاه مهرآباد,Domestic Departure,2025-05-25 06:15:00,2025-05-25 06:25:00,2025-05-25 06:15:00,2025-05-25 06:25:00,0 days 00:10:00,10.0,Sunday,0,0,0,0,Spring,Morning,On Time,1,6
2025-05-25 06:15:00,آسمان,IRC644,بندرعباس,پرواز كرد,28,2025-05-25 06:22:00,EPASR,F100,فرودگاه مهرآباد,Domestic Departure,2025-05-25 06:15:00,2025-05-25 06:22:00,2025-05-25 06:15:00,2025-05-25 06:22:00,0 days 00:07:00,7.0,Sunday,0,0,0,0,Spring,Morning,On Time,1,6
2025-05-25 06:20:00,وارش,VRH5924,گناباد,پرواز كرد,2,2025-05-25 06:52:00,EPVBM,737-700,فرودگاه مهرآباد,Domestic Departure,2025-05-25 06:20:00,2025-05-25 06:52:00,2025-05-25 06:20:00,2025-05-25 06:52:00,0 days 00:32:00,32.0,Sunday,0,0,0,0,Spring,Morning,Late,1,6
2025-05-25 06:20:00,کیش ایر,KIS7055,كيش,پرواز كرد,"11, 12",2025-05-25 06:34:00,EPLCM,MD83,فرودگاه مهرآباد,Domestic Departure,2025-05-25 06:20:00,2025-05-25 06:34:00,2025-05-25 06:20:00,2025-05-25 06:34:00,0 days 00:14:00,14.0,Sunday,0,0,0,0,Spring,Morning,On Time,1,6
2025-05-25 06:25:00,پارس ایر,PRS5422,اصفهان,پرواز كرد,"18, 19",2025-05-25 06:57:00,EPPAO,B737,فرودگاه مهرآباد,Domestic Departure,2025-05-25 06:25:00,2025-05-25 06:57:00,2025-05-25 06:25:00,2025-05-25 06:57:00,0 days 00:32:00,32.0,Sunday,0,0,0,0,Spring,Morning,Late,1,6
2025-05-25 06:30:00,کیش ایر,KIS7093,عسلویه,پرواز كرد,"9, 10",2025-05-25 07:07:00,EPLCO,MD83,فرودگاه مهرآباد,Domestic Departure,2025-05-25 06:30:00,2025-05-25 07:07:00,2025-05-25 06:30:00,2025-05-25 07:07:00,0 days 00:37:00,37.0,Sunday,0,0,0,0,Spring,Morning,Late,1,6
2025-05-25 06:30:00,ایران ایرتور,IRB912,بندرعباس,پرواز كرد,"7, 8",2025-05-25 06:50:00,EPMDF,MD83,فرودگاه مهرآباد,Domestic Departure,2025-05-25 06:30:00,2025-05-25 06:50:00,2025-05-25 06:30:00,2025-05-25 06:50:00,0 days 00:20:00,20.0,Sunday,0,0,0,0,Spring,Morning,Late,1,6
2025-05-25 06:35:00,اروان,INA6750,مشهد,پرواز كرد,6,2025-05-25 06:59:00,EPNSR,737-700,فرودگاه مهرآباد,Domestic Departure,2025-05-25 06:35:00,2025-05-25 06:59:00,2025-05-25 06:35:00,2025-05-25 06:59:00,0 days 00:24:00,24.0,Sunday,0,0,0,0,Spring,Morning,Late,1,6
2025-05-25 06:40:00,قشم ایر,QSM1202,عسلویه,پرواز كرد,"21, 22",2025-05-25 07:07:00,EPFQF,F100,فرودگاه مهرآباد,Domestic Departure,2025-05-25 06:40:00,2025-05-25 07:07:00,2025-05-25 06:40:00,2025-05-25 07:07:00,0 days 00:27:00,27.0,Sunday,0,0,0,0,Spring,Morning,Late,1,6
2025-05-25 06:40:00,کاسپین,CPN6956,جاسک,پرواز كرد,"6, 7",2025-05-25 07:11:00,EPKPC,737-700,فرودگاه مهرآباد,Domestic Departure,2025-05-25 06:40:00,2025-05-25 07:11:00,2025-05-25 06:40:00,2025-05-25 07:11:00,0 days 00:31:00,31.0,Sunday,0,0,0,0,Spring,Morning,Late,1,6
2025-05-25 06:45:00,پارس ایر,PRS4438,گچساران,پرواز كرد,20,2025-05-25 06:45:00,EPPRA,CRJ200,فرودگاه مهرآباد,Domestic Departure,2025-05-25 06:45:00,2025-05-25 06:45:00,2025-05-25 06:45:00,2025-05-25 06:45:00,0 days 00:00:00,0.0,Sunday,0,0,0,0,Spring,Morning,On Time,1,6
2025-05-25 06:50:00,ایران ایر,IRA311,اهواز,پرواز كرد,"5, 6",2025-05-25 07:20:00,EPIEQ,A319,فرودگاه مهرآباد,Domestic Departure,2025-05-25 06:50:00,2025-05-25 07:20:00,2025-05-25 06:50:00,2025-05-25 07:20:00,0 days 00:30:00,30.0,Sunday,0,0,0,0,Spring,Morning,Late,1,6
2025-05-25 07:05:00,اطلس ایر,ATS8295,بندرعباس,پرواز كرد,16,2025-05-25 07:18:00,EPLEE,737-700,فرودگاه مهرآباد,Domestic Departure,2025-05-25 07:05:00,2025-05-25 07:18:00,2025-05-25 07:05:00,2025-05-25 07:18:00,0 days 00:13:00,13.0,Sunday,0,0,0,0,Spring,Morning,On Time,1,7
2025-05-25 07:05:00,قشم ایر,QSM1230,ماهشهر,پرواز كرد,18,2025-05-25 07:25:00,EPFQU,RJ100,فرودگاه مهرآباد,Domestic Departure,2025-05-25 07:05:00,2025-05-25 07:25:00,2025-05-25 07:05:00,2025-05-25 07:25:00,0 days 00:20:00,20.0,Sunday,0,0,0,0,Spring,Morning,Late,1,7
2025-05-25 07:10:00,پويا,PYA2350,مشهد,پرواز كرد,14,2025-05-25 07:28:00,EPPUN,EMB145,فرودگاه مهرآباد,Domestic Departure,2025-05-25 07:10:00,2025-05-25 07:28:00,2025-05-25 07:10:00,2025-05-25 07:28:00,0 days 00:18:00,18.0,Sunday,0,0,0,0,Spring,Morning,Late,1,7
2025-05-25 07:10:00,ایران ایر,IRA3498,شیراز,پرواز كرد,"9, 10",2025-05-25 07:40:00,EPIEP,A319,فرودگاه مهرآباد,Domestic Departure,2025-05-25 07:10:00,2025-05-25 07:40:00,2025-05-25 07:10:00,2025-05-25 07:40:00,0 days 00:30:00,30.0,Sunday,0,0,0,0,Spring,Morning,Late,1,7
2025-05-25 07:15:00,آساجت,SJT8634,رشت,پرواز كرد,19,2025-05-25 07:32:00,EPJEK,EMB145,فرودگاه مهرآباد,Domestic Departure,2025-05-25 07:15:00,2025-05-25 07:32:00,2025-05-25 07:15:00,2025-05-25 07:32:00,0 days 00:17:00,17.0,Sunday,0,0,0,0,Spring,Morning,Late,1,7
2025-05-25 07:15:00,معراج,MRJ2816,عسلویه,پرواز كرد,"14, 15",2025-05-25 07:34:00,EPSSN,A321,فرودگاه مهرآباد,Domestic Departure,2025-05-25 07:15:00,2025-05-25 07:34:00,2025-05-25 07:15:00,2025-05-25 07:34:00,0 days 00:19:00,19.0,Sunday,0,0,0,0,Spring,Morning,Late,1,7
2025-05-25 07:25:00,آسمان,IRC3771,شیراز,پرواز كرد,26,2025-05-25 07:48:00,EPATE,F100,فرودگاه مهرآباد,Domestic Departure,2025-05-25 07:25:00,2025-05-25 07:48:00,2025-05-25 07:25:00,2025-05-25 07:48:00,0 days 00:23:00,23.0,Sunday,0,0,0,0,Spring,Morning,Late,1,7
2025-05-25 07:35:00,ایران ایرتور,IRB916,كيش,پرواز كرد,"7, 8",2025-05-25 07:53:00,EPMDD,MD83,فرودگاه مهرآباد,Domestic Departure,2025-05-25 07:35:00,2025-05-25 07:53:00,2025-05-25 07:35:00,2025-05-25 07:53:00,0 days 00:18:00,18.0,Sunday,0,0,0,0,Spring,Morning,Late,1,7
2025-05-25 07:50:00,قشم ایر,QSM1238,خارگ,پرواز كرد,21,2025-05-25 08:19:00,EPFQV,rj100,فرودگاه مهرآباد,Domestic Departure,2025-05-25 07:50:00,2025-05-25 08:19:00,2025-05-25 07:50:00,2025-05-25 08:19:00,0 days 00:29:00,29.0,Sunday,0,0,0,0,Spring,Morning,Late,1,7
2025-05-25 07:50:00,ماهان,IRM4575,جیرفت,پرواز كرد,24,2025-05-25 08:11:00,EPMEU,RJ85,فرودگاه مهرآباد,Domestic Departure,2025-05-25 07:50:00,2025-05-25 08:11:00,2025-05-25 07:50:00,2025-05-25 08:11:00,0 days 00:21:00,21.0,Sunday,0,0,0,0,Spring,Morning,Late,1,7
2025-05-25 08:00:00,ماهان,IRM4536,اردبیل,پرواز كرد,22,2025-05-25 08:15:00,EPMEA,RJ85,فرودگاه مهرآباد,Domestic Departure,2025-05-25 08:00:00,2025-05-25 08:15:00,2025-05-25 08:00:00,2025-05-25 08:15:00,0 days 00:15:00,15.0,Sunday,0,0,0,0,Spring,Morning,On Time,1,8
2025-05-25 08:05:00,آتا,TBZ5602,تبریز,پرواز كرد,11,2025-05-25 08:58:00,EPTAL,MD83,فرودگاه مهرآباد,Domestic Departure,2025-05-25 08:05:00,2025-05-25 08:58:00,2025-05-25 08:05:00,2025-05-25 08:58:00,0 days 00:53:00,53.0,Sunday,0,0,0,0,Spring,Morning,Late,1,8
2025-05-25 08:10:00,ماهان,IRM1051,کرمان,پرواز كرد,25,2025-05-25 08:21:00,EPMOC,146-200,فرودگاه مهرآباد,Domestic Departure,2025-05-25 08:10:00,2025-05-25 08:21:00,2025-05-25 08:10:00,2025-05-25 08:21:00,0 days 00:11:00,11.0,Sunday,0,0,0,0,Spring,Morning,On Time,1,8
2025-05-25 08:15:00,ماهان,IRM1039,مشهد,پرواز كرد,23,2025-05-25 08:27:00,EPMOH,RJ100,فرودگاه مهرآباد,Domestic Departure,2025-05-25 08:15:00,2025-05-25 08:27:00,2025-05-25 08:15:00,2025-05-25 08:27:00,0 days 00:12:00,12.0,Sunday,0,0,0,0,Spring,Morning,On Time,1,8
2025-05-25 08:20:00,آتا,TBZ5659,كيش,پرواز كرد,"12, 13",2025-05-25 13:31:00,EPTAL,MD83,فرودگاه مهرآباد,Domestic Departure,2025-05-25 08:20:00,2025-05-25 13:31:00,2025-05-25 08:20:00,2025-05-25 13:31:00,0 days 05:11:00,311.0,Sunday,0,0,0,0,Spring,Morning,Late,1,8
2025-05-25 08:30:00,زاگرس,IZG4030,كيش,پرواز كرد,3,2025-05-25 09:07:00,EPZAQ,MD83,فرودگاه مهرآباد,Domestic Departure,2025-05-25 08:30:00,2025-05-25 09:07:00,2025-05-25 08:30:00,2025-05-25 09:07:00,0 days 00:37:00,37.0,Sunday,0,0,0,0,Spring,Morning,Late,1,8
2025-05-25 08:50:00,آتا,TBZ5611,شیراز,پرواز كرد,"26, 27",2025-05-25 09:25:00,EPTAM,MD83,فرودگاه مهرآباد,Domestic Departure,2025-05-25 08:50:00,2025-05-25 09:25:00,2025-05-25 08:50:00,2025-05-25 09:25:00,0 days 00:35:00,35.0,Sunday,0,0,0,0,Spring,Morning,Late,1,8
2025-05-25 09:05:00,آتا,TBZ5631,اهواز,پرواز كرد,24,2025-05-25 10:41:00,EPTAZ,md88,فرودگاه مهرآباد,Domestic Departure,2025-05-25 09:05:00,2025-05-25 10:41:00,2025-05-25 09:05:00,2025-05-25 10:41:00,0 days 01:36:00,96.0,Sunday,0,0,0,0,Spring,Morning,Late,1,9
2025-05-25 09:15:00,ماهان,IRM1043,كيش,پرواز كرد,"20, 21, 22",2025-05-25 09:32:00,EPMJA,A340,فرودگاه مهرآباد,Domestic Departure,2025-05-25 09:15:00,2025-05-25 09:32:00,2025-05-25 09:15:00,2025-05-25 09:32:00,0 days 00:17:00,17.0,Sunday,0,0,0,0,Spring,Morning,Late,1,9
2025-05-25 09:20:00,زاگرس,IZG4042,مشهد,پرواز كرد,5,2025-05-25 09:35:00,EPZAE,MD82,فرودگاه مهرآباد,Domestic Departure,2025-05-25 09:20:00,2025-05-25 09:35:00,2025-05-25 09:20:00,2025-05-25 09:35:00,0 days 00:15:00,15.0,Sunday,0,0,0,0,Spring,Morning,On Time,1,9
2025-05-25 09:20:00,قشم ایر,QSM1210,اهواز,پرواز كرد,"16, 17",2025-05-25 09:39:00,EPFQI,F100,فرودگاه مهرآباد,Domestic Departure,2025-05-25 09:20:00,2025-05-25 09:39:00,2025-05-25 09:20:00,2025-05-25 09:39:00,0 days 00:19:00,19.0,Sunday,0,0,0,0,Spring,Morning,Late,1,9
2025-05-25 09:25:00,رایمون,RAI7514,عسلویه,پرواز كرد,"3, 4",2025-05-25 09:29:00,EPNEA,EMB145,فرودگاه مهرآباد,Domestic Departure,2025-05-25 09:25:00,2025-05-25 09:29:00,2025-05-25 09:25:00,2025-05-25 09:29:00,0 days 00:04:00,4.0,Sunday,0,0,0,0,Spring,Morning,On Time,1,9
2025-05-25 09:30:00,پويا,PYA2312,مشهد,پرواز كرد,15,2025-05-25 09:48:00,EPPUR,EMB145,فرودگاه مهرآباد,Domestic Departure,2025-05-25 09:30:00,2025-05-25 09:48:00,2025-05-25 09:30:00,2025-05-25 09:48:00,0 days 00:18:00,18.0,Sunday,0,0,0,0,Spring,Morning,Late,1,9
2025-05-25 09:40:00,چابهار,IRU7640,مشهد,پرواز كرد,4,2025-05-25 10:10:00,EPSEB,MD83,فرودگاه مهرآباد,Domestic Departure,2025-05-25 09:40:00,2025-05-25 10:10:00,2025-05-25 09:40:00,2025-05-25 10:10:00,0 days 00:30:00,30.0,Sunday,0,0,0,0,Spring,Morning,Late,1,9
2025-05-25 09:50:00,اطلس ایر,ATS8270,مشهد,پرواز كرد,"14, 15",2025-05-25 10:01:00,EPTHI,RJ85,فرودگاه مهرآباد,Domestic Departure,2025-05-25 09:50:00,2025-05-25 10:01:00,2025-05-25 09:50:00,2025-05-25 10:01:00,0 days 00:11:00,11.0,Sunday,0,0,0,0,Spring,Morning,On Time,1,9
2025-05-25 10:00:00,وارش,VRH5840,مشهد,پرواز كرد,3,2025-05-25 11:21:00,EPVBM,B737,فرودگاه مهرآباد,Domestic Departure,2025-05-25 10:00:00,2025-05-25 11:21:00,2025-05-25 10:00:00,2025-05-25 11:21:00,0 days 01:21:00,81.0,Sunday,0,0,0,0,Spring,Morning,Late,1,10
2025-05-25 10:00:00,ایران ایرتور,IRB940,قشم,پرواز كرد,"7, 8",2025-05-25 10:27:00,EPMDE,MD83,فرودگاه مهرآباد,Domestic Departure,2025-05-25 10:00:00,2025-05-25 10:27:00,2025-05-25 10:00:00,2025-05-25 10:27:00,0 days 00:27:00,27.0,Sunday,0,0,0,0,Spring,Morning,Late,1,10
2025-05-25 10:20:00,آتا,TBZ5613,مشهد,پرواز كرد,"12, 13",2025-05-25 11:35:00,EPTAJ,MD82,فرودگاه مهرآباد,Domestic Departure,2025-05-25 10:20:00,2025-05-25 11:35:00,2025-05-25 10:20:00,2025-05-25 11:35:00,0 days 01:15:00,75.0,Sunday,0,0,0,0,Spring,Morning,Late,1,10
2025-05-25 10:30:00,یزد ایر,DZD9403,رشت,پرواز كرد,"10, 11",2025-05-25 10:36:00,EPDZH,RJ85,فرودگاه مهرآباد,Domestic Departure,2025-05-25 10:30:00,2025-05-25 10:36:00,2025-05-25 10:30:00,2025-05-25 10:36:00,0 days 00:06:00,6.0,Sunday,0,0,0,0,Spring,Morning,On Time,1,10
2025-05-25 10:35:00,پارس ایر,PRS4488,طبس,پرواز كرد,19,2025-05-25 10:39:00,EPPRA,CRJ200,فرودگاه مهرآباد,Domestic Departure,2025-05-25 10:35:00,2025-05-25 10:39:00,2025-05-25 10:35:00,2025-05-25 10:39:00,0 days 00:04:00,4.0,Sunday,0,0,0,0,Spring,Morning,On Time,1,10
2025-05-25 10:35:00,آتا,TBZ5627,اهواز,پرواز كرد,"28, 29",2025-05-25 13:16:00,EPTAO,MD83,فرودگاه مهرآباد,Domestic Departure,2025-05-25 10:35:00,2025-05-25 13:16:00,2025-05-25 10:35:00,2025-05-25 13:16:00,0 days 02:41:00,161.0,Sunday,0,0,0,0,Spring,Morning,Late,1,10
2025-05-25 10:40:00,چابهار,IRU7610,مشهد,پرواز كرد,5,2025-05-25 10:59:00,EPCBD,MD82,فرودگاه مهرآباد,Domestic Departure,2025-05-25 10:40:00,2025-05-25 10:59:00,2025-05-25 10:40:00,2025-05-25 10:59:00,0 days 00:19:00,19.0,Sunday,0,0,0,0,Spring,Morning,Late,1,10
2025-05-25 10:45:00,ایران ایر,IRA5393,همدان,پرواز كرد,4,2025-05-25 14:34:00,EPITI,ATR,فرودگاه مهرآباد,Domestic Departure,2025-05-25 10:45:00,2025-05-25 14:34:00,2025-05-25 10:45:00,2025-05-25 14:34:00,0 days 03:49:00,229.0,Sunday,0,0,0,0,Spring,Morning,Late,1,10
2025-05-25 10:50:00,آتا,TBZ5629,مشهد,پرواز كرد,"28, 29",2025-05-25 11:12:00,EPTAH,MD83,فرودگاه مهرآباد,Domestic Departure,2025-05-25 10:50:00,2025-05-25 11:12:00,2025-05-25 10:50:00,2025-05-25 11:12:00,0 days 00:22:00,22.0,Sunday,0,0,0,0,Spring,Morning,Late,1,10
2025-05-25 10:50:00,ایران ایر,IRA350,كيش,پرواز كرد,3,2025-05-25 11:26:00,EPCFR,F100,فرودگاه مهرآباد,Domestic Departure,2025-05-25 10:50:00,2025-05-25 11:26:00,2025-05-25 10:50:00,2025-05-25 11:26:00,0 days 00:36:00,36.0,Sunday,0,0,0,0,Spring,Morning,Late,1,10
2025-05-25 11:00:00,آتا,TBZ5600,تبریز,پرواز كرد,11,2025-05-25 11:46:00,EPEMB,EMB145,فرودگاه مهرآباد,Domestic Departure,2025-05-25 11:00:00,2025-05-25 11:46:00,2025-05-25 11:00:00,2025-05-25 11:46:00,0 days 00:46:00,46.0,Sunday,0,0,0,0,Spring,Morning,Late,1,11
2025-05-25 11:20:00,قشم ایر,QSM1291,کرمانشاه,پرواز كرد,"16, 17",2025-05-25 11:53:00,EPFQU,RJ100,فرودگاه مهرآباد,Domestic Departure,2025-05-25 11:20:00,2025-05-25 11:53:00,2025-05-25 11:20:00,2025-05-25 11:53:00,0 days 00:33:00,33.0,Sunday,0,0,0,0,Spring,Morning,Late,1,11
2025-05-25 11:30:00,ایران ایر,IRA3385,سهند,پرواز كرد,1,2025-05-25 11:58:00,EPITM,ATR,فرودگاه مهرآباد,Domestic Departure,2025-05-25 11:30:00,2025-05-25 11:58:00,2025-05-25 11:30:00,2025-05-25 11:58:00,0 days 00:28:00,28.0,Sunday,0,0,0,0,Spring,Morning,Late,1,11
2025-05-25 12:00:00,آتا,TBZ5604,تبریز,پرواز كرد,"24, 25",2025-05-25 14:39:00,EPTAR,MD83,فرودگاه مهرآباد,Domestic Departure,2025-05-25 12:00:00,2025-05-25 14:39:00,2025-05-25 12:00:00,2025-05-25 14:39:00,0 days 02:39:00,159.0,Sunday,0,0,0,0,Spring,Afternoon,Late,1,12
2025-05-25 12:50:00,آتا,TBZ5698,مشهد,پرواز كرد,"12, 13",2025-05-25 13:18:00,EPTAQ,MD83,فرودگاه مهرآباد,Domestic Departure,2025-05-25 12:50:00,2025-05-25 13:18:00,2025-05-25 12:50:00,2025-05-25 13:18:00,0 days 00:28:00,28.0,Sunday,0,0,0,0,Spring,Afternoon,Late,1,12
2025-05-25 13:00:00,فلای پرشیا,FPI7446,عسلویه,پرواز كرد,"18, 19",2025-05-25 13:02:00,EPFPA,737-700,فرودگاه مهرآباد,Domestic Departure,2025-05-25 13:00:00,2025-05-25 13:02:00,2025-05-25 13:00:00,2025-05-25 13:02:00,0 days 00:02:00,2.0,Sunday,0,0,0,0,Spring,Afternoon,On Time,1,13
2025-05-25 13:30:00,آتا,TBZ5619,مشهد,پرواز كرد,"26, 27",2025-05-25 13:52:00,EPTAM,MD83,فرودگاه مهرآباد,Domestic Departure,2025-05-25 13:30:00,2025-05-25 13:52:00,2025-05-25 13:30:00,2025-05-25 13:52:00,0 days 00:22:00,22.0,Sunday,0,0,0,0,Spring,Afternoon,Late,1,13
2025-05-25 13:30:00,ماهان,IRM4522,یاسوج,پرواز كرد,24,2025-05-25 13:34:00,EPMEA,RJ85,فرودگاه مهرآباد,Domestic Departure,2025-05-25 13:30:00,2025-05-25 13:34:00,2025-05-25 13:30:00,2025-05-25 13:34:00,0 days 00:04:00,4.0,Sunday,0,0,0,0,Spring,Afternoon,On Time,1,13
2025-05-25 13:40:00,آتا,TBZ5719,مشهد,پرواز كرد,"24, 25",2025-05-25 17:39:00,EPTAO,MD83,فرودگاه مهرآباد,Domestic Departure,2025-05-25 13:40:00,2025-05-25 17:39:00,2025-05-25 13:40:00,2025-05-25 17:39:00,0 days 03:59:00,239.0,Sunday,0,0,0,0,Spring,Afternoon,Late,1,13
2025-05-25 14:00:00,ماهان,IRM1004,ارومیه,پرواز كرد,23,2025-05-25 14:30:00,EPMOC,146-200,فرودگاه مهرآباد,Domestic Departure,2025-05-25 14:00:00,2025-05-25 14:30:00,2025-05-25 14:00:00,2025-05-25 14:30:00,0 days 00:30:00,30.0,Sunday,0,0,0,0,Spring,Afternoon,Late,1,14
2025-05-25 14:15:00,ماهان,IRM1006,خرم‌آباد,پرواز كرد,25,2025-05-25 14:40:00,EPMOH,rj100,فرودگاه مهرآباد,Domestic Departure,2025-05-25 14:15:00,2025-05-25 14:40:00,2025-05-25 14:15:00,2025-05-25 14:40:00,0 days 00:25:00,25.0,Sunday,0,0,0,0,Spring,Afternoon,Late,1,14
2025-05-25 14:25:00,پارس ایر,PRS4480,مشهد,پرواز كرد,20,2025-05-25 15:00:00,EPPRA,CRJ200,فرودگاه مهرآباد,Domestic Departure,2025-05-25 14:25:00,2025-05-25 15:00:00,2025-05-25 14:25:00,2025-05-25 15:00:00,0 days 00:35:00,35.0,Sunday,0,0,0,0,Spring,Afternoon,Late,1,14
2025-05-25 14:40:00,قشم ایر,QSM1240,قشم,پرواز كرد,"21, 22",2025-05-25 14:44:00,EPFQI,F100,فرودگاه مهرآباد,Domestic Departure,2025-05-25 14:40:00,2025-05-25 14:44:00,2025-05-25 14:40:00,2025-05-25 14:44:00,0 days 00:04:00,4.0,Sunday,0,0,0,0,Spring,Afternoon,On Time,1,14
2025-05-25 15:45:00,ایران ایرتور,IRB946,تبریز,پرواز كرد,"9, 10",2025-05-25 16:12:00,EPMDF,MD83,فرودگاه مهرآباد,Domestic Departure,2025-05-25 15:45:00,2025-05-25 16:12:00,2025-05-25 15:45:00,2025-05-25 16:12:00,0 days 00:27:00,27.0,Sunday,0,0,0,0,Spring,Afternoon,Late,1,15
2025-05-25 15:50:00,کاسپین,CPN6936,قشم,پرواز كرد,"10, 11",2025-05-25 16:22:00,EPCPD,MD83,فرودگاه مهرآباد,Domestic Departure,2025-05-25 15:50:00,2025-05-25 16:22:00,2025-05-25 15:50:00,2025-05-25 16:22:00,0 days 00:32:00,32.0,Sunday,0,0,0,0,Spring,Afternoon,Late,1,15
2025-05-25 15:55:00,کاسپین,CPN036,ارومیه,پرواز كرد,"12, 13",2025-05-25 16:01:00,EPKPC,737,فرودگاه مهرآباد,Domestic Departure,2025-05-25 15:55:00,2025-05-25 16:01:00,2025-05-25 15:55:00,2025-05-25 16:01:00,0 days 00:06:00,6.0,Sunday,0,0,0,0,Spring,Afternoon,On Time,1,15
2025-05-25 16:00:00,آتا,TBZ5664,کرمان,پرواز كرد,"12, 13",2025-05-25 17:08:00,EPTAH,B737,فرودگاه مهرآباد,Domestic Departure,2025-05-25 16:00:00,2025-05-25 17:08:00,2025-05-25 16:00:00,2025-05-25 17:08:00,0 days 01:08:00,68.0,Sunday,0,0,0,0,Spring,Afternoon,Late,1,16
2025-05-25 16:00:00,کاسپین,CPN024,مشهد,پرواز كرد,"6, 7",2025-05-25 16:23:00,EPCPU,MD83,فرودگاه مهرآباد,Domestic Departure,2025-05-25 16:00:00,2025-05-25 16:23:00,2025-05-25 16:00:00,2025-05-25 16:23:00,0 days 00:23:00,23.0,Sunday,0,0,0,0,Spring,Afternoon,Late,1,16
2025-05-25 16:10:00,ایران ایرتور,IRB960,مشهد,پرواز كرد,"7, 8",2025-05-25 16:49:00,EPMDE,MD83,فرودگاه مهرآباد,Domestic Departure,2025-05-25 16:10:00,2025-05-25 16:49:00,2025-05-25 16:10:00,2025-05-25 16:49:00,0 days 00:39:00,39.0,Sunday,0,0,0,0,Spring,Afternoon,Late,1,16
2025-05-25 16:30:00,اطلس ایر,ATS8288,مشهد,پرواز كرد,"16, 17",2025-05-25 16:52:00,EPLEE,737-700,فرودگاه مهرآباد,Domestic Departure,2025-05-25 16:30:00,2025-05-25 16:52:00,2025-05-25 16:30:00,2025-05-25 16:52:00,0 days 00:22:00,22.0,Sunday,0,0,0,0,Spring,Afternoon,Late,1,16
2025-05-25 16:30:00,ماهان,IRM1067,کرمان,پرواز كرد,23,2025-05-25 16:42:00,EPMEU,RJ85,فرودگاه مهرآباد,Domestic Departure,2025-05-25 16:30:00,2025-05-25 16:42:00,2025-05-25 16:30:00,2025-05-25 16:42:00,0 days 00:12:00,12.0,Sunday,0,0,0,0,Spring,Afternoon,On Time,1,16
2025-05-25 16:40:00,آتا,TBZ5670,یزد,پرواز كرد,"26, 27",2025-05-25 17:31:00,EPTAJ,MD82,فرودگاه مهرآباد,Domestic Departure,2025-05-25 16:40:00,2025-05-25 17:31:00,2025-05-25 16:40:00,2025-05-25 17:31:00,0 days 00:51:00,51.0,Sunday,0,0,0,0,Spring,Afternoon,Late,1,16
2025-05-25 16:50:00,آتا,TBZ5623,شیراز,پرواز كرد,"28, 29",2025-05-25 19:12:00,EPTAF,737,فرودگاه مهرآباد,Domestic Departure,2025-05-25 16:50:00,2025-05-25 19:12:00,2025-05-25 16:50:00,2025-05-25 19:12:00,0 days 02:22:00,142.0,Sunday,0,0,0,0,Spring,Afternoon,Late,1,16
2025-05-25 16:55:00,آتا,TBZ5668,تبریز,پرواز كرد,11,2025-05-25 19:14:00,EPTAL,MD83,فرودگاه مهرآباد,Domestic Departure,2025-05-25 16:55:00,2025-05-25 19:14:00,2025-05-25 16:55:00,2025-05-25 19:14:00,0 days 02:19:00,139.0,Sunday,0,0,0,0,Spring,Afternoon,Late,1,16
2025-05-25 17:00:00,ایران ایر,IRA216,بیرجند,پرواز كرد,4,2025-05-25 17:27:00,EPCFM,F100,فرودگاه مهرآباد,Domestic Departure,2025-05-25 17:00:00,2025-05-25 17:27:00,2025-05-25 17:00:00,2025-05-25 17:27:00,0 days 00:27:00,27.0,Sunday,0,0,0,0,Spring,Evening,Late,1,17
2025-05-25 17:00:00,زاگرس,IZG4020,اهواز,پرواز كرد,3,2025-05-25 17:14:00,EPZAQ,MD83,فرودگاه مهرآباد,Domestic Departure,2025-05-25 17:00:00,2025-05-25 17:14:00,2025-05-25 17:00:00,2025-05-25 17:14:00,0 days 00:14:00,14.0,Sunday,0,0,0,0,Spring,Evening,On Time,1,17
2025-05-25 17:05:00,کارون,KRU2608,یزد,پرواز كرد,"14, 15",2025-05-25 17:10:00,EPJIA,B737,فرودگاه مهرآباد,Domestic Departure,2025-05-25 17:05:00,2025-05-25 17:10:00,2025-05-25 17:05:00,2025-05-25 17:10:00,0 days 00:05:00,5.0,Sunday,0,0,0,0,Spring,Evening,On Time,1,17
2025-05-25 17:10:00,پارس ایر,PRS4494,آبادان,پرواز كرد,"19, 20",2025-05-25 17:26:00,EPPAO,737,فرودگاه مهرآباد,Domestic Departure,2025-05-25 17:10:00,2025-05-25 17:26:00,2025-05-25 17:10:00,2025-05-25 17:26:00,0 days 00:16:00,16.0,Sunday,0,0,0,0,Spring,Evening,Late,1,17
2025-05-25 17:10:00,پويا,PYA2340,شیراز,پرواز كرد,"15, 16",2025-05-25 17:34:00,EPPUR,EMB145,فرودگاه مهرآباد,Domestic Departure,2025-05-25 17:10:00,2025-05-25 17:34:00,2025-05-25 17:10:00,2025-05-25 17:34:00,0 days 00:24:00,24.0,Sunday,0,0,0,0,Spring,Evening,Late,1,17
2025-05-25 17:25:00,کاسپین,CPN044,كيش,پرواز كرد,"10, 11",2025-05-25 17:42:00,EPCAS,MD83,فرودگاه مهرآباد,Domestic Departure,2025-05-25 17:25:00,2025-05-25 17:42:00,2025-05-25 17:25:00,2025-05-25 17:42:00,0 days 00:17:00,17.0,Sunday,0,0,0,0,Spring,Evening,Late,1,17
2025-05-25 17:25:00,آسمان,IRC600,مشهد,پرواز كرد,28,2025-05-25 17:45:00,EPASR,F100,فرودگاه مهرآباد,Domestic Departure,2025-05-25 17:25:00,2025-05-25 17:45:00,2025-05-25 17:25:00,2025-05-25 17:45:00,0 days 00:20:00,20.0,Sunday,0,0,0,0,Spring,Evening,Late,1,17
2025-05-25 17:45:00,کارون,KRU2668,اهواز,پرواز كرد,"16, 17",2025-05-25 17:49:00,EPAWZ,F100,فرودگاه مهرآباد,Domestic Departure,2025-05-25 17:45:00,2025-05-25 17:49:00,2025-05-25 17:45:00,2025-05-25 17:49:00,0 days 00:04:00,4.0,Sunday,0,0,0,0,Spring,Evening,On Time,1,17
2025-05-25 18:00:00,یزد ایر,DZD9441,یزد,پرواز كرد,"12, 13",2025-05-25 18:57:00,EPMOC,146-200,فرودگاه مهرآباد,Domestic Departure,2025-05-25 18:00:00,2025-05-25 18:57:00,2025-05-25 18:00:00,2025-05-25 18:57:00,0 days 00:57:00,57.0,Sunday,0,0,0,0,Spring,Evening,Late,1,18
2025-05-25 18:00:00,تابان,TBN6256,مشهد,پرواز كرد,"3, 4",2025-05-25 18:40:00,EPSMA,MD.88,فرودگاه مهرآباد,Domestic Departure,2025-05-25 18:00:00,2025-05-25 18:40:00,2025-05-25 18:00:00,2025-05-25 18:40:00,0 days 00:40:00,40.0,Sunday,0,0,0,0,Spring,Evening,Late,1,18
2025-05-25 18:10:00,چابهار,IRU7636,کرمانشاه,پرواز كرد,3,2025-05-25 18:44:00,EPSEB,MD83,فرودگاه مهرآباد,Domestic Departure,2025-05-25 18:10:00,2025-05-25 18:44:00,2025-05-25 18:10:00,2025-05-25 18:44:00,0 days 00:34:00,34.0,Sunday,0,0,0,0,Spring,Evening,Late,1,18
2025-05-25 18:10:00,ایران ایر,IRA262,مشهد,پرواز كرد,"7, 8",2025-05-25 18:35:00,EPIEQ,A319,فرودگاه مهرآباد,Domestic Departure,2025-05-25 18:10:00,2025-05-25 18:35:00,2025-05-25 18:10:00,2025-05-25 18:35:00,0 days 00:25:00,25.0,Sunday,0,0,0,0,Spring,Evening,Late,1,18
2025-05-25 18:15:00,ماهان,IRM1026,اردبیل,پرواز كرد,24,2025-05-25 18:25:00,EPMOI,RJ100,فرودگاه مهرآباد,Domestic Departure,2025-05-25 18:15:00,2025-05-25 18:25:00,2025-05-25 18:15:00,2025-05-25 18:25:00,0 days 00:10:00,10.0,Sunday,0,0,0,0,Spring,Evening,On Time,1,18
2025-05-25 18:20:00,ماهان,IRM1055,کرمان,پرواز كرد,25,2025-05-25 18:24:00,EPMEB,RJ85,فرودگاه مهرآباد,Domestic Departure,2025-05-25 18:20:00,2025-05-25 18:24:00,2025-05-25 18:20:00,2025-05-25 18:24:00,0 days 00:04:00,4.0,Sunday,0,0,0,0,Spring,Evening,On Time,1,18
2025-05-25 18:25:00,ایران ایر,IRA419,اهواز,پرواز كرد,"9, 10",2025-05-25 18:52:00,EPIEP,A319,فرودگاه مهرآباد,Domestic Departure,2025-05-25 18:25:00,2025-05-25 18:52:00,2025-05-25 18:25:00,2025-05-25 18:52:00,0 days 00:27:00,27.0,Sunday,0,0,0,0,Spring,Evening,Late,1,18
2025-05-25 18:30:00,ماهان,IRM1081,مشهد,پرواز كرد,20,2025-05-25 18:31:00,EPMEA,RJ85,فرودگاه مهرآباد,Domestic Departure,2025-05-25 18:30:00,2025-05-25 18:31:00,2025-05-25 18:30:00,2025-05-25 18:31:00,0 days 00:01:00,1.0,Sunday,0,0,0,0,Spring,Evening,On Time,1,18
2025-05-25 18:35:00,آتا,TBZ5646,تبریز,پرواز كرد,"24, 25",2025-05-25 21:39:00,EPTAU,MD83,فرودگاه مهرآباد,Domestic Departure,2025-05-25 18:35:00,2025-05-25 21:39:00,2025-05-25 18:35:00,2025-05-25 21:39:00,0 days 03:04:00,184.0,Sunday,0,0,0,0,Spring,Evening,Late,1,18
2025-05-25 18:35:00,پارس ایر,PRS4426,شیراز,پرواز كرد,18,2025-05-25 19:41:00,EPPRA,CRJ200,فرودگاه مهرآباد,Domestic Departure,2025-05-25 18:35:00,2025-05-25 19:41:00,2025-05-25 18:35:00,2025-05-25 19:41:00,0 days 01:06:00,66.0,Sunday,0,0,0,0,Spring,Evening,Late,1,18
2025-05-25 18:40:00,پارس ایر,PRS5400,مشهد,پرواز كرد,"21, 22",2025-05-25 18:47:00,EPPAM,737-700,فرودگاه مهرآباد,Domestic Departure,2025-05-25 18:40:00,2025-05-25 18:47:00,2025-05-25 18:40:00,2025-05-25 18:47:00,0 days 00:07:00,7.0,Sunday,0,0,0,0,Spring,Evening,On Time,1,18
2025-05-25 18:40:00,وارش,VRH5896,ماهشهر,پرواز كرد,5,2025-05-25 19:00:00,EPVAF,B737,فرودگاه مهرآباد,Domestic Departure,2025-05-25 18:40:00,2025-05-25 19:00:00,2025-05-25 18:40:00,2025-05-25 19:00:00,0 days 00:20:00,20.0,Sunday,0,0,0,0,Spring,Evening,Late,1,18
2025-05-25 18:55:00,قشم ایر,QSM1288,کرمان,پرواز كرد,"21, 22",2025-05-25 19:07:00,EPFQF,F100,فرودگاه مهرآباد,Domestic Departure,2025-05-25 18:55:00,2025-05-25 19:07:00,2025-05-25 18:55:00,2025-05-25 19:07:00,0 days 00:12:00,12.0,Sunday,0,0,0,0,Spring,Evening,On Time,1,18
2025-05-25 19:00:00,اطلس ایر,ATS8291,مشهد,پرواز كرد,"14, 15",2025-05-25 19:04:00,EPSAP,MD83,فرودگاه مهرآباد,Domestic Departure,2025-05-25 19:00:00,2025-05-25 19:04:00,2025-05-25 19:00:00,2025-05-25 19:04:00,0 days 00:04:00,4.0,Sunday,0,0,0,0,Spring,Evening,On Time,1,19
2025-05-25 19:00:00,وارش,VRH5814,بندرعباس,پرواز كرد,4,2025-05-25 19:16:00,EPVAR,B737,فرودگاه مهرآباد,Domestic Departure,2025-05-25 19:00:00,2025-05-25 19:16:00,2025-05-25 19:00:00,2025-05-25 19:16:00,0 days 00:16:00,16.0,Sunday,0,0,0,0,Spring,Evening,Late,1,19
2025-05-25 19:15:00,تابان,TBN6326,مشهد,پرواز كرد,"3, 4",2025-05-25 19:29:00,EPTBB,MD.88,فرودگاه مهرآباد,Domestic Departure,2025-05-25 19:15:00,2025-05-25 19:29:00,2025-05-25 19:15:00,2025-05-25 19:29:00,0 days 00:14:00,14.0,Sunday,0,0,0,0,Spring,Evening,On Time,1,19
2025-05-25 19:25:00,آتا,TBZ5729,مشهد,پرواز كرد,"12, 13",2025-05-25 20:08:00,EPTAN,MD83,فرودگاه مهرآباد,Domestic Departure,2025-05-25 19:25:00,2025-05-25 20:08:00,2025-05-25 19:25:00,2025-05-25 20:08:00,0 days 00:43:00,43.0,Sunday,0,0,0,0,Spring,Evening,Late,1,19
2025-05-25 19:40:00,فلای پرشیا,FPI7401,شیراز,پرواز كرد,"18, 19",2025-05-25 19:58:00,EPFPA,737-700,فرودگاه مهرآباد,Domestic Departure,2025-05-25 19:40:00,2025-05-25 19:58:00,2025-05-25 19:40:00,2025-05-25 19:58:00,0 days 00:18:00,18.0,Sunday,0,0,0,0,Spring,Evening,Late,1,19
2025-05-25 20:05:00,کیش ایر,KIS7035,اصفهان,پرواز كرد,10,2025-05-25 20:13:00,EPLCO,MD83,فرودگاه مهرآباد,Domestic Departure,2025-05-25 20:05:00,2025-05-25 20:13:00,2025-05-25 20:05:00,2025-05-25 20:13:00,0 days 00:08:00,8.0,Sunday,0,0,0,0,Spring,Evening,On Time,1,20
2025-05-25 20:05:00,چابهار,IRU7612,زاهدان,پرواز كرد,6,2025-05-25 20:10:00,EPCBD,MD83,فرودگاه مهرآباد,Domestic Departure,2025-05-25 20:05:00,2025-05-25 20:10:00,2025-05-25 20:05:00,2025-05-25 20:10:00,0 days 00:05:00,5.0,Sunday,0,0,0,0,Spring,Evening,On Time,1,20
2025-05-25 20:15:00,کیش ایر,KIS7081,كيش,پرواز كرد,9,2025-05-25 20:30:00,EPLCK,MD83,فرودگاه مهرآباد,Domestic Departure,2025-05-25 20:15:00,2025-05-25 20:30:00,2025-05-25 20:15:00,2025-05-25 20:30:00,0 days 00:15:00,15.0,Sunday,0,0,0,0,Spring,Evening,On Time,1,20
2025-05-25 20:25:00,کیش ایر,KIS7053,كيش,پرواز كرد,11,2025-05-25 20:26:00,EPLCL,MD83,فرودگاه مهرآباد,Domestic Departure,2025-05-25 20:25:00,2025-05-25 20:26:00,2025-05-25 20:25:00,2025-05-25 20:26:00,0 days 00:01:00,1.0,Sunday,0,0,0,0,Spring,Evening,On Time,1,20
2025-05-25 20:35:00,ماهان,IRM1037,مشهد,پرواز كرد,"21, 22, 23",2025-05-25 20:53:00,EPMEE,747,فرودگاه مهرآباد,Domestic Departure,2025-05-25 20:35:00,2025-05-25 20:53:00,2025-05-25 20:35:00,2025-05-25 20:53:00,0 days 00:18:00,18.0,Sunday,0,0,0,0,Spring,Evening,Late,1,20
2025-05-25 20:45:00,کیش ایر,KIS7069,مشهد,پرواز كرد,12,2025-05-25 21:19:00,EPLCJ,MD82,فرودگاه مهرآباد,Domestic Departure,2025-05-25 20:45:00,2025-05-25 21:19:00,2025-05-25 20:45:00,2025-05-25 21:19:00,0 days 00:34:00,34.0,Sunday,0,0,0,0,Spring,Evening,Late,1,20
2025-05-25 20:50:00,کارون,KRU2620,اهواز,پرواز كرد,"14, 15",2025-05-25 21:20:00,EPJIA,737,فرودگاه مهرآباد,Domestic Departure,2025-05-25 20:50:00,2025-05-25 21:20:00,2025-05-25 20:50:00,2025-05-25 21:20:00,0 days 00:30:00,30.0,Sunday,0,0,0,0,Spring,Evening,Late,1,20
2025-05-25 21:00:00,زاگرس,IZG4050,بندرعباس,پرواز كرد,3,2025-05-25 21:36:00,EPZAQ,MD83,فرودگاه مهرآباد,Domestic Departure,2025-05-25 21:00:00,2025-05-25 21:36:00,2025-05-25 21:00:00,2025-05-25 21:36:00,0 days 00:36:00,36.0,Sunday,0,0,0,0,Spring,Night,Late,1,21
2025-05-25 21:05:00,ایران ایرتور,IRB966,مشهد,پرواز كرد,"7, 8",2025-05-25 22:45:00,EPMDC,MD82,فرودگاه مهرآباد,Domestic Departure,2025-05-25 21:05:00,2025-05-25 22:45:00,2025-05-25 21:05:00,2025-05-25 22:45:00,0 days 01:40:00,100.0,Sunday,0,0,0,0,Spring,Night,Late,1,21
2025-05-25 21:10:00,رایمون,RAI7510,رشت,پرواز كرد,"3, 4",2025-05-25 21:20:00,EPNEA,EMB145,فرودگاه مهرآباد,Domestic Departure,2025-05-25 21:10:00,2025-05-25 21:20:00,2025-05-25 21:10:00,2025-05-25 21:20:00,0 days 00:10:00,10.0,Sunday,0,0,0,0,Spring,Night,On Time,1,21
2025-05-25 21:15:00,معراج,MRJ2804,مشهد,پرواز كرد,"18, 19",2025-05-25 22:00:00,EPSSN,A321,فرودگاه مهرآباد,Domestic Departure,2025-05-25 21:15:00,2025-05-25 22:00:00,2025-05-25 21:15:00,2025-05-25 22:00:00,0 days 00:45:00,45.0,Sunday,0,0,0,0,Spring,Night,Late,1,21
2025-05-25 21:20:00,کاسپین,CPN6900,بوشهر,پرواز كرد,"12, 13",2025-05-25 21:30:00,EPCPD,MD83,فرودگاه مهرآباد,Domestic Departure,2025-05-25 21:20:00,2025-05-25 21:30:00,2025-05-25 21:20:00,2025-05-25 21:30:00,0 days 00:10:00,10.0,Sunday,0,0,0,0,Spring,Night,On Time,1,21
2025-05-25 21:50:00,چابهار,IRU7642,اهواز,پرواز كرد,5,2025-05-25 22:58:00,EPSEB,MD83,فرودگاه مهرآباد,Domestic Departure,2025-05-25 21:50:00,2025-05-25 22:58:00,2025-05-25 21:50:00,2025-05-25 22:58:00,0 days 01:08:00,68.0,Sunday,0,0,0,0,Spring,Night,Late,1,21
2025-05-25 22:00:00,کارون,KRU2610,دزفول,پرواز كرد,"14, 15",2025-05-25 22:05:00,EPAWZ,F100,فرودگاه مهرآباد,Domestic Departure,2025-05-25 22:00:00,2025-05-25 22:05:00,2025-05-25 22:00:00,2025-05-25 22:05:00,0 days 00:05:00,5.0,Sunday,0,0,0,0,Spring,Night,On Time,1,22
2025-05-25 22:05:00,آتا,TBZ5635,اهواز,پرواز كرد,"28, 29",2025-05-25 23:52:00,EPTAF,737,فرودگاه مهرآباد,Domestic Departure,2025-05-25 22:05:00,2025-05-25 23:52:00,2025-05-25 22:05:00,2025-05-25 23:52:00,0 days 01:47:00,107.0,Sunday,0,0,0,0,Spring,Night,Late,1,22
2025-05-25 22:15:00,آسمان,IRC830,اهواز,پرواز كرد,28,2025-05-25 22:39:00,EPASR,F100,فرودگاه مهرآباد,Domestic Departure,2025-05-25 22:15:00,2025-05-25 22:39:00,2025-05-25 22:15:00,2025-05-25 22:39:00,0 days 00:24:00,24.0,Sunday,0,0,0,0,Spring,Night,Late,1,22
2025-05-25 22:30:00,یزد ایر,DZD9443,یزد,پرواز كرد,"10, 11",2025-05-25 23:12:00,EPMOC,146-200,فرودگاه مهرآباد,Domestic Departure,2025-05-25 22:30:00,2025-05-25 23:12:00,2025-05-25 22:30:00,2025-05-25 23:12:00,0 days 00:42:00,42.0,Sunday,0,0,0,0,Spring,Night,Late,1,22
2025-05-25 22:35:00,ماهان,IRM1071,زاهدان,پرواز كرد,20,2025-05-25 22:42:00,EPMEU,RJ85,فرودگاه مهرآباد,Domestic Departure,2025-05-25 22:35:00,2025-05-25 22:42:00,2025-05-25 22:35:00,2025-05-25 22:42:00,0 days 00:07:00,7.0,Sunday,0,0,0,0,Spring,Night,On Time,1,22
2025-05-25 23:10:00,وارش,VRH5902,مشهد,پرواز كرد,3,2025-05-25 23:34:00,EPVAF,B737,فرودگاه مهرآباد,Domestic Departure,2025-05-25 23:10:00,2025-05-25 23:34:00,2025-05-25 23:10:00,2025-05-25 23:34:00,0 days 00:24:00,24.0,Sunday,0,0,0,0,Spring,Night,Late,1,23
2025-05-25 21:00:00,تابان,TBN6233,شیراز,پرواز كرد,17,2025-05-25 21:15:00,,MD.88,فرودگاه مشهد,Domestic Departure,2025-05-25 21:00:00,2025-05-25 21:15:00,2025-05-25 21:00:00,2025-05-25 21:15:00,0 days 00:15:00,15.0,Sunday,0,0,0,0,Spring,Night,On Time,1,21
2025-05-25 21:00:00,آتا,TBZ5709,یزد,پرواز كرد,"13, 14",2025-05-25 22:00:00,,MD80,فرودگاه مشهد,Domestic Departure,2025-05-25 21:00:00,2025-05-25 22:00:00,2025-05-25 21:00:00,2025-05-25 22:00:00,0 days 01:00:00,60.0,Sunday,0,0,0,0,Spring,Night,Late,1,21
2025-05-25 21:00:00,ایران ایر,IRA387,بیرجند,پرواز كرد,"24, 25",2025-05-25 21:49:00,,F100,فرودگاه مشهد,Domestic Departure,2025-05-25 21:00:00,2025-05-25 21:49:00,2025-05-25 21:00:00,2025-05-25 21:49:00,0 days 00:49:00,49.0,Sunday,0,0,0,0,Spring,Night,Late,1,21
2025-05-25 21:00:00,ماهان,IRM1080,تهران,پرواز كرد,"1, 2",2025-05-25 21:30:00,,BAE100,فرودگاه مشهد,Domestic Departure,2025-05-25 21:00:00,2025-05-25 21:30:00,2025-05-25 21:00:00,2025-05-25 21:30:00,0 days 00:30:00,30.0,Sunday,0,0,0,0,Spring,Night,Late,1,21
2025-05-25 21:15:00,هواپیمایی اطلس,ATS8292,تهران,پرواز كرد,"7, 8",2025-05-25 21:45:00,,MD83,فرودگاه مشهد,Domestic Departure,2025-05-25 21:15:00,2025-05-25 21:45:00,2025-05-25 21:15:00,2025-05-25 21:45:00,0 days 00:30:00,30.0,Sunday,0,0,0,0,Spring,Night,Late,1,21
2025-05-25 21:30:00,تابان,TBN6325,تهران,پرواز كرد,19,2025-05-25 21:55:00,,MD.88,فرودگاه مشهد,Domestic Departure,2025-05-25 21:30:00,2025-05-25 21:55:00,2025-05-25 21:30:00,2025-05-25 21:55:00,0 days 00:25:00,25.0,Sunday,0,0,0,0,Spring,Night,Late,1,21
2025-05-25 21:50:00,آتا,TBZ5730,تهران,پرواز كرد,"11, 12",2025-05-25 22:40:00,,MD80,فرودگاه مشهد,Domestic Departure,2025-05-25 21:50:00,2025-05-25 22:40:00,2025-05-25 21:50:00,2025-05-25 22:40:00,0 days 00:50:00,50.0,Sunday,0,0,0,0,Spring,Night,Late,1,21
2025-05-25 22:10:00,سپهران,SHI4338,اهواز,پرواز كرد,"5, 6",2025-05-25 22:12:00,,B737,فرودگاه مشهد,Domestic Departure,2025-05-25 22:10:00,2025-05-25 22:12:00,2025-05-25 22:10:00,2025-05-25 22:12:00,0 days 00:02:00,2.0,Sunday,0,0,0,0,Spring,Night,On Time,1,22
2025-05-25 22:15:00,هواپیمایی پارس,PRS4415,آبادان,پرواز كرد,10,2025-05-25 22:25:00,,B737,فرودگاه مشهد,Domestic Departure,2025-05-25 22:15:00,2025-05-25 22:25:00,2025-05-25 22:15:00,2025-05-25 22:25:00,0 days 00:10:00,10.0,Sunday,0,0,0,0,Spring,Night,On Time,1,22
2025-05-25 22:15:00,وارش,VRH5841,تهران,پرواز كرد,22,2025-05-25 23:17:00,,B737,فرودگاه مشهد,Domestic Departure,2025-05-25 22:15:00,2025-05-25 23:17:00,2025-05-25 22:15:00,2025-05-25 23:17:00,0 days 01:02:00,62.0,Sunday,0,0,0,0,Spring,Night,Late,1,22
2025-05-25 23:00:00,کیش ایر,KIS7059,شیراز,پرواز كرد,"7, 8",2025-05-25 23:36:00,,MD82,فرودگاه مشهد,Domestic Departure,2025-05-25 23:00:00,2025-05-25 23:36:00,2025-05-25 23:00:00,2025-05-25 23:36:00,0 days 00:36:00,36.0,Sunday,0,0,0,0,Spring,Night,Late,1,23
2025-05-25 23:25:00,کاسپین,CPN025,تهران,پرواز كرد,"5, 6",2025-05-25 23:50:00,,MD82,فرودگاه مشهد,Domestic Departure,2025-05-25 23:25:00,2025-05-25 23:50:00,2025-05-25 23:25:00,2025-05-25 23:50:00,0 days 00:25:00,25.0,Sunday,0,0,0,0,Spring,Night,Late,1,23
2025-05-25 23:30:00,ایران ایر,IRA467,تهران,پرواز كرد,"25, 26, 27",2025-05-25 23:42:00,,A319,فرودگاه مشهد,Domestic Departure,2025-05-25 23:30:00,2025-05-25 23:42:00,2025-05-25 23:30:00,2025-05-25 23:42:00,0 days 00:12:00,12.0,Sunday,0,0,0,0,Spring,Night,On Time,1,23
2025-05-25 23:45:00,معراج,MRJ2805,تهران,پرواز كرد,"2, 3, 4",2025-05-26 00:09:00,,A321,فرودگاه مشهد,Domestic Departure,2025-05-25 23:45:00,2025-05-26 00:09:00,2025-05-25 23:45:00,2025-05-26 00:09:00,0 days 00:24:00,24.0,Sunday,0,0,0,0,Spring,Night,Late,0,23
